Sep 15 15:33:30.818604 localhost kernel: 
[0;1;39m
[0;1;31m
[0;1;39mLinux version 7.1.3-hadron (root@buildkitsandbox) (gcc (GCC) 15.3.0, GNU ld (GNU Binutils) 2.46.1) #1 SMP PREEMPT_DYNAMIC Tue Jul  7 08:02:27 UTC 2026
Sep 15 15:33:30.818635 localhost kernel: Command line: cdroot root=live:CDLABEL=COS_LIVE rd.live.dir=/ rd.live.squashimg=rootfs.squashfs rd.live.overlay.overlayfs net.ifnames=1 console=tty1 console=ttyS0 kairos.ram kairos.ram.create_partitions nomodeset selinux=0 rd.immucore.debug ignore_loglevel
Sep 15 15:33:30.818644 localhost kernel: BIOS-provided physical RAM map:
Sep 15 15:33:30.818648 localhost kernel: BIOS-e820: [mem 0x0000000000000000-0x000000000009fbff]  System RAM
Sep 15 15:33:30.818653 localhost kernel: BIOS-e820: [mem 0x000000000009fc00-0x000000000009ffff]  device reserved
Sep 15 15:33:30.818658 localhost kernel: BIOS-e820: [gap 0x00000000000a0000-0x00000000000effff]
Sep 15 15:33:30.818663 localhost kernel: BIOS-e820: [mem 0x00000000000f0000-0x00000000000fffff]  device reserved
Sep 15 15:33:30.818668 localhost kernel: BIOS-e820: [mem 0x0000000000100000-0x00000000bffdcfff]  System RAM
Sep 15 15:33:30.818673 localhost kernel: BIOS-e820: [mem 0x00000000bffdd000-0x00000000bfffffff]  device reserved
Sep 15 15:33:30.818677 localhost kernel: BIOS-e820: [gap 0x00000000c0000000-0x00000000feffbfff]
Sep 15 15:33:30.818682 localhost kernel: BIOS-e820: [mem 0x00000000feffc000-0x00000000feffffff]  device reserved
Sep 15 15:33:30.818686 localhost kernel: BIOS-e820: [gap 0x00000000ff000000-0x00000000fffbffff]
Sep 15 15:33:30.818690 localhost kernel: BIOS-e820: [mem 0x00000000fffc0000-0x00000000ffffffff]  device reserved
Sep 15 15:33:30.818694 localhost kernel: BIOS-e820: [gap 0x0000000100000000-0x000000fcffffffff]
Sep 15 15:33:30.818700 localhost kernel: BIOS-e820: [mem 0x000000fd00000000-0x000000ffffffffff]  device reserved
Sep 15 15:33:30.818705 localhost kernel: printk: debug: ignoring loglevel setting.
Sep 15 15:33:30.818709 localhost kernel: NX (Execute Disable) protection: active
Sep 15 15:33:30.818713 localhost kernel: APIC: Static calls initialized
Sep 15 15:33:30.818717 localhost kernel: DMI: SMBIOS 3.0.0 present.
Sep 15 15:33:30.818722 localhost kernel: DMI: QEMU Ubuntu 24.04 PC v2 (i440FX + PIIX, arch_caps fix, 1996), BIOS 1.16.3-debian-1.16.3-2 04/01/2014
Sep 15 15:33:30.818726 localhost kernel: DMI: Memory slots populated: 1/1
Sep 15 15:33:30.818730 localhost kernel: Hypervisor detected: KVM
Sep 15 15:33:30.818734 localhost kernel: last_pfn = 0xbffdd max_arch_pfn = 0x400000000
Sep 15 15:33:30.818738 localhost kernel: kvm-clock: Using msrs 4b564d01 and 4b564d00
Sep 15 15:33:30.818742 localhost kernel: kvm-clock: using sched offset of 307515168 cycles
Sep 15 15:33:30.818748 localhost kernel: clocksource: kvm-clock: mask: 0xffffffffffffffff max_cycles: 0x1cd42e4dffb, max_idle_ns: 881590591483 ns
Sep 15 15:33:30.818752 localhost kernel: tsc: Detected 4291.916 MHz processor
Sep 15 15:33:30.818758 localhost kernel: 
[0;90m
[0;38:5:245m
[0;1;31m
[0;90m
[0;38:5:245me820: update [mem 0x00000000-0x00000fff] System RAM ==> device reserved
Sep 15 15:33:30.818763 localhost kernel: 
[0;90m
[0;38:5:245m
[0;1;31m
[0;90m
[0;38:5:245me820: remove [mem 0x000a0000-0x000fffff] System RAM
Sep 15 15:33:30.818768 localhost kernel: last_pfn = 0xbffdd max_arch_pfn = 0x400000000
Sep 15 15:33:30.818774 localhost kernel: MTRR map: 4 entries (3 fixed + 1 variable; max 19), built from 8 variable MTRRs
Sep 15 15:33:30.818779 localhost kernel: x86/PAT: Configuration [0-7]: WB  WC  UC- UC  WB  WP  UC- WT  
Sep 15 15:33:30.818784 localhost kernel: found SMP MP-table at [mem 0x000f5470-0x000f547f]
Sep 15 15:33:30.818788 localhost kernel: Using GB pages for direct mapping
Sep 15 15:33:30.818793 localhost kernel: RAMDISK: [mem 0xbc131000-0xbffcffff]
Sep 15 15:33:30.818798 localhost kernel: ACPI: Early table checksum verification disabled
Sep 15 15:33:30.818802 localhost kernel: ACPI: RSDP 0x00000000000F5280 000014 (v00 BOCHS )
Sep 15 15:33:30.818807 localhost kernel: ACPI: RSDT 0x00000000BFFE1CB3 000034 (v01 BOCHS  BXPC     00000001 BXPC 00000001)
Sep 15 15:33:30.818812 localhost kernel: ACPI: FACP 0x00000000BFFE1B5F 000074 (v01 BOCHS  BXPC     00000001 BXPC 00000001)
Sep 15 15:33:30.818817 localhost kernel: ACPI: DSDT 0x00000000BFFE0040 001B1F (v01 BOCHS  BXPC     00000001 BXPC 00000001)
Sep 15 15:33:30.818824 localhost kernel: ACPI: FACS 0x00000000BFFE0000 000040
Sep 15 15:33:30.818828 localhost kernel: ACPI: APIC 0x00000000BFFE1BD3 000080 (v03 BOCHS  BXPC     00000001 BXPC 00000001)
Sep 15 15:33:30.818834 localhost kernel: ACPI: HPET 0x00000000BFFE1C53 000038 (v01 BOCHS  BXPC     00000001 BXPC 00000001)
Sep 15 15:33:30.818839 localhost kernel: ACPI: WAET 0x00000000BFFE1C8B 000028 (v01 BOCHS  BXPC     00000001 BXPC 00000001)
Sep 15 15:33:30.818843 localhost kernel: ACPI: Reserving FACP table memory at [mem 0xbffe1b5f-0xbffe1bd2]
Sep 15 15:33:30.818871 localhost kernel: ACPI: Reserving DSDT table memory at [mem 0xbffe0040-0xbffe1b5e]
Sep 15 15:33:30.818885 localhost kernel: ACPI: Reserving FACS table memory at [mem 0xbffe0000-0xbffe003f]
Sep 15 15:33:30.818891 localhost kernel: ACPI: Reserving APIC table memory at [mem 0xbffe1bd3-0xbffe1c52]
Sep 15 15:33:30.818895 localhost kernel: ACPI: Reserving HPET table memory at [mem 0xbffe1c53-0xbffe1c8a]
Sep 15 15:33:30.818900 localhost kernel: ACPI: Reserving WAET table memory at [mem 0xbffe1c8b-0xbffe1cb2]
Sep 15 15:33:30.818904 localhost kernel: No NUMA configuration found
Sep 15 15:33:30.818911 localhost kernel: Faking a node at [mem 0x0000000000000000-0x00000000bffdcfff]
Sep 15 15:33:30.818915 localhost kernel: NODE_DATA(0) allocated [mem 0xbc105f80-0xbc130fff]
Sep 15 15:33:30.818920 localhost kernel: ACPI: PM-Timer IO Port: 0x608
Sep 15 15:33:30.818925 localhost kernel: ACPI: LAPIC_NMI (acpi_id[0xff] dfl dfl lint[0x1])
Sep 15 15:33:30.818930 localhost kernel: IOAPIC[0]: apic_id 0, version 17, address 0xfec00000, GSI 0-23
Sep 15 15:33:30.818934 localhost kernel: ACPI: INT_SRC_OVR (bus 0 bus_irq 0 global_irq 2 dfl dfl)
Sep 15 15:33:30.818939 localhost kernel: ACPI: INT_SRC_OVR (bus 0 bus_irq 5 global_irq 5 high level)
Sep 15 15:33:30.818943 localhost kernel: ACPI: INT_SRC_OVR (bus 0 bus_irq 9 global_irq 9 high level)
Sep 15 15:33:30.818948 localhost kernel: ACPI: INT_SRC_OVR (bus 0 bus_irq 10 global_irq 10 high level)
Sep 15 15:33:30.818953 localhost kernel: ACPI: INT_SRC_OVR (bus 0 bus_irq 11 global_irq 11 high level)
Sep 15 15:33:30.818958 localhost kernel: ACPI: Using ACPI (MADT) for SMP configuration information
Sep 15 15:33:30.818963 localhost kernel: ACPI: HPET id: 0x8086a201 base: 0xfed00000
Sep 15 15:33:30.818968 localhost kernel: TSC deadline timer available
Sep 15 15:33:30.818973 localhost kernel: CPU topo: Max. logical packages:   1
Sep 15 15:33:30.818977 localhost kernel: CPU topo: Max. logical nodes:      1
Sep 15 15:33:30.818982 localhost kernel: CPU topo: Num. nodes per package:  1
Sep 15 15:33:30.818986 localhost kernel: CPU topo: Max. logical dies:       1
Sep 15 15:33:30.818991 localhost kernel: CPU topo: Max. dies per package:   1
Sep 15 15:33:30.818995 localhost kernel: CPU topo: Max. threads per core:   1
Sep 15 15:33:30.819001 localhost kernel: CPU topo: Num. cores per package:     2
Sep 15 15:33:30.819005 localhost kernel: CPU topo: Num. threads per package:   2
Sep 15 15:33:30.819010 localhost kernel: CPU topo: Allowing 2 present CPUs plus 0 hotplug CPUs
Sep 15 15:33:30.819014 localhost kernel: kvm-guest: APIC: eoi() replaced with kvm_guest_apic_eoi_write()
Sep 15 15:33:30.819019 localhost kernel: kvm-guest: KVM setup pv remote TLB flush
Sep 15 15:33:30.819025 localhost kernel: kvm-guest: setup PV sched yield
Sep 15 15:33:30.819033 localhost kernel: PM: hibernation: Registered nosave memory: [mem 0x00000000-0x00000fff]
Sep 15 15:33:30.819051 localhost kernel: PM: hibernation: Registered nosave memory: [mem 0x0009f000-0x000fffff]
Sep 15 15:33:30.819060 localhost kernel: [gap 0xc0000000-0xfeffbfff] available for PCI devices
Sep 15 15:33:30.819066 localhost kernel: Booting paravirtualized kernel on KVM
Sep 15 15:33:30.819073 localhost kernel: clocksource: refined-jiffies: mask: 0xffffffff max_cycles: 0xffffffff, max_idle_ns: 1910969940391419 ns
Sep 15 15:33:30.819078 localhost kernel: Zone ranges:
Sep 15 15:33:30.819083 localhost kernel:   DMA      [mem 0x0000000000001000-0x0000000000ffffff]
Sep 15 15:33:30.819088 localhost kernel:   DMA32    [mem 0x0000000001000000-0x00000000bffdcfff]
Sep 15 15:33:30.819092 localhost kernel:   Normal   empty
Sep 15 15:33:30.819097 localhost kernel:   Device   empty
Sep 15 15:33:30.819101 localhost kernel: Movable zone start for each node
Sep 15 15:33:30.819106 localhost kernel: Early memory node ranges
Sep 15 15:33:30.819111 localhost kernel:   node   0: [mem 0x0000000000001000-0x000000000009efff]
Sep 15 15:33:30.819115 localhost kernel:   node   0: [mem 0x0000000000100000-0x00000000bffdcfff]
Sep 15 15:33:30.819121 localhost kernel: Initmem setup node 0 [mem 0x0000000000001000-0x00000000bffdcfff]
Sep 15 15:33:30.819126 localhost kernel: On node 0, zone DMA: 1 pages in unavailable ranges
Sep 15 15:33:30.819130 localhost kernel: On node 0, zone DMA: 97 pages in unavailable ranges
Sep 15 15:33:30.819135 localhost kernel: On node 0, zone DMA32: 35 pages in unavailable ranges
Sep 15 15:33:30.819140 localhost kernel: setup_percpu: NR_CPUS:8192 nr_cpumask_bits:2 nr_cpu_ids:2 nr_node_ids:1
Sep 15 15:33:30.819145 localhost kernel: percpu: Embedded 84 pages/cpu s221184 r8192 d114688 u1048576
Sep 15 15:33:30.819149 localhost kernel: 
[0;90m
[0;38:5:245m
[0;1;31m
[0;90m
[0;38:5:245mpcpu-alloc: s221184 r8192 d114688 u1048576 alloc=1*2097152
Sep 15 15:33:30.819154 localhost kernel: 
[0;90m
[0;38:5:245m
[0;1;31m
[0;90m
[0;38:5:245mpcpu-alloc: [0] 0 1 
Sep 15 15:33:30.819159 localhost kernel: kvm-guest: PV spinlocks enabled
Sep 15 15:33:30.819164 localhost kernel: PV qspinlock hash table entries: 256 (order: 0, 4096 bytes, linear)
Sep 15 15:33:30.819169 localhost kernel: 
[0;1;39m
[0;1;31m
[0;1;39mKernel command line: cdroot root=live:CDLABEL=COS_LIVE rd.live.dir=/ rd.live.squashimg=rootfs.squashfs rd.live.overlay.overlayfs net.ifnames=1 console=tty1 console=ttyS0 kairos.ram kairos.ram.create_partitions nomodeset selinux=0 rd.immucore.debug ignore_loglevel
Sep 15 15:33:30.819174 localhost kernel: 
[0;1;33m
[0;1;38:5:185m
[0;1;39m
[0;1;33m
[0;1;38:5:185mBooted with the nomodeset parameter. Only the system framebuffer will be available
Sep 15 15:33:30.819180 localhost kernel: 
[0;1;39m
[0;1;31m
[0;1;39mUnknown kernel command line parameters "cdroot", will be passed to user space.
Sep 15 15:33:30.819184 localhost kernel: 
[0;1;39m
[0;1;31m
[0;1;39mrandom: crng init done
Sep 15 15:33:30.819189 localhost kernel: printk: log buffer data + meta data: 262144 + 1114112 = 1376256 bytes
Sep 15 15:33:30.819194 localhost kernel: Dentry cache hash table entries: 524288 (order: 10, 4194304 bytes, linear)
Sep 15 15:33:30.819200 localhost kernel: Inode-cache hash table entries: 262144 (order: 9, 2097152 bytes, linear)
Sep 15 15:33:30.819205 localhost kernel: Fallback order for Node 0: 0 
Sep 15 15:33:30.819210 localhost kernel: Built 1 zonelists, mobility grouping on.  Total pages: 786299
Sep 15 15:33:30.819214 localhost kernel: Policy zone: DMA32
Sep 15 15:33:30.819219 localhost kernel: mem auto-init: stack:all(zero), heap alloc:on, heap free:off
Sep 15 15:33:30.819224 localhost kernel: SLUB: HWalign=64, Order=0-3, MinObjects=0, CPUs=2, Nodes=1
Sep 15 15:33:30.819228 localhost kernel: ftrace: allocating 63540 entries in 250 pages
Sep 15 15:33:30.819233 localhost kernel: ftrace: allocated 250 pages with 6 groups
Sep 15 15:33:30.819237 localhost kernel: Dynamic Preempt: lazy
Sep 15 15:33:30.819243 localhost kernel: rcu: Preemptible hierarchical RCU implementation.
Sep 15 15:33:30.819248 localhost kernel: rcu:         RCU event tracing is enabled.
Sep 15 15:33:30.819253 localhost kernel: rcu:         RCU restricting CPUs from NR_CPUS=8192 to nr_cpu_ids=2.
Sep 15 15:33:30.819260 localhost kernel:         Trampoline variant of Tasks RCU enabled.
Sep 15 15:33:30.819265 localhost kernel:         Rude variant of Tasks RCU enabled.
Sep 15 15:33:30.819270 localhost kernel:         Tracing variant of Tasks RCU enabled.
Sep 15 15:33:30.819275 localhost kernel: rcu: RCU calculated value of scheduler-enlistment delay is 100 jiffies.
Sep 15 15:33:30.819279 localhost kernel: rcu: Adjusting geometry for rcu_fanout_leaf=16, nr_cpu_ids=2
Sep 15 15:33:30.819284 localhost kernel: RCU Tasks: Setting shift to 1 and lim to 1 rcu_task_cb_adjust=1 rcu_task_cpu_ids=2.
Sep 15 15:33:30.819289 localhost kernel: RCU Tasks Rude: Setting shift to 1 and lim to 1 rcu_task_cb_adjust=1 rcu_task_cpu_ids=2.
Sep 15 15:33:30.819294 localhost kernel: NR_IRQS: 524544, nr_irqs: 440, preallocated irqs: 16
Sep 15 15:33:30.819299 localhost kernel: rcu: srcu_init: Setting srcu_struct sizes based on contention.
Sep 15 15:33:30.819304 localhost kernel: kfence: initialized - using 2097152 bytes for 255 objects at 0x(____ptrval____)-0x(____ptrval____)
Sep 15 15:33:30.819309 localhost kernel: Console: colour VGA+ 80x25
Sep 15 15:33:30.819314 localhost kernel: printk: legacy console [tty1] enabled
Sep 15 15:33:30.819318 localhost kernel: printk: legacy console [ttyS0] enabled
Sep 15 15:33:30.819323 localhost kernel: ACPI: Core revision 20251212
Sep 15 15:33:30.819329 localhost kernel: clocksource: hpet: mask: 0xffffffff max_cycles: 0xffffffff, max_idle_ns: 19112604467 ns
Sep 15 15:33:30.819334 localhost kernel: APIC: Switch to symmetric I/O mode setup
Sep 15 15:33:30.819338 localhost kernel: x2apic enabled
Sep 15 15:33:30.819343 localhost kernel: APIC: Switched APIC routing to: physical x2apic
Sep 15 15:33:30.819348 localhost kernel: kvm-guest: APIC: send_IPI_mask() replaced with kvm_send_ipi_mask()
Sep 15 15:33:30.819352 localhost kernel: kvm-guest: APIC: send_IPI_mask_allbutself() replaced with kvm_send_ipi_mask_allbutself()
Sep 15 15:33:30.819357 localhost kernel: kvm-guest: setup PV IPIs
Sep 15 15:33:30.819362 localhost kernel: ..TIMER: vector=0x30 apic1=0 pin1=2 apic2=-1 pin2=-1
Sep 15 15:33:30.819366 localhost kernel: clocksource: tsc-early: mask: 0xffffffffffffffff max_cycles: 0x3ddd8f89348, max_idle_ns: 440795423566 ns
Sep 15 15:33:30.819372 localhost kernel: Calibrating delay loop (skipped) preset value.. 8583.83 BogoMIPS (lpj=4291916)
Sep 15 15:33:30.819377 localhost kernel: 
[0;1;31m
[0;1;39m
[0;1;31mRDSEED32 is broken. Disabling the corresponding CPUID bit.
Sep 15 15:33:30.819383 localhost kernel: x86/cpu: User Mode Instruction Prevention (UMIP) activated
Sep 15 15:33:30.819389 localhost kernel: Last level iTLB entries: 4KB 512, 2MB 255, 4MB 127
Sep 15 15:33:30.819393 localhost kernel: Last level dTLB entries: 4KB 512, 2MB 255, 4MB 127, 1GB 0
Sep 15 15:33:30.819398 localhost kernel: mitigations: Enabled attack vectors: user_kernel, user_user, guest_host, guest_guest, SMT mitigations: auto
Sep 15 15:33:30.819403 localhost kernel: Speculative Store Bypass: Mitigation: Speculative Store Bypass disabled via prctl
Sep 15 15:33:30.819407 localhost kernel: Spectre V2 : Mitigation: Enhanced / Automatic IBRS
Sep 15 15:33:30.819413 localhost kernel: Speculative Return Stack Overflow: Mitigation: IBPB on VMEXIT only
Sep 15 15:33:30.819417 localhost kernel: Spectre V1 : Mitigation: usercopy/swapgs barriers and __user pointer sanitization
Sep 15 15:33:30.819422 localhost kernel: Spectre V2 : mitigation: Enabling conditional Indirect Branch Prediction Barrier
Sep 15 15:33:30.819427 localhost kernel: x86/fpu: Supporting XSAVE feature 0x001: 'x87 floating point registers'
Sep 15 15:33:30.819432 localhost kernel: x86/fpu: Supporting XSAVE feature 0x002: 'SSE registers'
Sep 15 15:33:30.819436 localhost kernel: x86/fpu: Supporting XSAVE feature 0x004: 'AVX registers'
Sep 15 15:33:30.819441 localhost kernel: x86/fpu: Supporting XSAVE feature 0x020: 'AVX-512 opmask'
Sep 15 15:33:30.819446 localhost kernel: x86/fpu: Supporting XSAVE feature 0x040: 'AVX-512 Hi256'
Sep 15 15:33:30.819450 localhost kernel: x86/fpu: Supporting XSAVE feature 0x080: 'AVX-512 ZMM_Hi256'
Sep 15 15:33:30.819456 localhost kernel: x86/fpu: Supporting XSAVE feature 0x200: 'Protection Keys User registers'
Sep 15 15:33:30.819460 localhost kernel: x86/fpu: xstate_offset[2]:  576, xstate_sizes[2]:  256
Sep 15 15:33:30.819465 localhost kernel: x86/fpu: xstate_offset[5]:  832, xstate_sizes[5]:   64
Sep 15 15:33:30.819470 localhost kernel: x86/fpu: xstate_offset[6]:  896, xstate_sizes[6]:  512
Sep 15 15:33:30.819474 localhost kernel: x86/fpu: xstate_offset[7]: 1408, xstate_sizes[7]: 1024
Sep 15 15:33:30.819479 localhost kernel: x86/fpu: xstate_offset[9]: 2432, xstate_sizes[9]:    8
Sep 15 15:33:30.819484 localhost kernel: x86/fpu: Enabled xstate features 0x2e7, context size is 2440 bytes, using 'compacted' format.
Sep 15 15:33:30.819488 localhost kernel: pid_max: default: 32768 minimum: 301
Sep 15 15:33:30.819493 localhost kernel: Yama: becoming mindful.
Sep 15 15:33:30.819498 localhost kernel: LSM support for eBPF active
Sep 15 15:33:30.819503 localhost kernel: landlock: Up and running.
Sep 15 15:33:30.819507 localhost kernel: Mount-cache hash table entries: 8192 (order: 4, 65536 bytes, linear)
Sep 15 15:33:30.819522 localhost kernel: Mountpoint-cache hash table entries: 8192 (order: 4, 65536 bytes, linear)
Sep 15 15:33:30.819580 localhost kernel: VFS: Finished mounting rootfs on nullfs
Sep 15 15:33:30.819587 localhost kernel: smpboot: CPU0: AMD Ryzen 9 9950X3D 16-Core Processor (family: 0x1a, model: 0x44, stepping: 0x0)
Sep 15 15:33:30.819592 localhost kernel: Performance Events: Fam17h+ core perfctr, AMD PMU driver.
Sep 15 15:33:30.819598 localhost kernel: ... version:                   0
Sep 15 15:33:30.819605 localhost kernel: ... bit width:                 48
Sep 15 15:33:30.819610 localhost kernel: ... generic counters:          6
Sep 15 15:33:30.819614 localhost kernel: ... generic bitmap:            000000000000003f
Sep 15 15:33:30.819619 localhost kernel: ... fixed-purpose counters:    0
Sep 15 15:33:30.819624 localhost kernel: ... fixed-purpose bitmap:      0000000000000000
Sep 15 15:33:30.819695 localhost kernel: ... value mask:                0000ffffffffffff
Sep 15 15:33:30.819701 localhost kernel: ... max period:                00007fffffffffff
Sep 15 15:33:30.819706 localhost kernel: ... global_ctrl mask:          000000000000003f
Sep 15 15:33:30.819710 localhost kernel: signal: max sigframe size: 3376
Sep 15 15:33:30.819717 localhost kernel: rcu: Hierarchical SRCU implementation.
Sep 15 15:33:30.819723 localhost kernel: rcu:         Max phase no-delay instances is 400.
Sep 15 15:33:30.819728 localhost kernel: Timer migration: 1 hierarchy levels; 8 children per group; 1 crossnode level
Sep 15 15:33:30.819733 localhost kernel: smp: Bringing up secondary CPUs ...
Sep 15 15:33:30.819738 localhost kernel: smpboot: x86: Booting SMP configuration:
Sep 15 15:33:30.819742 localhost kernel: .... node  #0, CPUs:      #1
Sep 15 15:33:30.819747 localhost kernel: smp: Brought up 1 node, 2 CPUs
Sep 15 15:33:30.819752 localhost kernel: smpboot: Total of 2 processors activated (17167.66 BogoMIPS)
Sep 15 15:33:30.819757 localhost kernel: Memory: 2954688K/3145196K available (22615K kernel code, 4720K rwdata, 11396K rodata, 5212K init, 5636K bss, 182784K reserved, 0K cma-reserved)
Sep 15 15:33:30.819762 localhost kernel: devtmpfs: initialized
Sep 15 15:33:30.819767 localhost kernel: x86/mm: Memory block size: 128MB
Sep 15 15:33:30.819772 localhost kernel: clocksource: jiffies: mask: 0xffffffff max_cycles: 0xffffffff, max_idle_ns: 1911260446275000 ns
Sep 15 15:33:30.819777 localhost kernel: posixtimers hash table entries: 1024 (order: 2, 16384 bytes, linear)
Sep 15 15:33:30.819782 localhost kernel: futex hash table entries: 512 (32768 bytes on 1 NUMA nodes, total 32 KiB, linear).
Sep 15 15:33:30.819787 localhost kernel: xor: automatically using best checksumming function   avx       
Sep 15 15:33:30.819792 localhost kernel: PM: RTC time: 15:33:26, date: 2026-09-15
Sep 15 15:33:30.819796 localhost kernel: NET: Registered PF_NETLINK/PF_ROUTE protocol family
Sep 15 15:33:30.819875 localhost kernel: DMA: preallocated 512 KiB GFP_KERNEL|GFP_DMA pool for atomic allocations
Sep 15 15:33:30.819885 localhost kernel: DMA: preallocated 512 KiB GFP_KERNEL|GFP_DMA32 pool for atomic allocations
Sep 15 15:33:30.819891 localhost kernel: audit: initializing netlink subsys (disabled)
Sep 15 15:33:30.819896 localhost kernel: 
[0;1;39m
[0;1;31m
[0;1;39maudit: type=2000 audit(1789486405.829:1): state=initialized audit_enabled=0 res=1
Sep 15 15:33:30.819900 localhost kernel: thermal_sys: Registered thermal governor 'fair_share'
Sep 15 15:33:30.819905 localhost kernel: thermal_sys: Registered thermal governor 'bang_bang'
Sep 15 15:33:30.819910 localhost kernel: thermal_sys: Registered thermal governor 'step_wise'
Sep 15 15:33:30.819915 localhost kernel: thermal_sys: Registered thermal governor 'user_space'
Sep 15 15:33:30.819919 localhost kernel: cpuidle: using governor menu
Sep 15 15:33:30.819926 localhost kernel: Freeing SMP alternatives memory: 56K
Sep 15 15:33:30.819931 localhost kernel: acpiphp: ACPI Hot Plug PCI Controller Driver version: 0.5
Sep 15 15:33:30.819936 localhost kernel: PCI: Using configuration type 1 for base access
Sep 15 15:33:30.819941 localhost kernel: PCI: Using configuration type 1 for extended access
Sep 15 15:33:30.819945 localhost kernel: 
[0;1;31m
[0;1;39m
[0;1;31mvirt/tdx: TDX not supported by the host platform
Sep 15 15:33:30.819950 localhost kernel: kprobes: kprobe jump-optimization is enabled. All kprobes are optimized if possible.
Sep 15 15:33:30.819955 localhost kernel: HugeTLB: registered 1.00 GiB page size, pre-allocated 0 pages
Sep 15 15:33:30.819960 localhost kernel: HugeTLB: 16380 KiB vmemmap can be freed for a 1.00 GiB page
Sep 15 15:33:30.819966 localhost kernel: HugeTLB: registered 2.00 MiB page size, pre-allocated 0 pages
Sep 15 15:33:30.819970 localhost kernel: HugeTLB: 28 KiB vmemmap can be freed for a 2.00 MiB page
Sep 15 15:33:30.819975 localhost kernel: raid6: skipped pq benchmark and selected avx512x4
Sep 15 15:33:30.819980 localhost kernel: raid6: using avx512x2 recovery algorithm
Sep 15 15:33:30.819984 localhost kernel: ACPI: Added _OSI(Module Device)
Sep 15 15:33:30.819989 localhost kernel: ACPI: Added _OSI(Processor Device)
Sep 15 15:33:30.819994 localhost kernel: ACPI: Added _OSI(Processor Aggregator Device)
Sep 15 15:33:30.819998 localhost kernel: ACPI: 1 ACPI AML tables successfully acquired and loaded
Sep 15 15:33:30.820004 localhost kernel: ACPI: \_SB_: platform _OSC: OS support mask [006e7eff]
Sep 15 15:33:30.820009 localhost kernel: ACPI: Interpreter enabled
Sep 15 15:33:30.820014 localhost kernel: ACPI: PM: (supports S0 S3 S4 S5)
Sep 15 15:33:30.820019 localhost kernel: ACPI: Using IOAPIC for interrupt routing
Sep 15 15:33:30.820023 localhost kernel: PCI: Using host bridge windows from ACPI; if necessary, use "pci=nocrs" and report a bug
Sep 15 15:33:30.820028 localhost kernel: PCI: Using E820 reservations for host bridge windows
Sep 15 15:33:30.820033 localhost kernel: ACPI: Enabled 2 GPEs in block 00 to 0F
Sep 15 15:33:30.820037 localhost kernel: ACPI: PCI Root Bridge [PCI0] (domain 0000 [bus 00-ff])
Sep 15 15:33:30.820184 localhost kernel: acpi PNP0A03:00: _OSC: OS supports [ExtendedConfig ASPM ClockPM Segments MSI EDR HPX-Type3]
Sep 15 15:33:30.820238 localhost kernel: acpi PNP0A03:00: _OSC: OS requested [PCIeHotplug SHPCHotplug PME AER PCIeCapability LTR DPC]
Sep 15 15:33:30.820283 localhost kernel: acpi PNP0A03:00: _OSC: platform willing to grant [PCIeHotplug SHPCHotplug PME AER PCIeCapability LTR DPC]
Sep 15 15:33:30.820331 localhost kernel: acpi PNP0A03:00: _OSC: platform retains control of PCIe features (AE_ERROR)
Sep 15 15:33:30.820336 localhost kernel: acpiphp: Slot [3] registered
Sep 15 15:33:30.820341 localhost kernel: acpiphp: Slot [4] registered
Sep 15 15:33:30.820346 localhost kernel: acpiphp: Slot [5] registered
Sep 15 15:33:30.820350 localhost kernel: acpiphp: Slot [6] registered
Sep 15 15:33:30.820355 localhost kernel: acpiphp: Slot [7] registered
Sep 15 15:33:30.820361 localhost kernel: acpiphp: Slot [8] registered
Sep 15 15:33:30.820365 localhost kernel: acpiphp: Slot [9] registered
Sep 15 15:33:30.820370 localhost kernel: acpiphp: Slot [10] registered
Sep 15 15:33:30.820375 localhost kernel: acpiphp: Slot [11] registered
Sep 15 15:33:30.820379 localhost kernel: acpiphp: Slot [12] registered
Sep 15 15:33:30.820384 localhost kernel: acpiphp: Slot [13] registered
Sep 15 15:33:30.820389 localhost kernel: acpiphp: Slot [14] registered
Sep 15 15:33:30.820394 localhost kernel: acpiphp: Slot [15] registered
Sep 15 15:33:30.820398 localhost kernel: acpiphp: Slot [16] registered
Sep 15 15:33:30.820403 localhost kernel: acpiphp: Slot [17] registered
Sep 15 15:33:30.820408 localhost kernel: acpiphp: Slot [18] registered
Sep 15 15:33:30.820412 localhost kernel: acpiphp: Slot [19] registered
Sep 15 15:33:30.820417 localhost kernel: acpiphp: Slot [20] registered
Sep 15 15:33:30.820421 localhost kernel: acpiphp: Slot [21] registered
Sep 15 15:33:30.820426 localhost kernel: acpiphp: Slot [22] registered
Sep 15 15:33:30.820431 localhost kernel: acpiphp: Slot [23] registered
Sep 15 15:33:30.820435 localhost kernel: acpiphp: Slot [24] registered
Sep 15 15:33:30.820440 localhost kernel: acpiphp: Slot [25] registered
Sep 15 15:33:30.820445 localhost kernel: acpiphp: Slot [26] registered
Sep 15 15:33:30.820450 localhost kernel: acpiphp: Slot [27] registered
Sep 15 15:33:30.820454 localhost kernel: acpiphp: Slot [28] registered
Sep 15 15:33:30.820459 localhost kernel: acpiphp: Slot [29] registered
Sep 15 15:33:30.820463 localhost kernel: acpiphp: Slot [30] registered
Sep 15 15:33:30.820468 localhost kernel: acpiphp: Slot [31] registered
Sep 15 15:33:30.820473 localhost kernel: PCI host bridge to bus 0000:00
Sep 15 15:33:30.820607 localhost kernel: pci_bus 0000:00: root bus resource [io  0x0000-0x0cf7 window]
Sep 15 15:33:30.820676 localhost kernel: pci_bus 0000:00: root bus resource [io  0x0d00-0xffff window]
Sep 15 15:33:30.820722 localhost kernel: pci_bus 0000:00: root bus resource [mem 0x000a0000-0x000bffff window]
Sep 15 15:33:30.820761 localhost kernel: pci_bus 0000:00: root bus resource [mem 0xc0000000-0xfebfffff window]
Sep 15 15:33:30.820800 localhost kernel: pci_bus 0000:00: root bus resource [mem 0x100000000-0x17fffffff window]
Sep 15 15:33:30.820838 localhost kernel: pci_bus 0000:00: root bus resource [bus 00-ff]
Sep 15 15:33:30.820962 localhost kernel: pci 0000:00:00.0: [8086:1237] type 00 class 0x060000 conventional PCI endpoint
Sep 15 15:33:30.821027 localhost kernel: pci 0000:00:01.0: [8086:7000] type 00 class 0x060100 conventional PCI endpoint
Sep 15 15:33:30.821085 localhost kernel: pci 0000:00:01.1: [8086:7010] type 00 class 0x010180 conventional PCI endpoint
Sep 15 15:33:30.821132 localhost kernel: pci 0000:00:01.1: BAR 4 [io  0xc0c0-0xc0cf]
Sep 15 15:33:30.821178 localhost kernel: pci 0000:00:01.1: BAR 0 [io  0x01f0-0x01f7]: legacy IDE quirk
Sep 15 15:33:30.821281 localhost kernel: pci 0000:00:01.1: BAR 1 [io  0x03f6]: legacy IDE quirk
Sep 15 15:33:30.821359 localhost kernel: pci 0000:00:01.1: BAR 2 [io  0x0170-0x0177]: legacy IDE quirk
Sep 15 15:33:30.821408 localhost kernel: pci 0000:00:01.1: BAR 3 [io  0x0376]: legacy IDE quirk
Sep 15 15:33:30.821460 localhost kernel: pci 0000:00:01.3: [8086:7113] type 00 class 0x068000 conventional PCI endpoint
Sep 15 15:33:30.821509 localhost kernel: pci 0000:00:01.3: quirk: [io  0x0600-0x063f] claimed by PIIX4 ACPI
Sep 15 15:33:30.821645 localhost kernel: pci 0000:00:01.3: quirk: [io  0x0700-0x070f] claimed by PIIX4 SMB
Sep 15 15:33:30.821708 localhost kernel: pci 0000:00:02.0: [1234:1111] type 00 class 0x030000 conventional PCI endpoint
Sep 15 15:33:30.821754 localhost kernel: pci 0000:00:02.0: BAR 0 [mem 0xfd000000-0xfdffffff pref]
Sep 15 15:33:30.821800 localhost kernel: pci 0000:00:02.0: BAR 2 [mem 0xfebb0000-0xfebb0fff]
Sep 15 15:33:30.821845 localhost kernel: pci 0000:00:02.0: ROM [mem 0xfeba0000-0xfebaffff pref]
Sep 15 15:33:30.821956 localhost kernel: pci 0000:00:02.0: Video device with shadowed ROM at [mem 0x000c0000-0x000dffff]
Sep 15 15:33:30.822093 localhost kernel: pci 0000:00:03.0: [8086:100e] type 00 class 0x020000 conventional PCI endpoint
Sep 15 15:33:30.822152 localhost kernel: pci 0000:00:03.0: BAR 0 [mem 0xfeb80000-0xfeb9ffff]
Sep 15 15:33:30.822199 localhost kernel: pci 0000:00:03.0: BAR 1 [io  0xc080-0xc0bf]
Sep 15 15:33:30.822244 localhost kernel: pci 0000:00:03.0: ROM [mem 0xfeb00000-0xfeb7ffff pref]
Sep 15 15:33:30.822295 localhost kernel: pci 0000:00:04.0: [1af4:1001] type 00 class 0x010000 conventional PCI endpoint
Sep 15 15:33:30.822345 localhost kernel: pci 0000:00:04.0: BAR 0 [io  0xc000-0xc07f]
Sep 15 15:33:30.822390 localhost kernel: pci 0000:00:04.0: BAR 1 [mem 0xfebb1000-0xfebb1fff]
Sep 15 15:33:30.822436 localhost kernel: pci 0000:00:04.0: BAR 4 [mem 0xfe000000-0xfe003fff 64bit pref]
Sep 15 15:33:30.822443 localhost kernel: ACPI: PCI: Interrupt link LNKA configured for IRQ 10
Sep 15 15:33:30.822448 localhost kernel: ACPI: PCI: Interrupt link LNKB configured for IRQ 10
Sep 15 15:33:30.822453 localhost kernel: ACPI: PCI: Interrupt link LNKC configured for IRQ 11
Sep 15 15:33:30.822458 localhost kernel: ACPI: PCI: Interrupt link LNKD configured for IRQ 11
Sep 15 15:33:30.822463 localhost kernel: ACPI: PCI: Interrupt link LNKS configured for IRQ 9
Sep 15 15:33:30.822468 localhost kernel: iommu: Default domain type: Translated
Sep 15 15:33:30.822472 localhost kernel: iommu: DMA domain TLB invalidation policy: lazy mode
Sep 15 15:33:30.822477 localhost kernel: 
[0;1;39m
[0;1;31m
[0;1;39mSCSI subsystem initialized
Sep 15 15:33:30.822483 localhost kernel: 
[0;90m
[0;38:5:245m
[0;1;31m
[0;90m
[0;38:5:245mlibata version 3.00 loaded.
Sep 15 15:33:30.822488 localhost kernel: ACPI: bus type USB registered
Sep 15 15:33:30.822493 localhost kernel: usbcore: registered new interface driver usbfs
Sep 15 15:33:30.822498 localhost kernel: usbcore: registered new interface driver hub
Sep 15 15:33:30.822502 localhost kernel: usbcore: registered new device driver usb
Sep 15 15:33:30.822507 localhost kernel: pps_core: LinuxPPS API ver. 1 registered
Sep 15 15:33:30.822521 localhost kernel: pps_core: Software ver. 5.3.6 - Copyright 2005-2007 Rodolfo Giometti <giometti@linux.it>
Sep 15 15:33:30.822650 localhost kernel: PTP clock support registered
Sep 15 15:33:30.822657 localhost kernel: EDAC MC: Ver: 3.0.0
Sep 15 15:33:30.822665 localhost kernel: NetLabel: Initializing
Sep 15 15:33:30.822670 localhost kernel: NetLabel:  domain hash size = 128
Sep 15 15:33:30.822675 localhost kernel: NetLabel:  protocols = UNLABELED CIPSOv4 CALIPSO
Sep 15 15:33:30.822680 localhost kernel: NetLabel:  unlabeled traffic allowed by default
Sep 15 15:33:30.822685 localhost kernel: mctp: management component transport protocol core
Sep 15 15:33:30.822690 localhost kernel: NET: Registered PF_MCTP protocol family
Sep 15 15:33:30.822694 localhost kernel: PCI: Using ACPI for IRQ routing
Sep 15 15:33:30.822699 localhost kernel: 
[0;90m
[0;38:5:245m
[0;1;31m
[0;90m
[0;38:5:245mPCI: pci_cache_line_size set to 64 bytes
Sep 15 15:33:30.822704 localhost kernel: e820: register RAM buffer resource [mem 0x0009fc00-0x0009ffff]
Sep 15 15:33:30.822710 localhost kernel: e820: register RAM buffer resource [mem 0xbffdd000-0xbfffffff]
Sep 15 15:33:30.822794 localhost kernel: pci 0000:00:02.0: vgaarb: setting as boot VGA device
Sep 15 15:33:30.822842 localhost kernel: pci 0000:00:02.0: vgaarb: bridge control possible
Sep 15 15:33:30.822951 localhost kernel: pci 0000:00:02.0: vgaarb: VGA device added: decodes=io+mem,owns=io+mem,locks=none
Sep 15 15:33:30.822962 localhost kernel: vgaarb: loaded
Sep 15 15:33:30.822968 localhost kernel: hpet0: at MMIO 0xfed00000, IRQs 2, 8, 0
Sep 15 15:33:30.822973 localhost kernel: hpet0: 3 comparators, 64-bit 100.000000 MHz counter
Sep 15 15:33:30.822977 localhost kernel: clocksource: Switched to clocksource kvm-clock
Sep 15 15:33:30.822982 localhost kernel: 
[0;1;39m
[0;1;31m
[0;1;39mVFS: Disk quotas dquot_6.6.0
Sep 15 15:33:30.822990 localhost kernel: VFS: Dquot-cache hash table entries: 512 (order 0, 4096 bytes)
Sep 15 15:33:30.822994 localhost kernel: pnp: PnP ACPI init
Sep 15 15:33:30.823121 localhost kernel: 
[0;90m
[0;38:5:245m
[0;1;31m
[0;90m
[0;38:5:245mpnp 00:02: [dma 2]
Sep 15 15:33:30.823134 localhost kernel: pnp: PnP ACPI: found 5 devices
Sep 15 15:33:30.823140 localhost kernel: clocksource: acpi_pm: mask: 0xffffff max_cycles: 0xffffff, max_idle_ns: 2085701024 ns
Sep 15 15:33:30.823145 localhost kernel: NET: Registered PF_INET protocol family
Sep 15 15:33:30.823150 localhost kernel: IP idents hash table entries: 65536 (order: 7, 524288 bytes, linear)
Sep 15 15:33:30.823156 localhost kernel: tcp_listen_portaddr_hash hash table entries: 2048 (order: 3, 32768 bytes, linear)
Sep 15 15:33:30.823163 localhost kernel: Table-perturb hash table entries: 65536 (order: 6, 262144 bytes, linear)
Sep 15 15:33:30.823168 localhost kernel: TCP established hash table entries: 32768 (order: 6, 262144 bytes, linear)
Sep 15 15:33:30.823173 localhost kernel: TCP bind hash table entries: 32768 (order: 8, 1048576 bytes, linear)
Sep 15 15:33:30.823179 localhost kernel: TCP: Hash tables configured (established 32768 bind 32768)
Sep 15 15:33:30.823184 localhost kernel: MPTCP token hash table entries: 4096 (order: 5, 98304 bytes, linear)
Sep 15 15:33:30.823188 localhost kernel: UDP hash table entries: 2048 (order: 5, 131072 bytes, linear)
Sep 15 15:33:30.823193 localhost kernel: NET: Registered PF_UNIX/PF_LOCAL protocol family
Sep 15 15:33:30.823198 localhost kernel: NET: Registered PF_XDP protocol family
Sep 15 15:33:30.823243 localhost kernel: pci_bus 0000:00: resource 4 [io  0x0000-0x0cf7 window]
Sep 15 15:33:30.823284 localhost kernel: pci_bus 0000:00: resource 5 [io  0x0d00-0xffff window]
Sep 15 15:33:30.823323 localhost kernel: pci_bus 0000:00: resource 6 [mem 0x000a0000-0x000bffff window]
Sep 15 15:33:30.823367 localhost kernel: pci_bus 0000:00: resource 7 [mem 0xc0000000-0xfebfffff window]
Sep 15 15:33:30.823406 localhost kernel: pci_bus 0000:00: resource 8 [mem 0x100000000-0x17fffffff window]
Sep 15 15:33:30.823454 localhost kernel: pci 0000:00:01.0: PIIX3: Enabling Passive Release
Sep 15 15:33:30.823500 localhost kernel: pci 0000:00:00.0: Limiting direct PCI/PCI transfers
Sep 15 15:33:30.823506 localhost kernel: PCI: CLS 0 bytes, default 64
Sep 15 15:33:30.823511 localhost kernel: clocksource: tsc: mask: 0xffffffffffffffff max_cycles: 0x3ddd8f89348, max_idle_ns: 440795423566 ns
Sep 15 15:33:30.823570 localhost kernel: Trying to unpack rootfs image as initramfs...
Sep 15 15:33:30.823581 localhost kernel: 
[0;1;39m
[0;1;31m
[0;1;39mInitialise system trusted keyrings
Sep 15 15:33:30.823587 localhost kernel: 
[0;1;39m
[0;1;31m
[0;1;39mKey type blacklist registered
Sep 15 15:33:30.823592 localhost kernel: workingset: timestamp_bits=36 (anon: 32) max_order=20 bucket_order=0 (anon: 0)
Sep 15 15:33:30.823600 localhost kernel: 
[0;1;39m
[0;1;31m
[0;1;39mintegrity: Platform Keyring initialized
Sep 15 15:33:30.823605 localhost kernel: 
[0;1;39m
[0;1;31m
[0;1;39mintegrity: Machine keyring initialized
Sep 15 15:33:30.823610 localhost kernel: cryptd: max_cpu_qlen set to 1000
Sep 15 15:33:30.823615 localhost kernel: NET: Registered PF_ALG protocol family
Sep 15 15:33:30.823620 localhost kernel: 
[0;1;39m
[0;1;31m
[0;1;39mKey type asymmetric registered
Sep 15 15:33:30.823624 localhost kernel: 
[0;1;39m
[0;1;31m
[0;1;39mAsymmetric key parser 'x509' registered
Sep 15 15:33:30.823629 localhost kernel: 
[0;1;33m
[0;1;38:5:185m
[0;1;39m
[0;1;33m
[0;1;38:5:185malg: full crypto tests enabled.  This is intended for developer use only.
Sep 15 15:33:30.823634 localhost kernel: Block layer SCSI generic (bsg) driver version 0.4 loaded (major 244)
Sep 15 15:33:30.823639 localhost kernel: io scheduler mq-deadline registered
Sep 15 15:33:30.823645 localhost kernel: io scheduler kyber registered
Sep 15 15:33:30.823650 localhost kernel: io scheduler bfq registered
Sep 15 15:33:30.823654 localhost kernel: atomic64_test: passed for x86-64 platform with CX8 and with SSE
Sep 15 15:33:30.823659 localhost kernel: input: Power Button as /devices/platform/LNXPWRBN:00/input/input0
Sep 15 15:33:30.823664 localhost kernel: ACPI: button: Power Button [PWRF]
Sep 15 15:33:30.823669 localhost kernel: ACPI: \_SB_.LNKD: Enabled at IRQ 11
Sep 15 15:33:30.823675 localhost kernel: Serial: 8250/16550 driver, 32 ports, IRQ sharing enabled
Sep 15 15:33:30.823680 localhost kernel: 00:04: ttyS0 at I/O 0x3f8 (irq = 4, base_baud = 115200) is a 16550A
Sep 15 15:33:30.823684 localhost kernel: Non-volatile memory driver v1.3
Sep 15 15:33:30.823689 localhost kernel: ACPI: bus type drm_connector registered
Sep 15 15:33:30.823781 localhost kernel: virtio_blk virtio0: 2/0/0 default/read/poll queues
Sep 15 15:33:30.823831 localhost kernel: 
[0;1;39m
[0;1;31m
[0;1;39mvirtio_blk virtio0: [vda] 8388608 512-byte logical blocks (4.29 GB/4.00 GiB)
Sep 15 15:33:30.823949 localhost kernel: scsi host0: ata_piix
Sep 15 15:33:30.824010 localhost kernel: scsi host1: ata_piix
Sep 15 15:33:30.824016 localhost kernel: ata1: PATA max MWDMA2 cmd 0x1f0 ctl 0x3f6 bmdma 0xc0c0 irq 14 lpm-pol 0
Sep 15 15:33:30.824022 localhost kernel: ata2: PATA max MWDMA2 cmd 0x170 ctl 0x376 bmdma 0xc0c8 irq 15 lpm-pol 0
Sep 15 15:33:30.824026 localhost kernel: usbcore: registered new interface driver usbserial_generic
Sep 15 15:33:30.824076 localhost kernel: usbserial: USB Serial support registered for generic
Sep 15 15:33:30.824088 localhost kernel: i8042: PNP: PS/2 Controller [PNP0303:KBD,PNP0f13:MOU] at 0x60,0x64 irq 1,12
Sep 15 15:33:30.824094 localhost kernel: serio: i8042 KBD port at 0x60,0x64 irq 1
Sep 15 15:33:30.824099 localhost kernel: serio: i8042 AUX port at 0x60,0x64 irq 12
Sep 15 15:33:30.824103 localhost kernel: mousedev: PS/2 mouse device common for all mice
Sep 15 15:33:30.824191 localhost kernel: rtc_cmos PNP0B00:00: RTC can wake from S4
Sep 15 15:33:30.824238 localhost kernel: rtc_cmos PNP0B00:00: registered as rtc0
Sep 15 15:33:30.824283 localhost kernel: rtc_cmos PNP0B00:00: setting system clock to 2026-09-15T15:33:27 UTC (1789486407)
Sep 15 15:33:30.824329 localhost kernel: rtc_cmos PNP0B00:00: alarms up to one day, y3k, 242 bytes nvram, hpet irqs
Sep 15 15:33:30.824335 localhost kernel: device-mapper: core: CONFIG_IMA_DISABLE_HTABLE is disabled. Duplicate IMA measurements will not be recorded in the IMA log.
Sep 15 15:33:30.824340 localhost kernel: device-mapper: uevent: version 1.0.3
Sep 15 15:33:30.824345 localhost kernel: input: AT Translated Set 2 keyboard as /devices/platform/i8042/serio0/input/input1
Sep 15 15:33:30.824350 localhost kernel: device-mapper: ioctl: 4.50.0-ioctl (2025-04-28) initialised: dm-devel@lists.linux.dev
Sep 15 15:33:30.824356 localhost kernel: 
[0;1;33m
[0;1;38:5:185m
[0;1;39m
[0;1;33m
[0;1;38:5:185mamd_pstate: The CPPC feature is supported but currently disabled by the BIOS.
                                         
[0;1;33m
[0;1;38:5:185mPlease enable it if your BIOS has the CPPC option.
Sep 15 15:33:30.824361 localhost kernel: 
[0;1;33m
[0;1;38:5:185m
[0;1;39m
[0;1;33m
[0;1;38:5:185mamd_pstate: the _CPC object is not present in SBIOS or ACPI disabled
Sep 15 15:33:30.824365 localhost kernel: input: VirtualPS/2 VMware VMMouse as /devices/platform/i8042/serio1/input/input4
Sep 15 15:33:30.824371 localhost kernel: input: VirtualPS/2 VMware VMMouse as /devices/platform/i8042/serio1/input/input3
Sep 15 15:33:30.824376 localhost kernel: hid: raw HID events driver (C) Jiri Kosina
Sep 15 15:33:30.824381 localhost kernel: usbcore: registered new interface driver usbhid
Sep 15 15:33:30.824386 localhost kernel: usbhid: USB HID core driver
Sep 15 15:33:30.824391 localhost kernel: drop_monitor: Initializing network drop monitor service
Sep 15 15:33:30.824395 localhost kernel: Initializing XFRM netlink socket
Sep 15 15:33:30.824400 localhost kernel: NET: Registered PF_INET6 protocol family
Sep 15 15:33:30.824404 localhost kernel: Segment Routing with IPv6
Sep 15 15:33:30.824409 localhost kernel: RPL Segment Routing with IPv6
Sep 15 15:33:30.824414 localhost kernel: In-situ OAM (IOAM) with IPv6
Sep 15 15:33:30.824419 localhost kernel: mip6: Mobile IPv6
Sep 15 15:33:30.824424 localhost kernel: NET: Registered PF_PACKET protocol family
Sep 15 15:33:30.824428 localhost kernel: IPI shorthand broadcast: enabled
Sep 15 15:33:30.824433 localhost kernel: registered taskstats version 1
Sep 15 15:33:30.824438 localhost kernel: ata1.00: ATAPI: QEMU DVD-ROM, 2.5+, max UDMA/100
Sep 15 15:33:30.824442 localhost kernel: 
[0;1;39m
[0;1;31m
[0;1;39mLoading compiled-in X.509 certificates
Sep 15 15:33:30.824447 localhost kernel: ata1.01: ATAPI: QEMU DVD-ROM, 2.5+, max UDMA/100
Sep 15 15:33:30.824452 localhost kernel: ata2: found unknown device (class 0)
Sep 15 15:33:30.824457 localhost kernel: ata2.00: ATAPI: QEMU DVD-ROM, 2.5+, max UDMA/100
Sep 15 15:33:30.824462 localhost kernel: 
[0;1;39m
[0;1;31m
[0;1;39mLoaded X.509 cert 'Build time autogenerated kernel key: ab95a56bab632f55234099faf71fd1f7b65f6d2e'
Sep 15 15:33:30.824595 localhost kernel: 
[0;1;39m
[0;1;31m
[0;1;39mscsi 0:0:0:0: CD-ROM            QEMU     QEMU DVD-ROM     2.5+ PQ: 0 ANSI: 5
Sep 15 15:33:30.824609 localhost kernel: Demotion targets for Node 0: null
Sep 15 15:33:30.824615 localhost kernel: page_owner is disabled
Sep 15 15:33:30.824620 localhost kernel: 
[0;1;39m
[0;1;31m
[0;1;39mKey type .fscrypt registered
Sep 15 15:33:30.824625 localhost kernel: 
[0;1;39m
[0;1;31m
[0;1;39mKey type fscrypt-provisioning registered
Sep 15 15:33:30.824630 localhost kernel: Btrfs loaded, zoned=yes, fsverity=yes
Sep 15 15:33:30.824637 localhost kernel: 
[0;1;39m
[0;1;31m
[0;1;39mKey type big_key registered
Sep 15 15:33:30.824711 localhost kernel: sr 0:0:0:0: [sr0] scsi3-mmc drive: 4x/4x cd/rw xa/form2 tray
Sep 15 15:33:30.824718 localhost kernel: cdrom: Uniform CD-ROM driver Revision: 3.20
Sep 15 15:33:30.824770 localhost kernel: 
[0;90m
[0;38:5:245m
[0;1;31m
[0;90m
[0;38:5:245msr 0:0:0:0: Attached scsi CD-ROM sr0
Sep 15 15:33:30.824931 localhost kernel: 
[0;1;39m
[0;1;31m
[0;1;39msr 0:0:0:0: Attached scsi generic sg0 type 5
Sep 15 15:33:30.825090 localhost kernel: 
[0;1;39m
[0;1;31m
[0;1;39mscsi 0:0:1:0: CD-ROM            QEMU     QEMU DVD-ROM     2.5+ PQ: 0 ANSI: 5
Sep 15 15:33:30.825185 localhost kernel: sr 0:0:1:0: [sr1] scsi3-mmc drive: 4x/4x cd/rw xa/form2 tray
Sep 15 15:33:30.825240 localhost kernel: 
[0;90m
[0;38:5:245m
[0;1;31m
[0;90m
[0;38:5:245msr 0:0:1:0: Attached scsi CD-ROM sr1
Sep 15 15:33:30.825295 localhost kernel: 
[0;1;39m
[0;1;31m
[0;1;39msr 0:0:1:0: Attached scsi generic sg1 type 5
Sep 15 15:33:30.825356 localhost kernel: 
[0;1;39m
[0;1;31m
[0;1;39mscsi 1:0:0:0: CD-ROM            QEMU     QEMU DVD-ROM     2.5+ PQ: 0 ANSI: 5
Sep 15 15:33:30.825407 localhost kernel: sr 1:0:0:0: [sr2] scsi3-mmc drive: 4x/4x cd/rw xa/form2 tray
Sep 15 15:33:30.825458 localhost kernel: 
[0;90m
[0;38:5:245m
[0;1;31m
[0;90m
[0;38:5:245msr 1:0:0:0: Attached scsi CD-ROM sr2
Sep 15 15:33:30.825508 localhost kernel: 
[0;1;39m
[0;1;31m
[0;1;39msr 1:0:0:0: Attached scsi generic sg2 type 5
Sep 15 15:33:30.825567 localhost kernel: Freeing initrd memory: 64124K
Sep 15 15:33:30.825580 localhost kernel: 
[0;1;39m
[0;1;31m
[0;1;39mKey type encrypted registered
Sep 15 15:33:30.825586 localhost kernel: ima: No TPM chip found, activating TPM-bypass!
Sep 15 15:33:30.825594 localhost kernel: 
[0;1;39m
[0;1;31m
[0;1;39mLoading compiled-in module X.509 certificates
Sep 15 15:33:30.825599 localhost kernel: 
[0;1;39m
[0;1;31m
[0;1;39mLoaded X.509 cert 'Build time autogenerated kernel key: ab95a56bab632f55234099faf71fd1f7b65f6d2e'
Sep 15 15:33:30.825604 localhost kernel: ima: Allocated hash algorithm: sha256
Sep 15 15:33:30.825609 localhost kernel: ima: No architecture policies found
Sep 15 15:33:30.825614 localhost kernel: evm: Initialising EVM extended attributes:
Sep 15 15:33:30.825619 localhost kernel: evm: security.selinux
Sep 15 15:33:30.825624 localhost kernel: evm: security.SMACK64 (disabled)
Sep 15 15:33:30.825629 localhost kernel: evm: security.SMACK64EXEC (disabled)
Sep 15 15:33:30.825633 localhost kernel: evm: security.SMACK64TRANSMUTE (disabled)
Sep 15 15:33:30.825639 localhost kernel: evm: security.SMACK64MMAP (disabled)
Sep 15 15:33:30.825644 localhost kernel: evm: security.apparmor (disabled)
Sep 15 15:33:30.825649 localhost kernel: evm: security.ima
Sep 15 15:33:30.825653 localhost kernel: evm: security.capability
Sep 15 15:33:30.825658 localhost kernel: evm: HMAC attrs: 0x1
Sep 15 15:33:30.825663 localhost kernel: alg: No test for 842 (842-scomp)
Sep 15 15:33:30.825668 localhost kernel: PM:   Magic number: 10:765:588
Sep 15 15:33:30.825673 localhost kernel: RAS: Correctable Errors collector initialized.
Sep 15 15:33:30.825678 localhost kernel: 
[0;1;33m
[0;1;38:5:185m
[0;1;39m
[0;1;33m
[0;1;38:5:185mUnstable clock detected, switching default tracing clock to "global"
                                         
[0;1;33m
[0;1;38:5:185mIf you want to keep using the local clock, then add:
                                         
[0;1;33m
[0;1;38:5:185m  "trace_clock=local"
                                         
[0;1;33m
[0;1;38:5:185mon the kernel command line
Sep 15 15:33:30.825684 localhost kernel: clk: Disabling unused clocks
Sep 15 15:33:30.825689 localhost kernel: PM: genpd: Disabling unused power domains
Sep 15 15:33:30.825694 localhost kernel: Freeing unused decrypted memory: 2028K
Sep 15 15:33:30.825698 localhost kernel: Freeing unused kernel image (initmem) memory: 5212K
Sep 15 15:33:30.825703 localhost kernel: Write protecting the kernel read-only data: 36864k
Sep 15 15:33:30.825708 localhost kernel: Freeing unused kernel image (text/rodata gap) memory: 1960K
Sep 15 15:33:30.825713 localhost kernel: Freeing unused kernel image (rodata/data gap) memory: 892K
Sep 15 15:33:30.825718 localhost kernel: x86/mm: Checked W+X mappings: passed, no W+X pages found.
Sep 15 15:33:30.825723 localhost kernel: Run /init as init process
Sep 15 15:33:30.825728 localhost kernel: 
[0;90m
[0;38:5:245m
[0;1;31m
[0;90m
[0;38:5:245m  with arguments:
Sep 15 15:33:30.825733 localhost kernel: 
[0;90m
[0;38:5:245m
[0;1;31m
[0;90m
[0;38:5:245m    /init
Sep 15 15:33:30.825738 localhost kernel: 
[0;90m
[0;38:5:245m
[0;1;31m
[0;90m
[0;38:5:245m    cdroot
Sep 15 15:33:30.825743 localhost kernel: 
[0;90m
[0;38:5:245m
[0;1;31m
[0;90m
[0;38:5:245m  with environment:
Sep 15 15:33:30.825748 localhost kernel: 
[0;90m
[0;38:5:245m
[0;1;31m
[0;90m
[0;38:5:245m    HOME=/
Sep 15 15:33:30.825753 localhost kernel: 
[0;90m
[0;38:5:245m
[0;1;31m
[0;90m
[0;38:5:245m    TERM=linux
Sep 15 15:33:30.825757 localhost kernel: fuse: init (API version 7.45)
Sep 15 15:33:30.825764 localhost systemd[1]: Successfully made /usr/ read-only.
Sep 15 15:33:30.825772 localhost kernel: 
[0;1;33m
[0;1;38:5:185m
[0;1;39m
[0;1;33m
[0;1;38:5:185mclocksource: Marking clocksource tsc unstable due to inter CPU skew
Sep 15 15:33:30.825777 localhost kernel: 
[0;1;33m
[0;1;38:5:185m
[0;1;39m
[0;1;33m
[0;1;38:5:185mclocksource: CPU1      19919763239 < CPU0      19919764575 (cycles)
Sep 15 15:33:30.825782 localhost kernel: tsc: Marking TSC unstable due to clocksource watchdog
Sep 15 15:33:30.825787 localhost systemd[1]: systemd 261.1 running in system mode (+PAM -AUDIT -SELINUX -APPARMOR +IMA +IPE +SMACK +SECCOMP -GCRYPT -GNUTLS +OPENSSL +ACL +BLKID -CURL -ELFUTILS -FIDO2 -IDN2 +KMOD +LIBCRYPTSETUP +LIBCRYPTSETUP_PLUGINS +LIBFDISK -PCRE2 -PWQUALITY -P11KIT -QRENCODE +TPM2 -BZIP2 +LZ4 +XZ +ZLIB +ZSTD -BPF_FRAMEWORK -BTF -XKBCOMMON -UTMP -LIBARCHIVE)
Sep 15 15:33:30.825794 localhost systemd[1]: Detected virtualization kvm.
Sep 15 15:33:30.825800 localhost systemd[1]: Detected architecture x86-64.
Sep 15 15:33:30.825805 localhost systemd[1]: Running in initrd.
Sep 15 15:33:30.825810 localhost systemd[1]: Initializing machine ID from random generator.
Sep 15 15:33:30.825817 localhost systemd[1]: No hostname configured, using default hostname.
Sep 15 15:33:30.825823 localhost systemd[1]: Hostname set to <localhost>.
Sep 15 15:33:30.825828 localhost (gene[248]: 
[0;1;31m
[0;1;39m
[0;1;31m'/usr/lib/systemd/system-generators/dracut-crypt-generator' failed with exit status 2.
Sep 15 15:33:30.825835 localhost unknown: 
[0;1;33m
[0;1;38:5:185m
[0;1;39m
[0;1;33m
[0;1;38:5:185mdracut Warning: Kernel command line option 'rd.live.overlay.overlayfs' is deprecated, use 'rd.overlay' instead.
Sep 15 15:33:30.825840 localhost systemd[1]: Queued start job for default target Initrd Default Target.
Sep 15 15:33:30.825846 localhost systemd[1]: Created slice Slice /system/modprobe.
Sep 15 15:33:30.825882 localhost systemd[1]: Started Dispatch Password Requests to Console Directory Watch.
Sep 15 15:33:30.825890 localhost systemd[1]: Reached target Initrd /usr File System.
Sep 15 15:33:30.825898 localhost systemd[1]: Reached target Path Units.
Sep 15 15:33:30.825903 localhost systemd[1]: Reached target Slice Units.
Sep 15 15:33:30.825909 localhost systemd[1]: Reached target Swaps.
Sep 15 15:33:30.825914 localhost systemd[1]: Reached target Timer Units.
Sep 15 15:33:30.825920 localhost systemd[1]: Reached target Local Verity Protected Volumes.
Sep 15 15:33:30.825925 localhost systemd[1]: Listening on Open-iSCSI iscsid Socket.
Sep 15 15:33:30.825930 localhost systemd[1]: Listening on Open-iSCSI iscsiuio Socket.
Sep 15 15:33:30.825936 localhost systemd[1]: Listening on Journal Socket (/dev/log).
Sep 15 15:33:30.825942 localhost systemd[1]: Listening on Journal Sockets.
Sep 15 15:33:30.825947 localhost systemd[1]: Listening on Network Management Netlink Socket.
Sep 15 15:33:30.825952 localhost systemd[1]: Listening on udev Control Socket.
Sep 15 15:33:30.825957 localhost systemd[1]: Listening on udev Kernel Socket.
Sep 15 15:33:30.825963 localhost systemd[1]: Reached target Socket Units.
Sep 15 15:33:30.825968 localhost systemd[1]: Starting Create List of Static Device Nodes...
Sep 15 15:33:30.825974 localhost systemd[1]: Load Kernel Module dm_mod skipped, unmet condition check ConditionKernelModuleLoaded=!dm_mod
Sep 15 15:33:30.825980 localhost systemd[1]: Starting Load Kernel Module dm_multipath...
Sep 15 15:33:30.825985 localhost systemd[1]: Starting Load Kernel Module loop...
Sep 15 15:33:30.825991 localhost systemd[1]: Early Battery Level Check skipped, unmet condition check ConditionDirectoryNotEmpty=/sys/class/power_supply
Sep 15 15:33:30.825996 localhost kernel: loop: module loaded
Sep 15 15:33:30.826001 localhost systemd[1]: Reached target Initrd Root Device.
Sep 15 15:33:30.826007 localhost systemd[1]: Starting Journal Service...
Sep 15 15:33:30.826012 localhost systemd[1]: Load Kernel Modules skipped, no trigger condition checks were met.
Sep 15 15:33:30.826041 localhost systemd-journald[360]: Collecting audit messages is disabled.
Sep 15 15:33:30.826071 localhost systemd[1]: Starting Generate Network Units from Kernel Command Line...
Sep 15 15:33:30.826077 localhost systemd[1]: TPM PCR Barrier (initrd) skipped, unmet condition check ConditionSecurity=measured-os
Sep 15 15:33:30.826087 localhost systemd-journald[360]: Journal started
Sep 15 15:33:30.826108 localhost systemd-journald[360]: Runtime Journal (/run/log/journal/c08e1893750c451285bdcde3288df86d) is 7.4M, max 59.3M, 51.8M free.
Sep 15 15:33:30.833063 localhost systemd[1]: Starting Apply Kernel Variables...
Sep 15 15:33:30.841358 localhost systemd[1]: Starting Virtual Console Setup...
Sep 15 15:33:30.844603 localhost systemd-vconsole-setup[364]: 
[0;1;39m
[0;1;31m
[0;1;39mConfiguration of first virtual console was skipped, ignoring remaining ones.
Sep 15 15:33:30.846116 localhost systemd[1]: Started Journal Service.
Sep 15 15:33:30.848411 localhost systemd[1]: Finished Create List of Static Device Nodes.
Sep 15 15:33:30.852094 localhost systemd[1]: modprobe@dm_multipath.service: Deactivated successfully.
Sep 15 15:33:30.852296 localhost systemd[1]: Finished Load Kernel Module dm_multipath.
Sep 15 15:33:30.855742 localhost systemd[1]: modprobe@loop.service: Deactivated successfully.
Sep 15 15:33:30.855959 localhost systemd[1]: Finished Load Kernel Module loop.
Sep 15 15:33:30.859318 localhost systemd[1]: Finished Generate Network Units from Kernel Command Line.
Sep 15 15:33:30.863681 localhost systemd[1]: Finished Apply Kernel Variables.
Sep 15 15:33:30.867180 localhost systemd[1]: Finished Virtual Console Setup.
Sep 15 15:33:30.871259 localhost systemd[1]: Reached target Preparation for Network.
Sep 15 15:33:30.874356 localhost systemd[1]: Listening on Network Management Resolve Hook Socket.
Sep 15 15:33:30.879762 localhost systemd[1]: Starting Device-Mapper Multipath Device Controller...
Sep 15 15:33:30.882420 localhost multipathd[372]: multipathd v0.14.3: start up
Sep 15 15:33:30.883165 localhost systemd[1]: dracut ask for additional cmdline parameters skipped, no trigger condition checks were met.
Sep 15 15:33:30.883228 localhost multipathd[372]: A dynamic linking error occurred: (Symbol not found: __epoll_pwait2_time64)
Sep 15 15:33:30.883392 localhost multipathd[372]: Could not set SCHED_RR at priority 10
Sep 15 15:33:30.885146 localhost multipathd[372]: reconfigure: setting up paths and maps
Sep 15 15:33:30.885146 localhost multipathd[372]: _check_bindings_file: failed to read header from /etc/multipath/bindings
Sep 15 15:33:30.885146 localhost multipathd[372]: updated bindings file /etc/multipath/bindings
Sep 15 15:33:30.885330 localhost systemd[1]: Starting dracut cmdline hook...
Sep 15 15:33:30.887830 localhost systemd[1]: Merge System Configuration Images into /etc/ of the initrd skipped, no trigger condition checks were met.
Sep 15 15:33:30.892131 localhost dracut-cmdline[379]: dracut-111
Sep 15 15:33:30.893770 localhost systemd[1]: Starting Network Name Resolution...
Sep 15 15:33:30.895833 localhost dracut-cmdline[379]: Using kernel command line parameters:    cdroot root=live:CDLABEL=COS_LIVE rd.live.dir=/ rd.live.squashimg=rootfs.squashfs rd.live.overlay.overlayfs net.ifnames=1 console=tty1 console=ttyS0 kairos.ram kairos.ram.create_partitions nomodeset selinux=0 rd.immucore.debug ignore_loglevel
Sep 15 15:33:30.896149 localhost systemd[1]: Merge System Extension Images into /usr/ and /opt/ of the initrd skipped, no trigger condition checks were met.
Sep 15 15:33:30.896175 localhost systemd[1]: Reached target Local Encrypted Volumes (Pre).
Sep 15 15:33:30.899450 localhost systemd[1]: Reached target Local Encrypted Volumes.
Sep 15 15:33:30.904442 localhost systemd[1]: Starting Create Static Device Nodes in /dev gracefully...
Sep 15 15:33:30.909039 localhost systemd[1]: Started Device-Mapper Multipath Device Controller.
Sep 15 15:33:30.918192 localhost systemd[1]: Finished Create Static Device Nodes in /dev gracefully.
Sep 15 15:33:30.924059 localhost dracut-cmdline[379]: livenet: no url handler for CDLABEL=COS_LIVE
Sep 15 15:33:30.924669 localhost systemd[1]: Starting Create Static Device Nodes in /dev...
Sep 15 15:33:30.933271 localhost dracut-cmdline[379]: root was live:CDLABEL=COS_LIVE, is now live:/dev/disk/by-label/COS_LIVE
Sep 15 15:33:30.934259 localhost systemd[1]: Finished Create Static Device Nodes in /dev.
Sep 15 15:33:30.938912 localhost systemd-resolved[385]: Positive Trust Anchors:
Sep 15 15:33:30.939111 localhost systemd[1]: Reached target Preparation for Local File Systems.
Sep 15 15:33:30.942776 localhost systemd-resolved[385]: . IN DS 20326 8 2 e06d44b80b8f1d39a95c0b0d7c65d08458e880409bbc683457104237c7f8ec8d
Sep 15 15:33:30.942821 localhost systemd-resolved[385]: . IN DS 38696 8 2 683d2d0acb8c9b712a1948b27f741219298d0a450d612c483af444a4c0fb2b16
Sep 15 15:33:30.942980 localhost systemd-resolved[385]: Negative trust anchors: home.arpa 10.in-addr.arpa 16.172.in-addr.arpa 17.172.in-addr.arpa 18.172.in-addr.arpa 19.172.in-addr.arpa 20.172.in-addr.arpa 21.172.in-addr.arpa 22.172.in-addr.arpa 23.172.in-addr.arpa 24.172.in-addr.arpa 25.172.in-addr.arpa 26.172.in-addr.arpa 27.172.in-addr.arpa 28.172.in-addr.arpa 29.172.in-addr.arpa 30.172.in-addr.arpa 31.172.in-addr.arpa 170.0.0.192.in-addr.arpa 171.0.0.192.in-addr.arpa 168.192.in-addr.arpa d.f.ip6.arpa ipv4only.arpa resolver.arpa corp home internal intranet lan local private test
Sep 15 15:33:30.944825 localhost systemd[1]: Reached target Local File Systems.
Sep 15 15:33:30.952746 localhost systemd[1]: Starting Create System Files and Directories...
Sep 15 15:33:30.955673 localhost systemd-tmpfiles[516]: 
[0;1;39m
[0;1;31m
[0;1;39m/usr/lib/tmpfiles.d/systemd.conf:34: Duplicate line for path "/var/lib/systemd", ignoring.
Sep 15 15:33:30.955721 localhost systemd-tmpfiles[516]: 
[0;1;39m
[0;1;31m
[0;1;39m/usr/lib/tmpfiles.d/var.conf:14: Duplicate line for path "/var/log", ignoring.
Sep 15 15:33:30.960147 localhost systemd-resolved[385]: Defaulting to hostname 'linux'.
Sep 15 15:33:30.960662 localhost systemd[1]: Finished Create System Files and Directories.
Sep 15 15:33:30.969186 localhost systemd[1]: Started Network Name Resolution.
Sep 15 15:33:30.971995 localhost kernel: Loading iSCSI transport class v2.0-870.
Sep 15 15:33:30.972712 localhost systemd[1]: Reached target Host and Network Name Lookups.
Sep 15 15:33:30.982588 localhost kernel: 
[0;1;39m
[0;1;31m
[0;1;39miscsi: registered transport (tcp)
Sep 15 15:33:30.995139 localhost kernel: 
[0;1;39m
[0;1;31m
[0;1;39miscsi: registered transport (qla4xxx)
Sep 15 15:33:30.995214 localhost kernel: QLogic iSCSI HBA Driver
Sep 15 15:33:31.005585 localhost kernel: libcxgbi:libcxgbi_init_module: Chelsio iSCSI driver library libcxgbi v0.9.1-ko (Apr. 2015)
Sep 15 15:33:31.013629 localhost kernel: Chelsio T3 iSCSI Driver cxgb3i v2.0.1-ko (Apr. 2015)
Sep 15 15:33:31.013662 localhost kernel: 
[0;1;39m
[0;1;31m
[0;1;39miscsi: registered transport (cxgb3i)
Sep 15 15:33:31.037584 localhost kernel: Chelsio T4-T6 iSCSI Driver cxgb4i v0.9.5-ko (Apr. 2015)
Sep 15 15:33:31.037648 localhost kernel: 
[0;1;39m
[0;1;31m
[0;1;39miscsi: registered transport (cxgb4i)
Sep 15 15:33:31.043209 localhost kernel: cxgb4i:cxgb4i_init_module: cxgb4i dcb enabled.
Sep 15 15:33:31.052583 localhost kernel: cnic: QLogic cnicDriver v2.5.22 (July 20, 2015)
Sep 15 15:33:31.058711 localhost kernel: QLogic NetXtreme II iSCSI Driver bnx2i v2.7.10.1 (Jul 16, 2014)
Sep 15 15:33:31.058747 localhost kernel: 
[0;1;39m
[0;1;31m
[0;1;39miscsi: registered transport (bnx2i)
Sep 15 15:33:31.070570 localhost kernel: 
[0;1;39m
[0;1;31m
[0;1;39miscsi: registered transport (be2iscsi)
Sep 15 15:33:31.070602 localhost kernel: In beiscsi_module_init, tt=00000000065e5238
Sep 15 15:33:31.087100 localhost systemd[1]: Finished dracut cmdline hook.
Sep 15 15:33:31.098706 localhost systemd[1]: Starting dracut pre-udev hook...
Sep 15 15:33:31.117672 localhost systemd[1]: Finished dracut pre-udev hook.
Sep 15 15:33:31.125783 localhost systemd[1]: Starting Rule-based Manager for Device Events and Files...
Sep 15 15:33:31.139930 localhost systemd-udevd[578]: Using default interface naming scheme 'v261'.
Sep 15 15:33:31.147252 localhost systemd[1]: Started Rule-based Manager for Device Events and Files.
Sep 15 15:33:31.155827 localhost systemd[1]: Starting dracut pre-trigger hook...
Sep 15 15:33:31.160104 localhost systemd[1]: Starting Network Management...
Sep 15 15:33:31.171981 localhost systemd[1]: Finished dracut pre-trigger hook.
Sep 15 15:33:31.176994 localhost systemd[1]: Starting Coldplug All udev Devices...
Sep 15 15:33:31.283581 localhost kernel: 
[0;1;39m
[0;1;31m
[0;1;39mcfg80211: Loading compiled-in X.509 certificates for regulatory database
Sep 15 15:33:31.295743 localhost kernel: 
[0;1;39m
[0;1;31m
[0;1;39mLoaded X.509 cert 'sforshee: 00b28ddf47aef9cea7'
Sep 15 15:33:31.295775 localhost kernel: 
[0;1;39m
[0;1;31m
[0;1;39mLoaded X.509 cert 'wens: 61c038651aabdcf94bd0ac7ff06c7248db18c600'
Sep 15 15:33:31.301573 localhost kernel: 
[0;1;33m
[0;1;38:5:185m
[0;1;39m
[0;1;33m
[0;1;38:5:185mfaux_driver regulatory: Direct firmware load for regulatory.db failed with error -2
Sep 15 15:33:31.306324 localhost kernel: cfg80211: failed to load regulatory.db
Sep 15 15:33:31.307194 localhost systemd-networkd[601]: 
[0;1;33m
[0;1;38:5:185m
[0;1;39m
[0;1;33m
[0;1;38:5:185mFailed to open nftables netlink socket. IPMasquerade= and NFTSet= settings will not be applied. Ignoring: Protocol not supported
Sep 15 15:33:31.308488 localhost systemd-networkd[601]: lo: Link UP
Sep 15 15:33:31.308492 localhost systemd-networkd[601]: lo: Gained carrier
Sep 15 15:33:31.309926 localhost systemd[1]: Started Network Management.
Sep 15 15:33:31.312670 localhost systemd[1]: Reached target Network.
Sep 15 15:33:31.315243 localhost systemd[1]: Wait for Network to be Online skipped, unmet condition check ConditionPathExists=/run/networkd/initrd/neednet
Sep 15 15:33:31.317190 localhost systemd[1]: Finished Coldplug All udev Devices.
Sep 15 15:33:31.324745 localhost systemd[1]: Starting dracut initqueue hook...
Sep 15 15:33:31.328517 localhost systemd[1]: Starting Wait for udev To Complete Device Initialization...
Sep 15 15:33:31.336188 localhost udevadm[618]: 
[0;1;39m
[0;1;31m
[0;1;39msystemd-udev-settle.service is deprecated. Please fix immucore.service not to pull it in.
Sep 15 15:33:31.346963 localhost systemd[1]: Load Kernel Module configfs skipped, unmet condition check ConditionKernelModuleLoaded=!configfs
Sep 15 15:33:31.444897 localhost kernel: e1000: Intel(R) PRO/1000 Network Driver
Sep 15 15:33:31.444948 localhost kernel: e1000: Copyright (c) 1999-2006 Intel Corporation.
Sep 15 15:33:31.489601 localhost kernel: ACPI: \_SB_.LNKC: Enabled at IRQ 10
Sep 15 15:33:31.493162 localhost kernel: Floppy drive(s): fd0 is 2.88M AMI BIOS
Sep 15 15:33:31.494168 localhost systemd[1]: systemd-vconsole-setup.service: Deactivated successfully.
Sep 15 15:33:31.494278 localhost systemd[1]: Stopped Virtual Console Setup.
Sep 15 15:33:31.497201 localhost systemd[1]: Stopping Virtual Console Setup...
Sep 15 15:33:31.507734 localhost systemd[1]: Starting Virtual Console Setup...
Sep 15 15:33:31.526989 localhost kernel: FDC 0 is a S82078B
Sep 15 15:33:31.535630 localhost systemd-vconsole-setup[637]: 
[0;1;39m
[0;1;31m
[0;1;39mConfiguration of first virtual console was skipped, ignoring remaining ones.
Sep 15 15:33:31.536877 localhost systemd[1]: Finished Virtual Console Setup.
Sep 15 15:33:31.848129 localhost systemd[1]: Mounting Kernel Configuration File System...
Sep 15 15:33:31.851703 localhost systemd[1]: Mounted Kernel Configuration File System.
Sep 15 15:33:32.010392 localhost kernel: e1000 0000:00:03.0 eth0: (PCI:33MHz:32-bit) 52:54:00:12:34:56
Sep 15 15:33:32.010694 localhost kernel: e1000 0000:00:03.0 eth0: Intel(R) PRO/1000 Network Connection
Sep 15 15:33:32.016907 localhost systemd-networkd[601]: eth0: Interface name change detected, renamed to ens3.
Sep 15 15:33:32.017597 localhost kernel: e1000 0000:00:03.0 ens3: renamed from eth0
Sep 15 15:33:32.021613 localhost systemd-networkd[601]: ens3: Configuring with /run/systemd/network/zzzz-dracut-default.network.
Sep 15 15:33:32.025985 localhost systemd[1]: Finished Wait for udev To Complete Device Initialization.
Sep 15 15:33:32.031933 localhost systemd[1]: Reached target System Initialization.
Sep 15 15:33:32.035314 localhost systemd[1]: Reached target Basic System.
Sep 15 15:33:32.037910 localhost systemd[1]: 
[0;1;39m
[0;1;31m
[0;1;39mSystem is tainted: unmerged-bin
Sep 15 15:33:32.041387 localhost systemd-networkd[601]: ens3: Link UP
Sep 15 15:33:32.043097 localhost systemd[1]: Starting immucore...
Sep 15 15:33:32.059460 localhost kairos-immucore[661]: Immucore
Sep 15 15:33:32.059588 localhost kairos-immucore[661]: 
[0;90m
[0;38:5:245m
[0;1;31m
[0;90m
[0;38:5:245mcmdline
Sep 15 15:33:32.060016 localhost immucore[661]: 2026-09-15T15:33:32Z INF Immucore go=go1.26.8 version=dev
Sep 15 15:33:32.060016 localhost immucore[661]: 2026-09-15T15:33:32Z DBG cmdline content="cdroot root=live:CDLABEL=COS_LIVE rd.live.dir=/ rd.live.squashimg=rootfs.squashfs rd.live.overlay.overlayfs net.ifnames=1 console=tty1 console=ttyS0 kairos.ram kairos.ram.create_partitions nomodeset selinux=0 rd.immucore.debug ignore_loglevel\n"
Sep 15 15:33:32.060016 localhost immucore[661]: 2026-09-15T15:33:32Z DBG detecting boot state
Sep 15 15:33:32.060016 localhost immucore[661]: 2026-09-15T15:33:32Z DBG Detected in-RAM boot; classifying as Active
Sep 15 15:33:32.059629 localhost kairos-immucore[661]: 
[0;90m
[0;38:5:245m
[0;1;31m
[0;90m
[0;38:5:245mdetecting boot state
Sep 15 15:33:32.088741 localhost immucore[661]: 2026-09-15T15:33:32Z INF Booting in-RAM (kairos.ram) with OEM+persistent from disk.
Sep 15 15:33:32.088741 localhost immucore[661]: 2026-09-15T15:33:32Z INF Checking OEM encryption status oem_encrypted=false
Sep 15 15:33:32.088741 localhost immucore[661]: 2026-09-15T15:33:32Z INF OEM is NOT encrypted: OEM mount will run before kcrypt unlock
Sep 15 15:33:32.088741 localhost immucore[661]: 2026-09-15T15:33:32Z INF 1.
Sep 15 15:33:32.088741 localhost immucore[661]:  <init> (background: false) (weak: false) (run: false)
Sep 15 15:33:32.088741 localhost immucore[661]: 2.
Sep 15 15:33:32.088741 localhost immucore[661]:  <mount-tmpfs> (background: false) (weak: false) (run: false)
Sep 15 15:33:32.088741 localhost immucore[661]:  <create-sentinel> (background: false) (weak: false) (run: false)
Sep 15 15:33:32.088741 localhost immucore[661]:  <wait-for-sysroot> (background: false) (weak: false) (run: false)
Sep 15 15:33:32.088741 localhost immucore[661]: 3.
Sep 15 15:33:32.088741 localhost immucore[661]:  <ensure-partitions> (background: false) (weak: false) (run: false)
Sep 15 15:33:32.088741 localhost immucore[661]: 4.
Sep 15 15:33:32.088741 localhost immucore[661]:  <upgrade-kcrypt> (background: false) (weak: false) (run: false)
Sep 15 15:33:32.088741 localhost immucore[661]:  <mount-oem> (background: false) (weak: false) (run: false)
Sep 15 15:33:32.088741 localhost immucore[661]: 5.
Sep 15 15:33:32.088741 localhost immucore[661]:  <unlock-all> (background: false) (weak: false) (run: false)
Sep 15 15:33:32.088741 localhost immucore[661]:  <rootfs-hook> (background: false) (weak: false) (run: false)
Sep 15 15:33:32.088741 localhost immucore[661]: 6.
Sep 15 15:33:32.088741 localhost immucore[661]:  <load-config> (background: false) (weak: false) (run: false)
Sep 15 15:33:32.088741 localhost immucore[661]: 7.
Sep 15 15:33:32.088741 localhost immucore[661]:  <mount-base-overlay> (background: false) (weak: false) (run: false)
Sep 15 15:33:32.088741 localhost immucore[661]:  <custom-mount> (background: false) (weak: false) (run: false)
Sep 15 15:33:32.088741 localhost immucore[661]: 8.
Sep 15 15:33:32.088741 localhost immucore[661]:  <overlay-mount> (background: false) (weak: false) (run: false)
Sep 15 15:33:32.088741 localhost immucore[661]: 9.
Sep 15 15:33:32.088741 localhost immucore[661]:  <mount-bind> (background: false) (weak: false) (run: false)
Sep 15 15:33:32.088741 localhost immucore[661]: 10.
Sep 15 15:33:32.088741 localhost immucore[661]:  <write-fstab> (background: false) (weak: false) (run: false)
Sep 15 15:33:32.088741 localhost immucore[661]:  <enable-sysext-confext> (background: false) (weak: false) (run: false)
Sep 15 15:33:32.088741 localhost immucore[661]: 11.
Sep 15 15:33:32.088741 localhost immucore[661]:  <initramfs-hook> (background: false) (weak: false) (run: false)
Sep 15 15:33:32.088741 localhost immucore[661]: 
Sep 15 15:33:32.088741 localhost immucore[661]: 2026-09-15T15:33:32Z DBG Waiting for sysroot timeout=2m0s
Sep 15 15:33:32.088741 localhost immucore[661]: 2026-09-15T15:33:32Z DBG Will now create /run/cos if not exists
Sep 15 15:33:32.088741 localhost immucore[661]: 2026-09-15T15:33:32Z DBG Will now create the runtime object
Sep 15 15:33:32.088741 localhost immucore[661]: 2026-09-15T15:33:32Z DBG detecting boot state
Sep 15 15:33:32.088741 localhost immucore[661]: 2026-09-15T15:33:32Z DBG Detected in-RAM boot; classifying as Active
Sep 15 15:33:32.088741 localhost immucore[661]: 2026-09-15T15:33:32Z DBG Bootstate: active_boot
Sep 15 15:33:32.088741 localhost immucore[661]: 2026-09-15T15:33:32Z DBG The BootState was BootState=active_boot
Sep 15 15:33:32.059647 localhost kairos-immucore[661]: 
[0;90m
[0;38:5:245m
[0;1;31m
[0;90m
[0;38:5:245mDetected in-RAM boot; classifying as Active
Sep 15 15:33:32.239664 localhost kernel: 
[0;90m
[0;38:5:245m
[0;1;31m
[0;90m
[0;38:5:245mISO 9660 Extensions: Microsoft Joliet Level 3
Sep 15 15:33:32.239680 localhost immucore[661]: 2026-09-15T15:33:32Z INF Setting sentinel file to=active_mode
Sep 15 15:33:32.239680 localhost immucore[661]: 2026-09-15T15:33:32Z INF Setting in-RAM sentinel file to=in_ram_mode
Sep 15 15:33:32.254094 localhost dracut-initqueue[721]: Warning: Kernel command line option 'rd.live.overlay.overlayfs' is deprecated, use 'rd.overlay' instead.
Sep 15 15:33:32.083023 localhost kairos-immucore[661]: Booting in-RAM (kairos.ram) with OEM+persistent from disk.
Sep 15 15:33:32.259651 localhost kernel: 
[0;90m
[0;38:5:245m
[0;1;31m
[0;90m
[0;38:5:245mISO 9660 Extensions: RRIP_1991A
Sep 15 15:33:32.083361 localhost kairos-immucore[661]: Checking OEM encryption status
Sep 15 15:33:32.259857 localhost kernel: loop0: detected capacity change from 0 to 651440
Sep 15 15:33:32.083385 localhost kairos-immucore[661]: OEM is NOT encrypted: OEM mount will run before kcrypt unlock
Sep 15 15:33:32.259910 localhost kernel: squashfs: version 4.0 (2009/01/31) Phillip Lougher
Sep 15 15:33:32.083510 localhost kairos-immucore[661]: 1.
                                                        <init> (background: false) (weak: false) (run: false)
                                                       2.
                                                        <mount-tmpfs> (background: false) (weak: false) (run: false)
                                                        <create-sentinel> (background: false) (weak: false) (run: false)
                                                        <wait-for-sysroot> (background: false) (weak: false) (run: false)
                                                       3.
                                                        <ensure-partitions> (background: false) (weak: false) (run: false)
                                                       4.
                                                        <upgrade-kcrypt> (background: false) (weak: false) (run: false)
                                                        <mount-oem> (background: false) (weak: false) (run: false)
                                                       5.
                                                        <unlock-all> (background: false) (weak: false) (run: false)
                                                        <rootfs-hook> (background: false) (weak: false) (run: false)
                                                       6.
                                                        <load-config> (background: false) (weak: false) (run: false)
                                                       7.
                                                        <mount-base-overlay> (background: false) (weak: false) (run: false)
                                                        <custom-mount> (background: false) (weak: false) (run: false)
                                                       8.
                                                        <overlay-mount> (background: false) (weak: false) (run: false)
                                                       9.
                                                        <mount-bind> (background: false) (weak: false) (run: false)
                                                       10.
                                                        <write-fstab> (background: false) (weak: false) (run: false)
                                                        <enable-sysext-confext> (background: false) (weak: false) (run: false)
                                                       11.
                                                        <initramfs-hook> (background: false) (weak: false) (run: false)
Sep 15 15:33:32.084262 localhost kairos-immucore[661]: 
[0;90m
[0;38:5:245m
[0;1;31m
[0;90m
[0;38:5:245mWaiting for sysroot
Sep 15 15:33:32.084311 localhost kairos-immucore[661]: 
[0;90m
[0;38:5:245m
[0;1;31m
[0;90m
[0;38:5:245mWill now create /run/cos if not exists
Sep 15 15:33:32.084460 localhost kairos-immucore[661]: 
[0;90m
[0;38:5:245m
[0;1;31m
[0;90m
[0;38:5:245mWill now create the runtime object
Sep 15 15:33:32.084481 localhost kairos-immucore[661]: 
[0;90m
[0;38:5:245m
[0;1;31m
[0;90m
[0;38:5:245mdetecting boot state
Sep 15 15:33:32.084579 localhost kairos-immucore[661]: 
[0;90m
[0;38:5:245m
[0;1;31m
[0;90m
[0;38:5:245mDetected in-RAM boot; classifying as Active
Sep 15 15:33:32.088295 localhost kairos-immucore[661]: 
[0;90m
[0;38:5:245m
[0;1;31m
[0;90m
[0;38:5:245mBootstate: active_boot
Sep 15 15:33:32.088313 localhost kairos-immucore[661]: 
[0;90m
[0;38:5:245m
[0;1;31m
[0;90m
[0;38:5:245mThe BootState was
Sep 15 15:33:32.088382 localhost kairos-immucore[661]: Setting sentinel file
Sep 15 15:33:32.088419 localhost kairos-immucore[661]: Setting in-RAM sentinel file
Sep 15 15:33:32.312992 localhost systemd[1]: Finished dracut initqueue hook.
Sep 15 15:33:32.316017 localhost systemd[1]: Reached target Preparation for Remote File Systems.
Sep 15 15:33:32.319495 localhost systemd[1]: Reached target Remote Encrypted Volumes.
Sep 15 15:33:32.322703 localhost systemd[1]: Reached target Remote File Systems.
Sep 15 15:33:32.325682 localhost systemd[1]: Reached target Remote Verity Protected Volumes.
Sep 15 15:33:32.335682 localhost systemd[1]: Starting dracut pre-mount hook...
Sep 15 15:33:32.349342 localhost dracut-pre-mount[770]: Using tmpfs overlay (changes will not persist across reboots)
Sep 15 15:33:32.355284 localhost systemd[1]: Finished dracut pre-mount hook.
Sep 15 15:33:32.843185 localhost systemd[1]: run-initramfs-squashfs.mount: Deactivated successfully.
Sep 15 15:33:32.858722 localhost systemd[1]: Mounting /sysroot...
Sep 15 15:33:32.863203 localhost systemd[1]: Mounted /sysroot.
Sep 15 15:33:32.867077 localhost systemd[1]: Merge System Configuration Images into /sysroot/etc/ skipped, no trigger condition checks were met.
Sep 15 15:33:32.867295 localhost systemd[1]: Merge System Extension Images into /sysroot/usr/ and /sysroot/opt/ skipped, no trigger condition checks were met.
Sep 15 15:33:32.867317 localhost systemd[1]: Reached target Initrd Root File System.
Sep 15 15:33:32.872711 localhost systemd[1]: Starting Mountpoints Configured in the Real Root...
Sep 15 15:33:32.875896 localhost systemd[1]: initrd-parse-etc.service: Deactivated successfully.
Sep 15 15:33:32.876051 localhost systemd[1]: Finished Mountpoints Configured in the Real Root.
Sep 15 15:33:32.879496 localhost systemd[1]: initrd-parse-etc.service: Triggering OnSuccess= dependencies.
Sep 15 15:33:32.880512 localhost systemd[1]: Starting dracut mount hook...
Sep 15 15:33:32.887807 localhost systemd[1]: Finished dracut mount hook.
Sep 15 15:33:33.084688 localhost kairos-immucore[661]: 
[0;90m
[0;38:5:245m
[0;1;31m
[0;90m
[0;38:5:245mCleaning for sysroot
Sep 15 15:33:33.085220 localhost immucore[661]: 2026-09-15T15:33:33Z DBG Cleaning for sysroot new=/tmp old=/tmp
Sep 15 15:33:33.085220 localhost immucore[661]: 2026-09-15T15:33:33Z DBG mount ready options=["rw"] type=tmpfs what=tmpfs where=/tmp
Sep 15 15:33:33.085220 localhost immucore[661]: 2026-09-15T15:33:33Z INF mount done options=["rw"] type=tmpfs what=tmpfs where=/tmp
Sep 15 15:33:33.084831 localhost kairos-immucore[661]: 
[0;90m
[0;38:5:245m
[0;1;31m
[0;90m
[0;38:5:245mmount ready
Sep 15 15:33:33.084930 localhost kairos-immucore[661]: mount done
Sep 15 15:33:34.085001 localhost kernel: e1000: ens3 NIC Link is Up 1000 Mbps Full Duplex, Flow Control: RX
Sep 15 15:33:34.085480 localhost systemd-networkd[601]: ens3: Gained carrier
Sep 15 15:33:34.091459 localhost kairos-immucore[661]: creating missing kairos partitions
Sep 15 15:33:34.091928 localhost immucore[661]: 2026-09-15T15:33:34Z INF creating missing kairos partitions init_disk=true oem_present=false oem_size_mib=64 persistent_present=false persistent_size_mib=0 target=/dev/vda
Sep 15 15:33:34.102100 localhost immucore[661]: 2026-09-15T15:33:34Z INF Running stage: ensure-partitions
Sep 15 15:33:34.102100 localhost immucore[661]: 
Sep 15 15:33:34.102100 localhost immucore[661]: 2026-09-15T15:33:34Z DBG Generating op for stage '<STDIN>.Create missing Kairos partitions'
Sep 15 15:33:34.102100 localhost immucore[661]: 2026-09-15T15:33:34Z DBG Reading '<STDIN>'
Sep 15 15:33:34.102100 localhost immucore[661]: 2026-09-15T15:33:34Z DBG Executing stage '<STDIN>.Create missing Kairos partitions'
Sep 15 15:33:34.102100 localhost immucore[661]: 2026-09-15T15:33:34Z INF Processing stage step '<STDIN>.Create missing Kairos partitions'. ( commands: 0, files: 0, ... )
Sep 15 15:33:34.102100 localhost immucore[661]: 2026-09-15T15:33:34Z DBG Stage: schema.Stage{
Sep 15 15:33:34.102100 localhost immucore[661]:   Name: "Create missing Kairos partitions",
Sep 15 15:33:34.102100 localhost immucore[661]:   Layout: schema.Layout{
Sep 15 15:33:34.102100 localhost immucore[661]:     Device: &schema.Device{
Sep 15 15:33:34.102100 localhost immucore[661]:       InitDisk: true,
Sep 15 15:33:34.102100 localhost immucore[661]:       Path: "/dev/vda",
Sep 15 15:33:34.102100 localhost immucore[661]:     },
Sep 15 15:33:34.102100 localhost immucore[661]:     Parts: []schema.Partition{
Sep 15 15:33:34.102100 localhost immucore[661]:       schema.Partition{
Sep 15 15:33:34.102100 localhost immucore[661]:         FSLabel: "COS_OEM",
Sep 15 15:33:34.102100 localhost immucore[661]:         Size: 64,
Sep 15 15:33:34.102100 localhost immucore[661]:         PLabel: "oem",
Sep 15 15:33:34.102100 localhost immucore[661]:         FileSystem: "ext4",
Sep 15 15:33:34.102100 localhost immucore[661]:       },
Sep 15 15:33:34.102100 localhost immucore[661]:       schema.Partition{
Sep 15 15:33:34.102100 localhost immucore[661]:         FSLabel: "COS_PERSISTENT",
Sep 15 15:33:34.102100 localhost immucore[661]:         PLabel: "persistent",
Sep 15 15:33:34.102100 localhost immucore[661]:         FileSystem: "ext4",
Sep 15 15:33:34.102100 localhost immucore[661]:       },
Sep 15 15:33:34.102100 localhost immucore[661]:     },
Sep 15 15:33:34.102100 localhost immucore[661]:   },
Sep 15 15:33:34.102100 localhost immucore[661]: }
Sep 15 15:33:34.102100 localhost immucore[661]: 2026-09-15T15:33:34Z INF Running layout plugin
Sep 15 15:33:34.102100 localhost immucore[661]: 2026-09-15T15:33:34Z DBG Initializing disk with path /dev/vda
Sep 15 15:33:34.093958 localhost kairos-immucore[661]: Running stage: ensure-partitions
Sep 15 15:33:34.094329 localhost kairos-immucore[661]: 
[0;90m
[0;38:5:245m
[0;1;31m
[0;90m
[0;38:5:245mGenerating op for stage '<STDIN>.Create missing Kairos partitions'
Sep 15 15:33:34.094557 localhost kairos-immucore[661]: 
[0;90m
[0;38:5:245m
[0;1;31m
[0;90m
[0;38:5:245mReading '<STDIN>'
Sep 15 15:33:34.095016 localhost kairos-immucore[661]: 
[0;90m
[0;38:5:245m
[0;1;31m
[0;90m
[0;38:5:245mExecuting stage '<STDIN>.Create missing Kairos partitions'
Sep 15 15:33:34.095109 localhost kairos-immucore[661]: Processing stage step '<STDIN>.Create missing Kairos partitions'. ( commands: 0, files: 0, ... )
Sep 15 15:33:34.095241 localhost kairos-immucore[661]: 
[0;90m
[0;38:5:245m
[0;1;31m
[0;90m
[0;38:5:245mStage: schema.Stage{
                                                       
[0;90m
[0;38:5:245m  Name: "Create missing Kairos partitions",
                                                       
[0;90m
[0;38:5:245m  Layout: schema.Layout{
                                                       
[0;90m
[0;38:5:245m    Device: &schema.Device{
                                                       
[0;90m
[0;38:5:245m      InitDisk: true,
                                                       
[0;90m
[0;38:5:245m      Path: "/dev/vda",
                                                       
[0;90m
[0;38:5:245m    },
                                                       
[0;90m
[0;38:5:245m    Parts: []schema.Partition{
                                                       
[0;90m
[0;38:5:245m      schema.Partition{
                                                       
[0;90m
[0;38:5:245m        FSLabel: "COS_OEM",
                                                       
[0;90m
[0;38:5:245m        Size: 64,
                                                       
[0;90m
[0;38:5:245m        PLabel: "oem",
                                                       
[0;90m
[0;38:5:245m        FileSystem: "ext4",
                                                       
[0;90m
[0;38:5:245m      },
                                                       
[0;90m
[0;38:5:245m      schema.Partition{
                                                       
[0;90m
[0;38:5:245m        FSLabel: "COS_PERSISTENT",
                                                       
[0;90m
[0;38:5:245m        PLabel: "persistent",
                                                       
[0;90m
[0;38:5:245m        FileSystem: "ext4",
                                                       
[0;90m
[0;38:5:245m      },
                                                       
[0;90m
[0;38:5:245m    },
                                                       
[0;90m
[0;38:5:245m  },
                                                       
[0;90m
[0;38:5:245m}
Sep 15 15:33:34.095588 localhost kairos-immucore[661]: Running layout plugin
Sep 15 15:33:34.095646 localhost kairos-immucore[661]: 
[0;90m
[0;38:5:245m
[0;1;31m
[0;90m
[0;38:5:245mInitializing disk with path /dev/vda
Sep 15 15:33:34.198568 localhost kernel:  vda:
Sep 15 15:33:34.201702 localhost kairos-immucore[661]: 
[0;90m
[0;38:5:245m
[0;1;31m
[0;90m
[0;38:5:245mInitialized disk with path /dev/vda
Sep 15 15:33:34.201846 localhost immucore[661]: 2026-09-15T15:33:34Z DBG Initialized disk with path /dev/vda
Sep 15 15:33:34.206826 localhost immucore[661]: 2026-09-15T15:33:34Z DBG Checking layout device information
Sep 15 15:33:34.206826 localhost immucore[661]: 2026-09-15T15:33:34Z DBG Using path /dev/vda for layout expansion
Sep 15 15:33:34.206826 localhost immucore[661]: 2026-09-15T15:33:34Z DBG Checking for free space on device /dev/vda
Sep 15 15:33:34.206826 localhost immucore[661]: 2026-09-15T15:33:34Z DBG Checking if more than a partition is marked as bootable on device /dev/vda
Sep 15 15:33:34.206826 localhost immucore[661]: 2026-09-15T15:33:34Z DBG Verifying and repairing headers on device /dev/vda
Sep 15 15:33:34.206826 localhost immucore[661]: 2026-09-15T15:33:34Z DBG Going over the partition layout to create partitions on device /dev/vda
Sep 15 15:33:34.206826 localhost immucore[661]: 2026-09-15T15:33:34Z DBG Checking if partition with PLabel: oem exists on device /dev/vda
Sep 15 15:33:34.206826 localhost immucore[661]: 2026-09-15T15:33:34Z DBG Added partition (fslabel: COS_OEM) of size 64 MiB on device /dev/vda
Sep 15 15:33:34.206826 localhost immucore[661]: 2026-09-15T15:33:34Z DBG Checking if partition with PLabel: persistent exists on device /dev/vda
Sep 15 15:33:34.206826 localhost immucore[661]: 2026-09-15T15:33:34Z DBG Added partition (fslabel: COS_PERSISTENT) of size 4030 MiB on device /dev/vda
Sep 15 15:33:34.201955 localhost kairos-immucore[661]: 
[0;90m
[0;38:5:245m
[0;1;31m
[0;90m
[0;38:5:245mChecking layout device information
Sep 15 15:33:34.260630 localhost kernel:  vda:
Sep 15 15:33:34.201977 localhost kairos-immucore[661]: 
[0;90m
[0;38:5:245m
[0;1;31m
[0;90m
[0;38:5:245mUsing path /dev/vda for layout expansion
Sep 15 15:33:34.260671 localhost kernel:  vda: vda1 vda2
Sep 15 15:33:34.202031 localhost kairos-immucore[661]: 
[0;90m
[0;38:5:245m
[0;1;31m
[0;90m
[0;38:5:245mChecking for free space on device /dev/vda
Sep 15 15:33:34.260695 localhost kernel:  vda: vda1 vda2
Sep 15 15:33:34.202043 localhost kairos-immucore[661]: 
[0;90m
[0;38:5:245m
[0;1;31m
[0;90m
[0;38:5:245mChecking if more than a partition is marked as bootable on device /dev/vda
Sep 15 15:33:34.202057 localhost kairos-immucore[661]: 
[0;90m
[0;38:5:245m
[0;1;31m
[0;90m
[0;38:5:245mVerifying and repairing headers on device /dev/vda
Sep 15 15:33:34.202088 localhost kairos-immucore[661]: 
[0;90m
[0;38:5:245m
[0;1;31m
[0;90m
[0;38:5:245mGoing over the partition layout to create partitions on device /dev/vda
Sep 15 15:33:34.202110 localhost kairos-immucore[661]: 
[0;90m
[0;38:5:245m
[0;1;31m
[0;90m
[0;38:5:245mChecking if partition with PLabel: oem exists on device /dev/vda
Sep 15 15:33:34.202123 localhost kairos-immucore[661]: 
[0;90m
[0;38:5:245m
[0;1;31m
[0;90m
[0;38:5:245mAdded partition (fslabel: COS_OEM) of size 64 MiB on device /dev/vda
Sep 15 15:33:34.202134 localhost kairos-immucore[661]: 
[0;90m
[0;38:5:245m
[0;1;31m
[0;90m
[0;38:5:245mChecking if partition with PLabel: persistent exists on device /dev/vda
Sep 15 15:33:34.202145 localhost kairos-immucore[661]: 
[0;90m
[0;38:5:245m
[0;1;31m
[0;90m
[0;38:5:245mAdded partition (fslabel: COS_PERSISTENT) of size 4030 MiB on device /dev/vda
Sep 15 15:33:34.535513 localhost kairos-immucore[661]: 
[0;90m
[0;38:5:245m
[0;1;31m
[0;90m
[0;38:5:245mFormatting partition COS_OEM on device /dev/vda
Sep 15 15:33:34.535690 localhost immucore[661]: 2026-09-15T15:33:34Z DBG Formatting partition COS_OEM on device /dev/vda
Sep 15 15:33:34.550854 localhost kairos-immucore[661]: 
[0;90m
[0;38:5:245m
[0;1;31m
[0;90m
[0;38:5:245mFormatting partition COS_PERSISTENT on device /dev/vda
Sep 15 15:33:34.550936 localhost immucore[661]: 2026-09-15T15:33:34Z DBG Formatting partition COS_PERSISTENT on device /dev/vda
Sep 15 15:33:34.574098 localhost kairos-immucore[661]: 
[0;90m
[0;38:5:245m
[0;1;31m
[0;90m
[0;38:5:245mChecking for layout expansion on device /dev/vda
Sep 15 15:33:34.574255 localhost immucore[661]: 2026-09-15T15:33:34Z DBG Checking for layout expansion on device /dev/vda
Sep 15 15:33:34.579472 localhost immucore[661]: 2026-09-15T15:33:34Z DBG All done with layout plugin for device /dev/vda
Sep 15 15:33:34.579472 localhost immucore[661]: 2026-09-15T15:33:34Z INF Done executing stage 'ensure-partitions'
Sep 15 15:33:34.579472 localhost immucore[661]: 
Sep 15 15:33:34.575043 localhost kairos-immucore[661]: 
[0;90m
[0;38:5:245m
[0;1;31m
[0;90m
[0;38:5:245mAll done with layout plugin for device /dev/vda
Sep 15 15:33:34.575706 localhost kairos-immucore[661]: Done executing stage 'ensure-partitions'
Sep 15 15:33:35.084769 localhost kairos-immucore[661]: kairos partitions ready
Sep 15 15:33:35.085494 localhost immucore[661]: 2026-09-15T15:33:35Z INF kairos partitions ready
Sep 15 15:33:35.085494 localhost immucore[661]: 2026-09-15T15:33:35Z DBG detecting boot state
Sep 15 15:33:35.085494 localhost immucore[661]: 2026-09-15T15:33:35Z DBG Detected in-RAM boot; classifying as Active
Sep 15 15:33:35.085066 localhost kairos-immucore[661]: 
[0;90m
[0;38:5:245m
[0;1;31m
[0;90m
[0;38:5:245mdetecting boot state
Sep 15 15:33:35.085098 localhost kairos-immucore[661]: 
[0;90m
[0;38:5:245m
[0;1;31m
[0;90m
[0;38:5:245mDetected in-RAM boot; classifying as Active
Sep 15 15:33:35.099268 localhost kairos-immucore[661]: 
[0;90m
[0;38:5:245m
[0;1;31m
[0;90m
[0;38:5:245mResolved label to concrete device path
Sep 15 15:33:35.099427 localhost immucore[661]: 2026-09-15T15:33:35Z DBG Resolved label to concrete device path label=COS_OEM resolved=/dev/vda1
Sep 15 15:33:35.099427 localhost immucore[661]: 2026-09-15T15:33:35Z DBG Getting disk type for device device=/dev/vda1
Sep 15 15:33:35.099336 localhost kairos-immucore[661]: 
[0;90m
[0;38:5:245m
[0;1;31m
[0;90m
[0;38:5:245mGetting disk type for device
Sep 15 15:33:35.114260 localhost unknown: 
[0;1;33m
[0;1;38:5:185m
[0;1;39m
[0;1;33m
[0;1;38:5:185mBLKIDSHIM argv=[/dev/vda1 -s TYPE -o value]
Sep 15 15:33:35.114277 localhost unknown: 
[0;1;33m
[0;1;38:5:185m
[0;1;39m
[0;1;33m
[0;1;38:5:185mBLKIDSHIM argv=[--help]
Sep 15 15:33:35.114882 localhost kairos-immucore[661]: 
[0;90m
[0;38:5:245m
[0;1;31m
[0;90m
[0;38:5:245mPartition FS type
Sep 15 15:33:35.114977 localhost immucore[661]: 2026-09-15T15:33:35Z DBG Partition FS type type=ext4 what=/dev/vda1
Sep 15 15:33:35.124902 localhost immucore[661]: 2026-09-15T15:33:35Z DBG Getting disk type for device device=/dev/vda1
Sep 15 15:33:35.130739 localhost unknown: 
[0;1;33m
[0;1;38:5:185m
[0;1;39m
[0;1;33m
[0;1;38:5:185mBLKIDSHIM argv=[/dev/vda1 -s TYPE -o value]
Sep 15 15:33:35.115015 localhost kairos-immucore[661]: 
[0;90m
[0;38:5:245m
[0;1;31m
[0;90m
[0;38:5:245mGetting disk type for device
Sep 15 15:33:35.130832 localhost immucore[661]: 2026-09-15T15:33:35Z DBG Partition FS type type=ext4 what=/dev/vda1
Sep 15 15:33:35.136345 localhost unknown: 
[0;1;33m
[0;1;38:5:185m
[0;1;39m
[0;1;33m
[0;1;38:5:185mBLKIDSHIM argv=[--help]
Sep 15 15:33:35.125859 localhost kairos-immucore[661]: 
[0;90m
[0;38:5:245m
[0;1;31m
[0;90m
[0;38:5:245mPartition FS type
Sep 15 15:33:35.163801 localhost systemd-networkd[601]: ens3: DHCPv4 address 10.0.2.15/24, gateway 10.0.2.2 acquired from 10.0.2.2
Sep 15 15:33:35.742916 localhost systemd-networkd[601]: ens3: Gained IPv6LL
Sep 15 15:33:36.126355 localhost kairos-immucore[661]: 
[0;90m
[0;38:5:245m
[0;1;31m
[0;90m
[0;38:5:245mCleaning for sysroot
Sep 15 15:33:36.126880 localhost immucore[661]: 2026-09-15T15:33:36Z DBG Cleaning for sysroot new=/oem old=/sysroot/oem
Sep 15 15:33:36.126880 localhost immucore[661]: 2026-09-15T15:33:36Z DBG fsck command cmd="fsck /dev/vda1 -a"
Sep 15 15:33:36.126456 localhost kairos-immucore[661]: 
[0;90m
[0;38:5:245m
[0;1;31m
[0;90m
[0;38:5:245mfsck command
Sep 15 15:33:36.140142 localhost kairos-immucore[661]: 
[0;90m
[0;38:5:245m
[0;1;31m
[0;90m
[0;38:5:245mmount ready
Sep 15 15:33:36.140199 localhost immucore[661]: 2026-09-15T15:33:36Z DBG mount ready options=["rw","suid","dev","exec","async"] type=ext4 what=/dev/vda1 where=/sysroot/oem
Sep 15 15:33:36.157197 localhost kernel: EXT4-fs (vda1): mounted filesystem cb30222d-8cce-4d7a-a285-c2cacd27a1ab r/w with ordered data mode. Quota mode: none.
Sep 15 15:33:36.157701 localhost kairos-immucore[661]: mount done
Sep 15 15:33:36.161847 localhost kairos-immucore[661]: 
[0;90m
[0;38:5:245m
[0;1;31m
[0;90m
[0;38:5:245mGetting encryptor for unlocking
Sep 15 15:33:36.163043 localhost immucore[661]: 2026-09-15T15:33:36Z INF mount done options=["rw","suid","dev","exec","async"] type=ext4 what=/dev/vda1 where=/sysroot/oem
Sep 15 15:33:36.163043 localhost immucore[661]: 2026-09-15T15:33:36Z DBG Getting encryptor for unlocking
Sep 15 15:33:36.163043 localhost immucore[661]: 2026-09-15T15:33:36Z DBG Scanning for encrypted partitions
Sep 15 15:33:36.163043 localhost immucore[661]: 2026-09-15T15:33:36Z DBG No encrypted partitions found
Sep 15 15:33:36.163043 localhost immucore[661]: 2026-09-15T15:33:36Z INF Running rootfs stage
Sep 15 15:33:36.163043 localhost immucore[661]: 2026-09-15T15:33:36Z INF Running stage: rootfs.before
Sep 15 15:33:36.163043 localhost immucore[661]: 
Sep 15 15:33:36.161868 localhost kairos-immucore[661]: 
[0;90m
[0;38:5:245m
[0;1;31m
[0;90m
[0;38:5:245mScanning for encrypted partitions
Sep 15 15:33:36.194977 localhost immucore[661]: 2026-09-15T15:33:36Z DBG Generating op for stage 'Datasource handling.Move old datasource to new location'
Sep 15 15:33:36.194977 localhost immucore[661]: 2026-09-15T15:33:36Z DBG Generating op for stage 'Datasource handling.Remove old userdata'
Sep 15 15:33:36.194977 localhost immucore[661]: 2026-09-15T15:33:36Z DBG Generating op for stage 'Datasource handling.Pull data from provider'
Sep 15 15:33:36.194977 localhost immucore[661]: 2026-09-15T15:33:36Z DBG Generating op for stage 'Datasource handling.Sentinel file for userdata'
Sep 15 15:33:36.194977 localhost immucore[661]: 2026-09-15T15:33:36Z DBG Generating op for stage 'Default network configuration.Enable systemd-network config files for DHCP'
Sep 15 15:33:36.194977 localhost immucore[661]: 2026-09-15T15:33:36Z DBG Reading '/system/oem/05_network.yaml'
Sep 15 15:33:36.194977 localhost immucore[661]: 2026-09-15T15:33:36Z DBG Executing stage 'Default network configuration.Enable systemd-network config files for DHCP'
Sep 15 15:33:36.194977 localhost immucore[661]: 2026-09-15T15:33:36Z DBG Reading '/system/oem/00_datasource.yaml'
Sep 15 15:33:36.194977 localhost immucore[661]: 2026-09-15T15:33:36Z DBG Executing stage 'Datasource handling.Move old datasource to new location'
Sep 15 15:33:36.194977 localhost immucore[661]: 2026-09-15T15:33:36Z DBG running stage (OnlyIfOs regex (Ubuntu.*|Debian.*|Fedora.*|CentOS.*|Rocky.*|AlmaLinux.*|Oracle.*Linux.*|SUSE.*|[Oo]penSUSE.*|Hadron.*|Red.*Hat.*) matches os name 'Hadron Linux dracut-111 (Initramfs)
Sep 15 15:33:36.194977 localhost immucore[661]: 2026-09-15T15:33:36Z DBG Found systemd at /bin/systemctl
Sep 15 15:33:36.194977 localhost immucore[661]: 2026-09-15T15:33:36Z INF Processing stage step 'Default network configuration.Enable systemd-network config files for DHCP'. ( commands: 0, files: 2, ... )
Sep 15 15:33:36.194977 localhost immucore[661]: 2026-09-15T15:33:36Z DBG Stage: schema.Stage{
Sep 15 15:33:36.194977 localhost immucore[661]:   Files: []schema.File{
Sep 15 15:33:36.194977 localhost immucore[661]:     schema.File{
Sep 15 15:33:36.194977 localhost immucore[661]:       Path: "/etc/systemd/network/20-dhcp.network",
Sep 15 15:33:36.194977 localhost immucore[661]:       Permissions: 420,
Sep 15 15:33:36.194977 localhost immucore[661]:       Content: "[Match]\nName=en*\n[Network]\nDHCP=yes\n[DHCP]\nClientIdentifier=mac\n",
Sep 15 15:33:36.194977 localhost immucore[661]:     },
Sep 15 15:33:36.194977 localhost immucore[661]:     schema.File{
Sep 15 15:33:36.194977 localhost immucore[661]:       Path: "/etc/systemd/network/20-dhcp-legacy.network",
Sep 15 15:33:36.194977 localhost immucore[661]:       Permissions: 420,
Sep 15 15:33:36.194977 localhost immucore[661]:       Content: "[Match]\nName=eth*\n[Network]\nDHCP=yes\n[DHCP]\nClientIdentifier=mac\n",
Sep 15 15:33:36.194977 localhost immucore[661]:     },
Sep 15 15:33:36.194977 localhost immucore[661]:   },
Sep 15 15:33:36.194977 localhost immucore[661]:   Directories: []schema.Directory{
Sep 15 15:33:36.194977 localhost immucore[661]:     schema.Directory{
Sep 15 15:33:36.194977 localhost immucore[661]:       Path: "/etc/systemd/network",
Sep 15 15:33:36.194977 localhost immucore[661]:       Permissions: 509,
Sep 15 15:33:36.194977 localhost immucore[661]:     },
Sep 15 15:33:36.194977 localhost immucore[661]:   },
Sep 15 15:33:36.162239 localhost kairos-immucore[661]: 
[0;90m
[0;38:5:245m
[0;1;31m
[0;90m
[0;38:5:245mNo encrypted partitions found
Sep 15 15:33:36.323402 localhost kernel: 
[0;1;31m
[0;1;39m
[0;1;31mI/O error, dev fd0, sector 0 op 0x0:(READ) flags 0x0 phys_seg 1 prio class 2
Sep 15 15:33:36.323422 localhost immucore[661]:   Name: "Enable systemd-network config files for DHCP",
Sep 15 15:33:36.323422 localhost immucore[661]:   OnlyIfOs: "Ubuntu.*|Debian.*|Fedora.*|CentOS.*|Rocky.*|AlmaLinux.*|Oracle.*Linux.*|SUSE.*|[Oo]penSUSE.*|Hadron.*|Red.*Hat.*",
Sep 15 15:33:36.323422 localhost immucore[661]:   OnlyIfServiceManager: "systemd",
Sep 15 15:33:36.323422 localhost immucore[661]: }
Sep 15 15:33:36.323422 localhost immucore[661]: 2026-09-15T15:33:36Z DBG Creating directory /etc/systemd/network
Sep 15 15:33:36.323422 localhost immucore[661]: 2026-09-15T15:33:36Z DBG Creating file /etc/systemd/network/20-dhcp.network
Sep 15 15:33:36.323422 localhost immucore[661]: 2026-09-15T15:33:36Z DBG Creating file /etc/systemd/network/20-dhcp-legacy.network
Sep 15 15:33:36.323422 localhost immucore[661]: 2026-09-15T15:33:36Z INF Running layout plugin
Sep 15 15:33:36.323422 localhost immucore[661]: 2026-09-15T15:33:36Z DBG Device field empty, skipping layout plugin
Sep 15 15:33:36.323422 localhost immucore[661]: 2026-09-15T15:33:36Z WRN (conditional) Skip 'Skipping stage (if statement error: failed to run [ -d /oem/userdata ] && [ ! -d /oem/95_userdata ]: exit status 1)' stage name: Datasource handling.Move old datasource to new location
Sep 15 15:33:36.323422 localhost immucore[661]: 2026-09-15T15:33:36Z DBG Reading '/system/oem/00_datasource.yaml'
Sep 15 15:33:36.323422 localhost immucore[661]: 2026-09-15T15:33:36Z DBG Executing stage 'Datasource handling.Remove old userdata'
Sep 15 15:33:36.323422 localhost immucore[661]: 2026-09-15T15:33:36Z WRN (conditional) Skip 'Skipping stage (if statement error: failed to run [ -d /oem/userdata ] && [ -d /oem/95_userdata ]: exit status 1)' stage name: Datasource handling.Remove old userdata
Sep 15 15:33:36.323422 localhost immucore[661]: 2026-09-15T15:33:36Z DBG Reading '/system/oem/00_datasource.yaml'
Sep 15 15:33:36.323422 localhost immucore[661]: 2026-09-15T15:33:36Z DBG Executing stage 'Datasource handling.Pull data from provider'
Sep 15 15:33:36.323422 localhost immucore[661]: 2026-09-15T15:33:36Z DBG If statement result
Sep 15 15:33:36.323422 localhost immucore[661]: 2026-09-15T15:33:36Z INF Processing stage step 'Datasource handling.Pull data from provider'. ( commands: 0, files: 0, ... )
Sep 15 15:33:36.323422 localhost immucore[661]: 2026-09-15T15:33:36Z DBG Stage: schema.Stage{
Sep 15 15:33:36.323422 localhost immucore[661]:   If: "[ ! -e /oem/95_userdata ] && ([ ! -f /run/cos/uki_boot_mode ] || grep -q \"kairos.pull_datasources\" /proc/cmdline )",
Sep 15 15:33:36.323422 localhost immucore[661]:   Name: "Pull data from provider",
Sep 15 15:33:36.323422 localhost immucore[661]:   DataSources: schema.DataSource{
Sep 15 15:33:36.323422 localhost immucore[661]:     Providers: []string{
Sep 15 15:33:36.323422 localhost immucore[661]:       "cdrom",
Sep 15 15:33:36.323422 localhost immucore[661]:       "gcp",
Sep 15 15:33:36.323422 localhost immucore[661]:       "openstack",
Sep 15 15:33:36.323422 localhost immucore[661]:       "aws",
Sep 15 15:33:36.323422 localhost immucore[661]:       "azure",
Sep 15 15:33:36.323422 localhost immucore[661]:       "hetzner",
Sep 15 15:33:36.323422 localhost immucore[661]:       "packet",
Sep 15 15:33:36.162299 localhost kairos-immucore[661]: Running rootfs stage
Sep 15 15:33:36.440390 localhost kernel: floppy: error 10 while reading block 0
Sep 15 15:33:36.440410 localhost immucore[661]:       "vultr",
Sep 15 15:33:36.440410 localhost immucore[661]:       "digitalocean",
Sep 15 15:33:36.440410 localhost immucore[661]:       "metaldata",
Sep 15 15:33:36.440410 localhost immucore[661]:       "vmware",
Sep 15 15:33:36.440410 localhost immucore[661]:       "config-drive",
Sep 15 15:33:36.440410 localhost immucore[661]:       "maas",
Sep 15 15:33:36.440410 localhost immucore[661]:     },
Sep 15 15:33:36.440410 localhost immucore[661]:     Path: "/oem/95_userdata",
Sep 15 15:33:36.440410 localhost immucore[661]:   },
Sep 15 15:33:36.440410 localhost immucore[661]: }
Sep 15 15:33:36.440410 localhost immucore[661]: 2026-09-15T15:33:36Z DBG cdrom devices to be checked: [/dev/sr0 /dev/sr1 /dev/sr2]
Sep 15 15:33:36.440410 localhost immucore[661]: 2026-09-15T15:33:36Z DBG adding device: /dev/sr1
Sep 15 15:33:36.440410 localhost immucore[661]: 2026-09-15T15:33:36Z DBG CIDATA devices to be checked: [/dev/sr1]
Sep 15 15:33:36.440410 localhost immucore[661]: 2026-09-15T15:33:36Z DBG unique devices to be checked: [/dev/sr1 /dev/sr0 /dev/sr2]
Sep 15 15:33:36.162317 localhost kairos-immucore[661]: Running stage: rootfs.before
Sep 15 15:33:36.479033 localhost kernel: 
[0;90m
[0;38:5:245m
[0;1;31m
[0;90m
[0;38:5:245mISO 9660 Extensions: Microsoft Joliet Level 3
Sep 15 15:33:36.180734 localhost kairos-immucore[661]: 
[0;90m
[0;38:5:245m
[0;1;31m
[0;90m
[0;38:5:245mGenerating op for stage 'Datasource handling.Move old datasource to new location'
Sep 15 15:33:36.479066 localhost kernel: 
[0;90m
[0;38:5:245m
[0;1;31m
[0;90m
[0;38:5:245mISO 9660 Extensions: RRIP_1991A
Sep 15 15:33:36.180762 localhost kairos-immucore[661]: 
[0;90m
[0;38:5:245m
[0;1;31m
[0;90m
[0;38:5:245mGenerating op for stage 'Datasource handling.Remove old userdata'
Sep 15 15:33:36.479084 localhost kernel: 
[0;1;31m
[0;1;39m
[0;1;31m/dev/sr2: Can't open blockdev
Sep 15 15:33:36.180855 localhost kairos-immucore[661]: 
[0;90m
[0;38:5:245m
[0;1;31m
[0;90m
[0;38:5:245mGenerating op for stage 'Datasource handling.Pull data from provider'
Sep 15 15:33:36.180871 localhost kairos-immucore[661]: 
[0;90m
[0;38:5:245m
[0;1;31m
[0;90m
[0;38:5:245mGenerating op for stage 'Datasource handling.Sentinel file for userdata'
Sep 15 15:33:36.183613 localhost kairos-immucore[661]: 
[0;90m
[0;38:5:245m
[0;1;31m
[0;90m
[0;38:5:245mGenerating op for stage 'Default network configuration.Enable systemd-network config files for DHCP'
Sep 15 15:33:36.192740 localhost kairos-immucore[661]: 
[0;90m
[0;38:5:245m
[0;1;31m
[0;90m
[0;38:5:245mReading '/system/oem/05_network.yaml'
Sep 15 15:33:36.192765 localhost kairos-immucore[661]: 
[0;90m
[0;38:5:245m
[0;1;31m
[0;90m
[0;38:5:245mExecuting stage 'Default network configuration.Enable systemd-network config files for DHCP'
Sep 15 15:33:36.192811 localhost kairos-immucore[661]: 
[0;90m
[0;38:5:245m
[0;1;31m
[0;90m
[0;38:5:245mReading '/system/oem/00_datasource.yaml'
Sep 15 15:33:36.192832 localhost kairos-immucore[661]: 
[0;90m
[0;38:5:245m
[0;1;31m
[0;90m
[0;38:5:245mExecuting stage 'Datasource handling.Move old datasource to new location'
Sep 15 15:33:36.193380 localhost kairos-immucore[661]: 
[0;90m
[0;38:5:245m
[0;1;31m
[0;90m
[0;38:5:245mrunning stage (OnlyIfOs regex (Ubuntu.*|Debian.*|Fedora.*|CentOS.*|Rocky.*|AlmaLinux.*|Oracle.*Linux.*|SUSE.*|[Oo]penSUSE.*|Hadron.*|Red.*Hat.*) matches os name 'Hadron Linux dracut-111 (Initramfs)
Sep 15 15:33:36.193424 localhost kairos-immucore[661]: 
[0;90m
[0;38:5:245m
[0;1;31m
[0;90m
[0;38:5:245mFound systemd at /bin/systemctl
Sep 15 15:33:36.193441 localhost kairos-immucore[661]: Processing stage step 'Default network configuration.Enable systemd-network config files for DHCP'. ( commands: 0, files: 2, ... )
Sep 15 15:33:36.193492 localhost kairos-immucore[661]: 
[0;90m
[0;38:5:245m
[0;1;31m
[0;90m
[0;38:5:245mStage: schema.Stage{
                                                       
[0;90m
[0;38:5:245m  Files: []schema.File{
                                                       
[0;90m
[0;38:5:245m    schema.File{
                                                       
[0;90m
[0;38:5:245m      Path: "/etc/systemd/network/20-dhcp.network",
                                                       
[0;90m
[0;38:5:245m      Permissions: 420,
                                                       
[0;90m
[0;38:5:245m      Content: "[Match]\nName=en*\n[Network]\nDHCP=yes\n[DHCP]\nClientIdentifier=mac\n",
                                                       
[0;90m
[0;38:5:245m    },
                                                       
[0;90m
[0;38:5:245m    schema.File{
                                                       
[0;90m
[0;38:5:245m      Path: "/etc/systemd/network/20-dhcp-legacy.network",
                                                       
[0;90m
[0;38:5:245m      Permissions: 420,
                                                       
[0;90m
[0;38:5:245m      Content: "[Match]\nName=eth*\n[Network]\nDHCP=yes\n[DHCP]\nClientIdentifier=mac\n",
                                                       
[0;90m
[0;38:5:245m    },
                                                       
[0;90m
[0;38:5:245m  },
                                                       
[0;90m
[0;38:5:245m  Directories: []schema.Directory{
                                                       
[0;90m
[0;38:5:245m    schema.Directory{
                                                       
[0;90m
[0;38:5:245m      Path: "/etc/systemd/network",
                                                       
[0;90m
[0;38:5:245m      Permissions: 509,
                                                       
[0;90m
[0;38:5:245m    },
                                                       
[0;90m
[0;38:5:245m  },
                                                       
[0;90m
[0;38:5:245m  Name: "Enable systemd-network config files for DHCP",
                                                       
[0;90m
[0;38:5:245m  OnlyIfOs: "Ubuntu.*|Debian.*|Fedora.*|CentOS.*|Rocky.*|AlmaLinux.*|Oracle.*Linux.*|SUSE.*|[Oo]penSUSE.*|Hadron.*|Red.*Hat.*",
                                                       
[0;90m
[0;38:5:245m  OnlyIfServiceManager: "systemd",
                                                       
[0;90m
[0;38:5:245m}
Sep 15 15:33:36.193581 localhost kairos-immucore[661]: 
[0;90m
[0;38:5:245m
[0;1;31m
[0;90m
[0;38:5:245mCreating directory /etc/systemd/network
Sep 15 15:33:36.193615 localhost kairos-immucore[661]: 
[0;90m
[0;38:5:245m
[0;1;31m
[0;90m
[0;38:5:245mCreating file /etc/systemd/network/20-dhcp.network
Sep 15 15:33:36.193800 localhost kairos-immucore[661]: 
[0;90m
[0;38:5:245m
[0;1;31m
[0;90m
[0;38:5:245mCreating file /etc/systemd/network/20-dhcp-legacy.network
Sep 15 15:33:36.193921 localhost kairos-immucore[661]: Running layout plugin
Sep 15 15:33:36.193932 localhost kairos-immucore[661]: 
[0;90m
[0;38:5:245m
[0;1;31m
[0;90m
[0;38:5:245mDevice field empty, skipping layout plugin
Sep 15 15:33:36.195029 localhost kairos-immucore[661]: 
[0;1;33m
[0;1;38:5:185m
[0;1;39m
[0;1;33m
[0;1;38:5:185m(conditional) Skip 'Skipping stage (if statement error: failed to run [ -d /oem/userdata ] && [ ! -d /oem/95_userdata ]: exit status 1)' stage name: Datasource handling.Move old datasource to new location
Sep 15 15:33:36.195064 localhost kairos-immucore[661]: 
[0;90m
[0;38:5:245m
[0;1;31m
[0;90m
[0;38:5:245mReading '/system/oem/00_datasource.yaml'
Sep 15 15:33:36.195841 localhost kairos-immucore[661]: 
[0;90m
[0;38:5:245m
[0;1;31m
[0;90m
[0;38:5:245mExecuting stage 'Datasource handling.Remove old userdata'
Sep 15 15:33:36.201595 localhost kairos-immucore[661]: 
[0;1;33m
[0;1;38:5:185m
[0;1;39m
[0;1;33m
[0;1;38:5:185m(conditional) Skip 'Skipping stage (if statement error: failed to run [ -d /oem/userdata ] && [ -d /oem/95_userdata ]: exit status 1)' stage name: Datasource handling.Remove old userdata
Sep 15 15:33:36.201626 localhost kairos-immucore[661]: 
[0;90m
[0;38:5:245m
[0;1;31m
[0;90m
[0;38:5:245mReading '/system/oem/00_datasource.yaml'
Sep 15 15:33:36.201641 localhost kairos-immucore[661]: 
[0;90m
[0;38:5:245m
[0;1;31m
[0;90m
[0;38:5:245mExecuting stage 'Datasource handling.Pull data from provider'
Sep 15 15:33:36.202438 localhost kairos-immucore[661]: 
[0;90m
[0;38:5:245m
[0;1;31m
[0;90m
[0;38:5:245mIf statement result 
Sep 15 15:33:36.202457 localhost kairos-immucore[661]: Processing stage step 'Datasource handling.Pull data from provider'. ( commands: 0, files: 0, ... )
Sep 15 15:33:36.202496 localhost kairos-immucore[661]: 
[0;90m
[0;38:5:245m
[0;1;31m
[0;90m
[0;38:5:245mStage: schema.Stage{
                                                       
[0;90m
[0;38:5:245m  If: "[ ! -e /oem/95_userdata ] && ([ ! -f /run/cos/uki_boot_mode ] || grep -q \"kairos.pull_datasources\" /proc/cmdline )",
                                                       
[0;90m
[0;38:5:245m  Name: "Pull data from provider",
                                                       
[0;90m
[0;38:5:245m  DataSources: schema.DataSource{
                                                       
[0;90m
[0;38:5:245m    Providers: []string{
                                                       
[0;90m
[0;38:5:245m      "cdrom",
                                                       
[0;90m
[0;38:5:245m      "gcp",
                                                       
[0;90m
[0;38:5:245m      "openstack",
                                                       
[0;90m
[0;38:5:245m      "aws",
                                                       
[0;90m
[0;38:5:245m      "azure",
                                                       
[0;90m
[0;38:5:245m      "hetzner",
                                                       
[0;90m
[0;38:5:245m      "packet",
                                                       
[0;90m
[0;38:5:245m      "vultr",
                                                       
[0;90m
[0;38:5:245m      "digitalocean",
                                                       
[0;90m
[0;38:5:245m      "metaldata",
                                                       
[0;90m
[0;38:5:245m      "vmware",
                                                       
[0;90m
[0;38:5:245m      "config-drive",
                                                       
[0;90m
[0;38:5:245m      "maas",
                                                       
[0;90m
[0;38:5:245m    },
                                                       
[0;90m
[0;38:5:245m    Path: "/oem/95_userdata",
                                                       
[0;90m
[0;38:5:245m  },
                                                       
[0;90m
[0;38:5:245m}
Sep 15 15:33:36.202803 localhost kairos-immucore[661]: 
[0;90m
[0;38:5:245m
[0;1;31m
[0;90m
[0;38:5:245mcdrom devices to be checked: [/dev/sr0 /dev/sr1 /dev/sr2]
Sep 15 15:33:36.308146 localhost kairos-immucore[661]: 
[0;90m
[0;38:5:245m
[0;1;31m
[0;90m
[0;38:5:245madding device: /dev/sr1
Sep 15 15:33:36.396322 localhost kairos-immucore[661]: 
[0;90m
[0;38:5:245m
[0;1;31m
[0;90m
[0;38:5:245mCIDATA devices to be checked: [/dev/sr1]
Sep 15 15:33:36.396465 localhost kairos-immucore[661]: 
[0;90m
[0;38:5:245m
[0;1;31m
[0;90m
[0;38:5:245munique devices to be checked: [/dev/sr1 /dev/sr0 /dev/sr2]
Sep 15 15:33:36.419457 localhost systemd[1]: tmp-cd2767287827.mount: Deactivated successfully.
Sep 15 15:33:36.541088 localhost kairos-immucore[661]: 
[0;90m
[0;38:5:245m
[0;1;31m
[0;90m
[0;38:5:245mcdrom devices to be checked: [/dev/sr0 /dev/sr1 /dev/sr2]
Sep 15 15:33:36.541383 localhost immucore[661]: 2026-09-15T15:33:36Z DBG cdrom devices to be checked: [/dev/sr0 /dev/sr1 /dev/sr2]
Sep 15 15:33:36.546800 localhost kernel: 
[0;1;31m
[0;1;39m
[0;1;31m/dev/sr2: Can't open blockdev
Sep 15 15:33:36.575617 localhost kernel: 
[0;1;31m
[0;1;39m
[0;1;31mI/O error, dev fd0, sector 0 op 0x0:(READ) flags 0x0 phys_seg 1 prio class 2
Sep 15 15:33:36.575711 localhost kernel: floppy: error 10 while reading block 0
Sep 15 15:33:36.633104 localhost kairos-immucore[661]: 
[0;90m
[0;38:5:245m
[0;1;31m
[0;90m
[0;38:5:245mCONFIG-2 devices to be checked: []
Sep 15 15:33:36.633146 localhost kairos-immucore[661]: 
[0;90m
[0;38:5:245m
[0;1;31m
[0;90m
[0;38:5:245munique devices to be checked: [/dev/sr0 /dev/sr1 /dev/sr2]
Sep 15 15:33:36.633482 localhost immucore[661]: 2026-09-15T15:33:36Z DBG CONFIG-2 devices to be checked: []
Sep 15 15:33:36.633482 localhost immucore[661]: 2026-09-15T15:33:36Z DBG unique devices to be checked: [/dev/sr0 /dev/sr1 /dev/sr2]
Sep 15 15:33:36.652673 localhost kernel: 
[0;90m
[0;38:5:245m
[0;1;31m
[0;90m
[0;38:5:245mISO 9660 Extensions: Microsoft Joliet Level 3
Sep 15 15:33:36.655183 localhost kernel: 
[0;90m
[0;38:5:245m
[0;1;31m
[0;90m
[0;38:5:245mISO 9660 Extensions: RRIP_1991A
Sep 15 15:33:36.695935 localhost kernel: 
[0;1;31m
[0;1;39m
[0;1;31m/dev/sr2: Can't open blockdev
Sep 15 15:33:36.738050 localhost kairos-immucore[661]: 
[0;90m
[0;38:5:245m
[0;1;31m
[0;90m
[0;38:5:245mCreating directory /run/config
Sep 15 15:33:36.738879 localhost immucore[661]: 2026-09-15T15:33:36Z DBG Creating directory /run/config
Sep 15 15:33:36.738879 localhost immucore[661]: 2026-09-15T15:33:36Z DBG Full provider list: [GCP Openstack AWS Azure Hetzner Packet Vultr DigitalOcean Metaldata VMWARE MAAS]
Sep 15 15:33:36.738879 localhost immucore[661]: 2026-09-15T15:33:36Z DBG Starting provider CDROM(/dev/sr1)
Sep 15 15:33:36.738879 localhost immucore[661]: 2026-09-15T15:33:36Z DBG Found userdata from CDROM(/dev/sr1)
Sep 15 15:33:36.738879 localhost immucore[661]: 2026-09-15T15:33:36Z DBG Creating file /oem/95_userdata/userdata
Sep 15 15:33:36.738879 localhost immucore[661]: 2026-09-15T15:33:36Z DBG Creating parent directories
Sep 15 15:33:36.738879 localhost immucore[661]: 2026-09-15T15:33:36Z DBG Adding execution bit to parent directory
Sep 15 15:33:36.738879 localhost immucore[661]: 2026-09-15T15:33:36Z DBG Creating directory /oem/95_userdata
Sep 15 15:33:36.774425 localhost kernel: 
[0;1;31m
[0;1;39m
[0;1;31m/dev/sr2: Can't open blockdev
Sep 15 15:33:36.738358 localhost kairos-immucore[661]: 
[0;90m
[0;38:5:245m
[0;1;31m
[0;90m
[0;38:5:245mFull provider list: [GCP Openstack AWS Azure Hetzner Packet Vultr DigitalOcean Metaldata VMWARE MAAS]
Sep 15 15:33:36.774619 localhost immucore[661]: 2026-09-15T15:33:36Z DBG Creating file /oem/95_userdata/userdata.yaml
Sep 15 15:33:36.774619 localhost immucore[661]: 2026-09-15T15:33:36Z INF Running layout plugin
Sep 15 15:33:36.774619 localhost immucore[661]: 2026-09-15T15:33:36Z DBG Device field empty, skipping layout plugin
Sep 15 15:33:36.774619 localhost immucore[661]: 2026-09-15T15:33:36Z DBG Reading '/system/oem/00_datasource.yaml'
Sep 15 15:33:36.774619 localhost immucore[661]: 2026-09-15T15:33:36Z DBG Executing stage 'Datasource handling.Sentinel file for userdata'
Sep 15 15:33:36.774619 localhost immucore[661]: 2026-09-15T15:33:36Z WRN (conditional) Skip 'Skipping stage (if statement error: failed to run [ ! -e /oem/95_userdata ]: exit status 1)' stage name: Datasource handling.Sentinel file for userdata
Sep 15 15:33:36.774619 localhost immucore[661]: 2026-09-15T15:33:36Z INF Done executing stage 'rootfs.before'
Sep 15 15:33:36.774619 localhost immucore[661]: 
Sep 15 15:33:36.774619 localhost immucore[661]: 2026-09-15T15:33:36Z INF Running stage: rootfs
Sep 15 15:33:36.774619 localhost immucore[661]: 
Sep 15 15:33:36.774619 localhost immucore[661]: 2026-09-15T15:33:36Z DBG Generating op for stage 'Rootfs Layout Settings.Layout configuration for active/passive mode'
Sep 15 15:33:36.774619 localhost immucore[661]: 2026-09-15T15:33:36Z DBG Generating op for stage 'Rootfs Layout Settings.Layout configuration for recovery/autoreset mode'
Sep 15 15:33:36.774619 localhost immucore[661]: 2026-09-15T15:33:36Z DBG Generating op for stage 'Rootfs Layout Settings.Layout configuration for UKI installer'
Sep 15 15:33:36.774619 localhost immucore[661]: 2026-09-15T15:33:36Z DBG Generating op for stage 'Rootfs Layout Settings.Mask the commit service to avoid systemd messing with machine-id'
Sep 15 15:33:36.774619 localhost immucore[661]: 2026-09-15T15:33:36Z DBG Generating op for stage 'Extra binds for specific distros.Extra layout configuration for active/passive mode (Ubuntu/Debian)'
Sep 15 15:33:36.774619 localhost immucore[661]: 2026-09-15T15:33:36Z DBG Generating op for stage 'Extra binds for specific distros.Extra layout configuration for active/passive mode'
Sep 15 15:33:36.774619 localhost immucore[661]: 2026-09-15T15:33:36Z DBG Reading '/system/oem/00_rootfs.yaml'
Sep 15 15:33:36.774619 localhost immucore[661]: 2026-09-15T15:33:36Z DBG Executing stage 'Rootfs Layout Settings.Layout configuration for active/passive mode'
Sep 15 15:33:36.774619 localhost immucore[661]: 2026-09-15T15:33:36Z DBG If statement result
Sep 15 15:33:36.774619 localhost immucore[661]: 2026-09-15T15:33:36Z INF Processing stage step 'Rootfs Layout Settings.Layout configuration for active/passive mode'. ( commands: 0, files: 0, ... )
Sep 15 15:33:36.738385 localhost kairos-immucore[661]: 
[0;90m
[0;38:5:245m
[0;1;31m
[0;90m
[0;38:5:245mStarting provider CDROM(/dev/sr1)
Sep 15 15:33:36.876825 localhost immucore[661]: 2026-09-15T15:33:36Z DBG Stage: schema.Stage{
Sep 15 15:33:36.876825 localhost immucore[661]:   If: "[ ! -e \"/run/cos/recovery_mode\" ] && [ ! -e \"/run/cos/autoreset_mode\" ] && [ ! -e \"/run/cos/uki_install_mode\" ]",
Sep 15 15:33:36.876825 localhost immucore[661]:   Name: "Layout configuration for active/passive mode",
Sep 15 15:33:36.876825 localhost immucore[661]:   Environment: map[string]string{
Sep 15 15:33:36.876825 localhost immucore[661]:     "OVERLAY": "tmpfs:25%",
Sep 15 15:33:36.876825 localhost immucore[661]:     "PERSISTENT_STATE_PATHS": "/etc/cni /etc/init.d /etc/iscsi /etc/k0s /etc/kubernetes /etc/modprobe.d /etc/pwx /etc/rancher /etc/runlevels /etc/ssh /etc/ssl/certs /etc/sysconfig /etc/systemd /etc/zfs /home /opt /root /usr/libexec /var/cores /var/lib/ca-certificates /var/lib/cni /var/lib/containerd /var/lib/calico /var/lib/dbus /var/lib/etcd /var/lib/extensions /var/lib/confexts /var/lib/k0s /var/lib/kubelet /var/lib/longhorn /var/lib/osd /var/lib/rancher /var/lib/rook /var/lib/tailscale /var/lib/wicked /var/lib/kairos /var/log",
Sep 15 15:33:36.876825 localhost immucore[661]:     "RW_PATHS": "/var /etc /srv",
Sep 15 15:33:36.876825 localhost immucore[661]:     "VOLUMES": "LABEL=COS_PERSISTENT:/usr/local",
Sep 15 15:33:36.876825 localhost immucore[661]:   },
Sep 15 15:33:36.876825 localhost immucore[661]:   EnvironmentFile: "/run/cos/cos-layout.env",
Sep 15 15:33:36.876825 localhost immucore[661]: }
Sep 15 15:33:36.876825 localhost immucore[661]: 2026-09-15T15:33:36Z INF Running layout plugin
Sep 15 15:33:36.876825 localhost immucore[661]: 2026-09-15T15:33:36Z DBG Device field empty, skipping layout plugin
Sep 15 15:33:36.876825 localhost immucore[661]: 2026-09-15T15:33:36Z DBG Reading '/system/oem/00_rootfs.yaml'
Sep 15 15:33:36.876825 localhost immucore[661]: 2026-09-15T15:33:36Z DBG Executing stage 'Rootfs Layout Settings.Layout configuration for recovery/autoreset mode'
Sep 15 15:33:36.876825 localhost immucore[661]: 2026-09-15T15:33:36Z WRN (conditional) Skip 'Skipping stage (if statement error: failed to run [ -e "/run/cos/recovery_mode" ] || [ -e "/run/cos/autoreset_mode" ]: exit status 1)' stage name: Rootfs Layout Settings.Layout configuration for recovery/autoreset mode
Sep 15 15:33:36.876825 localhost immucore[661]: 2026-09-15T15:33:36Z DBG Reading '/system/oem/00_rootfs.yaml'
Sep 15 15:33:36.876825 localhost immucore[661]: 2026-09-15T15:33:36Z DBG Executing stage 'Rootfs Layout Settings.Layout configuration for UKI installer'
Sep 15 15:33:36.876825 localhost immucore[661]: 2026-09-15T15:33:36Z WRN (conditional) Skip 'Skipping stage (if statement error: failed to run [ -e "/run/cos/uki_install_mode" ]: exit status 1)' stage name: Rootfs Layout Settings.Layout configuration for UKI installer
Sep 15 15:33:36.738396 localhost kairos-immucore[661]: 
[0;90m
[0;38:5:245m
[0;1;31m
[0;90m
[0;38:5:245mFound userdata from CDROM(/dev/sr1)
Sep 15 15:33:36.974840 localhost unknown: 
[0;1;33m
[0;1;38:5:185m
[0;1;39m
[0;1;33m
[0;1;38:5:185mBLKIDSHIM argv=[/dev/vda2 -s TYPE -o value]
Sep 15 15:33:36.974859 localhost immucore[661]: 2026-09-15T15:33:36Z DBG Reading '/system/oem/00_rootfs.yaml'
Sep 15 15:33:36.974859 localhost immucore[661]: 2026-09-15T15:33:36Z DBG Executing stage 'Rootfs Layout Settings.Mask the commit service to avoid systemd messing with machine-id'
Sep 15 15:33:36.974859 localhost immucore[661]: 2026-09-15T15:33:36Z DBG Found systemd at /bin/systemctl
Sep 15 15:33:36.974859 localhost immucore[661]: 2026-09-15T15:33:36Z INF Processing stage step 'Rootfs Layout Settings.Mask the commit service to avoid systemd messing with machine-id'. ( commands: 0, files: 0, ... )
Sep 15 15:33:36.974859 localhost immucore[661]: 2026-09-15T15:33:36Z DBG Stage: schema.Stage{
Sep 15 15:33:36.974859 localhost immucore[661]:   Name: "Mask the commit service to avoid systemd messing with machine-id",
Sep 15 15:33:36.974859 localhost immucore[661]:   Systemctl: schema.Systemctl{
Sep 15 15:33:36.974859 localhost immucore[661]:     Mask: []string{
Sep 15 15:33:36.974859 localhost immucore[661]:       "systemd-machine-id-commit.service",
Sep 15 15:33:36.974859 localhost immucore[661]:     },
Sep 15 15:33:36.974859 localhost immucore[661]:   },
Sep 15 15:33:36.974859 localhost immucore[661]:   OnlyIfServiceManager: "systemd",
Sep 15 15:33:36.974859 localhost immucore[661]: }
Sep 15 15:33:36.974859 localhost immucore[661]: 2026-09-15T15:33:36Z INF Running layout plugin
Sep 15 15:33:36.974859 localhost immucore[661]: 2026-09-15T15:33:36Z DBG Device field empty, skipping layout plugin
Sep 15 15:33:36.974859 localhost immucore[661]: 2026-09-15T15:33:36Z DBG Reading '/system/oem/01_extra_binds.yaml'
Sep 15 15:33:36.974859 localhost immucore[661]: 2026-09-15T15:33:36Z DBG Executing stage 'Extra binds for specific distros.Extra layout configuration for active/passive mode (Ubuntu/Debian)'
Sep 15 15:33:36.974859 localhost immucore[661]: 2026-09-15T15:33:36Z DBG If statement result
Sep 15 15:33:36.974859 localhost immucore[661]: 2026-09-15T15:33:36Z WRN (conditional) Skip 'OnlyIfOs regex (Ubuntu.*|Debian.*) doesn't match os name Hadron Linux dracut-111 (Initramfs)' stage name: Extra binds for specific distros.Extra layout configuration for active/passive mode (Ubuntu/Debian)
Sep 15 15:33:36.974859 localhost immucore[661]: 2026-09-15T15:33:36Z DBG Reading '/system/oem/01_extra_binds.yaml'
Sep 15 15:33:36.974859 localhost immucore[661]: 2026-09-15T15:33:36Z DBG Executing stage 'Extra binds for specific distros.Extra layout configuration for active/passive mode'
Sep 15 15:33:36.974859 localhost immucore[661]: 2026-09-15T15:33:36Z DBG If statement result
Sep 15 15:33:36.738472 localhost kairos-immucore[661]: 
[0;90m
[0;38:5:245m
[0;1;31m
[0;90m
[0;38:5:245mCreating file /oem/95_userdata/userdata
Sep 15 15:33:37.061985 localhost unknown: 
[0;1;33m
[0;1;38:5:185m
[0;1;39m
[0;1;33m
[0;1;38:5:185mBLKIDSHIM argv=[--help]
Sep 15 15:33:37.062004 localhost immucore[661]: 2026-09-15T15:33:36Z WRN (conditional) Skip 'OnlyIfOs regex (Red.*Hat.*|CentOS.*|Fedora.*|Rocky.*|AlmaLinux.*|Oracle.*Linux.*|SLES.*|[Oo]penSUSE.*|SUSE.*) doesn't match os name Hadron Linux dracut-111 (Initramfs)' stage name: Extra binds for specific distros.Extra layout configuration for active/passive mode
Sep 15 15:33:37.062004 localhost immucore[661]: 2026-09-15T15:33:36Z INF Done executing stage 'rootfs'
Sep 15 15:33:37.062004 localhost immucore[661]: 
Sep 15 15:33:37.062004 localhost immucore[661]: 2026-09-15T15:33:36Z INF Running stage: rootfs.after
Sep 15 15:33:37.062004 localhost immucore[661]: 
Sep 15 15:33:37.062004 localhost immucore[661]: 2026-09-15T15:33:36Z DBG Generating op for stage 'Rootfs Layout Settings.add custom bind and ephemeral mounts to /run/cos/cos-layout.env'
Sep 15 15:33:37.062004 localhost immucore[661]: 2026-09-15T15:33:36Z DBG Generating op for stage 'Rootfs Layout Settings.Grow persistent'
Sep 15 15:33:37.062004 localhost immucore[661]: 2026-09-15T15:33:36Z DBG Reading '/system/oem/00_rootfs.yaml'
Sep 15 15:33:37.062004 localhost immucore[661]: 2026-09-15T15:33:36Z DBG Executing stage 'Rootfs Layout Settings.add custom bind and ephemeral mounts to /run/cos/cos-layout.env'
Sep 15 15:33:37.062004 localhost immucore[661]: 2026-09-15T15:33:36Z WRN (conditional) Skip 'Skipping stage (if statement error: failed to run [ -r /run/cos/custom-layout.env ] && [ ! -f "/run/cos/recovery_mode" ] && [ ! -f /run/cos/live_mode ]: exit status 1)' stage name: Rootfs Layout Settings.add custom bind and ephemeral mounts to /run/cos/cos-layout.env
Sep 15 15:33:37.062004 localhost immucore[661]: 2026-09-15T15:33:36Z DBG Reading '/system/oem/00_rootfs.yaml'
Sep 15 15:33:37.062004 localhost immucore[661]: 2026-09-15T15:33:36Z DBG Executing stage 'Rootfs Layout Settings.Grow persistent'
Sep 15 15:33:37.062004 localhost immucore[661]: 2026-09-15T15:33:36Z DBG If statement result
Sep 15 15:33:37.062004 localhost immucore[661]: 2026-09-15T15:33:36Z INF Processing stage step 'Rootfs Layout Settings.Grow persistent'. ( commands: 0, files: 0, ... )
Sep 15 15:33:37.062004 localhost immucore[661]: 2026-09-15T15:33:36Z DBG Stage: schema.Stage{
Sep 15 15:33:37.062004 localhost immucore[661]:   If: "[ ! -f /run/cos/recovery_mode ] && [ ! -f /run/cos/live_mode ]",
Sep 15 15:33:37.062004 localhost immucore[661]:   Name: "Grow persistent",
Sep 15 15:33:37.062004 localhost immucore[661]:   Layout: schema.Layout{
Sep 15 15:33:37.062004 localhost immucore[661]:     Device: &schema.Device{
Sep 15 15:33:37.062004 localhost immucore[661]:       Label: "COS_PERSISTENT",
Sep 15 15:33:37.062004 localhost immucore[661]:     },
Sep 15 15:33:37.062004 localhost immucore[661]:     Expand: &schema.Expand{},
Sep 15 15:33:37.062004 localhost immucore[661]:   },
Sep 15 15:33:37.062004 localhost immucore[661]: }
Sep 15 15:33:37.062004 localhost immucore[661]: 2026-09-15T15:33:36Z INF Running layout plugin
Sep 15 15:33:36.738497 localhost kairos-immucore[661]: 
[0;90m
[0;38:5:245m
[0;1;31m
[0;90m
[0;38:5:245mCreating parent directories
Sep 15 15:33:37.159391 localhost immucore[661]: 2026-09-15T15:33:36Z DBG Checking layout device information
Sep 15 15:33:37.159391 localhost immucore[661]: 2026-09-15T15:33:36Z DBG Using label COS_PERSISTENT for layout expansion
Sep 15 15:33:37.159391 localhost immucore[661]: Deriving parent disk for block device /dev/vda2
Sep 15 15:33:37.159391 localhost immucore[661]: Deriving parent disk for block device /sys/class/block/vda2
Sep 15 15:33:37.159391 localhost immucore[661]: 2026-09-15T15:33:36Z DBG Checking for free space on device /dev/vda
Sep 15 15:33:37.159391 localhost immucore[661]: 2026-09-15T15:33:36Z DBG Checking if more than a partition is marked as bootable on device /dev/vda
Sep 15 15:33:37.159391 localhost immucore[661]: 2026-09-15T15:33:36Z DBG Verifying and repairing headers on device /dev/vda
Sep 15 15:33:37.159391 localhost immucore[661]: 2026-09-15T15:33:36Z DBG Going over the partition layout to create partitions on device /dev/vda
Sep 15 15:33:37.159391 localhost immucore[661]: 2026-09-15T15:33:36Z DBG No partitions to add, skipping
Sep 15 15:33:37.159391 localhost immucore[661]: 2026-09-15T15:33:36Z DBG Checking for layout expansion on device /dev/vda
Sep 15 15:33:37.159391 localhost immucore[661]: 2026-09-15T15:33:36Z DBG Extending last partition to max space
Sep 15 15:33:37.159391 localhost immucore[661]: 2026-09-15T15:33:36Z ERR requested size is less than or equal to current partition size (requested 4225761280 sectors, current 4225761280 sectors)
Sep 15 15:33:37.159391 localhost immucore[661]: 2026-09-15T15:33:36Z ERR Error on file /system/oem/00_rootfs.yaml on stage Grow persistent: requested size is less than or equal to current partition size (requested 4225761280 sectors, current 4225761280 sectors)
Sep 15 15:33:37.159391 localhost immucore[661]: 2026-09-15T15:33:36Z INF Done executing stage 'rootfs.after'
Sep 15 15:33:37.159391 localhost immucore[661]: 
Sep 15 15:33:37.159391 localhost immucore[661]: 2026-09-15T15:33:36Z INF Running stage: rootfs.before
Sep 15 15:33:37.159391 localhost immucore[661]: 
Sep 15 15:33:37.159391 localhost immucore[661]: 2026-09-15T15:33:36Z INF Done executing stage 'rootfs.before'
Sep 15 15:33:37.159391 localhost immucore[661]: 
Sep 15 15:33:37.159391 localhost immucore[661]: 2026-09-15T15:33:36Z INF Running stage: rootfs
Sep 15 15:33:37.159391 localhost immucore[661]: 
Sep 15 15:33:37.159391 localhost immucore[661]: 2026-09-15T15:33:36Z INF Done executing stage 'rootfs'
Sep 15 15:33:37.159391 localhost immucore[661]: 
Sep 15 15:33:37.159391 localhost immucore[661]: 2026-09-15T15:33:36Z INF Running stage: rootfs.after
Sep 15 15:33:37.159391 localhost immucore[661]: 
Sep 15 15:33:37.159391 localhost immucore[661]: 2026-09-15T15:33:36Z INF Done executing stage 'rootfs.after'
Sep 15 15:33:37.159391 localhost immucore[661]: 
Sep 15 15:33:37.159391 localhost immucore[661]: 2026-09-15T15:33:36Z DBG No extra env from /run/cos/extra-layout.env
Sep 15 15:33:37.159391 localhost immucore[661]: 2026-09-15T15:33:36Z DBG Cleaning for sysroot new=/run/overlay old=/run/overlay
Sep 15 15:33:36.738511 localhost kairos-immucore[661]: 
[0;90m
[0;38:5:245m
[0;1;31m
[0;90m
[0;38:5:245mAdding execution bit to parent directory
Sep 15 15:33:37.258512 localhost immucore[661]: 2026-09-15T15:33:36Z DBG Mounting custom mounts mounts={"/dev/disk/by-label/COS_PERSISTENT":"/usr/local"}
Sep 15 15:33:37.258512 localhost immucore[661]: 2026-09-15T15:33:36Z DBG Custom mount start what=/dev/disk/by-label/COS_PERSISTENT where=/usr/local
Sep 15 15:33:37.258512 localhost immucore[661]: 2026-09-15T15:33:36Z DBG mount ready options=["size=25%"] type=tmpfs what=tmpfs where=/run/overlay
Sep 15 15:33:37.258512 localhost immucore[661]: 2026-09-15T15:33:36Z DBG Resolved label to concrete device path label=COS_PERSISTENT resolved=/dev/vda2
Sep 15 15:33:37.258512 localhost immucore[661]: 2026-09-15T15:33:36Z DBG Getting disk type for device device=/dev/vda2
Sep 15 15:33:37.258512 localhost immucore[661]: 2026-09-15T15:33:37Z DBG Partition FS type type=ext4 what=/dev/vda2
Sep 15 15:33:36.738582 localhost kairos-immucore[661]: 
[0;90m
[0;38:5:245m
[0;1;31m
[0;90m
[0;38:5:245mCreating directory /oem/95_userdata
Sep 15 15:33:36.740222 localhost kairos-immucore[661]: 
[0;90m
[0;38:5:245m
[0;1;31m
[0;90m
[0;38:5:245mCreating file /oem/95_userdata/userdata.yaml
Sep 15 15:33:36.741072 localhost kairos-immucore[661]: Running layout plugin
Sep 15 15:33:36.741092 localhost kairos-immucore[661]: 
[0;90m
[0;38:5:245m
[0;1;31m
[0;90m
[0;38:5:245mDevice field empty, skipping layout plugin
Sep 15 15:33:36.741280 localhost kairos-immucore[661]: 
[0;90m
[0;38:5:245m
[0;1;31m
[0;90m
[0;38:5:245mReading '/system/oem/00_datasource.yaml'
Sep 15 15:33:36.741301 localhost kairos-immucore[661]: 
[0;90m
[0;38:5:245m
[0;1;31m
[0;90m
[0;38:5:245mExecuting stage 'Datasource handling.Sentinel file for userdata'
Sep 15 15:33:36.743229 localhost kairos-immucore[661]: 
[0;1;33m
[0;1;38:5:185m
[0;1;39m
[0;1;33m
[0;1;38:5:185m(conditional) Skip 'Skipping stage (if statement error: failed to run [ ! -e /oem/95_userdata ]: exit status 1)' stage name: Datasource handling.Sentinel file for userdata
Sep 15 15:33:36.744265 localhost kairos-immucore[661]: Done executing stage 'rootfs.before'
Sep 15 15:33:36.744288 localhost kairos-immucore[661]: Running stage: rootfs
Sep 15 15:33:36.744937 localhost kairos-immucore[661]: 
[0;90m
[0;38:5:245m
[0;1;31m
[0;90m
[0;38:5:245mGenerating op for stage 'Rootfs Layout Settings.Layout configuration for active/passive mode'
Sep 15 15:33:36.744961 localhost kairos-immucore[661]: 
[0;90m
[0;38:5:245m
[0;1;31m
[0;90m
[0;38:5:245mGenerating op for stage 'Rootfs Layout Settings.Layout configuration for recovery/autoreset mode'
Sep 15 15:33:36.744976 localhost kairos-immucore[661]: 
[0;90m
[0;38:5:245m
[0;1;31m
[0;90m
[0;38:5:245mGenerating op for stage 'Rootfs Layout Settings.Layout configuration for UKI installer'
Sep 15 15:33:36.744992 localhost kairos-immucore[661]: 
[0;90m
[0;38:5:245m
[0;1;31m
[0;90m
[0;38:5:245mGenerating op for stage 'Rootfs Layout Settings.Mask the commit service to avoid systemd messing with machine-id'
Sep 15 15:33:36.745061 localhost kairos-immucore[661]: 
[0;90m
[0;38:5:245m
[0;1;31m
[0;90m
[0;38:5:245mGenerating op for stage 'Extra binds for specific distros.Extra layout configuration for active/passive mode (Ubuntu/Debian)'
Sep 15 15:33:36.745074 localhost kairos-immucore[661]: 
[0;90m
[0;38:5:245m
[0;1;31m
[0;90m
[0;38:5:245mGenerating op for stage 'Extra binds for specific distros.Extra layout configuration for active/passive mode'
Sep 15 15:33:36.747688 localhost kairos-immucore[661]: 
[0;90m
[0;38:5:245m
[0;1;31m
[0;90m
[0;38:5:245mReading '/system/oem/00_rootfs.yaml'
Sep 15 15:33:36.747709 localhost kairos-immucore[661]: 
[0;90m
[0;38:5:245m
[0;1;31m
[0;90m
[0;38:5:245mExecuting stage 'Rootfs Layout Settings.Layout configuration for active/passive mode'
Sep 15 15:33:36.748587 localhost kairos-immucore[661]: 
[0;90m
[0;38:5:245m
[0;1;31m
[0;90m
[0;38:5:245mIf statement result 
Sep 15 15:33:36.748608 localhost kairos-immucore[661]: Processing stage step 'Rootfs Layout Settings.Layout configuration for active/passive mode'. ( commands: 0, files: 0, ... )
Sep 15 15:33:36.748820 localhost kairos-immucore[661]: 
[0;90m
[0;38:5:245m
[0;1;31m
[0;90m
[0;38:5:245mStage: schema.Stage{
                                                       
[0;90m
[0;38:5:245m  If: "[ ! -e \"/run/cos/recovery_mode\" ] && [ ! -e \"/run/cos/autoreset_mode\" ] && [ ! -e \"/run/cos/uki_install_mode\" ]",
                                                       
[0;90m
[0;38:5:245m  Name: "Layout configuration for active/passive mode",
                                                       
[0;90m
[0;38:5:245m  Environment: map[string]string{
                                                       
[0;90m
[0;38:5:245m    "OVERLAY": "tmpfs:25%",
                                                       
[0;90m
[0;38:5:245m    "PERSISTENT_STATE_PATHS": "/etc/cni /etc/init.d /etc/iscsi /etc/k0s /etc/kubernetes /etc/modprobe.d /etc/pwx /etc/rancher /etc/runlevels /etc/ssh /etc/ssl/certs /etc/sysconfig /etc/systemd /etc/zfs /home /opt /root /usr/libexec /var/cores /var/lib/ca-certificates /var/lib/cni /var/lib/containerd /var/lib/calico /var/lib/dbus /var/lib/etcd /var/lib/extensions /var/lib/confexts /var/lib/k0s /var/lib/kubelet /var/lib/longhorn /var/lib/osd /var/lib/rancher /var/lib/rook /var/lib/tailscale /var/lib/wicked /var/lib/kairos /var/log",
                                                       
[0;90m
[0;38:5:245m    "RW_PATHS": "/var /etc /srv",
                                                       
[0;90m
[0;38:5:245m    "VOLUMES": "LABEL=COS_PERSISTENT:/usr/local",
                                                       
[0;90m
[0;38:5:245m  },
                                                       
[0;90m
[0;38:5:245m  EnvironmentFile: "/run/cos/cos-layout.env",
                                                       
[0;90m
[0;38:5:245m}
Sep 15 15:33:36.750198 localhost kairos-immucore[661]: Running layout plugin
Sep 15 15:33:36.750302 localhost kairos-immucore[661]: 
[0;90m
[0;38:5:245m
[0;1;31m
[0;90m
[0;38:5:245mDevice field empty, skipping layout plugin
Sep 15 15:33:36.750428 localhost kairos-immucore[661]: 
[0;90m
[0;38:5:245m
[0;1;31m
[0;90m
[0;38:5:245mReading '/system/oem/00_rootfs.yaml'
Sep 15 15:33:36.750513 localhost kairos-immucore[661]: 
[0;90m
[0;38:5:245m
[0;1;31m
[0;90m
[0;38:5:245mExecuting stage 'Rootfs Layout Settings.Layout configuration for recovery/autoreset mode'
Sep 15 15:33:36.752230 localhost kairos-immucore[661]: 
[0;1;33m
[0;1;38:5:185m
[0;1;39m
[0;1;33m
[0;1;38:5:185m(conditional) Skip 'Skipping stage (if statement error: failed to run [ -e "/run/cos/recovery_mode" ] || [ -e "/run/cos/autoreset_mode" ]: exit status 1)' stage name: Rootfs Layout Settings.Layout configuration for recovery/autoreset mode
Sep 15 15:33:36.752427 localhost kairos-immucore[661]: 
[0;90m
[0;38:5:245m
[0;1;31m
[0;90m
[0;38:5:245mReading '/system/oem/00_rootfs.yaml'
Sep 15 15:33:36.752447 localhost kairos-immucore[661]: 
[0;90m
[0;38:5:245m
[0;1;31m
[0;90m
[0;38:5:245mExecuting stage 'Rootfs Layout Settings.Layout configuration for UKI installer'
Sep 15 15:33:36.753454 localhost kairos-immucore[661]: 
[0;1;33m
[0;1;38:5:185m
[0;1;39m
[0;1;33m
[0;1;38:5:185m(conditional) Skip 'Skipping stage (if statement error: failed to run [ -e "/run/cos/uki_install_mode" ]: exit status 1)' stage name: Rootfs Layout Settings.Layout configuration for UKI installer
Sep 15 15:33:36.753620 localhost kairos-immucore[661]: 
[0;90m
[0;38:5:245m
[0;1;31m
[0;90m
[0;38:5:245mReading '/system/oem/00_rootfs.yaml'
Sep 15 15:33:36.753638 localhost kairos-immucore[661]: 
[0;90m
[0;38:5:245m
[0;1;31m
[0;90m
[0;38:5:245mExecuting stage 'Rootfs Layout Settings.Mask the commit service to avoid systemd messing with machine-id'
Sep 15 15:33:36.753745 localhost kairos-immucore[661]: 
[0;90m
[0;38:5:245m
[0;1;31m
[0;90m
[0;38:5:245mFound systemd at /bin/systemctl
Sep 15 15:33:36.753856 localhost kairos-immucore[661]: Processing stage step 'Rootfs Layout Settings.Mask the commit service to avoid systemd messing with machine-id'. ( commands: 0, files: 0, ... )
Sep 15 15:33:36.753968 localhost kairos-immucore[661]: 
[0;90m
[0;38:5:245m
[0;1;31m
[0;90m
[0;38:5:245mStage: schema.Stage{
                                                       
[0;90m
[0;38:5:245m  Name: "Mask the commit service to avoid systemd messing with machine-id",
                                                       
[0;90m
[0;38:5:245m  Systemctl: schema.Systemctl{
                                                       
[0;90m
[0;38:5:245m    Mask: []string{
                                                       
[0;90m
[0;38:5:245m      "systemd-machine-id-commit.service",
                                                       
[0;90m
[0;38:5:245m    },
                                                       
[0;90m
[0;38:5:245m  },
                                                       
[0;90m
[0;38:5:245m  OnlyIfServiceManager: "systemd",
                                                       
[0;90m
[0;38:5:245m}
Sep 15 15:33:36.758966 localhost systemd[1]: 
[0;1;39m
[0;1;31m
[0;1;39mReload requested from client PID 877 ('systemctl') (unit immucore.service)...
Sep 15 15:33:36.758976 localhost systemd[1]: Reloading...
Sep 15 15:33:36.800485 localhost (gene[886]: 
[0;1;31m
[0;1;39m
[0;1;31m'/usr/lib/systemd/system-generators/dracut-crypt-generator' failed with exit status 2.
Sep 15 15:33:36.882095 localhost systemd[1]: Reloading finished in 122 ms.
Sep 15 15:33:36.917076 localhost kairos-immucore[661]: Running layout plugin
Sep 15 15:33:36.917193 localhost kairos-immucore[661]: 
[0;90m
[0;38:5:245m
[0;1;31m
[0;90m
[0;38:5:245mDevice field empty, skipping layout plugin
Sep 15 15:33:36.917682 localhost kairos-immucore[661]: 
[0;90m
[0;38:5:245m
[0;1;31m
[0;90m
[0;38:5:245mReading '/system/oem/01_extra_binds.yaml'
Sep 15 15:33:36.917710 localhost kairos-immucore[661]: 
[0;90m
[0;38:5:245m
[0;1;31m
[0;90m
[0;38:5:245mExecuting stage 'Extra binds for specific distros.Extra layout configuration for active/passive mode (Ubuntu/Debian)'
Sep 15 15:33:36.919477 localhost kairos-immucore[661]: 
[0;90m
[0;38:5:245m
[0;1;31m
[0;90m
[0;38:5:245mIf statement result 
Sep 15 15:33:36.921511 localhost kairos-immucore[661]: 
[0;1;33m
[0;1;38:5:185m
[0;1;39m
[0;1;33m
[0;1;38:5:185m(conditional) Skip 'OnlyIfOs regex (Ubuntu.*|Debian.*) doesn't match os name Hadron Linux dracut-111 (Initramfs)' stage name: Extra binds for specific distros.Extra layout configuration for active/passive mode (Ubuntu/Debian)
Sep 15 15:33:36.921873 localhost kairos-immucore[661]: 
[0;90m
[0;38:5:245m
[0;1;31m
[0;90m
[0;38:5:245mReading '/system/oem/01_extra_binds.yaml'
Sep 15 15:33:36.921984 localhost kairos-immucore[661]: 
[0;90m
[0;38:5:245m
[0;1;31m
[0;90m
[0;38:5:245mExecuting stage 'Extra binds for specific distros.Extra layout configuration for active/passive mode'
Sep 15 15:33:36.923458 localhost kairos-immucore[661]: 
[0;90m
[0;38:5:245m
[0;1;31m
[0;90m
[0;38:5:245mIf statement result 
Sep 15 15:33:36.925332 localhost kairos-immucore[661]: 
[0;1;33m
[0;1;38:5:185m
[0;1;39m
[0;1;33m
[0;1;38:5:185m(conditional) Skip 'OnlyIfOs regex (Red.*Hat.*|CentOS.*|Fedora.*|Rocky.*|AlmaLinux.*|Oracle.*Linux.*|SLES.*|[Oo]penSUSE.*|SUSE.*) doesn't match os name Hadron Linux dracut-111 (Initramfs)' stage name: Extra binds for specific distros.Extra layout configuration for active/passive mode
Sep 15 15:33:36.926066 localhost kairos-immucore[661]: Done executing stage 'rootfs'
Sep 15 15:33:36.926088 localhost kairos-immucore[661]: Running stage: rootfs.after
Sep 15 15:33:36.927589 localhost kairos-immucore[661]: 
[0;90m
[0;38:5:245m
[0;1;31m
[0;90m
[0;38:5:245mGenerating op for stage 'Rootfs Layout Settings.add custom bind and ephemeral mounts to /run/cos/cos-layout.env'
Sep 15 15:33:36.927618 localhost kairos-immucore[661]: 
[0;90m
[0;38:5:245m
[0;1;31m
[0;90m
[0;38:5:245mGenerating op for stage 'Rootfs Layout Settings.Grow persistent'
Sep 15 15:33:36.930982 localhost kairos-immucore[661]: 
[0;90m
[0;38:5:245m
[0;1;31m
[0;90m
[0;38:5:245mReading '/system/oem/00_rootfs.yaml'
Sep 15 15:33:36.931004 localhost kairos-immucore[661]: 
[0;90m
[0;38:5:245m
[0;1;31m
[0;90m
[0;38:5:245mExecuting stage 'Rootfs Layout Settings.add custom bind and ephemeral mounts to /run/cos/cos-layout.env'
Sep 15 15:33:36.932274 localhost kairos-immucore[661]: 
[0;1;33m
[0;1;38:5:185m
[0;1;39m
[0;1;33m
[0;1;38:5:185m(conditional) Skip 'Skipping stage (if statement error: failed to run [ -r /run/cos/custom-layout.env ] && [ ! -f "/run/cos/recovery_mode" ] && [ ! -f /run/cos/live_mode ]: exit status 1)' stage name: Rootfs Layout Settings.add custom bind and ephemeral mounts to /run/cos/cos-layout.env
Sep 15 15:33:36.932405 localhost kairos-immucore[661]: 
[0;90m
[0;38:5:245m
[0;1;31m
[0;90m
[0;38:5:245mReading '/system/oem/00_rootfs.yaml'
Sep 15 15:33:36.932424 localhost kairos-immucore[661]: 
[0;90m
[0;38:5:245m
[0;1;31m
[0;90m
[0;38:5:245mExecuting stage 'Rootfs Layout Settings.Grow persistent'
Sep 15 15:33:36.933121 localhost kairos-immucore[661]: 
[0;90m
[0;38:5:245m
[0;1;31m
[0;90m
[0;38:5:245mIf statement result 
Sep 15 15:33:36.933142 localhost kairos-immucore[661]: Processing stage step 'Rootfs Layout Settings.Grow persistent'. ( commands: 0, files: 0, ... )
Sep 15 15:33:36.933179 localhost kairos-immucore[661]: 
[0;90m
[0;38:5:245m
[0;1;31m
[0;90m
[0;38:5:245mStage: schema.Stage{
                                                       
[0;90m
[0;38:5:245m  If: "[ ! -f /run/cos/recovery_mode ] && [ ! -f /run/cos/live_mode ]",
                                                       
[0;90m
[0;38:5:245m  Name: "Grow persistent",
                                                       
[0;90m
[0;38:5:245m  Layout: schema.Layout{
                                                       
[0;90m
[0;38:5:245m    Device: &schema.Device{
                                                       
[0;90m
[0;38:5:245m      Label: "COS_PERSISTENT",
                                                       
[0;90m
[0;38:5:245m    },
                                                       
[0;90m
[0;38:5:245m    Expand: &schema.Expand{},
                                                       
[0;90m
[0;38:5:245m  },
                                                       
[0;90m
[0;38:5:245m}
Sep 15 15:33:36.933285 localhost kairos-immucore[661]: Running layout plugin
Sep 15 15:33:36.933363 localhost kairos-immucore[661]: 
[0;90m
[0;38:5:245m
[0;1;31m
[0;90m
[0;38:5:245mChecking layout device information
Sep 15 15:33:36.933380 localhost kairos-immucore[661]: 
[0;90m
[0;38:5:245m
[0;1;31m
[0;90m
[0;38:5:245mUsing label COS_PERSISTENT for layout expansion
Sep 15 15:33:36.933884 localhost kairos-immucore[661]: 
[0;90m
[0;38:5:245m
[0;1;31m
[0;90m
[0;38:5:245mChecking for free space on device /dev/vda
Sep 15 15:33:36.933906 localhost kairos-immucore[661]: 
[0;90m
[0;38:5:245m
[0;1;31m
[0;90m
[0;38:5:245mChecking if more than a partition is marked as bootable on device /dev/vda
Sep 15 15:33:36.933916 localhost kairos-immucore[661]: 
[0;90m
[0;38:5:245m
[0;1;31m
[0;90m
[0;38:5:245mVerifying and repairing headers on device /dev/vda
Sep 15 15:33:36.934512 localhost kairos-immucore[661]: 
[0;90m
[0;38:5:245m
[0;1;31m
[0;90m
[0;38:5:245mGoing over the partition layout to create partitions on device /dev/vda
Sep 15 15:33:36.934588 localhost kairos-immucore[661]: 
[0;90m
[0;38:5:245m
[0;1;31m
[0;90m
[0;38:5:245mNo partitions to add, skipping
Sep 15 15:33:36.934600 localhost kairos-immucore[661]: 
[0;90m
[0;38:5:245m
[0;1;31m
[0;90m
[0;38:5:245mChecking for layout expansion on device /dev/vda
Sep 15 15:33:36.934617 localhost kairos-immucore[661]: 
[0;90m
[0;38:5:245m
[0;1;31m
[0;90m
[0;38:5:245mExtending last partition to max space
Sep 15 15:33:36.935069 localhost kairos-immucore[661]: 
[0;1;31m
[0;1;39m
[0;1;31mrequested size is less than or equal to current partition size (requested 4225761280 sectors, current 4225761280 sectors)
Sep 15 15:33:36.935153 localhost kairos-immucore[661]: 
[0;1;31m
[0;1;39m
[0;1;31mError on file /system/oem/00_rootfs.yaml on stage Grow persistent: requested size is less than or equal to current partition size (requested 4225761280 sectors, current 4225761280 sectors)
Sep 15 15:33:36.935807 localhost kairos-immucore[661]: Done executing stage 'rootfs.after'
Sep 15 15:33:36.935864 localhost kairos-immucore[661]: Running stage: rootfs.before
Sep 15 15:33:36.936017 localhost kairos-immucore[661]: Done executing stage 'rootfs.before'
Sep 15 15:33:36.936031 localhost kairos-immucore[661]: Running stage: rootfs
Sep 15 15:33:36.936122 localhost kairos-immucore[661]: Done executing stage 'rootfs'
Sep 15 15:33:36.936133 localhost kairos-immucore[661]: Running stage: rootfs.after
Sep 15 15:33:36.936204 localhost kairos-immucore[661]: Done executing stage 'rootfs.after'
Sep 15 15:33:36.936677 localhost kairos-immucore[661]: 
[0;90m
[0;38:5:245m
[0;1;31m
[0;90m
[0;38:5:245mNo extra env from /run/cos/extra-layout.env
Sep 15 15:33:36.937241 localhost kairos-immucore[661]: 
[0;90m
[0;38:5:245m
[0;1;31m
[0;90m
[0;38:5:245mCleaning for sysroot
Sep 15 15:33:36.937395 localhost kairos-immucore[661]: 
[0;90m
[0;38:5:245m
[0;1;31m
[0;90m
[0;38:5:245mMounting custom mounts
Sep 15 15:33:36.937620 localhost kairos-immucore[661]: 
[0;90m
[0;38:5:245m
[0;1;31m
[0;90m
[0;38:5:245mCustom mount start
Sep 15 15:33:36.938960 localhost kairos-immucore[661]: 
[0;90m
[0;38:5:245m
[0;1;31m
[0;90m
[0;38:5:245mmount ready
Sep 15 15:33:36.940463 localhost kairos-immucore[661]: 
[0;90m
[0;38:5:245m
[0;1;31m
[0;90m
[0;38:5:245mResolved label to concrete device path
Sep 15 15:33:36.940518 localhost kairos-immucore[661]: 
[0;90m
[0;38:5:245m
[0;1;31m
[0;90m
[0;38:5:245mGetting disk type for device
Sep 15 15:33:37.004993 localhost kairos-immucore[661]: 
[0;90m
[0;38:5:245m
[0;1;31m
[0;90m
[0;38:5:245mPartition FS type
Sep 15 15:33:38.006263 localhost kairos-immucore[661]: 
[0;90m
[0;38:5:245m
[0;1;31m
[0;90m
[0;38:5:245mCleaning for sysroot
Sep 15 15:33:38.006482 localhost immucore[661]: 2026-09-15T15:33:38Z DBG Cleaning for sysroot new=/usr/local old=/sysroot/usr/local
Sep 15 15:33:38.006482 localhost immucore[661]: 2026-09-15T15:33:38Z DBG fsck command cmd="fsck /dev/vda2 -a"
Sep 15 15:33:38.006384 localhost kairos-immucore[661]: 
[0;90m
[0;38:5:245m
[0;1;31m
[0;90m
[0;38:5:245mfsck command
Sep 15 15:33:38.022625 localhost kairos-immucore[661]: 
[0;90m
[0;38:5:245m
[0;1;31m
[0;90m
[0;38:5:245mmount ready
Sep 15 15:33:38.022723 localhost immucore[661]: 2026-09-15T15:33:38Z DBG mount ready options=["rw"] type=ext4 what=/dev/vda2 where=/sysroot/usr/local
Sep 15 15:33:38.058620 localhost kernel: EXT4-fs (vda2): mounted filesystem b2479f4a-b6f5-4d52-a4e8-79c3d9d86db1 r/w with ordered data mode. Quota mode: none.
Sep 15 15:33:38.059975 localhost kairos-immucore[661]: mount done
Sep 15 15:33:38.060122 localhost immucore[661]: 2026-09-15T15:33:38Z INF mount done options=["rw"] type=ext4 what=/dev/vda2 where=/sysroot/usr/local
Sep 15 15:33:38.060056 localhost kairos-immucore[661]: 
[0;90m
[0;38:5:245m
[0;1;31m
[0;90m
[0;38:5:245mCustom mount done
Sep 15 15:33:38.067204 localhost immucore[661]: 2026-09-15T15:33:38Z DBG Custom mount done what=/dev/disk/by-label/COS_PERSISTENT where=/usr/local
Sep 15 15:33:38.067204 localhost immucore[661]: 2026-09-15T15:33:38Z WRN
Sep 15 15:33:38.067204 localhost immucore[661]: 2026-09-15T15:33:38Z DBG Mounting overlays dirs=["/var","/etc","/srv"]
Sep 15 15:33:38.067204 localhost immucore[661]: 2026-09-15T15:33:38Z DBG Overlay mount start what=/var
Sep 15 15:33:38.067204 localhost immucore[661]: 2026-09-15T15:33:38Z DBG Cleaning for sysroot new=/var old=/sysroot/var
Sep 15 15:33:38.067204 localhost immucore[661]: 2026-09-15T15:33:38Z DBG mount ready options=["lowerdir=/sysroot/var","upperdir=/run/overlay/var/.overlay/upper","workdir=/run/overlay/var/.overlay/work"] type=overlay what=overlay where=/sysroot/var
Sep 15 15:33:38.067204 localhost immucore[661]: 2026-09-15T15:33:38Z DBG Overlay mount done what=/var
Sep 15 15:33:38.067204 localhost immucore[661]: 2026-09-15T15:33:38Z DBG Overlay mount start what=/etc
Sep 15 15:33:38.067204 localhost immucore[661]: 2026-09-15T15:33:38Z DBG Cleaning for sysroot new=/etc old=/sysroot/etc
Sep 15 15:33:38.067204 localhost immucore[661]: 2026-09-15T15:33:38Z DBG mount ready options=["lowerdir=/sysroot/etc","upperdir=/run/overlay/etc/.overlay/upper","workdir=/run/overlay/etc/.overlay/work"] type=overlay what=overlay where=/sysroot/etc
Sep 15 15:33:38.067204 localhost immucore[661]: 2026-09-15T15:33:38Z DBG Overlay mount done what=/etc
Sep 15 15:33:38.067204 localhost immucore[661]: 2026-09-15T15:33:38Z DBG Overlay mount start what=/srv
Sep 15 15:33:38.067204 localhost immucore[661]: 2026-09-15T15:33:38Z DBG Cleaning for sysroot new=/srv old=/sysroot/srv
Sep 15 15:33:38.067204 localhost immucore[661]: 2026-09-15T15:33:38Z DBG mount ready options=["lowerdir=/sysroot/srv","upperdir=/run/overlay/srv/.overlay/upper","workdir=/run/overlay/srv/.overlay/work"] type=overlay what=overlay where=/sysroot/srv
Sep 15 15:33:38.067204 localhost immucore[661]: 2026-09-15T15:33:38Z DBG Overlay mount done what=/srv
Sep 15 15:33:38.061665 localhost kairos-immucore[661]: 
Sep 15 15:33:38.138104 localhost immucore[661]: 2026-09-15T15:33:38Z DBG Mounting binds mounts=["/etc/cni","/etc/init.d","/etc/iscsi","/etc/k0s","/etc/kubernetes","/etc/modprobe.d","/etc/pwx","/etc/rancher","/etc/runlevels","/etc/ssh","/etc/ssl/certs","/etc/sysconfig","/etc/systemd","/etc/zfs","/home","/opt","/root","/usr/libexec","/var/cores","/var/lib/ca-certificates","/var/lib/cni","/var/lib/containerd","/var/lib/calico","/var/lib/dbus","/var/lib/etcd","/var/lib/extensions","/var/lib/confexts","/var/lib/k0s","/var/lib/kubelet","/var/lib/longhorn","/var/lib/osd","/var/lib/rancher","/var/lib/rook","/var/lib/tailscale","/var/lib/wicked","/var/lib/kairos","/var/log"]
Sep 15 15:33:38.138104 localhost immucore[661]: 2026-09-15T15:33:38Z DBG Bind mount start what=/home
Sep 15 15:33:38.138104 localhost immucore[661]: 2026-09-15T15:33:38Z DBG Bind mount what=/sysroot/usr/local/.state/home.bind where=/sysroot/home
Sep 15 15:33:38.138104 localhost immucore[661]: 2026-09-15T15:33:38Z DBG Cleaning for sysroot new=/home old=/home
Sep 15 15:33:38.138104 localhost immucore[661]: 2026-09-15T15:33:38Z DBG Cleaning for sysroot new=/usr/local/.state/home.bind old=/sysroot/usr/local/.state/home.bind
Sep 15 15:33:38.138104 localhost immucore[661]: 2026-09-15T15:33:38Z DBG mount ready options=["bind"] type=overlay what=/sysroot/usr/local/.state/home.bind where=/sysroot/home
Sep 15 15:33:38.138104 localhost immucore[661]: 2026-09-15T15:33:38Z DBG Bind mount end what=/home
Sep 15 15:33:38.138104 localhost immucore[661]: 2026-09-15T15:33:38Z DBG Bind mount start what=/opt
Sep 15 15:33:38.138104 localhost immucore[661]: 2026-09-15T15:33:38Z DBG Bind mount what=/sysroot/usr/local/.state/opt.bind where=/sysroot/opt
Sep 15 15:33:38.138104 localhost immucore[661]: 2026-09-15T15:33:38Z DBG Cleaning for sysroot new=/opt old=/opt
Sep 15 15:33:38.138104 localhost immucore[661]: 2026-09-15T15:33:38Z DBG Cleaning for sysroot new=/usr/local/.state/opt.bind old=/sysroot/usr/local/.state/opt.bind
Sep 15 15:33:38.062352 localhost kairos-immucore[661]: 
[0;90m
[0;38:5:245m
[0;1;31m
[0;90m
[0;38:5:245mMounting overlays
Sep 15 15:33:38.216467 localhost immucore[661]: 2026-09-15T15:33:38Z DBG mount ready options=["bind"] type=overlay what=/sysroot/usr/local/.state/opt.bind where=/sysroot/opt
Sep 15 15:33:38.216467 localhost immucore[661]: 2026-09-15T15:33:38Z DBG Bind mount end what=/opt
Sep 15 15:33:38.216467 localhost immucore[661]: 2026-09-15T15:33:38Z DBG Bind mount start what=/root
Sep 15 15:33:38.216467 localhost immucore[661]: 2026-09-15T15:33:38Z DBG Bind mount what=/sysroot/usr/local/.state/root.bind where=/sysroot/root
Sep 15 15:33:38.216467 localhost immucore[661]: 2026-09-15T15:33:38Z DBG Cleaning for sysroot new=/root old=/root
Sep 15 15:33:38.216467 localhost immucore[661]: 2026-09-15T15:33:38Z DBG Cleaning for sysroot new=/usr/local/.state/root.bind old=/sysroot/usr/local/.state/root.bind
Sep 15 15:33:38.216467 localhost immucore[661]: 2026-09-15T15:33:38Z DBG mount ready options=["bind"] type=overlay what=/sysroot/usr/local/.state/root.bind where=/sysroot/root
Sep 15 15:33:38.062468 localhost kairos-immucore[661]: 
[0;90m
[0;38:5:245m
[0;1;31m
[0;90m
[0;38:5:245mOverlay mount start
Sep 15 15:33:38.255435 localhost immucore[661]: 2026-09-15T15:33:38Z DBG Bind mount end what=/root
Sep 15 15:33:38.255435 localhost immucore[661]: 2026-09-15T15:33:38Z DBG Bind mount start what=/etc/cni
Sep 15 15:33:38.255435 localhost immucore[661]: 2026-09-15T15:33:38Z DBG Bind mount what=/sysroot/usr/local/.state/etc-cni.bind where=/sysroot/etc/cni
Sep 15 15:33:38.255435 localhost immucore[661]: 2026-09-15T15:33:38Z DBG Cleaning for sysroot new=/etc/cni old=/etc/cni
Sep 15 15:33:38.255435 localhost immucore[661]: 2026-09-15T15:33:38Z DBG Cleaning for sysroot new=/usr/local/.state/etc-cni.bind old=/sysroot/usr/local/.state/etc-cni.bind
Sep 15 15:33:38.062723 localhost kairos-immucore[661]: 
[0;90m
[0;38:5:245m
[0;1;31m
[0;90m
[0;38:5:245mCleaning for sysroot
Sep 15 15:33:38.063098 localhost kairos-immucore[661]: 
[0;90m
[0;38:5:245m
[0;1;31m
[0;90m
[0;38:5:245mmount ready
Sep 15 15:33:38.064179 localhost kairos-immucore[661]: 
[0;90m
[0;38:5:245m
[0;1;31m
[0;90m
[0;38:5:245mOverlay mount done
Sep 15 15:33:38.064203 localhost kairos-immucore[661]: 
[0;90m
[0;38:5:245m
[0;1;31m
[0;90m
[0;38:5:245mOverlay mount start
Sep 15 15:33:38.064242 localhost kairos-immucore[661]: 
[0;90m
[0;38:5:245m
[0;1;31m
[0;90m
[0;38:5:245mCleaning for sysroot
Sep 15 15:33:38.064305 localhost kairos-immucore[661]: 
[0;90m
[0;38:5:245m
[0;1;31m
[0;90m
[0;38:5:245mmount ready
Sep 15 15:33:38.065150 localhost kairos-immucore[661]: 
[0;90m
[0;38:5:245m
[0;1;31m
[0;90m
[0;38:5:245mOverlay mount done
Sep 15 15:33:38.065177 localhost kairos-immucore[661]: 
[0;90m
[0;38:5:245m
[0;1;31m
[0;90m
[0;38:5:245mOverlay mount start
Sep 15 15:33:38.065240 localhost kairos-immucore[661]: 
[0;90m
[0;38:5:245m
[0;1;31m
[0;90m
[0;38:5:245mCleaning for sysroot
Sep 15 15:33:38.065345 localhost kairos-immucore[661]: 
[0;90m
[0;38:5:245m
[0;1;31m
[0;90m
[0;38:5:245mmount ready
Sep 15 15:33:38.066445 localhost kairos-immucore[661]: 
[0;90m
[0;38:5:245m
[0;1;31m
[0;90m
[0;38:5:245mOverlay mount done
Sep 15 15:33:38.066558 localhost kairos-immucore[661]: 
[0;90m
[0;38:5:245m
[0;1;31m
[0;90m
[0;38:5:245mMounting binds
Sep 15 15:33:38.066676 localhost kairos-immucore[661]: 
[0;90m
[0;38:5:245m
[0;1;31m
[0;90m
[0;38:5:245mBind mount start
Sep 15 15:33:38.066699 localhost kairos-immucore[661]: 
[0;90m
[0;38:5:245m
[0;1;31m
[0;90m
[0;38:5:245mBind mount
Sep 15 15:33:38.066732 localhost kairos-immucore[661]: 
[0;90m
[0;38:5:245m
[0;1;31m
[0;90m
[0;38:5:245mCleaning for sysroot
Sep 15 15:33:38.066753 localhost kairos-immucore[661]: 
[0;90m
[0;38:5:245m
[0;1;31m
[0;90m
[0;38:5:245mCleaning for sysroot
Sep 15 15:33:38.114566 localhost kairos-immucore[661]: 
[0;90m
[0;38:5:245m
[0;1;31m
[0;90m
[0;38:5:245mmount ready
Sep 15 15:33:38.119231 localhost kairos-immucore[661]: 
[0;90m
[0;38:5:245m
[0;1;31m
[0;90m
[0;38:5:245mBind mount end
Sep 15 15:33:38.119261 localhost kairos-immucore[661]: 
[0;90m
[0;38:5:245m
[0;1;31m
[0;90m
[0;38:5:245mBind mount start
Sep 15 15:33:38.119289 localhost kairos-immucore[661]: 
[0;90m
[0;38:5:245m
[0;1;31m
[0;90m
[0;38:5:245mBind mount
Sep 15 15:33:38.119343 localhost kairos-immucore[661]: 
[0;90m
[0;38:5:245m
[0;1;31m
[0;90m
[0;38:5:245mCleaning for sysroot
Sep 15 15:33:38.119364 localhost kairos-immucore[661]: 
[0;90m
[0;38:5:245m
[0;1;31m
[0;90m
[0;38:5:245mCleaning for sysroot
Sep 15 15:33:38.163319 localhost kairos-immucore[661]: 
[0;90m
[0;38:5:245m
[0;1;31m
[0;90m
[0;38:5:245mmount ready
Sep 15 15:33:38.169490 localhost kairos-immucore[661]: 
[0;90m
[0;38:5:245m
[0;1;31m
[0;90m
[0;38:5:245mBind mount end
Sep 15 15:33:38.169708 localhost kairos-immucore[661]: 
[0;90m
[0;38:5:245m
[0;1;31m
[0;90m
[0;38:5:245mBind mount start
Sep 15 15:33:38.169728 localhost kairos-immucore[661]: 
[0;90m
[0;38:5:245m
[0;1;31m
[0;90m
[0;38:5:245mBind mount
Sep 15 15:33:38.169915 localhost kairos-immucore[661]: 
[0;90m
[0;38:5:245m
[0;1;31m
[0;90m
[0;38:5:245mCleaning for sysroot
Sep 15 15:33:38.170024 localhost kairos-immucore[661]: 
[0;90m
[0;38:5:245m
[0;1;31m
[0;90m
[0;38:5:245mCleaning for sysroot
Sep 15 15:33:38.213004 localhost kairos-immucore[661]: 
[0;90m
[0;38:5:245m
[0;1;31m
[0;90m
[0;38:5:245mmount ready
Sep 15 15:33:38.221908 localhost kairos-immucore[661]: 
[0;90m
[0;38:5:245m
[0;1;31m
[0;90m
[0;38:5:245mBind mount end
Sep 15 15:33:38.221975 localhost kairos-immucore[661]: 
[0;90m
[0;38:5:245m
[0;1;31m
[0;90m
[0;38:5:245mBind mount start
Sep 15 15:33:38.222071 localhost kairos-immucore[661]: 
[0;90m
[0;38:5:245m
[0;1;31m
[0;90m
[0;38:5:245mBind mount
Sep 15 15:33:38.222195 localhost kairos-immucore[661]: 
[0;90m
[0;38:5:245m
[0;1;31m
[0;90m
[0;38:5:245mCleaning for sysroot
Sep 15 15:33:38.222385 localhost kairos-immucore[661]: 
[0;90m
[0;38:5:245m
[0;1;31m
[0;90m
[0;38:5:245mCleaning for sysroot
Sep 15 15:33:38.321485 localhost kairos-immucore[661]: 
[0;90m
[0;38:5:245m
[0;1;31m
[0;90m
[0;38:5:245mmount ready
Sep 15 15:33:38.321650 localhost immucore[661]: 2026-09-15T15:33:38Z DBG mount ready options=["bind"] type=overlay what=/sysroot/usr/local/.state/etc-cni.bind where=/sysroot/etc/cni
Sep 15 15:33:38.329841 localhost immucore[661]: 2026-09-15T15:33:38Z DBG Bind mount end what=/etc/cni
Sep 15 15:33:38.329841 localhost immucore[661]: 2026-09-15T15:33:38Z DBG Bind mount start what=/var/cores
Sep 15 15:33:38.329841 localhost immucore[661]: 2026-09-15T15:33:38Z DBG Bind mount what=/sysroot/usr/local/.state/var-cores.bind where=/sysroot/var/cores
Sep 15 15:33:38.329841 localhost immucore[661]: 2026-09-15T15:33:38Z DBG Cleaning for sysroot new=/var/cores old=/var/cores
Sep 15 15:33:38.329841 localhost immucore[661]: 2026-09-15T15:33:38Z DBG Cleaning for sysroot new=/usr/local/.state/var-cores.bind old=/sysroot/usr/local/.state/var-cores.bind
Sep 15 15:33:38.327473 localhost kairos-immucore[661]: 
[0;90m
[0;38:5:245m
[0;1;31m
[0;90m
[0;38:5:245mBind mount end
Sep 15 15:33:38.327580 localhost kairos-immucore[661]: 
[0;90m
[0;38:5:245m
[0;1;31m
[0;90m
[0;38:5:245mBind mount start
Sep 15 15:33:38.327712 localhost kairos-immucore[661]: 
[0;90m
[0;38:5:245m
[0;1;31m
[0;90m
[0;38:5:245mBind mount
Sep 15 15:33:38.327903 localhost kairos-immucore[661]: 
[0;90m
[0;38:5:245m
[0;1;31m
[0;90m
[0;38:5:245mCleaning for sysroot
Sep 15 15:33:38.328011 localhost kairos-immucore[661]: 
[0;90m
[0;38:5:245m
[0;1;31m
[0;90m
[0;38:5:245mCleaning for sysroot
Sep 15 15:33:38.370845 localhost kairos-immucore[661]: 
[0;90m
[0;38:5:245m
[0;1;31m
[0;90m
[0;38:5:245mmount ready
Sep 15 15:33:38.370946 localhost immucore[661]: 2026-09-15T15:33:38Z DBG mount ready options=["bind"] type=overlay what=/sysroot/usr/local/.state/var-cores.bind where=/sysroot/var/cores
Sep 15 15:33:38.379454 localhost kairos-immucore[661]: 
[0;90m
[0;38:5:245m
[0;1;31m
[0;90m
[0;38:5:245mBind mount end
Sep 15 15:33:38.379621 localhost immucore[661]: 2026-09-15T15:33:38Z DBG Bind mount end what=/var/cores
Sep 15 15:33:38.379621 localhost immucore[661]: 2026-09-15T15:33:38Z DBG Bind mount start what=/etc/init.d
Sep 15 15:33:38.379621 localhost immucore[661]: 2026-09-15T15:33:38Z DBG Bind mount what=/sysroot/usr/local/.state/etc-init.d.bind where=/sysroot/etc/init.d
Sep 15 15:33:38.379485 localhost kairos-immucore[661]: 
[0;90m
[0;38:5:245m
[0;1;31m
[0;90m
[0;38:5:245mBind mount start
Sep 15 15:33:38.393222 localhost immucore[661]: 2026-09-15T15:33:38Z DBG Cleaning for sysroot new=/etc/init.d old=/etc/init.d
Sep 15 15:33:38.393222 localhost immucore[661]: 2026-09-15T15:33:38Z DBG Cleaning for sysroot new=/usr/local/.state/etc-init.d.bind old=/sysroot/usr/local/.state/etc-init.d.bind
Sep 15 15:33:38.379505 localhost kairos-immucore[661]: 
[0;90m
[0;38:5:245m
[0;1;31m
[0;90m
[0;38:5:245mBind mount
Sep 15 15:33:38.381479 localhost kairos-immucore[661]: 
[0;90m
[0;38:5:245m
[0;1;31m
[0;90m
[0;38:5:245mCleaning for sysroot
Sep 15 15:33:38.381688 localhost kairos-immucore[661]: 
[0;90m
[0;38:5:245m
[0;1;31m
[0;90m
[0;38:5:245mCleaning for sysroot
Sep 15 15:33:38.447446 localhost kairos-immucore[661]: 
[0;90m
[0;38:5:245m
[0;1;31m
[0;90m
[0;38:5:245mmount ready
Sep 15 15:33:38.447634 localhost immucore[661]: 2026-09-15T15:33:38Z DBG mount ready options=["bind"] type=overlay what=/sysroot/usr/local/.state/etc-init.d.bind where=/sysroot/etc/init.d
Sep 15 15:33:38.455561 localhost immucore[661]: 2026-09-15T15:33:38Z DBG Bind mount end what=/etc/init.d
Sep 15 15:33:38.455561 localhost immucore[661]: 2026-09-15T15:33:38Z DBG Bind mount start what=/etc/iscsi
Sep 15 15:33:38.455561 localhost immucore[661]: 2026-09-15T15:33:38Z DBG Bind mount what=/sysroot/usr/local/.state/etc-iscsi.bind where=/sysroot/etc/iscsi
Sep 15 15:33:38.455561 localhost immucore[661]: 2026-09-15T15:33:38Z DBG Cleaning for sysroot new=/etc/iscsi old=/etc/iscsi
Sep 15 15:33:38.455561 localhost immucore[661]: 2026-09-15T15:33:38Z DBG Cleaning for sysroot new=/usr/local/.state/etc-iscsi.bind old=/sysroot/usr/local/.state/etc-iscsi.bind
Sep 15 15:33:38.452890 localhost kairos-immucore[661]: 
[0;90m
[0;38:5:245m
[0;1;31m
[0;90m
[0;38:5:245mBind mount end
Sep 15 15:33:38.452992 localhost kairos-immucore[661]: 
[0;90m
[0;38:5:245m
[0;1;31m
[0;90m
[0;38:5:245mBind mount start
Sep 15 15:33:38.453099 localhost kairos-immucore[661]: 
[0;90m
[0;38:5:245m
[0;1;31m
[0;90m
[0;38:5:245mBind mount
Sep 15 15:33:38.453216 localhost kairos-immucore[661]: 
[0;90m
[0;38:5:245m
[0;1;31m
[0;90m
[0;38:5:245mCleaning for sysroot
Sep 15 15:33:38.453329 localhost kairos-immucore[661]: 
[0;90m
[0;38:5:245m
[0;1;31m
[0;90m
[0;38:5:245mCleaning for sysroot
Sep 15 15:33:38.499475 localhost kairos-immucore[661]: 
[0;90m
[0;38:5:245m
[0;1;31m
[0;90m
[0;38:5:245mmount ready
Sep 15 15:33:38.499844 localhost immucore[661]: 2026-09-15T15:33:38Z DBG mount ready options=["bind"] type=overlay what=/sysroot/usr/local/.state/etc-iscsi.bind where=/sysroot/etc/iscsi
Sep 15 15:33:38.511194 localhost kairos-immucore[661]: 
[0;90m
[0;38:5:245m
[0;1;31m
[0;90m
[0;38:5:245mBind mount end
Sep 15 15:33:38.511246 localhost kairos-immucore[661]: 
[0;90m
[0;38:5:245m
[0;1;31m
[0;90m
[0;38:5:245mBind mount start
Sep 15 15:33:38.511261 localhost immucore[661]: 2026-09-15T15:33:38Z DBG Bind mount end what=/etc/iscsi
Sep 15 15:33:38.511261 localhost immucore[661]: 2026-09-15T15:33:38Z DBG Bind mount start what=/etc/k0s
Sep 15 15:33:38.518841 localhost immucore[661]: 2026-09-15T15:33:38Z DBG Bind mount what=/sysroot/usr/local/.state/etc-k0s.bind where=/sysroot/etc/k0s
Sep 15 15:33:38.518841 localhost immucore[661]: 2026-09-15T15:33:38Z DBG Cleaning for sysroot new=/etc/k0s old=/etc/k0s
Sep 15 15:33:38.518841 localhost immucore[661]: 2026-09-15T15:33:38Z DBG Cleaning for sysroot new=/usr/local/.state/etc-k0s.bind old=/sysroot/usr/local/.state/etc-k0s.bind
Sep 15 15:33:38.511278 localhost kairos-immucore[661]: 
[0;90m
[0;38:5:245m
[0;1;31m
[0;90m
[0;38:5:245mBind mount
Sep 15 15:33:38.535374 localhost immucore[661]: 2026-09-15T15:33:38Z DBG mount ready options=["bind"] type=overlay what=/sysroot/usr/local/.state/etc-k0s.bind where=/sysroot/etc/k0s
Sep 15 15:33:38.511327 localhost kairos-immucore[661]: 
[0;90m
[0;38:5:245m
[0;1;31m
[0;90m
[0;38:5:245mCleaning for sysroot
Sep 15 15:33:38.543093 localhost immucore[661]: 2026-09-15T15:33:38Z DBG Bind mount end what=/etc/k0s
Sep 15 15:33:38.543093 localhost immucore[661]: 2026-09-15T15:33:38Z DBG Bind mount start what=/etc/kubernetes
Sep 15 15:33:38.543093 localhost immucore[661]: 2026-09-15T15:33:38Z DBG Bind mount what=/sysroot/usr/local/.state/etc-kubernetes.bind where=/sysroot/etc/kubernetes
Sep 15 15:33:38.543093 localhost immucore[661]: 2026-09-15T15:33:38Z DBG Cleaning for sysroot new=/etc/kubernetes old=/etc/kubernetes
Sep 15 15:33:38.543093 localhost immucore[661]: 2026-09-15T15:33:38Z DBG Cleaning for sysroot new=/usr/local/.state/etc-kubernetes.bind old=/sysroot/usr/local/.state/etc-kubernetes.bind
Sep 15 15:33:38.511344 localhost kairos-immucore[661]: 
[0;90m
[0;38:5:245m
[0;1;31m
[0;90m
[0;38:5:245mCleaning for sysroot
Sep 15 15:33:38.533766 localhost kairos-immucore[661]: 
[0;90m
[0;38:5:245m
[0;1;31m
[0;90m
[0;38:5:245mmount ready
Sep 15 15:33:38.537707 localhost kairos-immucore[661]: 
[0;90m
[0;38:5:245m
[0;1;31m
[0;90m
[0;38:5:245mBind mount end
Sep 15 15:33:38.537736 localhost kairos-immucore[661]: 
[0;90m
[0;38:5:245m
[0;1;31m
[0;90m
[0;38:5:245mBind mount start
Sep 15 15:33:38.537753 localhost kairos-immucore[661]: 
[0;90m
[0;38:5:245m
[0;1;31m
[0;90m
[0;38:5:245mBind mount
Sep 15 15:33:38.537791 localhost kairos-immucore[661]: 
[0;90m
[0;38:5:245m
[0;1;31m
[0;90m
[0;38:5:245mCleaning for sysroot
Sep 15 15:33:38.537810 localhost kairos-immucore[661]: 
[0;90m
[0;38:5:245m
[0;1;31m
[0;90m
[0;38:5:245mCleaning for sysroot
Sep 15 15:33:38.581329 localhost kairos-immucore[661]: 
[0;90m
[0;38:5:245m
[0;1;31m
[0;90m
[0;38:5:245mmount ready
Sep 15 15:33:38.581473 localhost immucore[661]: 2026-09-15T15:33:38Z DBG mount ready options=["bind"] type=overlay what=/sysroot/usr/local/.state/etc-kubernetes.bind where=/sysroot/etc/kubernetes
Sep 15 15:33:38.589642 localhost immucore[661]: 2026-09-15T15:33:38Z DBG Bind mount end what=/etc/kubernetes
Sep 15 15:33:38.589642 localhost immucore[661]: 2026-09-15T15:33:38Z DBG Bind mount start what=/usr/libexec
Sep 15 15:33:38.589642 localhost immucore[661]: 2026-09-15T15:33:38Z DBG Bind mount what=/sysroot/usr/local/.state/usr-libexec.bind where=/sysroot/usr/libexec
Sep 15 15:33:38.589642 localhost immucore[661]: 2026-09-15T15:33:38Z DBG Cleaning for sysroot new=/usr/libexec old=/usr/libexec
Sep 15 15:33:38.589642 localhost immucore[661]: 2026-09-15T15:33:38Z DBG Cleaning for sysroot new=/usr/local/.state/usr-libexec.bind old=/sysroot/usr/local/.state/usr-libexec.bind
Sep 15 15:33:38.585450 localhost kairos-immucore[661]: 
[0;90m
[0;38:5:245m
[0;1;31m
[0;90m
[0;38:5:245mBind mount end
Sep 15 15:33:38.585616 localhost kairos-immucore[661]: 
[0;90m
[0;38:5:245m
[0;1;31m
[0;90m
[0;38:5:245mBind mount start
Sep 15 15:33:38.585715 localhost kairos-immucore[661]: 
[0;90m
[0;38:5:245m
[0;1;31m
[0;90m
[0;38:5:245mBind mount
Sep 15 15:33:38.585835 localhost kairos-immucore[661]: 
[0;90m
[0;38:5:245m
[0;1;31m
[0;90m
[0;38:5:245mCleaning for sysroot
Sep 15 15:33:38.585945 localhost kairos-immucore[661]: 
[0;90m
[0;38:5:245m
[0;1;31m
[0;90m
[0;38:5:245mCleaning for sysroot
Sep 15 15:33:38.639905 localhost kairos-immucore[661]: 
[0;90m
[0;38:5:245m
[0;1;31m
[0;90m
[0;38:5:245mmount ready
Sep 15 15:33:38.640059 localhost immucore[661]: 2026-09-15T15:33:38Z DBG mount ready options=["bind"] type=overlay what=/sysroot/usr/local/.state/usr-libexec.bind where=/sysroot/usr/libexec
Sep 15 15:33:38.648350 localhost immucore[661]: 2026-09-15T15:33:38Z DBG Bind mount end what=/usr/libexec
Sep 15 15:33:38.648350 localhost immucore[661]: 2026-09-15T15:33:38Z DBG Bind mount start what=/var/log
Sep 15 15:33:38.648350 localhost immucore[661]: 2026-09-15T15:33:38Z DBG Bind mount what=/sysroot/usr/local/.state/var-log.bind where=/sysroot/var/log
Sep 15 15:33:38.648350 localhost immucore[661]: 2026-09-15T15:33:38Z DBG Cleaning for sysroot new=/var/log old=/var/log
Sep 15 15:33:38.648350 localhost immucore[661]: 2026-09-15T15:33:38Z DBG Cleaning for sysroot new=/usr/local/.state/var-log.bind old=/sysroot/usr/local/.state/var-log.bind
Sep 15 15:33:38.645477 localhost kairos-immucore[661]: 
[0;90m
[0;38:5:245m
[0;1;31m
[0;90m
[0;38:5:245mBind mount end
Sep 15 15:33:38.645613 localhost kairos-immucore[661]: 
[0;90m
[0;38:5:245m
[0;1;31m
[0;90m
[0;38:5:245mBind mount start
Sep 15 15:33:38.645719 localhost kairos-immucore[661]: 
[0;90m
[0;38:5:245m
[0;1;31m
[0;90m
[0;38:5:245mBind mount
Sep 15 15:33:38.645837 localhost kairos-immucore[661]: 
[0;90m
[0;38:5:245m
[0;1;31m
[0;90m
[0;38:5:245mCleaning for sysroot
Sep 15 15:33:38.645946 localhost kairos-immucore[661]: 
[0;90m
[0;38:5:245m
[0;1;31m
[0;90m
[0;38:5:245mCleaning for sysroot
Sep 15 15:33:38.690991 localhost kairos-immucore[661]: 
[0;90m
[0;38:5:245m
[0;1;31m
[0;90m
[0;38:5:245mmount ready
Sep 15 15:33:38.691227 localhost immucore[661]: 2026-09-15T15:33:38Z DBG mount ready options=["bind"] type=overlay what=/sysroot/usr/local/.state/var-log.bind where=/sysroot/var/log
Sep 15 15:33:38.701966 localhost kairos-immucore[661]: 
[0;90m
[0;38:5:245m
[0;1;31m
[0;90m
[0;38:5:245mBind mount end
Sep 15 15:33:38.702093 localhost immucore[661]: 2026-09-15T15:33:38Z DBG Bind mount end what=/var/log
Sep 15 15:33:38.702093 localhost immucore[661]: 2026-09-15T15:33:38Z DBG Bind mount start what=/etc/modprobe.d
Sep 15 15:33:38.702093 localhost immucore[661]: 2026-09-15T15:33:38Z DBG Bind mount what=/sysroot/usr/local/.state/etc-modprobe.d.bind where=/sysroot/etc/modprobe.d
Sep 15 15:33:38.702093 localhost immucore[661]: 2026-09-15T15:33:38Z DBG Cleaning for sysroot new=/etc/modprobe.d old=/etc/modprobe.d
Sep 15 15:33:38.702023 localhost kairos-immucore[661]: 
[0;90m
[0;38:5:245m
[0;1;31m
[0;90m
[0;38:5:245mBind mount start
Sep 15 15:33:38.719459 localhost immucore[661]: 2026-09-15T15:33:38Z DBG Cleaning for sysroot new=/usr/local/.state/etc-modprobe.d.bind old=/sysroot/usr/local/.state/etc-modprobe.d.bind
Sep 15 15:33:38.702042 localhost kairos-immucore[661]: 
[0;90m
[0;38:5:245m
[0;1;31m
[0;90m
[0;38:5:245mBind mount
Sep 15 15:33:38.702076 localhost kairos-immucore[661]: 
[0;90m
[0;38:5:245m
[0;1;31m
[0;90m
[0;38:5:245mCleaning for sysroot
Sep 15 15:33:38.702095 localhost kairos-immucore[661]: 
[0;90m
[0;38:5:245m
[0;1;31m
[0;90m
[0;38:5:245mCleaning for sysroot
Sep 15 15:33:38.768229 localhost kairos-immucore[661]: 
[0;90m
[0;38:5:245m
[0;1;31m
[0;90m
[0;38:5:245mmount ready
Sep 15 15:33:38.768479 localhost immucore[661]: 2026-09-15T15:33:38Z DBG mount ready options=["bind"] type=overlay what=/sysroot/usr/local/.state/etc-modprobe.d.bind where=/sysroot/etc/modprobe.d
Sep 15 15:33:38.776794 localhost immucore[661]: 2026-09-15T15:33:38Z DBG Bind mount end what=/etc/modprobe.d
Sep 15 15:33:38.776794 localhost immucore[661]: 2026-09-15T15:33:38Z DBG Bind mount start what=/etc/pwx
Sep 15 15:33:38.776794 localhost immucore[661]: 2026-09-15T15:33:38Z DBG Bind mount what=/sysroot/usr/local/.state/etc-pwx.bind where=/sysroot/etc/pwx
Sep 15 15:33:38.776794 localhost immucore[661]: 2026-09-15T15:33:38Z DBG Cleaning for sysroot new=/etc/pwx old=/etc/pwx
Sep 15 15:33:38.776794 localhost immucore[661]: 2026-09-15T15:33:38Z DBG Cleaning for sysroot new=/usr/local/.state/etc-pwx.bind old=/sysroot/usr/local/.state/etc-pwx.bind
Sep 15 15:33:38.772230 localhost kairos-immucore[661]: 
[0;90m
[0;38:5:245m
[0;1;31m
[0;90m
[0;38:5:245mBind mount end
Sep 15 15:33:38.772285 localhost kairos-immucore[661]: 
[0;90m
[0;38:5:245m
[0;1;31m
[0;90m
[0;38:5:245mBind mount start
Sep 15 15:33:38.772310 localhost kairos-immucore[661]: 
[0;90m
[0;38:5:245m
[0;1;31m
[0;90m
[0;38:5:245mBind mount
Sep 15 15:33:38.772354 localhost kairos-immucore[661]: 
[0;90m
[0;38:5:245m
[0;1;31m
[0;90m
[0;38:5:245mCleaning for sysroot
Sep 15 15:33:38.772371 localhost kairos-immucore[661]: 
[0;90m
[0;38:5:245m
[0;1;31m
[0;90m
[0;38:5:245mCleaning for sysroot
Sep 15 15:33:38.815619 localhost kairos-immucore[661]: 
[0;90m
[0;38:5:245m
[0;1;31m
[0;90m
[0;38:5:245mmount ready
Sep 15 15:33:38.815724 localhost immucore[661]: 2026-09-15T15:33:38Z DBG mount ready options=["bind"] type=overlay what=/sysroot/usr/local/.state/etc-pwx.bind where=/sysroot/etc/pwx
Sep 15 15:33:38.825237 localhost kairos-immucore[661]: 
[0;90m
[0;38:5:245m
[0;1;31m
[0;90m
[0;38:5:245mBind mount end
Sep 15 15:33:38.825297 localhost kairos-immucore[661]: 
[0;90m
[0;38:5:245m
[0;1;31m
[0;90m
[0;38:5:245mBind mount start
Sep 15 15:33:38.825356 localhost immucore[661]: 2026-09-15T15:33:38Z DBG Bind mount end what=/etc/pwx
Sep 15 15:33:38.825356 localhost immucore[661]: 2026-09-15T15:33:38Z DBG Bind mount start what=/etc/rancher
Sep 15 15:33:38.825356 localhost immucore[661]: 2026-09-15T15:33:38Z DBG Bind mount what=/sysroot/usr/local/.state/etc-rancher.bind where=/sysroot/etc/rancher
Sep 15 15:33:38.825314 localhost kairos-immucore[661]: 
[0;90m
[0;38:5:245m
[0;1;31m
[0;90m
[0;38:5:245mBind mount
Sep 15 15:33:38.838113 localhost immucore[661]: 2026-09-15T15:33:38Z DBG Cleaning for sysroot new=/etc/rancher old=/etc/rancher
Sep 15 15:33:38.838113 localhost immucore[661]: 2026-09-15T15:33:38Z DBG Cleaning for sysroot new=/usr/local/.state/etc-rancher.bind old=/sysroot/usr/local/.state/etc-rancher.bind
Sep 15 15:33:38.825355 localhost kairos-immucore[661]: 
[0;90m
[0;38:5:245m
[0;1;31m
[0;90m
[0;38:5:245mCleaning for sysroot
Sep 15 15:33:38.825372 localhost kairos-immucore[661]: 
[0;90m
[0;38:5:245m
[0;1;31m
[0;90m
[0;38:5:245mCleaning for sysroot
Sep 15 15:33:38.891135 localhost kairos-immucore[661]: 
[0;90m
[0;38:5:245m
[0;1;31m
[0;90m
[0;38:5:245mmount ready
Sep 15 15:33:38.891277 localhost immucore[661]: 2026-09-15T15:33:38Z DBG mount ready options=["bind"] type=overlay what=/sysroot/usr/local/.state/etc-rancher.bind where=/sysroot/etc/rancher
Sep 15 15:33:38.901898 localhost kairos-immucore[661]: 
[0;90m
[0;38:5:245m
[0;1;31m
[0;90m
[0;38:5:245mBind mount end
Sep 15 15:33:38.902046 localhost immucore[661]: 2026-09-15T15:33:38Z DBG Bind mount end what=/etc/rancher
Sep 15 15:33:38.905693 localhost immucore[661]: 2026-09-15T15:33:38Z DBG Bind mount start what=/etc/runlevels
Sep 15 15:33:38.902046 localhost kairos-immucore[661]: 
[0;90m
[0;38:5:245m
[0;1;31m
[0;90m
[0;38:5:245mBind mount start
Sep 15 15:33:38.902081 localhost kairos-immucore[661]: 
[0;90m
[0;38:5:245m
[0;1;31m
[0;90m
[0;38:5:245mBind mount
Sep 15 15:33:38.909561 localhost immucore[661]: 2026-09-15T15:33:38Z DBG Bind mount what=/sysroot/usr/local/.state/etc-runlevels.bind where=/sysroot/etc/runlevels
Sep 15 15:33:38.909518 localhost kairos-immucore[661]: 
[0;90m
[0;38:5:245m
[0;1;31m
[0;90m
[0;38:5:245mCleaning for sysroot
Sep 15 15:33:38.915226 localhost immucore[661]: 2026-09-15T15:33:38Z DBG Cleaning for sysroot new=/etc/runlevels old=/etc/runlevels
Sep 15 15:33:38.919833 localhost immucore[661]: 2026-09-15T15:33:38Z DBG Cleaning for sysroot new=/usr/local/.state/etc-runlevels.bind old=/sysroot/usr/local/.state/etc-runlevels.bind
Sep 15 15:33:38.915237 localhost kairos-immucore[661]: 
[0;90m
[0;38:5:245m
[0;1;31m
[0;90m
[0;38:5:245mCleaning for sysroot
Sep 15 15:33:38.969640 localhost kairos-immucore[661]: 
[0;90m
[0;38:5:245m
[0;1;31m
[0;90m
[0;38:5:245mmount ready
Sep 15 15:33:38.969759 localhost immucore[661]: 2026-09-15T15:33:38Z DBG mount ready options=["bind"] type=overlay what=/sysroot/usr/local/.state/etc-runlevels.bind where=/sysroot/etc/runlevels
Sep 15 15:33:38.979288 localhost kairos-immucore[661]: 
[0;90m
[0;38:5:245m
[0;1;31m
[0;90m
[0;38:5:245mBind mount end
Sep 15 15:33:38.979393 localhost immucore[661]: 2026-09-15T15:33:38Z DBG Bind mount end what=/etc/runlevels
Sep 15 15:33:38.979393 localhost immucore[661]: 2026-09-15T15:33:38Z DBG Bind mount start what=/etc/ssh
Sep 15 15:33:38.979393 localhost immucore[661]: 2026-09-15T15:33:38Z DBG Bind mount what=/sysroot/usr/local/.state/etc-ssh.bind where=/sysroot/etc/ssh
Sep 15 15:33:38.979336 localhost kairos-immucore[661]: 
[0;90m
[0;38:5:245m
[0;1;31m
[0;90m
[0;38:5:245mBind mount start
Sep 15 15:33:38.991463 localhost immucore[661]: 2026-09-15T15:33:38Z DBG Cleaning for sysroot new=/etc/ssh old=/etc/ssh
Sep 15 15:33:38.991463 localhost immucore[661]: 2026-09-15T15:33:38Z DBG Cleaning for sysroot new=/usr/local/.state/etc-ssh.bind old=/sysroot/usr/local/.state/etc-ssh.bind
Sep 15 15:33:38.979356 localhost kairos-immucore[661]: 
[0;90m
[0;38:5:245m
[0;1;31m
[0;90m
[0;38:5:245mBind mount
Sep 15 15:33:38.979391 localhost kairos-immucore[661]: 
[0;90m
[0;38:5:245m
[0;1;31m
[0;90m
[0;38:5:245mCleaning for sysroot
Sep 15 15:33:38.979416 localhost kairos-immucore[661]: 
[0;90m
[0;38:5:245m
[0;1;31m
[0;90m
[0;38:5:245mCleaning for sysroot
Sep 15 15:33:39.045772 localhost kairos-immucore[661]: 
[0;90m
[0;38:5:245m
[0;1;31m
[0;90m
[0;38:5:245mmount ready
Sep 15 15:33:39.045933 localhost immucore[661]: 2026-09-15T15:33:39Z DBG mount ready options=["bind"] type=overlay what=/sysroot/usr/local/.state/etc-ssh.bind where=/sysroot/etc/ssh
Sep 15 15:33:39.058811 localhost kairos-immucore[661]: 
[0;90m
[0;38:5:245m
[0;1;31m
[0;90m
[0;38:5:245mBind mount end
Sep 15 15:33:39.058972 localhost immucore[661]: 2026-09-15T15:33:39Z DBG Bind mount end what=/etc/ssh
Sep 15 15:33:39.058972 localhost immucore[661]: 2026-09-15T15:33:39Z DBG Bind mount start what=/etc/sysconfig
Sep 15 15:33:39.058972 localhost immucore[661]: 2026-09-15T15:33:39Z DBG Bind mount what=/sysroot/usr/local/.state/etc-sysconfig.bind where=/sysroot/etc/sysconfig
Sep 15 15:33:39.058972 localhost immucore[661]: 2026-09-15T15:33:39Z DBG Cleaning for sysroot new=/etc/sysconfig old=/etc/sysconfig
Sep 15 15:33:39.058883 localhost kairos-immucore[661]: 
[0;90m
[0;38:5:245m
[0;1;31m
[0;90m
[0;38:5:245mBind mount start
Sep 15 15:33:39.077302 localhost immucore[661]: 2026-09-15T15:33:39Z DBG Cleaning for sysroot new=/usr/local/.state/etc-sysconfig.bind old=/sysroot/usr/local/.state/etc-sysconfig.bind
Sep 15 15:33:39.058904 localhost kairos-immucore[661]: 
[0;90m
[0;38:5:245m
[0;1;31m
[0;90m
[0;38:5:245mBind mount
Sep 15 15:33:39.058950 localhost kairos-immucore[661]: 
[0;90m
[0;38:5:245m
[0;1;31m
[0;90m
[0;38:5:245mCleaning for sysroot
Sep 15 15:33:39.058974 localhost kairos-immucore[661]: 
[0;90m
[0;38:5:245m
[0;1;31m
[0;90m
[0;38:5:245mCleaning for sysroot
Sep 15 15:33:39.125732 localhost kairos-immucore[661]: 
[0;90m
[0;38:5:245m
[0;1;31m
[0;90m
[0;38:5:245mmount ready
Sep 15 15:33:39.125927 localhost immucore[661]: 2026-09-15T15:33:39Z DBG mount ready options=["bind"] type=overlay what=/sysroot/usr/local/.state/etc-sysconfig.bind where=/sysroot/etc/sysconfig
Sep 15 15:33:39.134040 localhost immucore[661]: 2026-09-15T15:33:39Z DBG Bind mount end what=/etc/sysconfig
Sep 15 15:33:39.134040 localhost immucore[661]: 2026-09-15T15:33:39Z DBG Bind mount start what=/etc/systemd
Sep 15 15:33:39.134040 localhost immucore[661]: 2026-09-15T15:33:39Z DBG Bind mount what=/sysroot/usr/local/.state/etc-systemd.bind where=/sysroot/etc/systemd
Sep 15 15:33:39.134040 localhost immucore[661]: 2026-09-15T15:33:39Z DBG Cleaning for sysroot new=/etc/systemd old=/etc/systemd
Sep 15 15:33:39.134040 localhost immucore[661]: 2026-09-15T15:33:39Z DBG Cleaning for sysroot new=/usr/local/.state/etc-systemd.bind old=/sysroot/usr/local/.state/etc-systemd.bind
Sep 15 15:33:39.130354 localhost kairos-immucore[661]: 
[0;90m
[0;38:5:245m
[0;1;31m
[0;90m
[0;38:5:245mBind mount end
Sep 15 15:33:39.130463 localhost kairos-immucore[661]: 
[0;90m
[0;38:5:245m
[0;1;31m
[0;90m
[0;38:5:245mBind mount start
Sep 15 15:33:39.130633 localhost kairos-immucore[661]: 
[0;90m
[0;38:5:245m
[0;1;31m
[0;90m
[0;38:5:245mBind mount
Sep 15 15:33:39.130725 localhost kairos-immucore[661]: 
[0;90m
[0;38:5:245m
[0;1;31m
[0;90m
[0;38:5:245mCleaning for sysroot
Sep 15 15:33:39.130789 localhost kairos-immucore[661]: 
[0;90m
[0;38:5:245m
[0;1;31m
[0;90m
[0;38:5:245mCleaning for sysroot
Sep 15 15:33:39.182129 localhost kairos-immucore[661]: 
[0;90m
[0;38:5:245m
[0;1;31m
[0;90m
[0;38:5:245mmount ready
Sep 15 15:33:39.182362 localhost immucore[661]: 2026-09-15T15:33:39Z DBG mount ready options=["bind"] type=overlay what=/sysroot/usr/local/.state/etc-systemd.bind where=/sysroot/etc/systemd
Sep 15 15:33:39.190482 localhost immucore[661]: 2026-09-15T15:33:39Z DBG Bind mount end what=/etc/systemd
Sep 15 15:33:39.190482 localhost immucore[661]: 2026-09-15T15:33:39Z DBG Bind mount start what=/etc/zfs
Sep 15 15:33:39.190482 localhost immucore[661]: 2026-09-15T15:33:39Z DBG Bind mount what=/sysroot/usr/local/.state/etc-zfs.bind where=/sysroot/etc/zfs
Sep 15 15:33:39.190482 localhost immucore[661]: 2026-09-15T15:33:39Z DBG Cleaning for sysroot new=/etc/zfs old=/etc/zfs
Sep 15 15:33:39.190482 localhost immucore[661]: 2026-09-15T15:33:39Z DBG Cleaning for sysroot new=/usr/local/.state/etc-zfs.bind old=/sysroot/usr/local/.state/etc-zfs.bind
Sep 15 15:33:39.189490 localhost kairos-immucore[661]: 
[0;90m
[0;38:5:245m
[0;1;31m
[0;90m
[0;38:5:245mBind mount end
Sep 15 15:33:39.189731 localhost kairos-immucore[661]: 
[0;90m
[0;38:5:245m
[0;1;31m
[0;90m
[0;38:5:245mBind mount start
Sep 15 15:33:39.189768 localhost kairos-immucore[661]: 
[0;90m
[0;38:5:245m
[0;1;31m
[0;90m
[0;38:5:245mBind mount
Sep 15 15:33:39.189967 localhost kairos-immucore[661]: 
[0;90m
[0;38:5:245m
[0;1;31m
[0;90m
[0;38:5:245mCleaning for sysroot
Sep 15 15:33:39.190071 localhost kairos-immucore[661]: 
[0;90m
[0;38:5:245m
[0;1;31m
[0;90m
[0;38:5:245mCleaning for sysroot
Sep 15 15:33:39.235397 localhost kairos-immucore[661]: 
[0;90m
[0;38:5:245m
[0;1;31m
[0;90m
[0;38:5:245mmount ready
Sep 15 15:33:39.235621 localhost immucore[661]: 2026-09-15T15:33:39Z DBG mount ready options=["bind"] type=overlay what=/sysroot/usr/local/.state/etc-zfs.bind where=/sysroot/etc/zfs
Sep 15 15:33:39.243028 localhost immucore[661]: 2026-09-15T15:33:39Z DBG Bind mount end what=/etc/zfs
Sep 15 15:33:39.243028 localhost immucore[661]: 2026-09-15T15:33:39Z DBG Bind mount start what=/var/lib/ca-certificates
Sep 15 15:33:39.243028 localhost immucore[661]: 2026-09-15T15:33:39Z DBG Bind mount what=/sysroot/usr/local/.state/var-lib-ca-certificates.bind where=/sysroot/var/lib/ca-certificates
Sep 15 15:33:39.243028 localhost immucore[661]: 2026-09-15T15:33:39Z DBG Cleaning for sysroot new=/var/lib/ca-certificates old=/var/lib/ca-certificates
Sep 15 15:33:39.243028 localhost immucore[661]: 2026-09-15T15:33:39Z DBG Cleaning for sysroot new=/usr/local/.state/var-lib-ca-certificates.bind old=/sysroot/usr/local/.state/var-lib-ca-certificates.bind
Sep 15 15:33:39.240756 localhost kairos-immucore[661]: 
[0;90m
[0;38:5:245m
[0;1;31m
[0;90m
[0;38:5:245mBind mount end
Sep 15 15:33:39.240861 localhost kairos-immucore[661]: 
[0;90m
[0;38:5:245m
[0;1;31m
[0;90m
[0;38:5:245mBind mount start
Sep 15 15:33:39.240960 localhost kairos-immucore[661]: 
[0;90m
[0;38:5:245m
[0;1;31m
[0;90m
[0;38:5:245mBind mount
Sep 15 15:33:39.241087 localhost kairos-immucore[661]: 
[0;90m
[0;38:5:245m
[0;1;31m
[0;90m
[0;38:5:245mCleaning for sysroot
Sep 15 15:33:39.241194 localhost kairos-immucore[661]: 
[0;90m
[0;38:5:245m
[0;1;31m
[0;90m
[0;38:5:245mCleaning for sysroot
Sep 15 15:33:39.283992 localhost kairos-immucore[661]: 
[0;90m
[0;38:5:245m
[0;1;31m
[0;90m
[0;38:5:245mmount ready
Sep 15 15:33:39.284140 localhost immucore[661]: 2026-09-15T15:33:39Z DBG mount ready options=["bind"] type=overlay what=/sysroot/usr/local/.state/var-lib-ca-certificates.bind where=/sysroot/var/lib/ca-certificates
Sep 15 15:33:39.292400 localhost immucore[661]: 2026-09-15T15:33:39Z DBG Bind mount end what=/var/lib/ca-certificates
Sep 15 15:33:39.292400 localhost immucore[661]: 2026-09-15T15:33:39Z DBG Bind mount start what=/var/lib/calico
Sep 15 15:33:39.292400 localhost immucore[661]: 2026-09-15T15:33:39Z DBG Bind mount what=/sysroot/usr/local/.state/var-lib-calico.bind where=/sysroot/var/lib/calico
Sep 15 15:33:39.292400 localhost immucore[661]: 2026-09-15T15:33:39Z DBG Cleaning for sysroot new=/var/lib/calico old=/var/lib/calico
Sep 15 15:33:39.292400 localhost immucore[661]: 2026-09-15T15:33:39Z DBG Cleaning for sysroot new=/usr/local/.state/var-lib-calico.bind old=/sysroot/usr/local/.state/var-lib-calico.bind
Sep 15 15:33:39.290089 localhost kairos-immucore[661]: 
[0;90m
[0;38:5:245m
[0;1;31m
[0;90m
[0;38:5:245mBind mount end
Sep 15 15:33:39.290118 localhost kairos-immucore[661]: 
[0;90m
[0;38:5:245m
[0;1;31m
[0;90m
[0;38:5:245mBind mount start
Sep 15 15:33:39.290135 localhost kairos-immucore[661]: 
[0;90m
[0;38:5:245m
[0;1;31m
[0;90m
[0;38:5:245mBind mount
Sep 15 15:33:39.290178 localhost kairos-immucore[661]: 
[0;90m
[0;38:5:245m
[0;1;31m
[0;90m
[0;38:5:245mCleaning for sysroot
Sep 15 15:33:39.290194 localhost kairos-immucore[661]: 
[0;90m
[0;38:5:245m
[0;1;31m
[0;90m
[0;38:5:245mCleaning for sysroot
Sep 15 15:33:39.355014 localhost kairos-immucore[661]: 
[0;90m
[0;38:5:245m
[0;1;31m
[0;90m
[0;38:5:245mmount ready
Sep 15 15:33:39.355170 localhost immucore[661]: 2026-09-15T15:33:39Z DBG mount ready options=["bind"] type=overlay what=/sysroot/usr/local/.state/var-lib-calico.bind where=/sysroot/var/lib/calico
Sep 15 15:33:39.363396 localhost immucore[661]: 2026-09-15T15:33:39Z DBG Bind mount end what=/var/lib/calico
Sep 15 15:33:39.363396 localhost immucore[661]: 2026-09-15T15:33:39Z DBG Bind mount start what=/etc/ssl/certs
Sep 15 15:33:39.363396 localhost immucore[661]: 2026-09-15T15:33:39Z DBG Bind mount what=/sysroot/usr/local/.state/etc-ssl-certs.bind where=/sysroot/etc/ssl/certs
Sep 15 15:33:39.363396 localhost immucore[661]: 2026-09-15T15:33:39Z DBG Cleaning for sysroot new=/etc/ssl/certs old=/etc/ssl/certs
Sep 15 15:33:39.363396 localhost immucore[661]: 2026-09-15T15:33:39Z DBG Cleaning for sysroot new=/usr/local/.state/etc-ssl-certs.bind old=/sysroot/usr/local/.state/etc-ssl-certs.bind
Sep 15 15:33:39.359213 localhost kairos-immucore[661]: 
[0;90m
[0;38:5:245m
[0;1;31m
[0;90m
[0;38:5:245mBind mount end
Sep 15 15:33:39.359384 localhost kairos-immucore[661]: 
[0;90m
[0;38:5:245m
[0;1;31m
[0;90m
[0;38:5:245mBind mount start
Sep 15 15:33:39.359443 localhost kairos-immucore[661]: 
[0;90m
[0;38:5:245m
[0;1;31m
[0;90m
[0;38:5:245mBind mount
Sep 15 15:33:39.359631 localhost kairos-immucore[661]: 
[0;90m
[0;38:5:245m
[0;1;31m
[0;90m
[0;38:5:245mCleaning for sysroot
Sep 15 15:33:39.359754 localhost kairos-immucore[661]: 
[0;90m
[0;38:5:245m
[0;1;31m
[0;90m
[0;38:5:245mCleaning for sysroot
Sep 15 15:33:39.405708 localhost kairos-immucore[661]: 
[0;90m
[0;38:5:245m
[0;1;31m
[0;90m
[0;38:5:245mmount ready
Sep 15 15:33:39.405881 localhost immucore[661]: 2026-09-15T15:33:39Z DBG mount ready options=["bind"] type=overlay what=/sysroot/usr/local/.state/etc-ssl-certs.bind where=/sysroot/etc/ssl/certs
Sep 15 15:33:39.420327 localhost kairos-immucore[661]: 
[0;90m
[0;38:5:245m
[0;1;31m
[0;90m
[0;38:5:245mBind mount end
Sep 15 15:33:39.420476 localhost immucore[661]: 2026-09-15T15:33:39Z DBG Bind mount end what=/etc/ssl/certs
Sep 15 15:33:39.420476 localhost immucore[661]: 2026-09-15T15:33:39Z DBG Bind mount start what=/var/lib/cni
Sep 15 15:33:39.420476 localhost immucore[661]: 2026-09-15T15:33:39Z DBG Bind mount what=/sysroot/usr/local/.state/var-lib-cni.bind where=/sysroot/var/lib/cni
Sep 15 15:33:39.420476 localhost immucore[661]: 2026-09-15T15:33:39Z DBG Cleaning for sysroot new=/var/lib/cni old=/var/lib/cni
Sep 15 15:33:39.420476 localhost immucore[661]: 2026-09-15T15:33:39Z DBG Cleaning for sysroot new=/usr/local/.state/var-lib-cni.bind old=/sysroot/usr/local/.state/var-lib-cni.bind
Sep 15 15:33:39.420385 localhost kairos-immucore[661]: 
[0;90m
[0;38:5:245m
[0;1;31m
[0;90m
[0;38:5:245mBind mount start
Sep 15 15:33:39.420407 localhost kairos-immucore[661]: 
[0;90m
[0;38:5:245m
[0;1;31m
[0;90m
[0;38:5:245mBind mount
Sep 15 15:33:39.420451 localhost kairos-immucore[661]: 
[0;90m
[0;38:5:245m
[0;1;31m
[0;90m
[0;38:5:245mCleaning for sysroot
Sep 15 15:33:39.420471 localhost kairos-immucore[661]: 
[0;90m
[0;38:5:245m
[0;1;31m
[0;90m
[0;38:5:245mCleaning for sysroot
Sep 15 15:33:39.485871 localhost kairos-immucore[661]: 
[0;90m
[0;38:5:245m
[0;1;31m
[0;90m
[0;38:5:245mmount ready
Sep 15 15:33:39.486044 localhost immucore[661]: 2026-09-15T15:33:39Z DBG mount ready options=["bind"] type=overlay what=/sysroot/usr/local/.state/var-lib-cni.bind where=/sysroot/var/lib/cni
Sep 15 15:33:39.493653 localhost immucore[661]: 2026-09-15T15:33:39Z DBG Bind mount end what=/var/lib/cni
Sep 15 15:33:39.493653 localhost immucore[661]: 2026-09-15T15:33:39Z DBG Bind mount start what=/var/lib/confexts
Sep 15 15:33:39.493653 localhost immucore[661]: 2026-09-15T15:33:39Z DBG Bind mount what=/sysroot/usr/local/.state/var-lib-confexts.bind where=/sysroot/var/lib/confexts
Sep 15 15:33:39.493653 localhost immucore[661]: 2026-09-15T15:33:39Z DBG Cleaning for sysroot new=/var/lib/confexts old=/var/lib/confexts
Sep 15 15:33:39.493653 localhost immucore[661]: 2026-09-15T15:33:39Z DBG Cleaning for sysroot new=/usr/local/.state/var-lib-confexts.bind old=/sysroot/usr/local/.state/var-lib-confexts.bind
Sep 15 15:33:39.489423 localhost kairos-immucore[661]: 
[0;90m
[0;38:5:245m
[0;1;31m
[0;90m
[0;38:5:245mBind mount end
Sep 15 15:33:39.489452 localhost kairos-immucore[661]: 
[0;90m
[0;38:5:245m
[0;1;31m
[0;90m
[0;38:5:245mBind mount start
Sep 15 15:33:39.489471 localhost kairos-immucore[661]: 
[0;90m
[0;38:5:245m
[0;1;31m
[0;90m
[0;38:5:245mBind mount
Sep 15 15:33:39.489516 localhost kairos-immucore[661]: 
[0;90m
[0;38:5:245m
[0;1;31m
[0;90m
[0;38:5:245mCleaning for sysroot
Sep 15 15:33:39.489617 localhost kairos-immucore[661]: 
[0;90m
[0;38:5:245m
[0;1;31m
[0;90m
[0;38:5:245mCleaning for sysroot
Sep 15 15:33:39.533026 localhost kairos-immucore[661]: 
[0;90m
[0;38:5:245m
[0;1;31m
[0;90m
[0;38:5:245mmount ready
Sep 15 15:33:39.533364 localhost immucore[661]: 2026-09-15T15:33:39Z DBG mount ready options=["bind"] type=overlay what=/sysroot/usr/local/.state/var-lib-confexts.bind where=/sysroot/var/lib/confexts
Sep 15 15:33:39.541468 localhost kairos-immucore[661]: 
[0;90m
[0;38:5:245m
[0;1;31m
[0;90m
[0;38:5:245mBind mount end
Sep 15 15:33:39.541631 localhost immucore[661]: 2026-09-15T15:33:39Z DBG Bind mount end what=/var/lib/confexts
Sep 15 15:33:39.541631 localhost immucore[661]: 2026-09-15T15:33:39Z DBG Bind mount start what=/var/lib/containerd
Sep 15 15:33:39.541508 localhost kairos-immucore[661]: 
[0;90m
[0;38:5:245m
[0;1;31m
[0;90m
[0;38:5:245mBind mount start
Sep 15 15:33:39.549951 localhost immucore[661]: 2026-09-15T15:33:39Z DBG Bind mount what=/sysroot/usr/local/.state/var-lib-containerd.bind where=/sysroot/var/lib/containerd
Sep 15 15:33:39.549951 localhost immucore[661]: 2026-09-15T15:33:39Z DBG Cleaning for sysroot new=/var/lib/containerd old=/var/lib/containerd
Sep 15 15:33:39.549951 localhost immucore[661]: 2026-09-15T15:33:39Z DBG Cleaning for sysroot new=/usr/local/.state/var-lib-containerd.bind old=/sysroot/usr/local/.state/var-lib-containerd.bind
Sep 15 15:33:39.543188 localhost kairos-immucore[661]: 
[0;90m
[0;38:5:245m
[0;1;31m
[0;90m
[0;38:5:245mBind mount
Sep 15 15:33:39.543261 localhost kairos-immucore[661]: 
[0;90m
[0;38:5:245m
[0;1;31m
[0;90m
[0;38:5:245mCleaning for sysroot
Sep 15 15:33:39.543432 localhost kairos-immucore[661]: 
[0;90m
[0;38:5:245m
[0;1;31m
[0;90m
[0;38:5:245mCleaning for sysroot
Sep 15 15:33:39.608724 localhost kairos-immucore[661]: 
[0;90m
[0;38:5:245m
[0;1;31m
[0;90m
[0;38:5:245mmount ready
Sep 15 15:33:39.608939 localhost immucore[661]: 2026-09-15T15:33:39Z DBG mount ready options=["bind"] type=overlay what=/sysroot/usr/local/.state/var-lib-containerd.bind where=/sysroot/var/lib/containerd
Sep 15 15:33:39.619309 localhost kairos-immucore[661]: 
[0;90m
[0;38:5:245m
[0;1;31m
[0;90m
[0;38:5:245mBind mount end
Sep 15 15:33:39.619440 localhost immucore[661]: 2026-09-15T15:33:39Z DBG Bind mount end what=/var/lib/containerd
Sep 15 15:33:39.619440 localhost immucore[661]: 2026-09-15T15:33:39Z DBG Bind mount start what=/var/lib/dbus
Sep 15 15:33:39.619440 localhost immucore[661]: 2026-09-15T15:33:39Z DBG Bind mount what=/sysroot/usr/local/.state/var-lib-dbus.bind where=/sysroot/var/lib/dbus
Sep 15 15:33:39.619440 localhost immucore[661]: 2026-09-15T15:33:39Z DBG Cleaning for sysroot new=/var/lib/dbus old=/var/lib/dbus
Sep 15 15:33:39.619369 localhost kairos-immucore[661]: 
[0;90m
[0;38:5:245m
[0;1;31m
[0;90m
[0;38:5:245mBind mount start
Sep 15 15:33:39.637502 localhost immucore[661]: 2026-09-15T15:33:39Z DBG Cleaning for sysroot new=/usr/local/.state/var-lib-dbus.bind old=/sysroot/usr/local/.state/var-lib-dbus.bind
Sep 15 15:33:39.619390 localhost kairos-immucore[661]: 
[0;90m
[0;38:5:245m
[0;1;31m
[0;90m
[0;38:5:245mBind mount
Sep 15 15:33:39.619433 localhost kairos-immucore[661]: 
[0;90m
[0;38:5:245m
[0;1;31m
[0;90m
[0;38:5:245mCleaning for sysroot
Sep 15 15:33:39.619458 localhost kairos-immucore[661]: 
[0;90m
[0;38:5:245m
[0;1;31m
[0;90m
[0;38:5:245mCleaning for sysroot
Sep 15 15:33:39.685471 localhost kairos-immucore[661]: 
[0;90m
[0;38:5:245m
[0;1;31m
[0;90m
[0;38:5:245mmount ready
Sep 15 15:33:39.685635 localhost immucore[661]: 2026-09-15T15:33:39Z DBG mount ready options=["bind"] type=overlay what=/sysroot/usr/local/.state/var-lib-dbus.bind where=/sysroot/var/lib/dbus
Sep 15 15:33:39.693326 localhost immucore[661]: 2026-09-15T15:33:39Z DBG Bind mount end what=/var/lib/dbus
Sep 15 15:33:39.693326 localhost immucore[661]: 2026-09-15T15:33:39Z DBG Bind mount start what=/var/lib/etcd
Sep 15 15:33:39.693326 localhost immucore[661]: 2026-09-15T15:33:39Z DBG Bind mount what=/sysroot/usr/local/.state/var-lib-etcd.bind where=/sysroot/var/lib/etcd
Sep 15 15:33:39.693326 localhost immucore[661]: 2026-09-15T15:33:39Z DBG Cleaning for sysroot new=/var/lib/etcd old=/var/lib/etcd
Sep 15 15:33:39.693326 localhost immucore[661]: 2026-09-15T15:33:39Z DBG Cleaning for sysroot new=/usr/local/.state/var-lib-etcd.bind old=/sysroot/usr/local/.state/var-lib-etcd.bind
Sep 15 15:33:39.689201 localhost kairos-immucore[661]: 
[0;90m
[0;38:5:245m
[0;1;31m
[0;90m
[0;38:5:245mBind mount end
Sep 15 15:33:39.689312 localhost kairos-immucore[661]: 
[0;90m
[0;38:5:245m
[0;1;31m
[0;90m
[0;38:5:245mBind mount start
Sep 15 15:33:39.689415 localhost kairos-immucore[661]: 
[0;90m
[0;38:5:245m
[0;1;31m
[0;90m
[0;38:5:245mBind mount
Sep 15 15:33:39.689623 localhost kairos-immucore[661]: 
[0;90m
[0;38:5:245m
[0;1;31m
[0;90m
[0;38:5:245mCleaning for sysroot
Sep 15 15:33:39.689737 localhost kairos-immucore[661]: 
[0;90m
[0;38:5:245m
[0;1;31m
[0;90m
[0;38:5:245mCleaning for sysroot
Sep 15 15:33:39.733792 localhost kairos-immucore[661]: 
[0;90m
[0;38:5:245m
[0;1;31m
[0;90m
[0;38:5:245mmount ready
Sep 15 15:33:39.733986 localhost immucore[661]: 2026-09-15T15:33:39Z DBG mount ready options=["bind"] type=overlay what=/sysroot/usr/local/.state/var-lib-etcd.bind where=/sysroot/var/lib/etcd
Sep 15 15:33:39.742138 localhost immucore[661]: 2026-09-15T15:33:39Z DBG Bind mount end what=/var/lib/etcd
Sep 15 15:33:39.742138 localhost immucore[661]: 2026-09-15T15:33:39Z DBG Bind mount start what=/var/lib/extensions
Sep 15 15:33:39.742138 localhost immucore[661]: 2026-09-15T15:33:39Z DBG Bind mount what=/sysroot/usr/local/.state/var-lib-extensions.bind where=/sysroot/var/lib/extensions
Sep 15 15:33:39.742138 localhost immucore[661]: 2026-09-15T15:33:39Z DBG Cleaning for sysroot new=/var/lib/extensions old=/var/lib/extensions
Sep 15 15:33:39.742138 localhost immucore[661]: 2026-09-15T15:33:39Z DBG Cleaning for sysroot new=/usr/local/.state/var-lib-extensions.bind old=/sysroot/usr/local/.state/var-lib-extensions.bind
Sep 15 15:33:39.738035 localhost kairos-immucore[661]: 
[0;90m
[0;38:5:245m
[0;1;31m
[0;90m
[0;38:5:245mBind mount end
Sep 15 15:33:39.738144 localhost kairos-immucore[661]: 
[0;90m
[0;38:5:245m
[0;1;31m
[0;90m
[0;38:5:245mBind mount start
Sep 15 15:33:39.738250 localhost kairos-immucore[661]: 
[0;90m
[0;38:5:245m
[0;1;31m
[0;90m
[0;38:5:245mBind mount
Sep 15 15:33:39.738388 localhost kairos-immucore[661]: 
[0;90m
[0;38:5:245m
[0;1;31m
[0;90m
[0;38:5:245mCleaning for sysroot
Sep 15 15:33:39.738596 localhost kairos-immucore[661]: 
[0;90m
[0;38:5:245m
[0;1;31m
[0;90m
[0;38:5:245mCleaning for sysroot
Sep 15 15:33:39.782719 localhost kairos-immucore[661]: 
[0;90m
[0;38:5:245m
[0;1;31m
[0;90m
[0;38:5:245mmount ready
Sep 15 15:33:39.782947 localhost immucore[661]: 2026-09-15T15:33:39Z DBG mount ready options=["bind"] type=overlay what=/sysroot/usr/local/.state/var-lib-extensions.bind where=/sysroot/var/lib/extensions
Sep 15 15:33:39.791369 localhost immucore[661]: 2026-09-15T15:33:39Z DBG Bind mount end what=/var/lib/extensions
Sep 15 15:33:39.791369 localhost immucore[661]: 2026-09-15T15:33:39Z DBG Bind mount start what=/var/lib/k0s
Sep 15 15:33:39.791369 localhost immucore[661]: 2026-09-15T15:33:39Z DBG Bind mount what=/sysroot/usr/local/.state/var-lib-k0s.bind where=/sysroot/var/lib/k0s
Sep 15 15:33:39.791369 localhost immucore[661]: 2026-09-15T15:33:39Z DBG Cleaning for sysroot new=/var/lib/k0s old=/var/lib/k0s
Sep 15 15:33:39.791369 localhost immucore[661]: 2026-09-15T15:33:39Z DBG Cleaning for sysroot new=/usr/local/.state/var-lib-k0s.bind old=/sysroot/usr/local/.state/var-lib-k0s.bind
Sep 15 15:33:39.787711 localhost kairos-immucore[661]: 
[0;90m
[0;38:5:245m
[0;1;31m
[0;90m
[0;38:5:245mBind mount end
Sep 15 15:33:39.787880 localhost kairos-immucore[661]: 
[0;90m
[0;38:5:245m
[0;1;31m
[0;90m
[0;38:5:245mBind mount start
Sep 15 15:33:39.788117 localhost kairos-immucore[661]: 
[0;90m
[0;38:5:245m
[0;1;31m
[0;90m
[0;38:5:245mBind mount
Sep 15 15:33:39.788364 localhost kairos-immucore[661]: 
[0;90m
[0;38:5:245m
[0;1;31m
[0;90m
[0;38:5:245mCleaning for sysroot
Sep 15 15:33:39.788478 localhost kairos-immucore[661]: 
[0;90m
[0;38:5:245m
[0;1;31m
[0;90m
[0;38:5:245mCleaning for sysroot
Sep 15 15:33:39.831592 localhost kairos-immucore[661]: 
[0;90m
[0;38:5:245m
[0;1;31m
[0;90m
[0;38:5:245mmount ready
Sep 15 15:33:39.831773 localhost immucore[661]: 2026-09-15T15:33:39Z DBG mount ready options=["bind"] type=overlay what=/sysroot/usr/local/.state/var-lib-k0s.bind where=/sysroot/var/lib/k0s
Sep 15 15:33:39.841379 localhost kairos-immucore[661]: 
[0;90m
[0;38:5:245m
[0;1;31m
[0;90m
[0;38:5:245mBind mount end
Sep 15 15:33:39.841621 localhost immucore[661]: 2026-09-15T15:33:39Z DBG Bind mount end what=/var/lib/k0s
Sep 15 15:33:39.841621 localhost immucore[661]: 2026-09-15T15:33:39Z DBG Bind mount start what=/var/lib/kairos
Sep 15 15:33:39.841487 localhost kairos-immucore[661]: 
[0;90m
[0;38:5:245m
[0;1;31m
[0;90m
[0;38:5:245mBind mount start
Sep 15 15:33:39.848741 localhost immucore[661]: 2026-09-15T15:33:39Z DBG Bind mount what=/sysroot/usr/local/.state/var-lib-kairos.bind where=/sysroot/var/lib/kairos
Sep 15 15:33:39.848741 localhost immucore[661]: 2026-09-15T15:33:39Z DBG Cleaning for sysroot new=/var/lib/kairos old=/var/lib/kairos
Sep 15 15:33:39.848741 localhost immucore[661]: 2026-09-15T15:33:39Z DBG Cleaning for sysroot new=/usr/local/.state/var-lib-kairos.bind old=/sysroot/usr/local/.state/var-lib-kairos.bind
Sep 15 15:33:39.841615 localhost kairos-immucore[661]: 
[0;90m
[0;38:5:245m
[0;1;31m
[0;90m
[0;38:5:245mBind mount
Sep 15 15:33:39.841670 localhost kairos-immucore[661]: 
[0;90m
[0;38:5:245m
[0;1;31m
[0;90m
[0;38:5:245mCleaning for sysroot
Sep 15 15:33:39.844969 localhost kairos-immucore[661]: 
[0;90m
[0;38:5:245m
[0;1;31m
[0;90m
[0;38:5:245mCleaning for sysroot
Sep 15 15:33:39.907614 localhost kairos-immucore[661]: 
[0;90m
[0;38:5:245m
[0;1;31m
[0;90m
[0;38:5:245mmount ready
Sep 15 15:33:39.907783 localhost immucore[661]: 2026-09-15T15:33:39Z DBG mount ready options=["bind"] type=overlay what=/sysroot/usr/local/.state/var-lib-kairos.bind where=/sysroot/var/lib/kairos
Sep 15 15:33:39.915319 localhost immucore[661]: 2026-09-15T15:33:39Z DBG Bind mount end what=/var/lib/kairos
Sep 15 15:33:39.915319 localhost immucore[661]: 2026-09-15T15:33:39Z DBG Bind mount start what=/var/lib/kubelet
Sep 15 15:33:39.915319 localhost immucore[661]: 2026-09-15T15:33:39Z DBG Bind mount what=/sysroot/usr/local/.state/var-lib-kubelet.bind where=/sysroot/var/lib/kubelet
Sep 15 15:33:39.915319 localhost immucore[661]: 2026-09-15T15:33:39Z DBG Cleaning for sysroot new=/var/lib/kubelet old=/var/lib/kubelet
Sep 15 15:33:39.915319 localhost immucore[661]: 2026-09-15T15:33:39Z DBG Cleaning for sysroot new=/usr/local/.state/var-lib-kubelet.bind old=/sysroot/usr/local/.state/var-lib-kubelet.bind
Sep 15 15:33:39.912004 localhost kairos-immucore[661]: 
[0;90m
[0;38:5:245m
[0;1;31m
[0;90m
[0;38:5:245mBind mount end
Sep 15 15:33:39.912031 localhost kairos-immucore[661]: 
[0;90m
[0;38:5:245m
[0;1;31m
[0;90m
[0;38:5:245mBind mount start
Sep 15 15:33:39.912049 localhost kairos-immucore[661]: 
[0;90m
[0;38:5:245m
[0;1;31m
[0;90m
[0;38:5:245mBind mount
Sep 15 15:33:39.912089 localhost kairos-immucore[661]: 
[0;90m
[0;38:5:245m
[0;1;31m
[0;90m
[0;38:5:245mCleaning for sysroot
Sep 15 15:33:39.912106 localhost kairos-immucore[661]: 
[0;90m
[0;38:5:245m
[0;1;31m
[0;90m
[0;38:5:245mCleaning for sysroot
Sep 15 15:33:39.955988 localhost kairos-immucore[661]: 
[0;90m
[0;38:5:245m
[0;1;31m
[0;90m
[0;38:5:245mmount ready
Sep 15 15:33:39.956155 localhost immucore[661]: 2026-09-15T15:33:39Z DBG mount ready options=["bind"] type=overlay what=/sysroot/usr/local/.state/var-lib-kubelet.bind where=/sysroot/var/lib/kubelet
Sep 15 15:33:39.963814 localhost immucore[661]: 2026-09-15T15:33:39Z DBG Bind mount end what=/var/lib/kubelet
Sep 15 15:33:39.963814 localhost immucore[661]: 2026-09-15T15:33:39Z DBG Bind mount start what=/var/lib/longhorn
Sep 15 15:33:39.963814 localhost immucore[661]: 2026-09-15T15:33:39Z DBG Bind mount what=/sysroot/usr/local/.state/var-lib-longhorn.bind where=/sysroot/var/lib/longhorn
Sep 15 15:33:39.963814 localhost immucore[661]: 2026-09-15T15:33:39Z DBG Cleaning for sysroot new=/var/lib/longhorn old=/var/lib/longhorn
Sep 15 15:33:39.963814 localhost immucore[661]: 2026-09-15T15:33:39Z DBG Cleaning for sysroot new=/usr/local/.state/var-lib-longhorn.bind old=/sysroot/usr/local/.state/var-lib-longhorn.bind
Sep 15 15:33:39.960124 localhost kairos-immucore[661]: 
[0;90m
[0;38:5:245m
[0;1;31m
[0;90m
[0;38:5:245mBind mount end
Sep 15 15:33:39.960159 localhost kairos-immucore[661]: 
[0;90m
[0;38:5:245m
[0;1;31m
[0;90m
[0;38:5:245mBind mount start
Sep 15 15:33:39.960179 localhost kairos-immucore[661]: 
[0;90m
[0;38:5:245m
[0;1;31m
[0;90m
[0;38:5:245mBind mount
Sep 15 15:33:39.960250 localhost kairos-immucore[661]: 
[0;90m
[0;38:5:245m
[0;1;31m
[0;90m
[0;38:5:245mCleaning for sysroot
Sep 15 15:33:39.960279 localhost kairos-immucore[661]: 
[0;90m
[0;38:5:245m
[0;1;31m
[0;90m
[0;38:5:245mCleaning for sysroot
Sep 15 15:33:40.003999 localhost kairos-immucore[661]: 
[0;90m
[0;38:5:245m
[0;1;31m
[0;90m
[0;38:5:245mmount ready
Sep 15 15:33:40.004152 localhost immucore[661]: 2026-09-15T15:33:40Z DBG mount ready options=["bind"] type=overlay what=/sysroot/usr/local/.state/var-lib-longhorn.bind where=/sysroot/var/lib/longhorn
Sep 15 15:33:40.010862 localhost immucore[661]: 2026-09-15T15:33:40Z DBG Bind mount end what=/var/lib/longhorn
Sep 15 15:33:40.010862 localhost immucore[661]: 2026-09-15T15:33:40Z DBG Bind mount start what=/var/lib/osd
Sep 15 15:33:40.010862 localhost immucore[661]: 2026-09-15T15:33:40Z DBG Bind mount what=/sysroot/usr/local/.state/var-lib-osd.bind where=/sysroot/var/lib/osd
Sep 15 15:33:40.010862 localhost immucore[661]: 2026-09-15T15:33:40Z DBG Cleaning for sysroot new=/var/lib/osd old=/var/lib/osd
Sep 15 15:33:40.010862 localhost immucore[661]: 2026-09-15T15:33:40Z DBG Cleaning for sysroot new=/usr/local/.state/var-lib-osd.bind old=/sysroot/usr/local/.state/var-lib-osd.bind
Sep 15 15:33:40.007273 localhost kairos-immucore[661]: 
[0;90m
[0;38:5:245m
[0;1;31m
[0;90m
[0;38:5:245mBind mount end
Sep 15 15:33:40.007379 localhost kairos-immucore[661]: 
[0;90m
[0;38:5:245m
[0;1;31m
[0;90m
[0;38:5:245mBind mount start
Sep 15 15:33:40.007480 localhost kairos-immucore[661]: 
[0;90m
[0;38:5:245m
[0;1;31m
[0;90m
[0;38:5:245mBind mount
Sep 15 15:33:40.007612 localhost kairos-immucore[661]: 
[0;90m
[0;38:5:245m
[0;1;31m
[0;90m
[0;38:5:245mCleaning for sysroot
Sep 15 15:33:40.007723 localhost kairos-immucore[661]: 
[0;90m
[0;38:5:245m
[0;1;31m
[0;90m
[0;38:5:245mCleaning for sysroot
Sep 15 15:33:40.031428 localhost kairos-immucore[661]: 
[0;90m
[0;38:5:245m
[0;1;31m
[0;90m
[0;38:5:245mmount ready
Sep 15 15:33:40.031497 localhost immucore[661]: 2026-09-15T15:33:40Z DBG mount ready options=["bind"] type=overlay what=/sysroot/usr/local/.state/var-lib-osd.bind where=/sysroot/var/lib/osd
Sep 15 15:33:40.038081 localhost immucore[661]: 2026-09-15T15:33:40Z DBG Bind mount end what=/var/lib/osd
Sep 15 15:33:40.038081 localhost immucore[661]: 2026-09-15T15:33:40Z DBG Bind mount start what=/var/lib/rancher
Sep 15 15:33:40.038081 localhost immucore[661]: 2026-09-15T15:33:40Z DBG Bind mount what=/sysroot/usr/local/.state/var-lib-rancher.bind where=/sysroot/var/lib/rancher
Sep 15 15:33:40.038081 localhost immucore[661]: 2026-09-15T15:33:40Z DBG Cleaning for sysroot new=/var/lib/rancher old=/var/lib/rancher
Sep 15 15:33:40.038081 localhost immucore[661]: 2026-09-15T15:33:40Z DBG Cleaning for sysroot new=/usr/local/.state/var-lib-rancher.bind old=/sysroot/usr/local/.state/var-lib-rancher.bind
Sep 15 15:33:40.034997 localhost kairos-immucore[661]: 
[0;90m
[0;38:5:245m
[0;1;31m
[0;90m
[0;38:5:245mBind mount end
Sep 15 15:33:40.035099 localhost kairos-immucore[661]: 
[0;90m
[0;38:5:245m
[0;1;31m
[0;90m
[0;38:5:245mBind mount start
Sep 15 15:33:40.035210 localhost kairos-immucore[661]: 
[0;90m
[0;38:5:245m
[0;1;31m
[0;90m
[0;38:5:245mBind mount
Sep 15 15:33:40.035416 localhost kairos-immucore[661]: 
[0;90m
[0;38:5:245m
[0;1;31m
[0;90m
[0;38:5:245mCleaning for sysroot
Sep 15 15:33:40.035498 localhost kairos-immucore[661]: 
[0;90m
[0;38:5:245m
[0;1;31m
[0;90m
[0;38:5:245mCleaning for sysroot
Sep 15 15:33:40.079591 localhost kairos-immucore[661]: 
[0;90m
[0;38:5:245m
[0;1;31m
[0;90m
[0;38:5:245mmount ready
Sep 15 15:33:40.079858 localhost immucore[661]: 2026-09-15T15:33:40Z DBG mount ready options=["bind"] type=overlay what=/sysroot/usr/local/.state/var-lib-rancher.bind where=/sysroot/var/lib/rancher
Sep 15 15:33:40.086583 localhost kairos-immucore[661]: 
[0;90m
[0;38:5:245m
[0;1;31m
[0;90m
[0;38:5:245mBind mount end
Sep 15 15:33:40.086712 localhost immucore[661]: 2026-09-15T15:33:40Z DBG Bind mount end what=/var/lib/rancher
Sep 15 15:33:40.086712 localhost immucore[661]: 2026-09-15T15:33:40Z DBG Bind mount start what=/var/lib/rook
Sep 15 15:33:40.086712 localhost immucore[661]: 2026-09-15T15:33:40Z DBG Bind mount what=/sysroot/usr/local/.state/var-lib-rook.bind where=/sysroot/var/lib/rook
Sep 15 15:33:40.086712 localhost immucore[661]: 2026-09-15T15:33:40Z DBG Cleaning for sysroot new=/var/lib/rook old=/var/lib/rook
Sep 15 15:33:40.086712 localhost immucore[661]: 2026-09-15T15:33:40Z DBG Cleaning for sysroot new=/usr/local/.state/var-lib-rook.bind old=/sysroot/usr/local/.state/var-lib-rook.bind
Sep 15 15:33:40.086618 localhost kairos-immucore[661]: 
[0;90m
[0;38:5:245m
[0;1;31m
[0;90m
[0;38:5:245mBind mount start
Sep 15 15:33:40.086635 localhost kairos-immucore[661]: 
[0;90m
[0;38:5:245m
[0;1;31m
[0;90m
[0;38:5:245mBind mount
Sep 15 15:33:40.086676 localhost kairos-immucore[661]: 
[0;90m
[0;38:5:245m
[0;1;31m
[0;90m
[0;38:5:245mCleaning for sysroot
Sep 15 15:33:40.086693 localhost kairos-immucore[661]: 
[0;90m
[0;38:5:245m
[0;1;31m
[0;90m
[0;38:5:245mCleaning for sysroot
Sep 15 15:33:40.128733 localhost kairos-immucore[661]: 
[0;90m
[0;38:5:245m
[0;1;31m
[0;90m
[0;38:5:245mmount ready
Sep 15 15:33:40.128929 localhost immucore[661]: 2026-09-15T15:33:40Z DBG mount ready options=["bind"] type=overlay what=/sysroot/usr/local/.state/var-lib-rook.bind where=/sysroot/var/lib/rook
Sep 15 15:33:40.136157 localhost immucore[661]: 2026-09-15T15:33:40Z DBG Bind mount end what=/var/lib/rook
Sep 15 15:33:40.136157 localhost immucore[661]: 2026-09-15T15:33:40Z DBG Bind mount start what=/var/lib/tailscale
Sep 15 15:33:40.136157 localhost immucore[661]: 2026-09-15T15:33:40Z DBG Bind mount what=/sysroot/usr/local/.state/var-lib-tailscale.bind where=/sysroot/var/lib/tailscale
Sep 15 15:33:40.136157 localhost immucore[661]: 2026-09-15T15:33:40Z DBG Cleaning for sysroot new=/var/lib/tailscale old=/var/lib/tailscale
Sep 15 15:33:40.136157 localhost immucore[661]: 2026-09-15T15:33:40Z DBG Cleaning for sysroot new=/usr/local/.state/var-lib-tailscale.bind old=/sysroot/usr/local/.state/var-lib-tailscale.bind
Sep 15 15:33:40.132212 localhost kairos-immucore[661]: 
[0;90m
[0;38:5:245m
[0;1;31m
[0;90m
[0;38:5:245mBind mount end
Sep 15 15:33:40.132327 localhost kairos-immucore[661]: 
[0;90m
[0;38:5:245m
[0;1;31m
[0;90m
[0;38:5:245mBind mount start
Sep 15 15:33:40.132428 localhost kairos-immucore[661]: 
[0;90m
[0;38:5:245m
[0;1;31m
[0;90m
[0;38:5:245mBind mount
Sep 15 15:33:40.132610 localhost kairos-immucore[661]: 
[0;90m
[0;38:5:245m
[0;1;31m
[0;90m
[0;38:5:245mCleaning for sysroot
Sep 15 15:33:40.132727 localhost kairos-immucore[661]: 
[0;90m
[0;38:5:245m
[0;1;31m
[0;90m
[0;38:5:245mCleaning for sysroot
Sep 15 15:33:40.176411 localhost kairos-immucore[661]: 
[0;90m
[0;38:5:245m
[0;1;31m
[0;90m
[0;38:5:245mmount ready
Sep 15 15:33:40.176606 localhost immucore[661]: 2026-09-15T15:33:40Z DBG mount ready options=["bind"] type=overlay what=/sysroot/usr/local/.state/var-lib-tailscale.bind where=/sysroot/var/lib/tailscale
Sep 15 15:33:40.185626 localhost immucore[661]: 2026-09-15T15:33:40Z DBG Bind mount end what=/var/lib/tailscale
Sep 15 15:33:40.185626 localhost immucore[661]: 2026-09-15T15:33:40Z DBG Bind mount start what=/var/lib/wicked
Sep 15 15:33:40.185626 localhost immucore[661]: 2026-09-15T15:33:40Z DBG Bind mount what=/sysroot/usr/local/.state/var-lib-wicked.bind where=/sysroot/var/lib/wicked
Sep 15 15:33:40.185626 localhost immucore[661]: 2026-09-15T15:33:40Z DBG Cleaning for sysroot new=/var/lib/wicked old=/var/lib/wicked
Sep 15 15:33:40.185626 localhost immucore[661]: 2026-09-15T15:33:40Z DBG Cleaning for sysroot new=/usr/local/.state/var-lib-wicked.bind old=/sysroot/usr/local/.state/var-lib-wicked.bind
Sep 15 15:33:40.184631 localhost kairos-immucore[661]: 
[0;90m
[0;38:5:245m
[0;1;31m
[0;90m
[0;38:5:245mBind mount end
Sep 15 15:33:40.184739 localhost kairos-immucore[661]: 
[0;90m
[0;38:5:245m
[0;1;31m
[0;90m
[0;38:5:245mBind mount start
Sep 15 15:33:40.184836 localhost kairos-immucore[661]: 
[0;90m
[0;38:5:245m
[0;1;31m
[0;90m
[0;38:5:245mBind mount
Sep 15 15:33:40.184957 localhost kairos-immucore[661]: 
[0;90m
[0;38:5:245m
[0;1;31m
[0;90m
[0;38:5:245mCleaning for sysroot
Sep 15 15:33:40.185068 localhost kairos-immucore[661]: 
[0;90m
[0;38:5:245m
[0;1;31m
[0;90m
[0;38:5:245mCleaning for sysroot
Sep 15 15:33:40.251824 localhost kairos-immucore[661]: 
[0;90m
[0;38:5:245m
[0;1;31m
[0;90m
[0;38:5:245mmount ready
Sep 15 15:33:40.252128 localhost immucore[661]: 2026-09-15T15:33:40Z DBG mount ready options=["bind"] type=overlay what=/sysroot/usr/local/.state/var-lib-wicked.bind where=/sysroot/var/lib/wicked
Sep 15 15:33:40.260776 localhost immucore[661]: 2026-09-15T15:33:40Z DBG Bind mount end what=/var/lib/wicked
Sep 15 15:33:40.260776 localhost immucore[661]: 2026-09-15T15:33:40Z WRN
Sep 15 15:33:40.260776 localhost immucore[661]: 2026-09-15T15:33:40Z DBG Adding line to fstab what="tmpfs /tmp tmpfs rw 0 0"
Sep 15 15:33:40.260776 localhost immucore[661]: 2026-09-15T15:33:40Z DBG Adding line to fstab what="/dev/vda1 /oem ext4 rw,suid,dev,exec,async 0 0"
Sep 15 15:33:40.260776 localhost immucore[661]: 2026-09-15T15:33:40Z DBG Adding line to fstab what="tmpfs /run/overlay tmpfs size=25% 0 0"
Sep 15 15:33:40.260776 localhost immucore[661]: 2026-09-15T15:33:40Z DBG Adding line to fstab what="/dev/vda2 /usr/local ext4 rw 0 0"
Sep 15 15:33:40.260776 localhost immucore[661]: 2026-09-15T15:33:40Z DBG Adding line to fstab what="overlay /var overlay lowerdir=/sysroot/var,upperdir=/run/overlay/var/.overlay/upper,workdir=/run/overlay/var/.overlay/work 0 0"
Sep 15 15:33:40.260776 localhost immucore[661]: 2026-09-15T15:33:40Z DBG Adding line to fstab what="overlay /etc overlay lowerdir=/sysroot/etc,upperdir=/run/overlay/etc/.overlay/upper,workdir=/run/overlay/etc/.overlay/work 0 0"
Sep 15 15:33:40.260776 localhost immucore[661]: 2026-09-15T15:33:40Z DBG Adding line to fstab what="overlay /srv overlay lowerdir=/sysroot/srv,upperdir=/run/overlay/srv/.overlay/upper,workdir=/run/overlay/srv/.overlay/work 0 0"
Sep 15 15:33:40.260776 localhost immucore[661]: 2026-09-15T15:33:40Z DBG Adding line to fstab what="/usr/local/.state/home.bind /home overlay bind 0 0"
Sep 15 15:33:40.260776 localhost immucore[661]: 2026-09-15T15:33:40Z DBG Adding line to fstab what="/usr/local/.state/opt.bind /opt overlay bind 0 0"
Sep 15 15:33:40.260776 localhost immucore[661]: 2026-09-15T15:33:40Z DBG Adding line to fstab what="/usr/local/.state/root.bind /root overlay bind 0 0"
Sep 15 15:33:40.260776 localhost immucore[661]: 2026-09-15T15:33:40Z DBG Adding line to fstab what="/usr/local/.state/etc-cni.bind /etc/cni overlay bind 0 0"
Sep 15 15:33:40.260776 localhost immucore[661]: 2026-09-15T15:33:40Z DBG detecting boot state
Sep 15 15:33:40.260776 localhost immucore[661]: 2026-09-15T15:33:40Z DBG Detected in-RAM boot; classifying as Active
Sep 15 15:33:40.260776 localhost immucore[661]: 2026-09-15T15:33:40Z DBG Adding line to fstab what="/usr/local/.state/var-cores.bind /var/cores overlay bind 0 0"
Sep 15 15:33:40.260776 localhost immucore[661]: 2026-09-15T15:33:40Z DBG Adding line to fstab what="/usr/local/.state/etc-init.d.bind /etc/init.d overlay bind 0 0"
Sep 15 15:33:40.258032 localhost kairos-immucore[661]: 
[0;90m
[0;38:5:245m
[0;1;31m
[0;90m
[0;38:5:245mBind mount end
Sep 15 15:33:40.343324 localhost immucore[661]: 2026-09-15T15:33:40Z DBG Adding line to fstab what="/usr/local/.state/etc-iscsi.bind /etc/iscsi overlay bind 0 0"
Sep 15 15:33:40.343324 localhost immucore[661]: 2026-09-15T15:33:40Z DBG Adding line to fstab what="/usr/local/.state/etc-k0s.bind /etc/k0s overlay bind 0 0"
Sep 15 15:33:40.343324 localhost immucore[661]: 2026-09-15T15:33:40Z DBG Adding line to fstab what="/usr/local/.state/etc-kubernetes.bind /etc/kubernetes overlay bind 0 0"
Sep 15 15:33:40.343324 localhost immucore[661]: 2026-09-15T15:33:40Z DBG Adding line to fstab what="/usr/local/.state/usr-libexec.bind /usr/libexec overlay bind 0 0"
Sep 15 15:33:40.343324 localhost immucore[661]: 2026-09-15T15:33:40Z DBG Adding line to fstab what="/usr/local/.state/var-log.bind /var/log overlay bind 0 0"
Sep 15 15:33:40.343324 localhost immucore[661]: 2026-09-15T15:33:40Z DBG Adding line to fstab what="/usr/local/.state/etc-modprobe.d.bind /etc/modprobe.d overlay bind 0 0"
Sep 15 15:33:40.343324 localhost immucore[661]: 2026-09-15T15:33:40Z DBG Adding line to fstab what="/usr/local/.state/etc-pwx.bind /etc/pwx overlay bind 0 0"
Sep 15 15:33:40.343324 localhost immucore[661]: 2026-09-15T15:33:40Z DBG Adding line to fstab what="/usr/local/.state/etc-rancher.bind /etc/rancher overlay bind 0 0"
Sep 15 15:33:40.343324 localhost immucore[661]: 2026-09-15T15:33:40Z DBG Adding line to fstab what="/usr/local/.state/etc-runlevels.bind /etc/runlevels overlay bind 0 0"
Sep 15 15:33:40.343324 localhost immucore[661]: 2026-09-15T15:33:40Z DBG Adding line to fstab what="/usr/local/.state/etc-ssh.bind /etc/ssh overlay bind 0 0"
Sep 15 15:33:40.343324 localhost immucore[661]: 2026-09-15T15:33:40Z DBG Adding line to fstab what="/usr/local/.state/etc-sysconfig.bind /etc/sysconfig overlay bind 0 0"
Sep 15 15:33:40.343324 localhost immucore[661]: 2026-09-15T15:33:40Z DBG Adding line to fstab what="/usr/local/.state/etc-systemd.bind /etc/systemd overlay bind 0 0"
Sep 15 15:33:40.343324 localhost immucore[661]: 2026-09-15T15:33:40Z DBG Adding line to fstab what="/usr/local/.state/etc-zfs.bind /etc/zfs overlay bind 0 0"
Sep 15 15:33:40.343324 localhost immucore[661]: 2026-09-15T15:33:40Z DBG Adding line to fstab what="/usr/local/.state/var-lib-ca-certificates.bind /var/lib/ca-certificates overlay bind 0 0"
Sep 15 15:33:40.343324 localhost immucore[661]: 2026-09-15T15:33:40Z DBG Adding line to fstab what="/usr/local/.state/var-lib-calico.bind /var/lib/calico overlay bind 0 0"
Sep 15 15:33:40.258140 localhost kairos-immucore[661]: 
Sep 15 15:33:40.422331 localhost immucore[661]: 2026-09-15T15:33:40Z DBG Adding line to fstab what="/usr/local/.state/etc-ssl-certs.bind /etc/ssl/certs overlay bind 0 0"
Sep 15 15:33:40.422331 localhost immucore[661]: 2026-09-15T15:33:40Z DBG Adding line to fstab what="/usr/local/.state/var-lib-cni.bind /var/lib/cni overlay bind 0 0"
Sep 15 15:33:40.422331 localhost immucore[661]: 2026-09-15T15:33:40Z DBG Adding line to fstab what="/usr/local/.state/var-lib-confexts.bind /var/lib/confexts overlay bind 0 0"
Sep 15 15:33:40.422331 localhost immucore[661]: 2026-09-15T15:33:40Z DBG Adding line to fstab what="/usr/local/.state/var-lib-containerd.bind /var/lib/containerd overlay bind 0 0"
Sep 15 15:33:40.422331 localhost immucore[661]: 2026-09-15T15:33:40Z DBG Adding line to fstab what="/usr/local/.state/var-lib-dbus.bind /var/lib/dbus overlay bind 0 0"
Sep 15 15:33:40.422331 localhost immucore[661]: 2026-09-15T15:33:40Z DBG Adding line to fstab what="/usr/local/.state/var-lib-etcd.bind /var/lib/etcd overlay bind 0 0"
Sep 15 15:33:40.422331 localhost immucore[661]: 2026-09-15T15:33:40Z DBG Adding line to fstab what="/usr/local/.state/var-lib-extensions.bind /var/lib/extensions overlay bind 0 0"
Sep 15 15:33:40.422331 localhost immucore[661]: 2026-09-15T15:33:40Z DBG Adding line to fstab what="/usr/local/.state/var-lib-k0s.bind /var/lib/k0s overlay bind 0 0"
Sep 15 15:33:40.422331 localhost immucore[661]: 2026-09-15T15:33:40Z DBG Adding line to fstab what="/usr/local/.state/var-lib-kairos.bind /var/lib/kairos overlay bind 0 0"
Sep 15 15:33:40.422331 localhost immucore[661]: 2026-09-15T15:33:40Z DBG Adding line to fstab what="/usr/local/.state/var-lib-kubelet.bind /var/lib/kubelet overlay bind 0 0"
Sep 15 15:33:40.422331 localhost immucore[661]: 2026-09-15T15:33:40Z DBG Adding line to fstab what="/usr/local/.state/var-lib-longhorn.bind /var/lib/longhorn overlay bind 0 0"
Sep 15 15:33:40.422331 localhost immucore[661]: 2026-09-15T15:33:40Z DBG Adding line to fstab what="/usr/local/.state/var-lib-osd.bind /var/lib/osd overlay bind 0 0"
Sep 15 15:33:40.422331 localhost immucore[661]: 2026-09-15T15:33:40Z DBG Adding line to fstab what="/usr/local/.state/var-lib-rancher.bind /var/lib/rancher overlay bind 0 0"
Sep 15 15:33:40.422331 localhost immucore[661]: 2026-09-15T15:33:40Z DBG Adding line to fstab what="/usr/local/.state/var-lib-rook.bind /var/lib/rook overlay bind 0 0"
Sep 15 15:33:40.258493 localhost kairos-immucore[661]: 
[0;90m
[0;38:5:245m
[0;1;31m
[0;90m
[0;38:5:245mAdding line to fstab
Sep 15 15:33:40.499834 localhost immucore[661]: 2026-09-15T15:33:40Z DBG Adding line to fstab what="/usr/local/.state/var-lib-tailscale.bind /var/lib/tailscale overlay bind 0 0"
Sep 15 15:33:40.499834 localhost immucore[661]: 2026-09-15T15:33:40Z DBG Adding line to fstab what="/usr/local/.state/var-lib-wicked.bind /var/lib/wicked overlay bind 0 0"
Sep 15 15:33:40.258718 localhost kairos-immucore[661]: 
[0;90m
[0;38:5:245m
[0;1;31m
[0;90m
[0;38:5:245mAdding line to fstab
Sep 15 15:33:40.258832 localhost kairos-immucore[661]: 
[0;90m
[0;38:5:245m
[0;1;31m
[0;90m
[0;38:5:245mAdding line to fstab
Sep 15 15:33:40.258931 localhost kairos-immucore[661]: 
[0;90m
[0;38:5:245m
[0;1;31m
[0;90m
[0;38:5:245mAdding line to fstab
Sep 15 15:33:40.258970 localhost kairos-immucore[661]: 
[0;90m
[0;38:5:245m
[0;1;31m
[0;90m
[0;38:5:245mAdding line to fstab
Sep 15 15:33:40.259083 localhost kairos-immucore[661]: 
[0;90m
[0;38:5:245m
[0;1;31m
[0;90m
[0;38:5:245mAdding line to fstab
Sep 15 15:33:40.259190 localhost kairos-immucore[661]: 
[0;90m
[0;38:5:245m
[0;1;31m
[0;90m
[0;38:5:245mAdding line to fstab
Sep 15 15:33:40.259307 localhost kairos-immucore[661]: 
[0;90m
[0;38:5:245m
[0;1;31m
[0;90m
[0;38:5:245mAdding line to fstab
Sep 15 15:33:40.259411 localhost kairos-immucore[661]: 
[0;90m
[0;38:5:245m
[0;1;31m
[0;90m
[0;38:5:245mAdding line to fstab
Sep 15 15:33:40.259487 localhost kairos-immucore[661]: 
[0;90m
[0;38:5:245m
[0;1;31m
[0;90m
[0;38:5:245mAdding line to fstab
Sep 15 15:33:40.259607 localhost kairos-immucore[661]: 
[0;90m
[0;38:5:245m
[0;1;31m
[0;90m
[0;38:5:245mAdding line to fstab
Sep 15 15:33:40.259647 localhost kairos-immucore[661]: 
[0;90m
[0;38:5:245m
[0;1;31m
[0;90m
[0;38:5:245mdetecting boot state
Sep 15 15:33:40.259675 localhost kairos-immucore[661]: 
[0;90m
[0;38:5:245m
[0;1;31m
[0;90m
[0;38:5:245mDetected in-RAM boot; classifying as Active
Sep 15 15:33:40.259716 localhost kairos-immucore[661]: 
[0;90m
[0;38:5:245m
[0;1;31m
[0;90m
[0;38:5:245mAdding line to fstab
Sep 15 15:33:40.259823 localhost kairos-immucore[661]: 
[0;90m
[0;38:5:245m
[0;1;31m
[0;90m
[0;38:5:245mAdding line to fstab
Sep 15 15:33:40.259859 localhost kairos-immucore[661]: 
[0;90m
[0;38:5:245m
[0;1;31m
[0;90m
[0;38:5:245mAdding line to fstab
Sep 15 15:33:40.259965 localhost kairos-immucore[661]: 
[0;90m
[0;38:5:245m
[0;1;31m
[0;90m
[0;38:5:245mAdding line to fstab
Sep 15 15:33:40.260069 localhost kairos-immucore[661]: 
[0;90m
[0;38:5:245m
[0;1;31m
[0;90m
[0;38:5:245mAdding line to fstab
Sep 15 15:33:40.260167 localhost kairos-immucore[661]: 
[0;90m
[0;38:5:245m
[0;1;31m
[0;90m
[0;38:5:245mAdding line to fstab
Sep 15 15:33:40.260246 localhost kairos-immucore[661]: 
[0;90m
[0;38:5:245m
[0;1;31m
[0;90m
[0;38:5:245mAdding line to fstab
Sep 15 15:33:40.260317 localhost kairos-immucore[661]: 
[0;90m
[0;38:5:245m
[0;1;31m
[0;90m
[0;38:5:245mAdding line to fstab
Sep 15 15:33:40.260423 localhost kairos-immucore[661]: 
[0;90m
[0;38:5:245m
[0;1;31m
[0;90m
[0;38:5:245mAdding line to fstab
Sep 15 15:33:40.260503 localhost kairos-immucore[661]: 
[0;90m
[0;38:5:245m
[0;1;31m
[0;90m
[0;38:5:245mAdding line to fstab
Sep 15 15:33:40.275010 localhost kairos-immucore[661]: 
[0;90m
[0;38:5:245m
[0;1;31m
[0;90m
[0;38:5:245mAdding line to fstab
Sep 15 15:33:40.275071 localhost kairos-immucore[661]: 
[0;90m
[0;38:5:245m
[0;1;31m
[0;90m
[0;38:5:245mAdding line to fstab
Sep 15 15:33:40.275095 localhost kairos-immucore[661]: 
[0;90m
[0;38:5:245m
[0;1;31m
[0;90m
[0;38:5:245mAdding line to fstab
Sep 15 15:33:40.275115 localhost kairos-immucore[661]: 
[0;90m
[0;38:5:245m
[0;1;31m
[0;90m
[0;38:5:245mAdding line to fstab
Sep 15 15:33:40.511647 localhost immucore[661]: 2026-09-15T15:33:40Z DBG Enabling system extensions
Sep 15 15:33:40.275138 localhost kairos-immucore[661]: 
[0;90m
[0;38:5:245m
[0;1;31m
[0;90m
[0;38:5:245mAdding line to fstab
Sep 15 15:33:40.514751 localhost immucore[661]: 2026-09-15T15:33:40Z DBG detecting boot state
Sep 15 15:33:40.514751 localhost immucore[661]: 2026-09-15T15:33:40Z DBG Detected in-RAM boot; classifying as Active
Sep 15 15:33:40.275157 localhost kairos-immucore[661]: 
[0;90m
[0;38:5:245m
[0;1;31m
[0;90m
[0;38:5:245mAdding line to fstab
Sep 15 15:33:40.521277 localhost immucore[661]: 2026-09-15T15:33:40Z DBG Enabling config extensions
Sep 15 15:33:40.521277 localhost immucore[661]: 2026-09-15T15:33:40Z INF Running initramfs stage
Sep 15 15:33:40.275175 localhost kairos-immucore[661]: 
[0;90m
[0;38:5:245m
[0;1;31m
[0;90m
[0;38:5:245mAdding line to fstab
Sep 15 15:33:40.275193 localhost kairos-immucore[661]: 
[0;90m
[0;38:5:245m
[0;1;31m
[0;90m
[0;38:5:245mAdding line to fstab
Sep 15 15:33:40.275211 localhost kairos-immucore[661]: 
[0;90m
[0;38:5:245m
[0;1;31m
[0;90m
[0;38:5:245mAdding line to fstab
Sep 15 15:33:40.275264 localhost kairos-immucore[661]: 
[0;90m
[0;38:5:245m
[0;1;31m
[0;90m
[0;38:5:245mAdding line to fstab
Sep 15 15:33:40.275285 localhost kairos-immucore[661]: 
[0;90m
[0;38:5:245m
[0;1;31m
[0;90m
[0;38:5:245mAdding line to fstab
Sep 15 15:33:40.275311 localhost kairos-immucore[661]: 
[0;90m
[0;38:5:245m
[0;1;31m
[0;90m
[0;38:5:245mAdding line to fstab
Sep 15 15:33:40.275332 localhost kairos-immucore[661]: 
[0;90m
[0;38:5:245m
[0;1;31m
[0;90m
[0;38:5:245mAdding line to fstab
Sep 15 15:33:40.275352 localhost kairos-immucore[661]: 
[0;90m
[0;38:5:245m
[0;1;31m
[0;90m
[0;38:5:245mAdding line to fstab
Sep 15 15:33:40.275373 localhost kairos-immucore[661]: 
[0;90m
[0;38:5:245m
[0;1;31m
[0;90m
[0;38:5:245mAdding line to fstab
Sep 15 15:33:40.275392 localhost kairos-immucore[661]: 
[0;90m
[0;38:5:245m
[0;1;31m
[0;90m
[0;38:5:245mAdding line to fstab
Sep 15 15:33:40.275409 localhost kairos-immucore[661]: 
[0;90m
[0;38:5:245m
[0;1;31m
[0;90m
[0;38:5:245mAdding line to fstab
Sep 15 15:33:40.275432 localhost kairos-immucore[661]: 
[0;90m
[0;38:5:245m
[0;1;31m
[0;90m
[0;38:5:245mAdding line to fstab
Sep 15 15:33:40.275451 localhost kairos-immucore[661]: 
[0;90m
[0;38:5:245m
[0;1;31m
[0;90m
[0;38:5:245mAdding line to fstab
Sep 15 15:33:40.275471 localhost kairos-immucore[661]: 
[0;90m
[0;38:5:245m
[0;1;31m
[0;90m
[0;38:5:245mAdding line to fstab
Sep 15 15:33:40.275490 localhost kairos-immucore[661]: 
[0;90m
[0;38:5:245m
[0;1;31m
[0;90m
[0;38:5:245mAdding line to fstab
Sep 15 15:33:40.275508 localhost kairos-immucore[661]: 
[0;90m
[0;38:5:245m
[0;1;31m
[0;90m
[0;38:5:245mAdding line to fstab
Sep 15 15:33:40.275591 localhost kairos-immucore[661]: 
[0;90m
[0;38:5:245m
[0;1;31m
[0;90m
[0;38:5:245mAdding line to fstab
Sep 15 15:33:40.511443 localhost kairos-immucore[661]: 
[0;90m
[0;38:5:245m
[0;1;31m
[0;90m
[0;38:5:245mEnabling system extensions
Sep 15 15:33:40.512709 localhost kairos-immucore[661]: 
[0;90m
[0;38:5:245m
[0;1;31m
[0;90m
[0;38:5:245mdetecting boot state
Sep 15 15:33:40.512760 localhost kairos-immucore[661]: 
[0;90m
[0;38:5:245m
[0;1;31m
[0;90m
[0;38:5:245mDetected in-RAM boot; classifying as Active
Sep 15 15:33:40.516348 localhost kairos-immucore[661]: 
[0;90m
[0;38:5:245m
[0;1;31m
[0;90m
[0;38:5:245mEnabling config extensions
Sep 15 15:33:40.516584 localhost kairos-immucore[661]: Running initramfs stage
Sep 15 15:33:40.532264 localhost kairos-immucore[661]: Running stage: initramfs.before
Sep 15 15:33:40.532346 localhost immucore[661]: 2026-09-15T15:33:40Z INF Running stage: initramfs.before
Sep 15 15:33:40.532346 localhost immucore[661]: 
Sep 15 15:33:40.536716 localhost kairos-immucore[661]: 
[0;90m
[0;38:5:245m
[0;1;31m
[0;90m
[0;38:5:245mGenerating op for stage 'Datasource handling.Move old datasource to new location'
Sep 15 15:33:40.536773 localhost kairos-immucore[661]: 
[0;90m
[0;38:5:245m
[0;1;31m
[0;90m
[0;38:5:245mGenerating op for stage 'Datasource handling.Remove old userdata'
Sep 15 15:33:40.536808 localhost immucore[661]: 2026-09-15T15:33:40Z DBG Generating op for stage 'Datasource handling.Move old datasource to new location'
Sep 15 15:33:40.536808 localhost immucore[661]: 2026-09-15T15:33:40Z DBG Generating op for stage 'Datasource handling.Remove old userdata'
Sep 15 15:33:40.536808 localhost immucore[661]: 2026-09-15T15:33:40Z DBG Generating op for stage 'Datasource handling.Pull data from provider'
Sep 15 15:33:40.536808 localhost immucore[661]: 2026-09-15T15:33:40Z DBG Generating op for stage 'Datasource handling.3'
Sep 15 15:33:40.536785 localhost kairos-immucore[661]: 
[0;90m
[0;38:5:245m
[0;1;31m
[0;90m
[0;38:5:245mGenerating op for stage 'Datasource handling.Pull data from provider'
Sep 15 15:33:40.536796 localhost kairos-immucore[661]: 
[0;90m
[0;38:5:245m
[0;1;31m
[0;90m
[0;38:5:245mGenerating op for stage 'Datasource handling.3'
Sep 15 15:33:40.552415 localhost kairos-immucore[661]: 
[0;90m
[0;38:5:245m
[0;1;31m
[0;90m
[0;38:5:245mGenerating op for stage 'RPI configs.Set a safe date before user creation for RPI without hardware clocks'
Sep 15 15:33:40.552504 localhost immucore[661]: 2026-09-15T15:33:40Z DBG Generating op for stage 'RPI configs.Set a safe date before user creation for RPI without hardware clocks'
Sep 15 15:33:40.557660 localhost kairos-immucore[661]: 
[0;90m
[0;38:5:245m
[0;1;31m
[0;90m
[0;38:5:245mGenerating op for stage '/system/oem/29_blacklist.yaml.Blacklist bpfilter on Alpine ( bug: https://github.com/kairos-io/kairos/issues/277 )'
Sep 15 15:33:40.557739 localhost immucore[661]: 2026-09-15T15:33:40Z DBG Generating op for stage '/system/oem/29_blacklist.yaml.Blacklist bpfilter on Alpine ( bug: https://github.com/kairos-io/kairos/issues/277 )'
Sep 15 15:33:40.563171 localhost immucore[661]: 2026-09-15T15:33:40Z DBG Generating op for stage 'L4T RootFS Prep for Orin NX.Apply NVIDIA binaries'
Sep 15 15:33:40.557756 localhost kairos-immucore[661]: 
[0;90m
[0;38:5:245m
[0;1;31m
[0;90m
[0;38:5:245mGenerating op for stage 'L4T RootFS Prep for Orin NX.Apply NVIDIA binaries'
Sep 15 15:33:40.567583 localhost kairos-immucore[661]: 
[0;90m
[0;38:5:245m
[0;1;31m
[0;90m
[0;38:5:245mReading '/system/oem/00_datasource.yaml'
Sep 15 15:33:40.567745 localhost immucore[661]: 2026-09-15T15:33:40Z DBG Reading '/system/oem/00_datasource.yaml'
Sep 15 15:33:40.567745 localhost immucore[661]: 2026-09-15T15:33:40Z DBG Reading '/system/oem/11_RPI.yaml'
Sep 15 15:33:40.567745 localhost immucore[661]: 2026-09-15T15:33:40Z DBG Executing stage 'Datasource handling.Move old datasource to new location'
Sep 15 15:33:40.567745 localhost immucore[661]: 2026-09-15T15:33:40Z DBG Executing stage 'RPI configs.Set a safe date before user creation for RPI without hardware clocks'
Sep 15 15:33:40.567625 localhost kairos-immucore[661]: 
[0;90m
[0;38:5:245m
[0;1;31m
[0;90m
[0;38:5:245mReading '/system/oem/11_RPI.yaml'
Sep 15 15:33:40.567638 localhost kairos-immucore[661]: 
[0;90m
[0;38:5:245m
[0;1;31m
[0;90m
[0;38:5:245mExecuting stage 'Datasource handling.Move old datasource to new location'
Sep 15 15:33:40.567648 localhost kairos-immucore[661]: 
[0;90m
[0;38:5:245m
[0;1;31m
[0;90m
[0;38:5:245mExecuting stage 'RPI configs.Set a safe date before user creation for RPI without hardware clocks'
Sep 15 15:33:40.582047 localhost kairos-immucore[661]: 
[0;90m
[0;38:5:245m
[0;1;31m
[0;90m
[0;38:5:245mReading '/system/oem/29_blacklist.yaml'
Sep 15 15:33:40.582276 localhost immucore[661]: 2026-09-15T15:33:40Z DBG Reading '/system/oem/29_blacklist.yaml'
Sep 15 15:33:40.592638 localhost kairos-immucore[661]: 
[0;90m
[0;38:5:245m
[0;1;31m
[0;90m
[0;38:5:245mExecuting stage '/system/oem/29_blacklist.yaml.Blacklist bpfilter on Alpine ( bug: https://github.com/kairos-io/kairos/issues/277 )'
Sep 15 15:33:40.592694 localhost immucore[661]: 2026-09-15T15:33:40Z DBG Executing stage '/system/oem/29_blacklist.yaml.Blacklist bpfilter on Alpine ( bug: https://github.com/kairos-io/kairos/issues/277 )'
Sep 15 15:33:40.597940 localhost immucore[661]: 2026-09-15T15:33:40Z DBG Found systemd at /bin/systemctl
Sep 15 15:33:40.597940 localhost immucore[661]: 2026-09-15T15:33:40Z WRN (conditional) Skip 'service manager doesn't match openrc' stage name: /system/oem/29_blacklist.yaml.Blacklist bpfilter on Alpine ( bug: https://github.com/kairos-io/kairos/issues/277 )
Sep 15 15:33:40.594741 localhost kairos-immucore[661]: 
[0;90m
[0;38:5:245m
[0;1;31m
[0;90m
[0;38:5:245mFound systemd at /bin/systemctl
Sep 15 15:33:40.608161 localhost immucore[661]: 2026-09-15T15:33:40Z WRN (conditional) Skip 'Skipping stage (if statement error: failed to run [ -f "/proc/device-tree/model" ] && grep -i "Raspberry Pi" "/proc/device-tree/model": exit status 1)' stage name: RPI configs.Set a safe date before user creation for RPI without hardware clocks
Sep 15 15:33:40.608161 localhost immucore[661]: 2026-09-15T15:33:40Z WRN (conditional) Skip 'Skipping stage (if statement error: failed to run [ -d /oem/userdata ] && [ ! -d /oem/95_userdata ]: exit status 1)' stage name: Datasource handling.Move old datasource to new location
Sep 15 15:33:40.608161 localhost immucore[661]: 2026-09-15T15:33:40Z DBG Reading '/system/oem/00_datasource.yaml'
Sep 15 15:33:40.608161 localhost immucore[661]: 2026-09-15T15:33:40Z DBG Executing stage 'Datasource handling.Remove old userdata'
Sep 15 15:33:40.608161 localhost immucore[661]: 2026-09-15T15:33:40Z DBG Reading '/system/oem/30-prepare-l4t-rootfs.yaml'
Sep 15 15:33:40.608161 localhost immucore[661]: 2026-09-15T15:33:40Z DBG Executing stage 'L4T RootFS Prep for Orin NX.Apply NVIDIA binaries'
Sep 15 15:33:40.608161 localhost immucore[661]: 2026-09-15T15:33:40Z WRN (conditional) Skip 'Skipping stage (if statement error: failed to run [ -f "/proc/device-tree/model" ] && grep -i "Orin NX" "/proc/device-tree/model": exit status 1)' stage name: L4T RootFS Prep for Orin NX.Apply NVIDIA binaries
Sep 15 15:33:40.608161 localhost immucore[661]: 2026-09-15T15:33:40Z WRN (conditional) Skip 'Skipping stage (if statement error: failed to run [ -d /oem/userdata ] && [ -d /oem/95_userdata ]: exit status 1)' stage name: Datasource handling.Remove old userdata
Sep 15 15:33:40.608161 localhost immucore[661]: 2026-09-15T15:33:40Z DBG Reading '/system/oem/00_datasource.yaml'
Sep 15 15:33:40.608161 localhost immucore[661]: 2026-09-15T15:33:40Z DBG Executing stage 'Datasource handling.Pull data from provider'
Sep 15 15:33:40.608161 localhost immucore[661]: 2026-09-15T15:33:40Z WRN (conditional) Skip 'Skipping stage (if statement error: failed to run [ ! -e /oem/95_userdata ] && ([ ! -f /run/cos/uki_boot_mode ] || grep -q "kairos.pull_datasources" /proc/cmdline ): exit status 1)' stage name: Datasource handling.Pull data from provider
Sep 15 15:33:40.608161 localhost immucore[661]: 2026-09-15T15:33:40Z DBG Reading '/system/oem/00_datasource.yaml'
Sep 15 15:33:40.595058 localhost kairos-immucore[661]: 
[0;1;33m
[0;1;38:5:185m
[0;1;39m
[0;1;33m
[0;1;38:5:185m(conditional) Skip 'service manager doesn't match openrc' stage name: /system/oem/29_blacklist.yaml.Blacklist bpfilter on Alpine ( bug: https://github.com/kairos-io/kairos/issues/277 )
Sep 15 15:33:40.686963 localhost immucore[661]: 2026-09-15T15:33:40Z DBG Executing stage 'Datasource handling.3'
Sep 15 15:33:40.686963 localhost immucore[661]: 2026-09-15T15:33:40Z WRN (conditional) Skip 'Skipping stage (if statement error: failed to run [ ! -e /oem/95_userdata ]: exit status 1)' stage name: Datasource handling.3
Sep 15 15:33:40.686963 localhost immucore[661]: 2026-09-15T15:33:40Z INF Done executing stage 'initramfs.before'
Sep 15 15:33:40.686963 localhost immucore[661]: 
Sep 15 15:33:40.686963 localhost immucore[661]: 2026-09-15T15:33:40Z INF Running stage: initramfs
Sep 15 15:33:40.686963 localhost immucore[661]: 
Sep 15 15:33:40.686963 localhost immucore[661]: 2026-09-15T15:33:40Z DBG Generating op for stage 'Rootfs Layout Settings.Create journalctl /var/log/journal dir'
Sep 15 15:33:40.686963 localhost immucore[661]: 2026-09-15T15:33:40Z DBG Generating op for stage 'Rootfs Layout Settings.Restore /etc/machine-id for systemd systems'
Sep 15 15:33:40.686963 localhost immucore[661]: 2026-09-15T15:33:40Z DBG Generating op for stage 'Rootfs Layout Settings.Ensure /etc/machine-id for systemd systems'
Sep 15 15:33:40.686963 localhost immucore[661]: 2026-09-15T15:33:40Z DBG Generating op for stage 'Rootfs Layout Settings.Ensure /etc/machine-id for openrc systems'
Sep 15 15:33:40.686963 localhost immucore[661]: 2026-09-15T15:33:40Z DBG Generating op for stage 'Start agent.0'
Sep 15 15:33:40.686963 localhost immucore[661]: 2026-09-15T15:33:40Z DBG Generating op for stage 'Notify Kairos Plugins of Elemental Events.0'
Sep 15 15:33:40.686963 localhost immucore[661]: 2026-09-15T15:33:40Z DBG Generating op for stage 'Default network configuration.Enable systemd-network config files for DHCP'
Sep 15 15:33:40.686963 localhost immucore[661]: 2026-09-15T15:33:40Z DBG Generating op for stage 'Default network configuration.Disable NetworkManager and wicked'
Sep 15 15:33:40.686963 localhost immucore[661]: 2026-09-15T15:33:40Z DBG Generating op for stage 'Default network configuration.Link /etc/resolv.conf to systemd resolv.conf'
Sep 15 15:33:40.686963 localhost immucore[661]: 2026-09-15T15:33:40Z DBG Generating op for stage 'Default network configuration.Enabled systemd-networkd on Red Hat if available'
Sep 15 15:33:40.686963 localhost immucore[661]: 2026-09-15T15:33:40Z DBG Generating op for stage 'Default network configuration.Enable systemd-resolved on Red Hat if available'
Sep 15 15:33:40.686963 localhost immucore[661]: 2026-09-15T15:33:40Z DBG Generating op for stage 'Enable EFI assessment.Override systemd-boot services to enable RW on /efi partition'
Sep 15 15:33:40.686963 localhost immucore[661]: 2026-09-15T15:33:40Z DBG Generating op for stage 'Enable EFI assessment.Enable boot assessment'
Sep 15 15:33:40.600861 localhost kairos-immucore[661]: 
[0;1;33m
[0;1;38:5:185m
[0;1;39m
[0;1;33m
[0;1;38:5:185m(conditional) Skip 'Skipping stage (if statement error: failed to run [ -f "/proc/device-tree/model" ] && grep -i "Raspberry Pi" "/proc/device-tree/model": exit status 1)' stage name: RPI configs.Set a safe date before user creation for RPI without hardware clocks
Sep 15 15:33:40.782245 localhost immucore[661]: 2026-09-15T15:33:40Z DBG Generating op for stage 'Default config.Generate host keys'
Sep 15 15:33:40.782245 localhost immucore[661]: 2026-09-15T15:33:40Z DBG Generating op for stage 'Create openrc services.Create OpenRC services'
Sep 15 15:33:40.782245 localhost immucore[661]: 2026-09-15T15:33:40Z DBG Generating op for stage 'Create openrc services.Enable OpenRC services'
Sep 15 15:33:40.782245 localhost immucore[661]: 2026-09-15T15:33:40Z DBG Generating op for stage 'Default config.Default systemd config'
Sep 15 15:33:40.782245 localhost immucore[661]: 2026-09-15T15:33:40Z DBG Generating op for stage 'Default config.Create systemd services'
Sep 15 15:33:40.782245 localhost immucore[661]: 2026-09-15T15:33:40Z DBG Generating op for stage 'Default config.Override systemd-tpm2-setup/systemd-pcrproduct with temporary RW under /efi'
Sep 15 15:33:40.782245 localhost immucore[661]: 2026-09-15T15:33:40Z DBG Generating op for stage 'Default config.Enable systemd services'
Sep 15 15:33:40.782245 localhost immucore[661]: 2026-09-15T15:33:40Z DBG Generating op for stage 'Default user, permissions and serial login.Setup groups.0'
Sep 15 15:33:40.782245 localhost immucore[661]: 2026-09-15T15:33:40Z DBG Generating op for stage 'Default user, permissions and serial login.Setup users.1'
Sep 15 15:33:40.782245 localhost immucore[661]: 2026-09-15T15:33:40Z DBG Generating op for stage 'Default user, permissions and serial login.Set user password if running in live or uki.2'
Sep 15 15:33:40.782245 localhost immucore[661]: 2026-09-15T15:33:40Z DBG Generating op for stage 'Default user, permissions and serial login.Setup sudo.3'
Sep 15 15:33:40.782245 localhost immucore[661]: 2026-09-15T15:33:40Z DBG Generating op for stage 'Default user, permissions and serial login.Ensure runtime permission.4'
Sep 15 15:33:40.782245 localhost immucore[661]: 2026-09-15T15:33:40Z DBG Generating op for stage 'Default user, permissions and serial login.Ensure runtime permission.5'
Sep 15 15:33:40.782245 localhost immucore[661]: 2026-09-15T15:33:40Z DBG Generating op for stage 'Nvidia jetson specific files.Create files'
Sep 15 15:33:40.782245 localhost immucore[661]: 2026-09-15T15:33:40Z DBG Generating op for stage 'Root autologin.0'
Sep 15 15:33:40.782245 localhost immucore[661]: 2026-09-15T15:33:40Z DBG Generating op for stage 'Root autologin.Autologin on livecd for OpenRC'
Sep 15 15:33:40.782245 localhost immucore[661]: 2026-09-15T15:33:40Z DBG Generating op for stage 'SELinux.Relabelling'
Sep 15 15:33:40.782245 localhost immucore[661]: 2026-09-15T15:33:40Z DBG Generating op for stage '/system/oem/31_hosts.yaml.Ensure persistent hosts file'
Sep 15 15:33:40.600877 localhost kairos-immucore[661]: 
[0;1;33m
[0;1;38:5:185m
[0;1;39m
[0;1;33m
[0;1;38:5:185m(conditional) Skip 'Skipping stage (if statement error: failed to run [ -d /oem/userdata ] && [ ! -d /oem/95_userdata ]: exit status 1)' stage name: Datasource handling.Move old datasource to new location
Sep 15 15:33:40.876638 localhost immucore[661]: 2026-09-15T15:33:40Z DBG Generating op for stage '/system/oem/31_hosts.yaml.Ensure persistent /etc/ directory'
Sep 15 15:33:40.876638 localhost immucore[661]: 2026-09-15T15:33:40Z DBG Generating op for stage '/system/oem/31_hosts.yaml.Ensure persistent hostname'
Sep 15 15:33:40.876638 localhost immucore[661]: 2026-09-15T15:33:40Z DBG Generating op for stage 'Profile extensions.Set KUBECONFIG to access k9s and kubectl'
Sep 15 15:33:40.876638 localhost immucore[661]: 2026-09-15T15:33:40Z DBG Generating op for stage 'Start recovery on tty1.Starts kairos-recovery and generate a temporary pass'
Sep 15 15:33:40.876638 localhost immucore[661]: 2026-09-15T15:33:40Z DBG Generating op for stage 'Start recovery on tty1.Starts kairos-recovery for openRC based systems'
Sep 15 15:33:40.876638 localhost immucore[661]: 2026-09-15T15:33:40Z DBG Generating op for stage 'Start reset on tty1.Starts kairos-reset for systemd based systems'
Sep 15 15:33:40.876638 localhost immucore[661]: 2026-09-15T15:33:40Z DBG Generating op for stage 'Start reset on tty1.Starts kairos-reset for openRC-based systems'
Sep 15 15:33:40.876638 localhost immucore[661]: 2026-09-15T15:33:40Z DBG Generating op for stage 'Start installer on tty1..0'
Sep 15 15:33:40.876638 localhost immucore[661]: 2026-09-15T15:33:40Z DBG Generating op for stage 'Start installer on tty1..1'
Sep 15 15:33:40.876638 localhost immucore[661]: 2026-09-15T15:33:40Z DBG Generating op for stage 'Start installer on tty1..2'
Sep 15 15:33:40.876638 localhost immucore[661]: 2026-09-15T15:33:40Z DBG Generating op for stage 'Start installer on tty1..3'
Sep 15 15:33:40.876638 localhost immucore[661]: 2026-09-15T15:33:40Z DBG Generating op for stage 'sysext and confext configuration.systemd-sysext/confext uki config'
Sep 15 15:33:40.876638 localhost immucore[661]: 2026-09-15T15:33:40Z DBG Generating op for stage 'sysext and confext configuration.systemd-sysext/confext config'
Sep 15 15:33:40.876638 localhost immucore[661]: 2026-09-15T15:33:40Z DBG Generating op for stage 'sysext and confext configuration.systemd-sysext set hierarchy system-wide'
Sep 15 15:33:40.876638 localhost immucore[661]: 2026-09-15T15:33:40Z DBG Generating op for stage 'sysext and confext configuration.systemd-sysext/confext initramfs settings'
Sep 15 15:33:40.876638 localhost immucore[661]: 2026-09-15T15:33:40Z DBG Reading '/system/oem/12_nvidia.yaml'
Sep 15 15:33:40.876638 localhost immucore[661]: 2026-09-15T15:33:40Z DBG Executing stage 'Nvidia jetson specific files.Create files'
Sep 15 15:33:40.876638 localhost immucore[661]: 2026-09-15T15:33:40Z DBG Reading '/system/oem/25_autologin.yaml'
Sep 15 15:33:40.876638 localhost immucore[661]: 2026-09-15T15:33:40Z DBG Executing stage 'Root autologin.0'
Sep 15 15:33:40.600954 localhost kairos-immucore[661]: 
[0;90m
[0;38:5:245m
[0;1;31m
[0;90m
[0;38:5:245mReading '/system/oem/00_datasource.yaml'
Sep 15 15:33:40.964313 localhost immucore[661]: 2026-09-15T15:33:40Z DBG Reading '/system/oem/00_rootfs.yaml'
Sep 15 15:33:40.964313 localhost immucore[661]: 2026-09-15T15:33:40Z DBG Executing stage 'Rootfs Layout Settings.Create journalctl /var/log/journal dir'
Sep 15 15:33:40.964313 localhost immucore[661]: 2026-09-15T15:33:40Z DBG Found systemd at /bin/systemctl
Sep 15 15:33:40.964313 localhost immucore[661]: 2026-09-15T15:33:40Z INF Processing stage step 'Rootfs Layout Settings.Create journalctl /var/log/journal dir'. ( commands: 0, files: 0, ... )
Sep 15 15:33:40.964313 localhost immucore[661]: 2026-09-15T15:33:40Z DBG Stage: schema.Stage{
Sep 15 15:33:40.964313 localhost immucore[661]:   Directories: []schema.Directory{
Sep 15 15:33:40.964313 localhost immucore[661]:     schema.Directory{
Sep 15 15:33:40.964313 localhost immucore[661]:       Path: "/var/log/journal",
Sep 15 15:33:40.964313 localhost immucore[661]:     },
Sep 15 15:33:40.964313 localhost immucore[661]:   },
Sep 15 15:33:40.964313 localhost immucore[661]:   Name: "Create journalctl /var/log/journal dir",
Sep 15 15:33:40.964313 localhost immucore[661]:   OnlyIfServiceManager: "systemd",
Sep 15 15:33:40.964313 localhost immucore[661]: }
Sep 15 15:33:40.964313 localhost immucore[661]: 2026-09-15T15:33:40Z INF Running layout plugin
Sep 15 15:33:40.964313 localhost immucore[661]: 2026-09-15T15:33:40Z DBG Device field empty, skipping layout plugin
Sep 15 15:33:40.964313 localhost immucore[661]: 2026-09-15T15:33:40Z DBG Reading '/system/oem/05_network.yaml'
Sep 15 15:33:40.964313 localhost immucore[661]: 2026-09-15T15:33:40Z DBG Executing stage 'Default network configuration.Enable systemd-network config files for DHCP'
Sep 15 15:33:40.964313 localhost immucore[661]: 2026-09-15T15:33:40Z DBG Reading '/system/oem/31_hosts.yaml'
Sep 15 15:33:40.964313 localhost immucore[661]: 2026-09-15T15:33:40Z DBG Executing stage '/system/oem/31_hosts.yaml.Ensure persistent hosts file'
Sep 15 15:33:40.964313 localhost immucore[661]: 2026-09-15T15:33:40Z DBG Reading '/system/oem/02_agent.yaml'
Sep 15 15:33:40.964313 localhost immucore[661]: 2026-09-15T15:33:40Z DBG Executing stage 'Start agent.0'
Sep 15 15:33:40.964313 localhost immucore[661]: 2026-09-15T15:33:40Z DBG running stage (OnlyIfOs regex (Ubuntu.*|Debian.*|Fedora.*|CentOS.*|Rocky.*|AlmaLinux.*|Oracle.*Linux.*|SUSE.*|[Oo]penSUSE.*|Hadron.*|Red.*Hat.*) matches os name 'Hadron Linux
Sep 15 15:33:40.964313 localhost immucore[661]: 2026-09-15T15:33:40Z DBG Found systemd at /bin/systemctl
Sep 15 15:33:40.964313 localhost immucore[661]: 2026-09-15T15:33:40Z INF Processing stage step 'Default network configuration.Enable systemd-network config files for DHCP'. ( commands: 1, files: 2, ... )
Sep 15 15:33:40.964313 localhost immucore[661]: 2026-09-15T15:33:40Z DBG Stage: schema.Stage{
Sep 15 15:33:40.964313 localhost immucore[661]:   Commands: []string{
Sep 15 15:33:40.964313 localhost immucore[661]:     "networkctl reload",
Sep 15 15:33:40.964313 localhost immucore[661]:   },
Sep 15 15:33:40.964313 localhost immucore[661]:   Files: []schema.File{
Sep 15 15:33:40.964313 localhost immucore[661]:     schema.File{
Sep 15 15:33:40.964313 localhost immucore[661]:       Path: "/etc/systemd/network/20-dhcp.network",
Sep 15 15:33:40.964313 localhost immucore[661]:       Permissions: 420,
Sep 15 15:33:40.600972 localhost kairos-immucore[661]: 
[0;90m
[0;38:5:245m
[0;1;31m
[0;90m
[0;38:5:245mExecuting stage 'Datasource handling.Remove old userdata'
Sep 15 15:33:41.067899 localhost immucore[661]:       Content: "[Match]\nName=en*\n[Network]\nDHCP=yes\n[DHCP]\nClientIdentifier=mac\n",
Sep 15 15:33:41.067899 localhost immucore[661]:     },
Sep 15 15:33:41.067899 localhost immucore[661]:     schema.File{
Sep 15 15:33:41.067899 localhost immucore[661]:       Path: "/etc/systemd/network/20-dhcp-legacy.network",
Sep 15 15:33:41.067899 localhost immucore[661]:       Permissions: 420,
Sep 15 15:33:41.067899 localhost immucore[661]:       Content: "[Match]\nName=eth*\n[Network]\nDHCP=yes\n[DHCP]\nClientIdentifier=mac\n",
Sep 15 15:33:41.067899 localhost immucore[661]:     },
Sep 15 15:33:41.067899 localhost immucore[661]:   },
Sep 15 15:33:41.067899 localhost immucore[661]:   Name: "Enable systemd-network config files for DHCP",
Sep 15 15:33:41.067899 localhost immucore[661]:   OnlyIfOs: "Ubuntu.*|Debian.*|Fedora.*|CentOS.*|Rocky.*|AlmaLinux.*|Oracle.*Linux.*|SUSE.*|[Oo]penSUSE.*|Hadron.*|Red.*Hat.*",
Sep 15 15:33:41.067899 localhost immucore[661]:   OnlyIfServiceManager: "systemd",
Sep 15 15:33:41.067899 localhost immucore[661]: }
Sep 15 15:33:41.067899 localhost immucore[661]: 2026-09-15T15:33:40Z DBG Creating file /etc/systemd/network/20-dhcp.network
Sep 15 15:33:41.067899 localhost immucore[661]: 2026-09-15T15:33:40Z DBG Creating file /etc/systemd/network/20-dhcp-legacy.network
Sep 15 15:33:41.067899 localhost immucore[661]: 2026-09-15T15:33:40Z WRN (conditional) Skip 'Skipping stage (if statement error: failed to run [ -f "/sys/firmware/devicetree/base/model" ] && grep -i jetson "/sys/firmware/devicetree/base/model"
Sep 15 15:33:41.067899 localhost immucore[661]: : exit status 1)' stage name: Nvidia jetson specific files.Create files
Sep 15 15:33:41.067899 localhost immucore[661]: 2026-09-15T15:33:40Z DBG If statement result
Sep 15 15:33:41.067899 localhost immucore[661]: 2026-09-15T15:33:40Z DBG Found systemd at /bin/systemctl
Sep 15 15:33:41.067899 localhost immucore[661]: 2026-09-15T15:33:40Z INF Processing stage step 'Start agent.0'. ( commands: 1, files: 1, ... )
Sep 15 15:33:41.067899 localhost immucore[661]: 2026-09-15T15:33:40Z DBG Stage: schema.Stage{
Sep 15 15:33:41.067899 localhost immucore[661]:   Commands: []string{
Sep 15 15:33:41.067899 localhost immucore[661]:     "systemctl enable kairos-agent",
Sep 15 15:33:41.067899 localhost immucore[661]:   },
Sep 15 15:33:41.067899 localhost immucore[661]:   Files: []schema.File{
Sep 15 15:33:41.067899 localhost immucore[661]:     schema.File{
Sep 15 15:33:41.067899 localhost immucore[661]:       Path: "/etc/systemd/system/kairos-agent.service",
Sep 15 15:33:41.067899 localhost immucore[661]:       Permissions: 420,
Sep 15 15:33:41.067899 localhost immucore[661]:       Content: "[Unit]\nDescription=kairos agent\nAfter=cos-setup-network.service\nWants=network.target\n[Service]\nRestart=on-failure\nRestartSec=5s\nExecStart=/usr/bin/kairos-agent start\n[Install]\nWantedBy=multi-user.target\n",
Sep 15 15:33:41.067899 localhost immucore[661]:     },
Sep 15 15:33:41.067899 localhost immucore[661]:   },
Sep 15 15:33:41.067899 localhost immucore[661]:   If: "[ ! -f \"/run/cos/recovery_mode\" ]",
Sep 15 15:33:41.067899 localhost immucore[661]:   OnlyIfServiceManager: "systemd",
Sep 15 15:33:41.067899 localhost immucore[661]: }
Sep 15 15:33:41.067899 localhost immucore[661]: 2026-09-15T15:33:40Z DBG Creating file /etc/systemd/system/kairos-agent.service
Sep 15 15:33:41.067899 localhost immucore[661]: 2026-09-15T15:33:40Z DBG If statement result
Sep 15 15:33:40.600989 localhost kairos-immucore[661]: 
[0;90m
[0;38:5:245m
[0;1;31m
[0;90m
[0;38:5:245mReading '/system/oem/30-prepare-l4t-rootfs.yaml'
Sep 15 15:33:41.178644 localhost immucore[661]: 2026-09-15T15:33:40Z INF Processing stage step '/system/oem/31_hosts.yaml.Ensure persistent hosts file'. ( commands: 2, files: 1, ... )
Sep 15 15:33:41.178644 localhost immucore[661]: 2026-09-15T15:33:40Z DBG Stage: schema.Stage{
Sep 15 15:33:41.178644 localhost immucore[661]:   Commands: []string{
Sep 15 15:33:41.178644 localhost immucore[661]:     "rm -f /etc/hosts",
Sep 15 15:33:41.178644 localhost immucore[661]:     "ln -sf /usr/local/etc/hosts /etc/hosts",
Sep 15 15:33:41.178644 localhost immucore[661]:   },
Sep 15 15:33:41.178644 localhost immucore[661]:   Files: []schema.File{
Sep 15 15:33:41.178644 localhost immucore[661]:     schema.File{
Sep 15 15:33:41.178644 localhost immucore[661]:       Path: "/usr/local/etc/hosts",
Sep 15 15:33:41.178644 localhost immucore[661]:       Permissions: 420,
Sep 15 15:33:41.178644 localhost immucore[661]:       Content: "127.0.0.1 localhost\n::1       localhost\n",
Sep 15 15:33:41.178644 localhost immucore[661]:     },
Sep 15 15:33:41.178644 localhost immucore[661]:   },
Sep 15 15:33:41.178644 localhost immucore[661]:   Directories: []schema.Directory{
Sep 15 15:33:41.178644 localhost immucore[661]:     schema.Directory{
Sep 15 15:33:41.178644 localhost immucore[661]:       Path: "/usr/local/etc/",
Sep 15 15:33:41.178644 localhost immucore[661]:       Permissions: 493,
Sep 15 15:33:41.178644 localhost immucore[661]:     },
Sep 15 15:33:41.178644 localhost immucore[661]:   },
Sep 15 15:33:41.178644 localhost immucore[661]:   If: "[ ! -f \"/run/cos/recovery_mode\" ] && [ ! -L \"/etc/hosts\" ]",
Sep 15 15:33:41.178644 localhost immucore[661]:   Name: "Ensure persistent hosts file",
Sep 15 15:33:41.178644 localhost immucore[661]: }
Sep 15 15:33:41.178644 localhost immucore[661]: 2026-09-15T15:33:40Z DBG Creating directory /usr/local/etc
Sep 15 15:33:41.178644 localhost immucore[661]: 2026-09-15T15:33:40Z DBG Creating directory /usr/local/etc/
Sep 15 15:33:41.178644 localhost immucore[661]: 2026-09-15T15:33:40Z ERR mkdir /usr/local/etc/: file exists
Sep 15 15:33:41.178644 localhost immucore[661]: 2026-09-15T15:33:40Z ERR Error on file /system/oem/31_hosts.yaml on stage Ensure persistent hosts file: 1 error occurred:
Sep 15 15:33:41.178644 localhost immucore[661]:         * mkdir /usr/local/etc/: file exists
Sep 15 15:33:41.178644 localhost immucore[661]: 
Sep 15 15:33:41.178644 localhost immucore[661]: 2026-09-15T15:33:40Z DBG Creating file /usr/local/etc/hosts
Sep 15 15:33:41.178644 localhost immucore[661]: 2026-09-15T15:33:40Z DBG Reading '/system/oem/08_ssh.yaml'
Sep 15 15:33:41.178644 localhost immucore[661]: 2026-09-15T15:33:40Z DBG Executing stage 'Default config.Generate host keys'
Sep 15 15:33:41.178644 localhost immucore[661]: 2026-09-15T15:33:40Z INF Processing stage step 'Default config.Generate host keys'. ( commands: 2, files: 0, ... )
Sep 15 15:33:41.178644 localhost immucore[661]: 2026-09-15T15:33:40Z DBG Stage: schema.Stage{
Sep 15 15:33:41.178644 localhost immucore[661]:   Commands: []string{
Sep 15 15:33:41.178644 localhost immucore[661]:     "test -f /etc/ssh/ssh_host_rsa_key     || ssh-keygen -t rsa -b 4096 -f /etc/ssh/ssh_host_rsa_key -N ''",
Sep 15 15:33:41.178644 localhost immucore[661]:     "test -f /etc/ssh/ssh_host_ed25519_key || ssh-keygen -t ed25519 -f /etc/ssh/ssh_host_ed25519_key -N ''",
Sep 15 15:33:41.178644 localhost immucore[661]:   },
Sep 15 15:33:41.178644 localhost immucore[661]:   Name: "Generate host keys",
Sep 15 15:33:41.178644 localhost immucore[661]: }
Sep 15 15:33:40.601009 localhost kairos-immucore[661]: 
[0;90m
[0;38:5:245m
[0;1;31m
[0;90m
[0;38:5:245mExecuting stage 'L4T RootFS Prep for Orin NX.Apply NVIDIA binaries'
Sep 15 15:33:41.289272 localhost immucore[661]: 2026-09-15T15:33:40Z WRN (conditional) Skip 'Skipping stage (if statement error: failed to run (grep -qv "interactive-install" /proc/cmdline || grep -qv "install-mode-interactive" /proc/cmdline ) && \
Sep 15 15:33:41.289272 localhost immucore[661]: ([ -f /run/cos/live_mode ] || [ -f /run/cos/uki_install_mode ])
Sep 15 15:33:41.289272 localhost immucore[661]: : exit status 1)' stage name: Root autologin.0
Sep 15 15:33:41.289272 localhost immucore[661]: 2026-09-15T15:33:40Z DBG Empty command output
Sep 15 15:33:41.289272 localhost immucore[661]: 2026-09-15T15:33:40Z DBG Empty command output
Sep 15 15:33:41.289272 localhost immucore[661]: 2026-09-15T15:33:40Z INF Running layout plugin
Sep 15 15:33:41.289272 localhost immucore[661]: 2026-09-15T15:33:40Z DBG Device field empty, skipping layout plugin
Sep 15 15:33:41.289272 localhost immucore[661]: 2026-09-15T15:33:40Z DBG Command output: Running in chroot, ignoring command 'reload'
Sep 15 15:33:41.289272 localhost immucore[661]: 2026-09-15T15:33:40Z DBG Command output: Created symlink '/etc/systemd/system/multi-user.target.wants/kairos-agent.service' 
 '/etc/systemd/system/kairos-agent.service'.
Sep 15 15:33:41.289272 localhost immucore[661]: 2026-09-15T15:33:40Z INF Running layout plugin
Sep 15 15:33:41.289272 localhost immucore[661]: 2026-09-15T15:33:40Z DBG Device field empty, skipping layout plugin
Sep 15 15:33:41.289272 localhost immucore[661]: 2026-09-15T15:33:40Z INF Running layout plugin
Sep 15 15:33:41.289272 localhost immucore[661]: 2026-09-15T15:33:40Z DBG Device field empty, skipping layout plugin
Sep 15 15:33:41.289272 localhost immucore[661]: 2026-09-15T15:33:41Z DBG Command output: Generating public/private rsa key pair.
Sep 15 15:33:41.289272 localhost immucore[661]: Your identification has been saved in /etc/ssh/ssh_host_rsa_key
Sep 15 15:33:41.289272 localhost immucore[661]: Your public key has been saved in /etc/ssh/ssh_host_rsa_key.pub
Sep 15 15:33:41.289272 localhost immucore[661]: The key fingerprint is:
Sep 15 15:33:41.289272 localhost immucore[661]: SHA256:ZJPvALos2D/0+Wcy4ir5/f3WQ0RuS5h2AjHk4eSGPp0 root@localhost
Sep 15 15:33:41.289272 localhost immucore[661]: The key's randomart image is:
Sep 15 15:33:41.289272 localhost immucore[661]: +---[RSA 4096]----+
Sep 15 15:33:41.289272 localhost immucore[661]: |         .*.     |
Sep 15 15:33:41.289272 localhost immucore[661]: |         B.o  .  |
Sep 15 15:33:41.289272 localhost immucore[661]: |      . * =. =   |
Sep 15 15:33:41.289272 localhost immucore[661]: |     . = = .= *  |
Sep 15 15:33:41.289272 localhost immucore[661]: |    .   S E. * . |
Sep 15 15:33:41.289272 localhost immucore[661]: | o ...   +    o  |
Sep 15 15:33:41.289272 localhost immucore[661]: |. ooo. .  .  o   |
Sep 15 15:33:41.289272 localhost immucore[661]: |  oo..+ o.o . o  |
Sep 15 15:33:41.289272 localhost immucore[661]: |   o++o+o=.o.  . |
Sep 15 15:33:41.289272 localhost immucore[661]: +----[SHA256]-----+
Sep 15 15:33:41.289272 localhost immucore[661]: 2026-09-15T15:33:41Z DBG Command output: Generating public/private ed25519 key pair.
Sep 15 15:33:41.289272 localhost immucore[661]: Your identification has been saved in /etc/ssh/ssh_host_ed25519_key
Sep 15 15:33:41.289272 localhost immucore[661]: Your public key has been saved in /etc/ssh/ssh_host_ed25519_key.pub
Sep 15 15:33:41.289272 localhost immucore[661]: The key fingerprint is:
Sep 15 15:33:40.602795 localhost kairos-immucore[661]: 
[0;1;33m
[0;1;38:5:185m
[0;1;39m
[0;1;33m
[0;1;38:5:185m(conditional) Skip 'Skipping stage (if statement error: failed to run [ -f "/proc/device-tree/model" ] && grep -i "Orin NX" "/proc/device-tree/model": exit status 1)' stage name: L4T RootFS Prep for Orin NX.Apply NVIDIA binaries
Sep 15 15:33:41.397971 localhost immucore[661]: SHA256:HS1T48OQcBV2FvXAzT8eMQ7hFQM3OSVNQGz8rl41h00 root@localhost
Sep 15 15:33:41.397971 localhost immucore[661]: The key's randomart image is:
Sep 15 15:33:41.397971 localhost immucore[661]: +--[ED25519 256]--+
Sep 15 15:33:41.397971 localhost immucore[661]: |        ..oo*O@#B|
Sep 15 15:33:41.397971 localhost immucore[661]: |         ..B.=BBB|
Sep 15 15:33:41.397971 localhost immucore[661]: |          + =oo.E|
Sep 15 15:33:41.397971 localhost immucore[661]: |         . + . Bo|
Sep 15 15:33:41.397971 localhost immucore[661]: |        S .   oo*|
Sep 15 15:33:41.397971 localhost immucore[661]: |               .=|
Sep 15 15:33:41.397971 localhost immucore[661]: |               ..|
Sep 15 15:33:41.397971 localhost immucore[661]: |              .. |
Sep 15 15:33:41.397971 localhost immucore[661]: |             ..  |
Sep 15 15:33:41.397971 localhost immucore[661]: +----[SHA256]-----+
Sep 15 15:33:41.397971 localhost immucore[661]: 2026-09-15T15:33:41Z INF Running layout plugin
Sep 15 15:33:41.397971 localhost immucore[661]: 2026-09-15T15:33:41Z DBG Device field empty, skipping layout plugin
Sep 15 15:33:41.397971 localhost immucore[661]: 2026-09-15T15:33:41Z DBG Reading '/system/oem/09_openrc_services.yaml'
Sep 15 15:33:41.397971 localhost immucore[661]: 2026-09-15T15:33:41Z DBG Executing stage 'Create openrc services.Create OpenRC services'
Sep 15 15:33:41.397971 localhost immucore[661]: 2026-09-15T15:33:41Z DBG Found systemd at /bin/systemctl
Sep 15 15:33:41.397971 localhost immucore[661]: 2026-09-15T15:33:41Z WRN (conditional) Skip 'service manager doesn't match openrc' stage name: Create openrc services.Create OpenRC services
Sep 15 15:33:41.397971 localhost immucore[661]: 2026-09-15T15:33:41Z DBG Reading '/system/oem/25_autologin.yaml'
Sep 15 15:33:41.397971 localhost immucore[661]: 2026-09-15T15:33:41Z DBG Executing stage 'Root autologin.Autologin on livecd for OpenRC'
Sep 15 15:33:41.397971 localhost immucore[661]: 2026-09-15T15:33:41Z DBG Reading '/system/oem/05_network.yaml'
Sep 15 15:33:41.397971 localhost immucore[661]: 2026-09-15T15:33:41Z DBG Executing stage 'Default network configuration.Disable NetworkManager and wicked'
Sep 15 15:33:41.397971 localhost immucore[661]: 2026-09-15T15:33:41Z WRN (conditional) Skip 'OnlyIfOs regex ([Oo]penSUSE.*|SUSE.*) doesn't match os name Hadron Linux' stage name: Default network configuration.Disable NetworkManager and wicked
Sep 15 15:33:41.397971 localhost immucore[661]: 2026-09-15T15:33:41Z DBG Reading '/system/oem/00_rootfs.yaml'
Sep 15 15:33:41.397971 localhost immucore[661]: 2026-09-15T15:33:41Z DBG Executing stage 'Rootfs Layout Settings.Restore /etc/machine-id for systemd systems'
Sep 15 15:33:41.397971 localhost immucore[661]: 2026-09-15T15:33:41Z DBG Reading '/system/oem/31_hosts.yaml'
Sep 15 15:33:41.397971 localhost immucore[661]: 2026-09-15T15:33:41Z DBG Executing stage '/system/oem/31_hosts.yaml.Ensure persistent /etc/ directory'
Sep 15 15:33:40.602995 localhost kairos-immucore[661]: 
[0;1;33m
[0;1;38:5:185m
[0;1;39m
[0;1;33m
[0;1;38:5:185m(conditional) Skip 'Skipping stage (if statement error: failed to run [ -d /oem/userdata ] && [ -d /oem/95_userdata ]: exit status 1)' stage name: Datasource handling.Remove old userdata
Sep 15 15:33:41.491929 localhost immucore[661]: 2026-09-15T15:33:41Z WRN (conditional) Skip 'Skipping stage (if statement error: failed to run [ ! -f "/run/cos/recovery_mode" ] && [ -s /usr/local/etc/machine-id ]: exit status 1)' stage name: Rootfs Layout Settings.Restore /etc/machine-id for systemd systems
Sep 15 15:33:41.491929 localhost immucore[661]: 2026-09-15T15:33:41Z DBG Reading '/system/oem/02_notify.yaml'
Sep 15 15:33:41.491929 localhost immucore[661]: 2026-09-15T15:33:41Z DBG Executing stage 'Notify Kairos Plugins of Elemental Events.0'
Sep 15 15:33:41.491929 localhost immucore[661]: 2026-09-15T15:33:41Z WRN (conditional) Skip 'Skipping stage (if statement error: failed to run (grep -qv "interactive-install" /proc/cmdline || grep -qv "install-mode-interactive" /proc/cmdline) && \
Sep 15 15:33:41.491929 localhost immucore[661]: [ -f /run/cos/live_mode ]
Sep 15 15:33:41.491929 localhost immucore[661]: : exit status 1)' stage name: Root autologin.Autologin on livecd for OpenRC
Sep 15 15:33:41.491929 localhost immucore[661]: 2026-09-15T15:33:41Z WRN (conditional) Skip 'Skipping stage (if statement error: failed to run [ ! -f "/run/cos/recovery_mode" ] && [ ! -d /usr/local/etc ]: exit status 1)' stage name: /system/oem/31_hosts.yaml.Ensure persistent /etc/ directory
Sep 15 15:33:41.491929 localhost immucore[661]: 2026-09-15T15:33:41Z DBG If statement result
Sep 15 15:33:41.491929 localhost immucore[661]: 2026-09-15T15:33:41Z INF Processing stage step 'Notify Kairos Plugins of Elemental Events.0'. ( commands: 1, files: 0, ... )
Sep 15 15:33:41.491929 localhost immucore[661]: 2026-09-15T15:33:41Z DBG Stage: schema.Stage{
Sep 15 15:33:41.491929 localhost immucore[661]:   Commands: []string{
Sep 15 15:33:41.491929 localhost immucore[661]:     "kairos-agent notify agent.boot",
Sep 15 15:33:41.491929 localhost immucore[661]:   },
Sep 15 15:33:41.491929 localhost immucore[661]:   If: "[ ! -f \"/run/cos/recovery_mode\" ] && [ ! -f \"/run/cos/live_mode\" ]",
Sep 15 15:33:41.491929 localhost immucore[661]: }
Sep 15 15:33:40.603101 localhost kairos-immucore[661]: 
[0;90m
[0;38:5:245m
[0;1;31m
[0;90m
[0;38:5:245mReading '/system/oem/00_datasource.yaml'
Sep 15 15:33:40.603122 localhost kairos-immucore[661]: 
[0;90m
[0;38:5:245m
[0;1;31m
[0;90m
[0;38:5:245mExecuting stage 'Datasource handling.Pull data from provider'
Sep 15 15:33:40.604613 localhost kairos-immucore[661]: 
[0;1;33m
[0;1;38:5:185m
[0;1;39m
[0;1;33m
[0;1;38:5:185m(conditional) Skip 'Skipping stage (if statement error: failed to run [ ! -e /oem/95_userdata ] && ([ ! -f /run/cos/uki_boot_mode ] || grep -q "kairos.pull_datasources" /proc/cmdline ): exit status 1)' stage name: Datasource handling.Pull data from provider
Sep 15 15:33:40.604729 localhost kairos-immucore[661]: 
[0;90m
[0;38:5:245m
[0;1;31m
[0;90m
[0;38:5:245mReading '/system/oem/00_datasource.yaml'
Sep 15 15:33:40.604748 localhost kairos-immucore[661]: 
[0;90m
[0;38:5:245m
[0;1;31m
[0;90m
[0;38:5:245mExecuting stage 'Datasource handling.3'
Sep 15 15:33:40.605735 localhost kairos-immucore[661]: 
[0;1;33m
[0;1;38:5:185m
[0;1;39m
[0;1;33m
[0;1;38:5:185m(conditional) Skip 'Skipping stage (if statement error: failed to run [ ! -e /oem/95_userdata ]: exit status 1)' stage name: Datasource handling.3
Sep 15 15:33:40.606317 localhost kairos-immucore[661]: Done executing stage 'initramfs.before'
Sep 15 15:33:40.606347 localhost kairos-immucore[661]: Running stage: initramfs
Sep 15 15:33:40.607268 localhost kairos-immucore[661]: 
[0;90m
[0;38:5:245m
[0;1;31m
[0;90m
[0;38:5:245mGenerating op for stage 'Rootfs Layout Settings.Create journalctl /var/log/journal dir'
Sep 15 15:33:40.607327 localhost kairos-immucore[661]: 
[0;90m
[0;38:5:245m
[0;1;31m
[0;90m
[0;38:5:245mGenerating op for stage 'Rootfs Layout Settings.Restore /etc/machine-id for systemd systems'
Sep 15 15:33:40.607382 localhost kairos-immucore[661]: 
[0;90m
[0;38:5:245m
[0;1;31m
[0;90m
[0;38:5:245mGenerating op for stage 'Rootfs Layout Settings.Ensure /etc/machine-id for systemd systems'
Sep 15 15:33:40.607394 localhost kairos-immucore[661]: 
[0;90m
[0;38:5:245m
[0;1;31m
[0;90m
[0;38:5:245mGenerating op for stage 'Rootfs Layout Settings.Ensure /etc/machine-id for openrc systems'
Sep 15 15:33:40.607730 localhost kairos-immucore[661]: 
[0;90m
[0;38:5:245m
[0;1;31m
[0;90m
[0;38:5:245mGenerating op for stage 'Start agent.0'
Sep 15 15:33:40.607923 localhost kairos-immucore[661]: 
[0;90m
[0;38:5:245m
[0;1;31m
[0;90m
[0;38:5:245mGenerating op for stage 'Notify Kairos Plugins of Elemental Events.0'
Sep 15 15:33:40.608365 localhost kairos-immucore[661]: 
[0;90m
[0;38:5:245m
[0;1;31m
[0;90m
[0;38:5:245mGenerating op for stage 'Default network configuration.Enable systemd-network config files for DHCP'
Sep 15 15:33:40.608384 localhost kairos-immucore[661]: 
[0;90m
[0;38:5:245m
[0;1;31m
[0;90m
[0;38:5:245mGenerating op for stage 'Default network configuration.Disable NetworkManager and wicked'
Sep 15 15:33:40.608396 localhost kairos-immucore[661]: 
[0;90m
[0;38:5:245m
[0;1;31m
[0;90m
[0;38:5:245mGenerating op for stage 'Default network configuration.Link /etc/resolv.conf to systemd resolv.conf'
Sep 15 15:33:40.608482 localhost kairos-immucore[661]: 
[0;90m
[0;38:5:245m
[0;1;31m
[0;90m
[0;38:5:245mGenerating op for stage 'Default network configuration.Enabled systemd-networkd on Red Hat if available'
Sep 15 15:33:40.608496 localhost kairos-immucore[661]: 
[0;90m
[0;38:5:245m
[0;1;31m
[0;90m
[0;38:5:245mGenerating op for stage 'Default network configuration.Enable systemd-resolved on Red Hat if available'
Sep 15 15:33:40.608714 localhost kairos-immucore[661]: 
[0;90m
[0;38:5:245m
[0;1;31m
[0;90m
[0;38:5:245mGenerating op for stage 'Enable EFI assessment.Override systemd-boot services to enable RW on /efi partition'
Sep 15 15:33:40.608732 localhost kairos-immucore[661]: 
[0;90m
[0;38:5:245m
[0;1;31m
[0;90m
[0;38:5:245mGenerating op for stage 'Enable EFI assessment.Enable boot assessment'
Sep 15 15:33:40.609197 localhost kairos-immucore[661]: 
[0;90m
[0;38:5:245m
[0;1;31m
[0;90m
[0;38:5:245mGenerating op for stage 'Default config.Generate host keys'
Sep 15 15:33:40.609648 localhost kairos-immucore[661]: 
[0;90m
[0;38:5:245m
[0;1;31m
[0;90m
[0;38:5:245mGenerating op for stage 'Create openrc services.Create OpenRC services'
Sep 15 15:33:40.609672 localhost kairos-immucore[661]: 
[0;90m
[0;38:5:245m
[0;1;31m
[0;90m
[0;38:5:245mGenerating op for stage 'Create openrc services.Enable OpenRC services'
Sep 15 15:33:40.609850 localhost kairos-immucore[661]: 
[0;90m
[0;38:5:245m
[0;1;31m
[0;90m
[0;38:5:245mGenerating op for stage 'Default config.Default systemd config'
Sep 15 15:33:40.609869 localhost kairos-immucore[661]: 
[0;90m
[0;38:5:245m
[0;1;31m
[0;90m
[0;38:5:245mGenerating op for stage 'Default config.Create systemd services'
Sep 15 15:33:40.609883 localhost kairos-immucore[661]: 
[0;90m
[0;38:5:245m
[0;1;31m
[0;90m
[0;38:5:245mGenerating op for stage 'Default config.Override systemd-tpm2-setup/systemd-pcrproduct with temporary RW under /efi'
Sep 15 15:33:40.609897 localhost kairos-immucore[661]: 
[0;90m
[0;38:5:245m
[0;1;31m
[0;90m
[0;38:5:245mGenerating op for stage 'Default config.Enable systemd services'
Sep 15 15:33:40.610441 localhost kairos-immucore[661]: 
[0;90m
[0;38:5:245m
[0;1;31m
[0;90m
[0;38:5:245mGenerating op for stage 'Default user, permissions and serial login.Setup groups.0'
Sep 15 15:33:40.610464 localhost kairos-immucore[661]: 
[0;90m
[0;38:5:245m
[0;1;31m
[0;90m
[0;38:5:245mGenerating op for stage 'Default user, permissions and serial login.Setup users.1'
Sep 15 15:33:40.610483 localhost kairos-immucore[661]: 
[0;90m
[0;38:5:245m
[0;1;31m
[0;90m
[0;38:5:245mGenerating op for stage 'Default user, permissions and serial login.Set user password if running in live or uki.2'
Sep 15 15:33:40.610496 localhost kairos-immucore[661]: 
[0;90m
[0;38:5:245m
[0;1;31m
[0;90m
[0;38:5:245mGenerating op for stage 'Default user, permissions and serial login.Setup sudo.3'
Sep 15 15:33:40.610563 localhost kairos-immucore[661]: 
[0;90m
[0;38:5:245m
[0;1;31m
[0;90m
[0;38:5:245mGenerating op for stage 'Default user, permissions and serial login.Ensure runtime permission.4'
Sep 15 15:33:40.610594 localhost kairos-immucore[661]: 
[0;90m
[0;38:5:245m
[0;1;31m
[0;90m
[0;38:5:245mGenerating op for stage 'Default user, permissions and serial login.Ensure runtime permission.5'
Sep 15 15:33:40.610740 localhost kairos-immucore[661]: 
[0;90m
[0;38:5:245m
[0;1;31m
[0;90m
[0;38:5:245mGenerating op for stage 'Nvidia jetson specific files.Create files'
Sep 15 15:33:40.610909 localhost kairos-immucore[661]: 
[0;90m
[0;38:5:245m
[0;1;31m
[0;90m
[0;38:5:245mGenerating op for stage 'Root autologin.0'
Sep 15 15:33:40.610924 localhost kairos-immucore[661]: 
[0;90m
[0;38:5:245m
[0;1;31m
[0;90m
[0;38:5:245mGenerating op for stage 'Root autologin.Autologin on livecd for OpenRC'
Sep 15 15:33:40.610964 localhost kairos-immucore[661]: 
[0;90m
[0;38:5:245m
[0;1;31m
[0;90m
[0;38:5:245mGenerating op for stage 'SELinux.Relabelling'
Sep 15 15:33:40.611189 localhost kairos-immucore[661]: 
[0;90m
[0;38:5:245m
[0;1;31m
[0;90m
[0;38:5:245mGenerating op for stage '/system/oem/31_hosts.yaml.Ensure persistent hosts file'
Sep 15 15:33:40.611224 localhost kairos-immucore[661]: 
[0;90m
[0;38:5:245m
[0;1;31m
[0;90m
[0;38:5:245mGenerating op for stage '/system/oem/31_hosts.yaml.Ensure persistent /etc/ directory'
Sep 15 15:33:40.611245 localhost kairos-immucore[661]: 
[0;90m
[0;38:5:245m
[0;1;31m
[0;90m
[0;38:5:245mGenerating op for stage '/system/oem/31_hosts.yaml.Ensure persistent hostname'
Sep 15 15:33:40.611319 localhost kairos-immucore[661]: 
[0;90m
[0;38:5:245m
[0;1;31m
[0;90m
[0;38:5:245mGenerating op for stage 'Profile extensions.Set KUBECONFIG to access k9s and kubectl'
Sep 15 15:33:40.611410 localhost kairos-immucore[661]: 
[0;90m
[0;38:5:245m
[0;1;31m
[0;90m
[0;38:5:245mGenerating op for stage 'Start recovery on tty1.Starts kairos-recovery and generate a temporary pass'
Sep 15 15:33:40.611425 localhost kairos-immucore[661]: 
[0;90m
[0;38:5:245m
[0;1;31m
[0;90m
[0;38:5:245mGenerating op for stage 'Start recovery on tty1.Starts kairos-recovery for openRC based systems'
Sep 15 15:33:40.611852 localhost kairos-immucore[661]: 
[0;90m
[0;38:5:245m
[0;1;31m
[0;90m
[0;38:5:245mGenerating op for stage 'Start reset on tty1.Starts kairos-reset for systemd based systems'
Sep 15 15:33:40.611870 localhost kairos-immucore[661]: 
[0;90m
[0;38:5:245m
[0;1;31m
[0;90m
[0;38:5:245mGenerating op for stage 'Start reset on tty1.Starts kairos-reset for openRC-based systems'
Sep 15 15:33:40.612003 localhost kairos-immucore[661]: 
[0;90m
[0;38:5:245m
[0;1;31m
[0;90m
[0;38:5:245mGenerating op for stage 'Start installer on tty1..0'
Sep 15 15:33:40.612014 localhost kairos-immucore[661]: 
[0;90m
[0;38:5:245m
[0;1;31m
[0;90m
[0;38:5:245mGenerating op for stage 'Start installer on tty1..1'
Sep 15 15:33:40.612022 localhost kairos-immucore[661]: 
[0;90m
[0;38:5:245m
[0;1;31m
[0;90m
[0;38:5:245mGenerating op for stage 'Start installer on tty1..2'
Sep 15 15:33:40.612032 localhost kairos-immucore[661]: 
[0;90m
[0;38:5:245m
[0;1;31m
[0;90m
[0;38:5:245mGenerating op for stage 'Start installer on tty1..3'
Sep 15 15:33:40.612144 localhost kairos-immucore[661]: 
[0;90m
[0;38:5:245m
[0;1;31m
[0;90m
[0;38:5:245mGenerating op for stage 'sysext and confext configuration.systemd-sysext/confext uki config'
Sep 15 15:33:40.612157 localhost kairos-immucore[661]: 
[0;90m
[0;38:5:245m
[0;1;31m
[0;90m
[0;38:5:245mGenerating op for stage 'sysext and confext configuration.systemd-sysext/confext config'
Sep 15 15:33:40.612167 localhost kairos-immucore[661]: 
[0;90m
[0;38:5:245m
[0;1;31m
[0;90m
[0;38:5:245mGenerating op for stage 'sysext and confext configuration.systemd-sysext set hierarchy system-wide'
Sep 15 15:33:40.612176 localhost kairos-immucore[661]: 
[0;90m
[0;38:5:245m
[0;1;31m
[0;90m
[0;38:5:245mGenerating op for stage 'sysext and confext configuration.systemd-sysext/confext initramfs settings'
Sep 15 15:33:40.612432 localhost kairos-immucore[661]: 
[0;90m
[0;38:5:245m
[0;1;31m
[0;90m
[0;38:5:245mReading '/system/oem/12_nvidia.yaml'
Sep 15 15:33:40.612446 localhost kairos-immucore[661]: 
[0;90m
[0;38:5:245m
[0;1;31m
[0;90m
[0;38:5:245mExecuting stage 'Nvidia jetson specific files.Create files'
Sep 15 15:33:40.613286 localhost kairos-immucore[661]: 
[0;90m
[0;38:5:245m
[0;1;31m
[0;90m
[0;38:5:245mReading '/system/oem/25_autologin.yaml'
Sep 15 15:33:40.613303 localhost kairos-immucore[661]: 
[0;90m
[0;38:5:245m
[0;1;31m
[0;90m
[0;38:5:245mExecuting stage 'Root autologin.0'
Sep 15 15:33:40.613596 localhost kairos-immucore[661]: 
[0;90m
[0;38:5:245m
[0;1;31m
[0;90m
[0;38:5:245mReading '/system/oem/00_rootfs.yaml'
Sep 15 15:33:40.613616 localhost kairos-immucore[661]: 
[0;90m
[0;38:5:245m
[0;1;31m
[0;90m
[0;38:5:245mExecuting stage 'Rootfs Layout Settings.Create journalctl /var/log/journal dir'
Sep 15 15:33:40.613706 localhost kairos-immucore[661]: 
[0;90m
[0;38:5:245m
[0;1;31m
[0;90m
[0;38:5:245mFound systemd at /bin/systemctl
Sep 15 15:33:40.613810 localhost kairos-immucore[661]: Processing stage step 'Rootfs Layout Settings.Create journalctl /var/log/journal dir'. ( commands: 0, files: 0, ... )
Sep 15 15:33:40.613915 localhost kairos-immucore[661]: 
[0;90m
[0;38:5:245m
[0;1;31m
[0;90m
[0;38:5:245mStage: schema.Stage{
                                                       
[0;90m
[0;38:5:245m  Directories: []schema.Directory{
                                                       
[0;90m
[0;38:5:245m    schema.Directory{
                                                       
[0;90m
[0;38:5:245m      Path: "/var/log/journal",
                                                       
[0;90m
[0;38:5:245m    },
                                                       
[0;90m
[0;38:5:245m  },
                                                       
[0;90m
[0;38:5:245m  Name: "Create journalctl /var/log/journal dir",
                                                       
[0;90m
[0;38:5:245m  OnlyIfServiceManager: "systemd",
                                                       
[0;90m
[0;38:5:245m}
Sep 15 15:33:40.614057 localhost kairos-immucore[661]: Running layout plugin
Sep 15 15:33:40.614075 localhost kairos-immucore[661]: 
[0;90m
[0;38:5:245m
[0;1;31m
[0;90m
[0;38:5:245mDevice field empty, skipping layout plugin
Sep 15 15:33:40.614173 localhost kairos-immucore[661]: 
[0;90m
[0;38:5:245m
[0;1;31m
[0;90m
[0;38:5:245mReading '/system/oem/05_network.yaml'
Sep 15 15:33:40.614184 localhost kairos-immucore[661]: 
[0;90m
[0;38:5:245m
[0;1;31m
[0;90m
[0;38:5:245mExecuting stage 'Default network configuration.Enable systemd-network config files for DHCP'
Sep 15 15:33:40.615608 localhost kairos-immucore[661]: 
[0;90m
[0;38:5:245m
[0;1;31m
[0;90m
[0;38:5:245mReading '/system/oem/31_hosts.yaml'
Sep 15 15:33:40.615625 localhost kairos-immucore[661]: 
[0;90m
[0;38:5:245m
[0;1;31m
[0;90m
[0;38:5:245mExecuting stage '/system/oem/31_hosts.yaml.Ensure persistent hosts file'
Sep 15 15:33:40.616071 localhost kairos-immucore[661]: 
[0;90m
[0;38:5:245m
[0;1;31m
[0;90m
[0;38:5:245mReading '/system/oem/02_agent.yaml'
Sep 15 15:33:40.616088 localhost kairos-immucore[661]: 
[0;90m
[0;38:5:245m
[0;1;31m
[0;90m
[0;38:5:245mExecuting stage 'Start agent.0'
Sep 15 15:33:40.617265 localhost kairos-immucore[661]: 
[0;90m
[0;38:5:245m
[0;1;31m
[0;90m
[0;38:5:245mrunning stage (OnlyIfOs regex (Ubuntu.*|Debian.*|Fedora.*|CentOS.*|Rocky.*|AlmaLinux.*|Oracle.*Linux.*|SUSE.*|[Oo]penSUSE.*|Hadron.*|Red.*Hat.*) matches os name 'Hadron Linux
Sep 15 15:33:40.617298 localhost kairos-immucore[661]: 
[0;90m
[0;38:5:245m
[0;1;31m
[0;90m
[0;38:5:245mFound systemd at /bin/systemctl
Sep 15 15:33:40.617313 localhost kairos-immucore[661]: Processing stage step 'Default network configuration.Enable systemd-network config files for DHCP'. ( commands: 1, files: 2, ... )
Sep 15 15:33:40.617355 localhost kairos-immucore[661]: 
[0;90m
[0;38:5:245m
[0;1;31m
[0;90m
[0;38:5:245mStage: schema.Stage{
                                                       
[0;90m
[0;38:5:245m  Commands: []string{
                                                       
[0;90m
[0;38:5:245m    "networkctl reload",
                                                       
[0;90m
[0;38:5:245m  },
                                                       
[0;90m
[0;38:5:245m  Files: []schema.File{
                                                       
[0;90m
[0;38:5:245m    schema.File{
                                                       
[0;90m
[0;38:5:245m      Path: "/etc/systemd/network/20-dhcp.network",
                                                       
[0;90m
[0;38:5:245m      Permissions: 420,
                                                       
[0;90m
[0;38:5:245m      Content: "[Match]\nName=en*\n[Network]\nDHCP=yes\n[DHCP]\nClientIdentifier=mac\n",
                                                       
[0;90m
[0;38:5:245m    },
                                                       
[0;90m
[0;38:5:245m    schema.File{
                                                       
[0;90m
[0;38:5:245m      Path: "/etc/systemd/network/20-dhcp-legacy.network",
                                                       
[0;90m
[0;38:5:245m      Permissions: 420,
                                                       
[0;90m
[0;38:5:245m      Content: "[Match]\nName=eth*\n[Network]\nDHCP=yes\n[DHCP]\nClientIdentifier=mac\n",
                                                       
[0;90m
[0;38:5:245m    },
                                                       
[0;90m
[0;38:5:245m  },
                                                       
[0;90m
[0;38:5:245m  Name: "Enable systemd-network config files for DHCP",
                                                       
[0;90m
[0;38:5:245m  OnlyIfOs: "Ubuntu.*|Debian.*|Fedora.*|CentOS.*|Rocky.*|AlmaLinux.*|Oracle.*Linux.*|SUSE.*|[Oo]penSUSE.*|Hadron.*|Red.*Hat.*",
                                                       
[0;90m
[0;38:5:245m  OnlyIfServiceManager: "systemd",
                                                       
[0;90m
[0;38:5:245m}
Sep 15 15:33:40.617814 localhost kairos-immucore[661]: 
[0;90m
[0;38:5:245m
[0;1;31m
[0;90m
[0;38:5:245mCreating file /etc/systemd/network/20-dhcp.network
Sep 15 15:33:40.618076 localhost kairos-immucore[661]: 
[0;90m
[0;38:5:245m
[0;1;31m
[0;90m
[0;38:5:245mCreating file /etc/systemd/network/20-dhcp-legacy.network
Sep 15 15:33:40.621267 localhost kairos-immucore[661]: 
[0;1;33m
[0;1;38:5:185m
[0;1;39m
[0;1;33m
[0;1;38:5:185m(conditional) Skip 'Skipping stage (if statement error: failed to run [ -f "/sys/firmware/devicetree/base/model" ] && grep -i jetson "/sys/firmware/devicetree/base/model"
                                                       
[0;1;33m
[0;1;38:5:185m: exit status 1)' stage name: Nvidia jetson specific files.Create files
Sep 15 15:33:40.621336 localhost kairos-immucore[661]: 
[0;90m
[0;38:5:245m
[0;1;31m
[0;90m
[0;38:5:245mIf statement result 
Sep 15 15:33:40.621358 localhost kairos-immucore[661]: 
[0;90m
[0;38:5:245m
[0;1;31m
[0;90m
[0;38:5:245mFound systemd at /bin/systemctl
Sep 15 15:33:40.621382 localhost kairos-immucore[661]: Processing stage step 'Start agent.0'. ( commands: 1, files: 1, ... )
Sep 15 15:33:40.621423 localhost kairos-immucore[661]: 
[0;90m
[0;38:5:245m
[0;1;31m
[0;90m
[0;38:5:245mStage: schema.Stage{
                                                       
[0;90m
[0;38:5:245m  Commands: []string{
                                                       
[0;90m
[0;38:5:245m    "systemctl enable kairos-agent",
                                                       
[0;90m
[0;38:5:245m  },
                                                       
[0;90m
[0;38:5:245m  Files: []schema.File{
                                                       
[0;90m
[0;38:5:245m    schema.File{
                                                       
[0;90m
[0;38:5:245m      Path: "/etc/systemd/system/kairos-agent.service",
                                                       
[0;90m
[0;38:5:245m      Permissions: 420,
                                                       
[0;90m
[0;38:5:245m      Content: "[Unit]\nDescription=kairos agent\nAfter=cos-setup-network.service\nWants=network.target\n[Service]\nRestart=on-failure\nRestartSec=5s\nExecStart=/usr/bin/kairos-agent start\n[Install]\nWantedBy=multi-user.target\n",
                                                       
[0;90m
[0;38:5:245m    },
                                                       
[0;90m
[0;38:5:245m  },
                                                       
[0;90m
[0;38:5:245m  If: "[ ! -f \"/run/cos/recovery_mode\" ]",
                                                       
[0;90m
[0;38:5:245m  OnlyIfServiceManager: "systemd",
                                                       
[0;90m
[0;38:5:245m}
Sep 15 15:33:40.621448 localhost kairos-immucore[661]: 
[0;90m
[0;38:5:245m
[0;1;31m
[0;90m
[0;38:5:245mCreating file /etc/systemd/system/kairos-agent.service
Sep 15 15:33:40.630263 localhost kairos-immucore[661]: 
[0;90m
[0;38:5:245m
[0;1;31m
[0;90m
[0;38:5:245mIf statement result 
Sep 15 15:33:40.630296 localhost kairos-immucore[661]: Processing stage step '/system/oem/31_hosts.yaml.Ensure persistent hosts file'. ( commands: 2, files: 1, ... )
Sep 15 15:33:40.639753 localhost kairos-immucore[661]: 
[0;90m
[0;38:5:245m
[0;1;31m
[0;90m
[0;38:5:245mStage: schema.Stage{
                                                       
[0;90m
[0;38:5:245m  Commands: []string{
                                                       
[0;90m
[0;38:5:245m    "rm -f /etc/hosts",
                                                       
[0;90m
[0;38:5:245m    "ln -sf /usr/local/etc/hosts /etc/hosts",
                                                       
[0;90m
[0;38:5:245m  },
                                                       
[0;90m
[0;38:5:245m  Files: []schema.File{
                                                       
[0;90m
[0;38:5:245m    schema.File{
                                                       
[0;90m
[0;38:5:245m      Path: "/usr/local/etc/hosts",
                                                       
[0;90m
[0;38:5:245m      Permissions: 420,
                                                       
[0;90m
[0;38:5:245m      Content: "127.0.0.1 localhost\n::1       localhost\n",
                                                       
[0;90m
[0;38:5:245m    },
                                                       
[0;90m
[0;38:5:245m  },
                                                       
[0;90m
[0;38:5:245m  Directories: []schema.Directory{
                                                       
[0;90m
[0;38:5:245m    schema.Directory{
                                                       
[0;90m
[0;38:5:245m      Path: "/usr/local/etc/",
                                                       
[0;90m
[0;38:5:245m      Permissions: 493,
                                                       
[0;90m
[0;38:5:245m    },
                                                       
[0;90m
[0;38:5:245m  },
                                                       
[0;90m
[0;38:5:245m  If: "[ ! -f \"/run/cos/recovery_mode\" ] && [ ! -L \"/etc/hosts\" ]",
                                                       
[0;90m
[0;38:5:245m  Name: "Ensure persistent hosts file",
                                                       
[0;90m
[0;38:5:245m}
Sep 15 15:33:40.639820 localhost kairos-immucore[661]: 
[0;90m
[0;38:5:245m
[0;1;31m
[0;90m
[0;38:5:245mCreating directory /usr/local/etc
Sep 15 15:33:40.641100 localhost kairos-immucore[661]: 
[0;90m
[0;38:5:245m
[0;1;31m
[0;90m
[0;38:5:245mCreating directory /usr/local/etc/
Sep 15 15:33:40.641132 localhost kairos-immucore[661]: 
[0;1;31m
[0;1;39m
[0;1;31mmkdir /usr/local/etc/: file exists
Sep 15 15:33:40.641164 localhost kairos-immucore[661]: 
[0;1;31m
[0;1;39m
[0;1;31mError on file /system/oem/31_hosts.yaml on stage Ensure persistent hosts file: 1 error occurred:
                                                       
[0;1;31m        * mkdir /usr/local/etc/: file exists
                                                       
[0;1;31m
Sep 15 15:33:40.641179 localhost kairos-immucore[661]: 
[0;90m
[0;38:5:245m
[0;1;31m
[0;90m
[0;38:5:245mCreating file /usr/local/etc/hosts
Sep 15 15:33:40.642565 localhost kairos-immucore[661]: 
[0;90m
[0;38:5:245m
[0;1;31m
[0;90m
[0;38:5:245mReading '/system/oem/08_ssh.yaml'
Sep 15 15:33:40.642597 localhost kairos-immucore[661]: 
[0;90m
[0;38:5:245m
[0;1;31m
[0;90m
[0;38:5:245mExecuting stage 'Default config.Generate host keys'
Sep 15 15:33:40.642613 localhost kairos-immucore[661]: Processing stage step 'Default config.Generate host keys'. ( commands: 2, files: 0, ... )
Sep 15 15:33:40.642651 localhost kairos-immucore[661]: 
[0;90m
[0;38:5:245m
[0;1;31m
[0;90m
[0;38:5:245mStage: schema.Stage{
                                                       
[0;90m
[0;38:5:245m  Commands: []string{
                                                       
[0;90m
[0;38:5:245m    "test -f /etc/ssh/ssh_host_rsa_key     || ssh-keygen -t rsa -b 4096 -f /etc/ssh/ssh_host_rsa_key -N ''",
                                                       
[0;90m
[0;38:5:245m    "test -f /etc/ssh/ssh_host_ed25519_key || ssh-keygen -t ed25519 -f /etc/ssh/ssh_host_ed25519_key -N ''",
                                                       
[0;90m
[0;38:5:245m  },
                                                       
[0;90m
[0;38:5:245m  Name: "Generate host keys",
                                                       
[0;90m
[0;38:5:245m}
Sep 15 15:33:40.646420 localhost kairos-immucore[661]: 
[0;1;33m
[0;1;38:5:185m
[0;1;39m
[0;1;33m
[0;1;38:5:185m(conditional) Skip 'Skipping stage (if statement error: failed to run (grep -qv "interactive-install" /proc/cmdline || grep -qv "install-mode-interactive" /proc/cmdline ) && \
                                                       
[0;1;33m
[0;1;38:5:185m([ -f /run/cos/live_mode ] || [ -f /run/cos/uki_install_mode ])
                                                       
[0;1;33m
[0;1;38:5:185m: exit status 1)' stage name: Root autologin.0
Sep 15 15:33:40.772337 localhost kairos-immucore[661]: 
[0;90m
[0;38:5:245m
[0;1;31m
[0;90m
[0;38:5:245mEmpty command output
Sep 15 15:33:40.803600 localhost kairos-immucore[661]: 
[0;90m
[0;38:5:245m
[0;1;31m
[0;90m
[0;38:5:245mEmpty command output
Sep 15 15:33:40.803665 localhost kairos-immucore[661]: Running layout plugin
Sep 15 15:33:40.803679 localhost kairos-immucore[661]: 
[0;90m
[0;38:5:245m
[0;1;31m
[0;90m
[0;38:5:245mDevice field empty, skipping layout plugin
Sep 15 15:33:40.803943 localhost kairos-immucore[661]: 
[0;90m
[0;38:5:245m
[0;1;31m
[0;90m
[0;38:5:245mCommand output: Running in chroot, ignoring command 'reload'
Sep 15 15:33:40.808614 localhost kairos-immucore[661]: 
[0;90m
[0;38:5:245m
[0;1;31m
[0;90m
[0;38:5:245mCommand output: Created symlink '/etc/systemd/system/multi-user.target.wants/kairos-agent.service' 
 '/etc/systemd/system/kairos-agent.service'.
Sep 15 15:33:40.808648 localhost kairos-immucore[661]: Running layout plugin
Sep 15 15:33:40.808660 localhost kairos-immucore[661]: 
[0;90m
[0;38:5:245m
[0;1;31m
[0;90m
[0;38:5:245mDevice field empty, skipping layout plugin
Sep 15 15:33:40.808827 localhost kairos-immucore[661]: Running layout plugin
Sep 15 15:33:40.808911 localhost kairos-immucore[661]: 
[0;90m
[0;38:5:245m
[0;1;31m
[0;90m
[0;38:5:245mDevice field empty, skipping layout plugin
Sep 15 15:33:41.229141 localhost kairos-immucore[661]: 
[0;90m
[0;38:5:245m
[0;1;31m
[0;90m
[0;38:5:245mCommand output: Generating public/private rsa key pair.
                                                       
[0;90m
[0;38:5:245mYour identification has been saved in /etc/ssh/ssh_host_rsa_key
                                                       
[0;90m
[0;38:5:245mYour public key has been saved in /etc/ssh/ssh_host_rsa_key.pub
                                                       
[0;90m
[0;38:5:245mThe key fingerprint is:
                                                       
[0;90m
[0;38:5:245mSHA256:ZJPvALos2D/0+Wcy4ir5/f3WQ0RuS5h2AjHk4eSGPp0 root@localhost
                                                       
[0;90m
[0;38:5:245mThe key's randomart image is:
                                                       
[0;90m
[0;38:5:245m+---[RSA 4096]----+
                                                       
[0;90m
[0;38:5:245m|         .*.     |
                                                       
[0;90m
[0;38:5:245m|         B.o  .  |
                                                       
[0;90m
[0;38:5:245m|      . * =. =   |
                                                       
[0;90m
[0;38:5:245m|     . = = .= *  |
                                                       
[0;90m
[0;38:5:245m|    .   S E. * . |
                                                       
[0;90m
[0;38:5:245m| o ...   +    o  |
                                                       
[0;90m
[0;38:5:245m|. ooo. .  .  o   |
                                                       
[0;90m
[0;38:5:245m|  oo..+ o.o . o  |
                                                       
[0;90m
[0;38:5:245m|   o++o+o=.o.  . |
                                                       
[0;90m
[0;38:5:245m+----[SHA256]-----+
Sep 15 15:33:41.235424 localhost kairos-immucore[661]: 
[0;90m
[0;38:5:245m
[0;1;31m
[0;90m
[0;38:5:245mCommand output: Generating public/private ed25519 key pair.
                                                       
[0;90m
[0;38:5:245mYour identification has been saved in /etc/ssh/ssh_host_ed25519_key
                                                       
[0;90m
[0;38:5:245mYour public key has been saved in /etc/ssh/ssh_host_ed25519_key.pub
                                                       
[0;90m
[0;38:5:245mThe key fingerprint is:
                                                       
[0;90m
[0;38:5:245mSHA256:HS1T48OQcBV2FvXAzT8eMQ7hFQM3OSVNQGz8rl41h00 root@localhost
                                                       
[0;90m
[0;38:5:245mThe key's randomart image is:
                                                       
[0;90m
[0;38:5:245m+--[ED25519 256]--+
                                                       
[0;90m
[0;38:5:245m|        ..oo*O@#B|
                                                       
[0;90m
[0;38:5:245m|         ..B.=BBB|
                                                       
[0;90m
[0;38:5:245m|          + =oo.E|
                                                       
[0;90m
[0;38:5:245m|         . + . Bo|
                                                       
[0;90m
[0;38:5:245m|        S .   oo*|
                                                       
[0;90m
[0;38:5:245m|               .=|
                                                       
[0;90m
[0;38:5:245m|               ..|
                                                       
[0;90m
[0;38:5:245m|              .. |
                                                       
[0;90m
[0;38:5:245m|             ..  |
                                                       
[0;90m
[0;38:5:245m+----[SHA256]-----+
Sep 15 15:33:41.235669 localhost kairos-immucore[661]: Running layout plugin
Sep 15 15:33:41.235748 localhost kairos-immucore[661]: 
[0;90m
[0;38:5:245m
[0;1;31m
[0;90m
[0;38:5:245mDevice field empty, skipping layout plugin
Sep 15 15:33:41.235912 localhost kairos-immucore[661]: 
[0;90m
[0;38:5:245m
[0;1;31m
[0;90m
[0;38:5:245mReading '/system/oem/09_openrc_services.yaml'
Sep 15 15:33:41.236078 localhost kairos-immucore[661]: 
[0;90m
[0;38:5:245m
[0;1;31m
[0;90m
[0;38:5:245mExecuting stage 'Create openrc services.Create OpenRC services'
Sep 15 15:33:41.236102 localhost kairos-immucore[661]: 
[0;90m
[0;38:5:245m
[0;1;31m
[0;90m
[0;38:5:245mFound systemd at /bin/systemctl
Sep 15 15:33:41.236130 localhost kairos-immucore[661]: 
[0;1;33m
[0;1;38:5:185m
[0;1;39m
[0;1;33m
[0;1;38:5:185m(conditional) Skip 'service manager doesn't match openrc' stage name: Create openrc services.Create OpenRC services
Sep 15 15:33:41.236142 localhost kairos-immucore[661]: 
[0;90m
[0;38:5:245m
[0;1;31m
[0;90m
[0;38:5:245mReading '/system/oem/25_autologin.yaml'
Sep 15 15:33:41.236153 localhost kairos-immucore[661]: 
[0;90m
[0;38:5:245m
[0;1;31m
[0;90m
[0;38:5:245mExecuting stage 'Root autologin.Autologin on livecd for OpenRC'
Sep 15 15:33:41.237322 localhost kairos-immucore[661]: 
[0;90m
[0;38:5:245m
[0;1;31m
[0;90m
[0;38:5:245mReading '/system/oem/05_network.yaml'
Sep 15 15:33:41.237365 localhost kairos-immucore[661]: 
[0;90m
[0;38:5:245m
[0;1;31m
[0;90m
[0;38:5:245mExecuting stage 'Default network configuration.Disable NetworkManager and wicked'
Sep 15 15:33:41.237943 localhost kairos-immucore[661]: 
[0;1;33m
[0;1;38:5:185m
[0;1;39m
[0;1;33m
[0;1;38:5:185m(conditional) Skip 'OnlyIfOs regex ([Oo]penSUSE.*|SUSE.*) doesn't match os name Hadron Linux' stage name: Default network configuration.Disable NetworkManager and wicked
Sep 15 15:33:41.237962 localhost kairos-immucore[661]: 
[0;90m
[0;38:5:245m
[0;1;31m
[0;90m
[0;38:5:245mReading '/system/oem/00_rootfs.yaml'
Sep 15 15:33:41.237976 localhost kairos-immucore[661]: 
[0;90m
[0;38:5:245m
[0;1;31m
[0;90m
[0;38:5:245mExecuting stage 'Rootfs Layout Settings.Restore /etc/machine-id for systemd systems'
Sep 15 15:33:41.238899 localhost kairos-immucore[661]: 
[0;90m
[0;38:5:245m
[0;1;31m
[0;90m
[0;38:5:245mReading '/system/oem/31_hosts.yaml'
Sep 15 15:33:41.238977 localhost kairos-immucore[661]: 
[0;90m
[0;38:5:245m
[0;1;31m
[0;90m
[0;38:5:245mExecuting stage '/system/oem/31_hosts.yaml.Ensure persistent /etc/ directory'
Sep 15 15:33:41.239909 localhost kairos-immucore[661]: 
[0;1;33m
[0;1;38:5:185m
[0;1;39m
[0;1;33m
[0;1;38:5:185m(conditional) Skip 'Skipping stage (if statement error: failed to run [ ! -f "/run/cos/recovery_mode" ] && [ -s /usr/local/etc/machine-id ]: exit status 1)' stage name: Rootfs Layout Settings.Restore /etc/machine-id for systemd systems
Sep 15 15:33:41.239941 localhost kairos-immucore[661]: 
[0;90m
[0;38:5:245m
[0;1;31m
[0;90m
[0;38:5:245mReading '/system/oem/02_notify.yaml'
Sep 15 15:33:41.240140 localhost kairos-immucore[661]: 
[0;90m
[0;38:5:245m
[0;1;31m
[0;90m
[0;38:5:245mExecuting stage 'Notify Kairos Plugins of Elemental Events.0'
Sep 15 15:33:41.244413 localhost kairos-immucore[661]: 
[0;1;33m
[0;1;38:5:185m
[0;1;39m
[0;1;33m
[0;1;38:5:185m(conditional) Skip 'Skipping stage (if statement error: failed to run (grep -qv "interactive-install" /proc/cmdline || grep -qv "install-mode-interactive" /proc/cmdline) && \
                                                       
[0;1;33m
[0;1;38:5:185m[ -f /run/cos/live_mode ]
                                                       
[0;1;33m
[0;1;38:5:185m: exit status 1)' stage name: Root autologin.Autologin on livecd for OpenRC
Sep 15 15:33:41.244447 localhost kairos-immucore[661]: 
[0;1;33m
[0;1;38:5:185m
[0;1;39m
[0;1;33m
[0;1;38:5:185m(conditional) Skip 'Skipping stage (if statement error: failed to run [ ! -f "/run/cos/recovery_mode" ] && [ ! -d /usr/local/etc ]: exit status 1)' stage name: /system/oem/31_hosts.yaml.Ensure persistent /etc/ directory
Sep 15 15:33:41.244619 localhost kairos-immucore[661]: 
[0;90m
[0;38:5:245m
[0;1;31m
[0;90m
[0;38:5:245mIf statement result 
Sep 15 15:33:41.244696 localhost kairos-immucore[661]: Processing stage step 'Notify Kairos Plugins of Elemental Events.0'. ( commands: 1, files: 0, ... )
Sep 15 15:33:41.244743 localhost kairos-immucore[661]: 
[0;90m
[0;38:5:245m
[0;1;31m
[0;90m
[0;38:5:245mStage: schema.Stage{
                                                       
[0;90m
[0;38:5:245m  Commands: []string{
                                                       
[0;90m
[0;38:5:245m    "kairos-agent notify agent.boot",
                                                       
[0;90m
[0;38:5:245m  },
                                                       
[0;90m
[0;38:5:245m  If: "[ ! -f \"/run/cos/recovery_mode\" ] && [ ! -f \"/run/cos/live_mode\" ]",
                                                       
[0;90m
[0;38:5:245m}
Sep 15 15:33:41.504472 localhost kairos-agent[1127]: Kairos Agent
Sep 15 15:33:41.525152 localhost kairos-agent[1127]: Boot Mode
Sep 15 15:33:41.525463 localhost kairos-agent[1127]: Boot in uki mode
Sep 15 15:33:41.888328 localhost kairos-immucore[661]: 
[0;90m
[0;38:5:245m
[0;1;31m
[0;90m
[0;38:5:245mCommand output: warning: skipping /oem/95_userdata/userdata (extension).
                                                       
[0;90m
[0;38:5:245mWARNING: jsonschema: '' does not validate with file:///schema.json#/required: missing properties: 'users'
                                                       
[0;90m
[0;38:5:245m2026-09-15T15:33:41Z INF Kairos Agent version=v4.3.0-rc3-5-g3b0005495
                                                       
[0;90m
[0;38:5:245m2026-09-15T15:33:41Z INF Boot Mode boot_mode=active_boot
                                                       
[0;90m
[0;38:5:245m2026-09-15T15:33:41Z INF Boot in uki mode result=false
Sep 15 15:33:41.889058 localhost immucore[661]: 2026-09-15T15:33:41Z DBG Command output: warning: skipping /oem/95_userdata/userdata (extension).
Sep 15 15:33:41.889058 localhost immucore[661]: WARNING: jsonschema: '' does not validate with file:///schema.json#/required: missing properties: 'users'
Sep 15 15:33:41.889058 localhost immucore[661]: 2026-09-15T15:33:41Z INF Kairos Agent version=v4.3.0-rc3-5-g3b0005495
Sep 15 15:33:41.889058 localhost immucore[661]: 2026-09-15T15:33:41Z INF Boot Mode boot_mode=active_boot
Sep 15 15:33:41.889058 localhost immucore[661]: 2026-09-15T15:33:41Z INF Boot in uki mode result=false
Sep 15 15:33:41.889058 localhost immucore[661]: 2026-09-15T15:33:41Z INF Running layout plugin
Sep 15 15:33:41.889058 localhost immucore[661]: 2026-09-15T15:33:41Z DBG Device field empty, skipping layout plugin
Sep 15 15:33:41.889058 localhost immucore[661]: 2026-09-15T15:33:41Z DBG Reading '/system/oem/05_network.yaml'
Sep 15 15:33:41.889058 localhost immucore[661]: 2026-09-15T15:33:41Z DBG Executing stage 'Default network configuration.Link /etc/resolv.conf to systemd resolv.conf'
Sep 15 15:33:41.889058 localhost immucore[661]: 2026-09-15T15:33:41Z DBG Reading '/system/oem/00_rootfs.yaml'
Sep 15 15:33:41.889058 localhost immucore[661]: 2026-09-15T15:33:41Z DBG Executing stage 'Rootfs Layout Settings.Ensure /etc/machine-id for systemd systems'
Sep 15 15:33:41.889058 localhost immucore[661]: 2026-09-15T15:33:41Z DBG Found systemd at /bin/systemctl
Sep 15 15:33:41.889058 localhost immucore[661]: 2026-09-15T15:33:41Z INF Processing stage step 'Rootfs Layout Settings.Ensure /etc/machine-id for systemd systems'. ( commands: 1, files: 0, ... )
Sep 15 15:33:41.889058 localhost immucore[661]: 2026-09-15T15:33:41Z DBG Stage: schema.Stage{
Sep 15 15:33:41.889058 localhost immucore[661]:   Commands: []string{
Sep 15 15:33:41.889058 localhost immucore[661]:     "systemd-machine-id-setup",
Sep 15 15:33:41.889058 localhost immucore[661]:   },
Sep 15 15:33:41.889058 localhost immucore[661]:   Name: "Ensure /etc/machine-id for systemd systems",
Sep 15 15:33:41.889058 localhost immucore[661]:   OnlyIfServiceManager: "systemd",
Sep 15 15:33:41.889058 localhost immucore[661]: }
Sep 15 15:33:41.888456 localhost kairos-immucore[661]: Running layout plugin
Sep 15 15:33:41.956267 localhost kernel: evm: overlay not supported
Sep 15 15:33:41.956288 localhost immucore[661]: 2026-09-15T15:33:41Z DBG Reading '/system/oem/26_selinux.yaml'
Sep 15 15:33:41.956288 localhost immucore[661]: 2026-09-15T15:33:41Z DBG Executing stage 'SELinux.Relabelling'
Sep 15 15:33:41.956288 localhost immucore[661]: 2026-09-15T15:33:41Z DBG Reading '/system/oem/09_openrc_services.yaml'
Sep 15 15:33:41.956288 localhost immucore[661]: 2026-09-15T15:33:41Z DBG Executing stage 'Create openrc services.Enable OpenRC services'
Sep 15 15:33:41.956288 localhost immucore[661]: 2026-09-15T15:33:41Z DBG Found systemd at /bin/systemctl
Sep 15 15:33:41.956288 localhost immucore[661]: 2026-09-15T15:33:41Z WRN (conditional) Skip 'service manager doesn't match openrc' stage name: Create openrc services.Enable OpenRC services
Sep 15 15:33:41.956288 localhost immucore[661]: 2026-09-15T15:33:41Z DBG Reading '/system/oem/31_hosts.yaml'
Sep 15 15:33:41.956288 localhost immucore[661]: 2026-09-15T15:33:41Z DBG Executing stage '/system/oem/31_hosts.yaml.Ensure persistent hostname'
Sep 15 15:33:41.956288 localhost immucore[661]: 2026-09-15T15:33:41Z DBG If statement result
Sep 15 15:33:41.956288 localhost immucore[661]: 2026-09-15T15:33:41Z DBG Found systemd at /bin/systemctl
Sep 15 15:33:41.956288 localhost immucore[661]: 2026-09-15T15:33:41Z INF Processing stage step 'Default network configuration.Link /etc/resolv.conf to systemd resolv.conf'. ( commands: 2, files: 0, ... )
Sep 15 15:33:41.956288 localhost immucore[661]: 2026-09-15T15:33:41Z DBG If statement result
Sep 15 15:33:41.956288 localhost immucore[661]: 2026-09-15T15:33:41Z INF Processing stage step '/system/oem/31_hosts.yaml.Ensure persistent hostname'. ( commands: 2, files: 1, ... )
Sep 15 15:33:41.956288 localhost immucore[661]: 2026-09-15T15:33:41Z DBG Stage: schema.Stage{
Sep 15 15:33:41.956288 localhost immucore[661]:   Commands: []string{
Sep 15 15:33:41.956288 localhost immucore[661]:     "rm -f /etc/hostname",
Sep 15 15:33:41.956288 localhost immucore[661]:     "ln -sf /usr/local/etc/hostname /etc/hostname",
Sep 15 15:33:41.956288 localhost immucore[661]:   },
Sep 15 15:33:41.956288 localhost immucore[661]:   Files: []schema.File{
Sep 15 15:33:41.956288 localhost immucore[661]:     schema.File{
Sep 15 15:33:41.956288 localhost immucore[661]:       Path: "/usr/local/etc/hostname",
Sep 15 15:33:41.956288 localhost immucore[661]:       Permissions: 420,
Sep 15 15:33:41.956288 localhost immucore[661]:     },
Sep 15 15:33:41.956288 localhost immucore[661]:   },
Sep 15 15:33:41.956288 localhost immucore[661]:   If: "[ ! -f \"/run/cos/recovery_mode\" ] && [ ! -L \"/etc/hostname\" ]",
Sep 15 15:33:41.956288 localhost immucore[661]:   Hostname: "kairos-{{ trunc 4 .MachineID }}",
Sep 15 15:33:41.956288 localhost immucore[661]:   Name: "Ensure persistent hostname",
Sep 15 15:33:41.956288 localhost immucore[661]: }
Sep 15 15:33:41.956288 localhost immucore[661]: 2026-09-15T15:33:41Z DBG Creating file /usr/local/etc/hostname
Sep 15 15:33:41.956288 localhost immucore[661]: 2026-09-15T15:33:41Z WRN (conditional) Skip 'Skipping stage (if statement error: failed to run cat /proc/cmdline | grep "selinux=1"
Sep 15 15:33:41.956288 localhost immucore[661]: : exit status 1)' stage name: SELinux.Relabelling
Sep 15 15:33:41.956288 localhost immucore[661]: 2026-09-15T15:33:41Z DBG Stage: schema.Stage{
Sep 15 15:33:41.956288 localhost immucore[661]:   Commands: []string{
Sep 15 15:33:41.888513 localhost kairos-immucore[661]: 
[0;90m
[0;38:5:245m
[0;1;31m
[0;90m
[0;38:5:245mDevice field empty, skipping layout plugin
Sep 15 15:33:42.044637 localhost immucore[661]:     "rm /etc/resolv.conf",
Sep 15 15:33:42.044637 localhost immucore[661]:     "ln -s /run/systemd/resolve/resolv.conf /etc/resolv.conf",
Sep 15 15:33:42.044637 localhost immucore[661]:   },
Sep 15 15:33:42.044637 localhost immucore[661]:   If: "[ -f /etc/hosts ]",
Sep 15 15:33:42.044637 localhost immucore[661]:   Name: "Link /etc/resolv.conf to systemd resolv.conf",
Sep 15 15:33:42.044637 localhost immucore[661]:   OnlyIfServiceManager: "systemd",
Sep 15 15:33:42.044637 localhost immucore[661]: }
Sep 15 15:33:42.044637 localhost immucore[661]: 2026-09-15T15:33:41Z DBG Command output: Initializing machine ID from random generator.
Sep 15 15:33:42.044637 localhost immucore[661]: 2026-09-15T15:33:41Z INF Running layout plugin
Sep 15 15:33:42.044637 localhost immucore[661]: 2026-09-15T15:33:41Z DBG Device field empty, skipping layout plugin
Sep 15 15:33:42.044637 localhost immucore[661]: 2026-09-15T15:33:41Z DBG Empty command output
Sep 15 15:33:42.044637 localhost immucore[661]: 2026-09-15T15:33:41Z DBG Empty command output
Sep 15 15:33:42.044637 localhost immucore[661]: 2026-09-15T15:33:41Z ERR Error on file /system/oem/05_network.yaml on stage Link /etc/resolv.conf to systemd resolv.conf: 1 error occurred:
Sep 15 15:33:42.044637 localhost immucore[661]:         * failed to run rm /etc/resolv.conf: exit status 1
Sep 15 15:33:42.044637 localhost immucore[661]: command output:
Sep 15 15:33:42.044637 localhost immucore[661]: rm: cannot remove '/etc/resolv.conf': No such file or directory
Sep 15 15:33:42.044637 localhost immucore[661]: 
Sep 15 15:33:42.044637 localhost immucore[661]: 2026-09-15T15:33:41Z INF Running layout plugin
Sep 15 15:33:42.044637 localhost immucore[661]: 2026-09-15T15:33:41Z DBG Device field empty, skipping layout plugin
Sep 15 15:33:41.888608 localhost kairos-immucore[661]: 
[0;90m
[0;38:5:245m
[0;1;31m
[0;90m
[0;38:5:245mReading '/system/oem/05_network.yaml'
Sep 15 15:33:42.092447 kairos-e5d8 immucore[661]: 2026-09-15T15:33:42Z DBG Empty command output
Sep 15 15:33:41.888620 kairos-e5d8 kairos-immucore[661]: 
[0;90m
[0;38:5:245m
[0;1;31m
[0;90m
[0;38:5:245mReading '/system/oem/00_rootfs.yaml'
Sep 15 15:33:41.888626 kairos-e5d8 kairos-immucore[661]: 
[0;90m
[0;38:5:245m
[0;1;31m
[0;90m
[0;38:5:245mExecuting stage 'Default network configuration.Link /etc/resolv.conf to systemd resolv.conf'
Sep 15 15:33:41.888711 kairos-e5d8 kairos-immucore[661]: 
[0;90m
[0;38:5:245m
[0;1;31m
[0;90m
[0;38:5:245mExecuting stage 'Rootfs Layout Settings.Ensure /etc/machine-id for systemd systems'
Sep 15 15:33:42.095501 kairos-e5d8 immucore[661]: 2026-09-15T15:33:42Z INF Running layout plugin
Sep 15 15:33:42.095501 kairos-e5d8 immucore[661]: 2026-09-15T15:33:42Z DBG Device field empty, skipping layout plugin
Sep 15 15:33:41.888810 kairos-e5d8 kairos-immucore[661]: 
[0;90m
[0;38:5:245m
[0;1;31m
[0;90m
[0;38:5:245mFound systemd at /bin/systemctl
Sep 15 15:33:42.101246 kairos-e5d8 immucore[661]: 2026-09-15T15:33:42Z DBG Reading '/system/oem/32_profile.yaml'
Sep 15 15:33:42.101246 kairos-e5d8 immucore[661]: 2026-09-15T15:33:42Z DBG Executing stage 'Profile extensions.Set KUBECONFIG to access k9s and kubectl'
Sep 15 15:33:42.101246 kairos-e5d8 immucore[661]: 2026-09-15T15:33:42Z INF Processing stage step 'Profile extensions.Set KUBECONFIG to access k9s and kubectl'. ( commands: 0, files: 1, ... )
Sep 15 15:33:42.101246 kairos-e5d8 immucore[661]: 2026-09-15T15:33:42Z DBG Stage: schema.Stage{
Sep 15 15:33:42.101246 kairos-e5d8 immucore[661]:   Files: []schema.File{
Sep 15 15:33:42.101246 kairos-e5d8 immucore[661]:     schema.File{
Sep 15 15:33:42.101246 kairos-e5d8 immucore[661]:       Path: "/etc/profile.d/kairos.sh",
Sep 15 15:33:42.101246 kairos-e5d8 immucore[661]:       Permissions: 420,
Sep 15 15:33:42.101246 kairos-e5d8 immucore[661]:       Content: "if [ -z \"$KUBECONFIG\" ]; then\n    if [ -e /etc/rancher/k3s/k3s.yaml ]; then\n        export KUBECONFIG=\"/etc/rancher/k3s/k3s.yaml\"\n    fi\nfi\n",
Sep 15 15:33:42.101246 kairos-e5d8 immucore[661]:     },
Sep 15 15:33:42.101246 kairos-e5d8 immucore[661]:   },
Sep 15 15:33:42.101246 kairos-e5d8 immucore[661]:   Name: "Set KUBECONFIG to access k9s and kubectl",
Sep 15 15:33:42.101246 kairos-e5d8 immucore[661]: }
Sep 15 15:33:42.101246 kairos-e5d8 immucore[661]: 2026-09-15T15:33:42Z DBG Creating file /etc/profile.d/kairos.sh
Sep 15 15:33:42.101246 kairos-e5d8 immucore[661]: 2026-09-15T15:33:42Z INF Running layout plugin
Sep 15 15:33:42.101246 kairos-e5d8 immucore[661]: 2026-09-15T15:33:42Z DBG Device field empty, skipping layout plugin
Sep 15 15:33:42.101246 kairos-e5d8 immucore[661]: 2026-09-15T15:33:42Z DBG Reading '/system/oem/05_network.yaml'
Sep 15 15:33:42.101246 kairos-e5d8 immucore[661]: 2026-09-15T15:33:42Z DBG Executing stage 'Default network configuration.Enabled systemd-networkd on Red Hat if available'
Sep 15 15:33:42.101246 kairos-e5d8 immucore[661]: 2026-09-15T15:33:42Z DBG Reading '/system/oem/09_systemd_services.yaml'
Sep 15 15:33:42.101246 kairos-e5d8 immucore[661]: 2026-09-15T15:33:42Z DBG Executing stage 'Default config.Default systemd config'
Sep 15 15:33:42.101246 kairos-e5d8 immucore[661]: 2026-09-15T15:33:42Z DBG Found systemd at /bin/systemctl
Sep 15 15:33:42.101246 kairos-e5d8 immucore[661]: 2026-09-15T15:33:42Z INF Processing stage step 'Default config.Default systemd config'. ( commands: 1, files: 0, ... )
Sep 15 15:33:42.101246 kairos-e5d8 immucore[661]: 2026-09-15T15:33:42Z DBG Stage: schema.Stage{
Sep 15 15:33:42.101246 kairos-e5d8 immucore[661]:   Commands: []string{
Sep 15 15:33:42.101246 kairos-e5d8 immucore[661]:     "systemctl set-default multi-user.target",
Sep 15 15:33:42.101246 kairos-e5d8 immucore[661]:   },
Sep 15 15:33:42.101246 kairos-e5d8 immucore[661]:   Name: "Default systemd config",
Sep 15 15:33:42.101246 kairos-e5d8 immucore[661]:   Systemctl: schema.Systemctl{
Sep 15 15:33:42.101246 kairos-e5d8 immucore[661]:     Enable: []string{
Sep 15 15:33:42.101246 kairos-e5d8 immucore[661]:       "multi-user.target",
Sep 15 15:33:42.101246 kairos-e5d8 immucore[661]:       "getty@tty1",
Sep 15 15:33:42.101246 kairos-e5d8 immucore[661]:       "iscsid",
Sep 15 15:33:42.101246 kairos-e5d8 immucore[661]:       "logrotate.timer",
Sep 15 15:33:42.101246 kairos-e5d8 immucore[661]:     },
Sep 15 15:33:42.101246 kairos-e5d8 immucore[661]:     Mask: []string{
Sep 15 15:33:42.101246 kairos-e5d8 immucore[661]:       "purge-kernels",
Sep 15 15:33:42.101246 kairos-e5d8 immucore[661]:     },
Sep 15 15:33:42.101246 kairos-e5d8 immucore[661]:   },
Sep 15 15:33:42.101246 kairos-e5d8 immucore[661]:   OnlyIfServiceManager: "systemd",
Sep 15 15:33:42.101246 kairos-e5d8 immucore[661]: }
Sep 15 15:33:41.888885 kairos-e5d8 kairos-immucore[661]: Processing stage step 'Rootfs Layout Settings.Ensure /etc/machine-id for systemd systems'. ( commands: 1, files: 0, ... )
Sep 15 15:33:42.195294 kairos-e5d8 immucore[661]: 2026-09-15T15:33:42Z DBG Reading '/system/oem/00_rootfs.yaml'
Sep 15 15:33:42.195294 kairos-e5d8 immucore[661]: 2026-09-15T15:33:42Z DBG Executing stage 'Rootfs Layout Settings.Ensure /etc/machine-id for openrc systems'
Sep 15 15:33:42.195294 kairos-e5d8 immucore[661]: 2026-09-15T15:33:42Z DBG Found systemd at /bin/systemctl
Sep 15 15:33:42.195294 kairos-e5d8 immucore[661]: 2026-09-15T15:33:42Z WRN (conditional) Skip 'service manager doesn't match openrc' stage name: Rootfs Layout Settings.Ensure /etc/machine-id for openrc systems
Sep 15 15:33:42.195294 kairos-e5d8 immucore[661]: 2026-09-15T15:33:42Z DBG If statement result
Sep 15 15:33:42.195294 kairos-e5d8 immucore[661]: 2026-09-15T15:33:42Z DBG Command output: Created symlink '/etc/systemd/system/default.target' 
 '/usr/lib/systemd/system/multi-user.target'.
Sep 15 15:33:42.195294 kairos-e5d8 immucore[661]: 2026-09-15T15:33:42Z WRN (conditional) Skip 'OnlyIfOs regex (Red.*Hat.*) doesn't match os name Hadron Linux' stage name: Default network configuration.Enabled systemd-networkd on Red Hat if available
Sep 15 15:33:41.889023 kairos-e5d8 kairos-immucore[661]: 
[0;90m
[0;38:5:245m
[0;1;31m
[0;90m
[0;38:5:245mStage: schema.Stage{
                                                         
[0;90m
[0;38:5:245m  Commands: []string{
                                                         
[0;90m
[0;38:5:245m    "systemd-machine-id-setup",
                                                         
[0;90m
[0;38:5:245m  },
                                                         
[0;90m
[0;38:5:245m  Name: "Ensure /etc/machine-id for systemd systems",
                                                         
[0;90m
[0;38:5:245m  OnlyIfServiceManager: "systemd",
                                                         
[0;90m
[0;38:5:245m}
Sep 15 15:33:41.890422 kairos-e5d8 kairos-immucore[661]: 
[0;90m
[0;38:5:245m
[0;1;31m
[0;90m
[0;38:5:245mReading '/system/oem/26_selinux.yaml'
Sep 15 15:33:41.890511 kairos-e5d8 kairos-immucore[661]: 
[0;90m
[0;38:5:245m
[0;1;31m
[0;90m
[0;38:5:245mExecuting stage 'SELinux.Relabelling'
Sep 15 15:33:41.892865 kairos-e5d8 kairos-immucore[661]: 
[0;90m
[0;38:5:245m
[0;1;31m
[0;90m
[0;38:5:245mReading '/system/oem/09_openrc_services.yaml'
Sep 15 15:33:41.892884 kairos-e5d8 kairos-immucore[661]: 
[0;90m
[0;38:5:245m
[0;1;31m
[0;90m
[0;38:5:245mExecuting stage 'Create openrc services.Enable OpenRC services'
Sep 15 15:33:41.892903 kairos-e5d8 kairos-immucore[661]: 
[0;90m
[0;38:5:245m
[0;1;31m
[0;90m
[0;38:5:245mFound systemd at /bin/systemctl
Sep 15 15:33:41.892929 kairos-e5d8 kairos-immucore[661]: 
[0;1;33m
[0;1;38:5:185m
[0;1;39m
[0;1;33m
[0;1;38:5:185m(conditional) Skip 'service manager doesn't match openrc' stage name: Create openrc services.Enable OpenRC services
Sep 15 15:33:41.892946 kairos-e5d8 kairos-immucore[661]: 
[0;90m
[0;38:5:245m
[0;1;31m
[0;90m
[0;38:5:245mReading '/system/oem/31_hosts.yaml'
Sep 15 15:33:41.892956 kairos-e5d8 kairos-immucore[661]: 
[0;90m
[0;38:5:245m
[0;1;31m
[0;90m
[0;38:5:245mExecuting stage '/system/oem/31_hosts.yaml.Ensure persistent hostname'
Sep 15 15:33:41.899866 kairos-e5d8 kairos-immucore[661]: 
[0;90m
[0;38:5:245m
[0;1;31m
[0;90m
[0;38:5:245mIf statement result 
Sep 15 15:33:41.899986 kairos-e5d8 kairos-immucore[661]: 
[0;90m
[0;38:5:245m
[0;1;31m
[0;90m
[0;38:5:245mFound systemd at /bin/systemctl
Sep 15 15:33:41.900181 kairos-e5d8 kairos-immucore[661]: Processing stage step 'Default network configuration.Link /etc/resolv.conf to systemd resolv.conf'. ( commands: 2, files: 0, ... )
Sep 15 15:33:41.900425 kairos-e5d8 kairos-immucore[661]: 
[0;90m
[0;38:5:245m
[0;1;31m
[0;90m
[0;38:5:245mIf statement result 
Sep 15 15:33:41.900513 kairos-e5d8 kairos-immucore[661]: Processing stage step '/system/oem/31_hosts.yaml.Ensure persistent hostname'. ( commands: 2, files: 1, ... )
Sep 15 15:33:41.900615 kairos-e5d8 kairos-immucore[661]: 
[0;90m
[0;38:5:245m
[0;1;31m
[0;90m
[0;38:5:245mStage: schema.Stage{
                                                         
[0;90m
[0;38:5:245m  Commands: []string{
                                                         
[0;90m
[0;38:5:245m    "rm -f /etc/hostname",
                                                         
[0;90m
[0;38:5:245m    "ln -sf /usr/local/etc/hostname /etc/hostname",
                                                         
[0;90m
[0;38:5:245m  },
                                                         
[0;90m
[0;38:5:245m  Files: []schema.File{
                                                         
[0;90m
[0;38:5:245m    schema.File{
                                                         
[0;90m
[0;38:5:245m      Path: "/usr/local/etc/hostname",
                                                         
[0;90m
[0;38:5:245m      Permissions: 420,
                                                         
[0;90m
[0;38:5:245m    },
                                                         
[0;90m
[0;38:5:245m  },
                                                         
[0;90m
[0;38:5:245m  If: "[ ! -f \"/run/cos/recovery_mode\" ] && [ ! -L \"/etc/hostname\" ]",
                                                         
[0;90m
[0;38:5:245m  Hostname: "kairos-{{ trunc 4 .MachineID }}",
                                                         
[0;90m
[0;38:5:245m  Name: "Ensure persistent hostname",
                                                         
[0;90m
[0;38:5:245m}
Sep 15 15:33:41.900660 kairos-e5d8 kairos-immucore[661]: 
[0;90m
[0;38:5:245m
[0;1;31m
[0;90m
[0;38:5:245mCreating file /usr/local/etc/hostname
Sep 15 15:33:41.902418 kairos-e5d8 kairos-immucore[661]: 
[0;1;33m
[0;1;38:5:185m
[0;1;39m
[0;1;33m
[0;1;38:5:185m(conditional) Skip 'Skipping stage (if statement error: failed to run cat /proc/cmdline | grep "selinux=1"
                                                         
[0;1;33m
[0;1;38:5:185m: exit status 1)' stage name: SELinux.Relabelling
Sep 15 15:33:41.906230 kairos-e5d8 kairos-immucore[661]: 
[0;90m
[0;38:5:245m
[0;1;31m
[0;90m
[0;38:5:245mStage: schema.Stage{
                                                         
[0;90m
[0;38:5:245m  Commands: []string{
                                                         
[0;90m
[0;38:5:245m    "rm /etc/resolv.conf",
                                                         
[0;90m
[0;38:5:245m    "ln -s /run/systemd/resolve/resolv.conf /etc/resolv.conf",
                                                         
[0;90m
[0;38:5:245m  },
                                                         
[0;90m
[0;38:5:245m  If: "[ -f /etc/hosts ]",
                                                         
[0;90m
[0;38:5:245m  Name: "Link /etc/resolv.conf to systemd resolv.conf",
                                                         
[0;90m
[0;38:5:245m  OnlyIfServiceManager: "systemd",
                                                         
[0;90m
[0;38:5:245m}
Sep 15 15:33:41.906614 kairos-e5d8 kairos-immucore[661]: 
[0;90m
[0;38:5:245m
[0;1;31m
[0;90m
[0;38:5:245mCommand output: Initializing machine ID from random generator.
Sep 15 15:33:41.906649 kairos-e5d8 kairos-immucore[661]: Running layout plugin
Sep 15 15:33:41.906662 kairos-e5d8 kairos-immucore[661]: 
[0;90m
[0;38:5:245m
[0;1;31m
[0;90m
[0;38:5:245mDevice field empty, skipping layout plugin
Sep 15 15:33:41.910712 kairos-e5d8 kairos-immucore[661]: 
[0;90m
[0;38:5:245m
[0;1;31m
[0;90m
[0;38:5:245mEmpty command output
Sep 15 15:33:41.920226 kairos-e5d8 kairos-immucore[661]: 
[0;90m
[0;38:5:245m
[0;1;31m
[0;90m
[0;38:5:245mEmpty command output
Sep 15 15:33:41.920278 kairos-e5d8 kairos-immucore[661]: 
[0;1;31m
[0;1;39m
[0;1;31mError on file /system/oem/05_network.yaml on stage Link /etc/resolv.conf to systemd resolv.conf: 1 error occurred:
                                                         
[0;1;31m        * failed to run rm /etc/resolv.conf: exit status 1
                                                         
[0;1;31mcommand output:
                                                         
[0;1;31mrm: cannot remove '/etc/resolv.conf': No such file or directory
                                                         
[0;1;31m
                                                         
[0;1;31m
Sep 15 15:33:41.920307 kairos-e5d8 kairos-immucore[661]: Running layout plugin
Sep 15 15:33:41.920318 kairos-e5d8 kairos-immucore[661]: 
[0;90m
[0;38:5:245m
[0;1;31m
[0;90m
[0;38:5:245mDevice field empty, skipping layout plugin
Sep 15 15:33:42.085637 kairos-e5d8 kairos-immucore[661]: 
[0;90m
[0;38:5:245m
[0;1;31m
[0;90m
[0;38:5:245mEmpty command output
Sep 15 15:33:42.092617 kairos-e5d8 systemd-resolved[385]: System hostname changed to 'kairos-e5d8'.
Sep 15 15:33:42.095307 kairos-e5d8 kairos-immucore[661]: Running layout plugin
Sep 15 15:33:42.095404 kairos-e5d8 kairos-immucore[661]: 
[0;90m
[0;38:5:245m
[0;1;31m
[0;90m
[0;38:5:245mDevice field empty, skipping layout plugin
Sep 15 15:33:42.095593 kairos-e5d8 kairos-immucore[661]: 
[0;90m
[0;38:5:245m
[0;1;31m
[0;90m
[0;38:5:245mReading '/system/oem/09_systemd_services.yaml'
Sep 15 15:33:42.096725 kairos-e5d8 kairos-immucore[661]: 
[0;90m
[0;38:5:245m
[0;1;31m
[0;90m
[0;38:5:245mReading '/system/oem/32_profile.yaml'
Sep 15 15:33:42.096797 kairos-e5d8 kairos-immucore[661]: 
[0;90m
[0;38:5:245m
[0;1;31m
[0;90m
[0;38:5:245mExecuting stage 'Profile extensions.Set KUBECONFIG to access k9s and kubectl'
Sep 15 15:33:42.096823 kairos-e5d8 kairos-immucore[661]: Processing stage step 'Profile extensions.Set KUBECONFIG to access k9s and kubectl'. ( commands: 0, files: 1, ... )
Sep 15 15:33:42.096878 kairos-e5d8 kairos-immucore[661]: 
[0;90m
[0;38:5:245m
[0;1;31m
[0;90m
[0;38:5:245mStage: schema.Stage{
                                                         
[0;90m
[0;38:5:245m  Files: []schema.File{
                                                         
[0;90m
[0;38:5:245m    schema.File{
                                                         
[0;90m
[0;38:5:245m      Path: "/etc/profile.d/kairos.sh",
                                                         
[0;90m
[0;38:5:245m      Permissions: 420,
                                                         
[0;90m
[0;38:5:245m      Content: "if [ -z \"$KUBECONFIG\" ]; then\n    if [ -e /etc/rancher/k3s/k3s.yaml ]; then\n        export KUBECONFIG=\"/etc/rancher/k3s/k3s.yaml\"\n    fi\nfi\n",
                                                         
[0;90m
[0;38:5:245m    },
                                                         
[0;90m
[0;38:5:245m  },
                                                         
[0;90m
[0;38:5:245m  Name: "Set KUBECONFIG to access k9s and kubectl",
                                                         
[0;90m
[0;38:5:245m}
Sep 15 15:33:42.096912 kairos-e5d8 kairos-immucore[661]: 
[0;90m
[0;38:5:245m
[0;1;31m
[0;90m
[0;38:5:245mCreating file /etc/profile.d/kairos.sh
Sep 15 15:33:42.097179 kairos-e5d8 kairos-immucore[661]: Running layout plugin
Sep 15 15:33:42.097197 kairos-e5d8 kairos-immucore[661]: 
[0;90m
[0;38:5:245m
[0;1;31m
[0;90m
[0;38:5:245mDevice field empty, skipping layout plugin
Sep 15 15:33:42.097250 kairos-e5d8 kairos-immucore[661]: 
[0;90m
[0;38:5:245m
[0;1;31m
[0;90m
[0;38:5:245mReading '/system/oem/05_network.yaml'
Sep 15 15:33:42.097288 kairos-e5d8 kairos-immucore[661]: 
[0;90m
[0;38:5:245m
[0;1;31m
[0;90m
[0;38:5:245mExecuting stage 'Default network configuration.Enabled systemd-networkd on Red Hat if available'
Sep 15 15:33:42.099319 kairos-e5d8 kairos-immucore[661]: 
[0;90m
[0;38:5:245m
[0;1;31m
[0;90m
[0;38:5:245mExecuting stage 'Default config.Default systemd config'
Sep 15 15:33:42.099391 kairos-e5d8 kairos-immucore[661]: 
[0;90m
[0;38:5:245m
[0;1;31m
[0;90m
[0;38:5:245mFound systemd at /bin/systemctl
Sep 15 15:33:42.099428 kairos-e5d8 kairos-immucore[661]: Processing stage step 'Default config.Default systemd config'. ( commands: 1, files: 0, ... )
Sep 15 15:33:42.099573 kairos-e5d8 kairos-immucore[661]: 
[0;90m
[0;38:5:245m
[0;1;31m
[0;90m
[0;38:5:245mStage: schema.Stage{
                                                         
[0;90m
[0;38:5:245m  Commands: []string{
                                                         
[0;90m
[0;38:5:245m    "systemctl set-default multi-user.target",
                                                         
[0;90m
[0;38:5:245m  },
                                                         
[0;90m
[0;38:5:245m  Name: "Default systemd config",
                                                         
[0;90m
[0;38:5:245m  Systemctl: schema.Systemctl{
                                                         
[0;90m
[0;38:5:245m    Enable: []string{
                                                         
[0;90m
[0;38:5:245m      "multi-user.target",
                                                         
[0;90m
[0;38:5:245m      "getty@tty1",
                                                         
[0;90m
[0;38:5:245m      "iscsid",
                                                         
[0;90m
[0;38:5:245m      "logrotate.timer",
                                                         
[0;90m
[0;38:5:245m    },
                                                         
[0;90m
[0;38:5:245m    Mask: []string{
                                                         
[0;90m
[0;38:5:245m      "purge-kernels",
                                                         
[0;90m
[0;38:5:245m    },
                                                         
[0;90m
[0;38:5:245m  },
                                                         
[0;90m
[0;38:5:245m  OnlyIfServiceManager: "systemd",
                                                         
[0;90m
[0;38:5:245m}
Sep 15 15:33:42.109122 kairos-e5d8 kairos-immucore[661]: 
[0;90m
[0;38:5:245m
[0;1;31m
[0;90m
[0;38:5:245mReading '/system/oem/00_rootfs.yaml'
Sep 15 15:33:42.109141 kairos-e5d8 kairos-immucore[661]: 
[0;90m
[0;38:5:245m
[0;1;31m
[0;90m
[0;38:5:245mExecuting stage 'Rootfs Layout Settings.Ensure /etc/machine-id for openrc systems'
Sep 15 15:33:42.109171 kairos-e5d8 kairos-immucore[661]: 
[0;90m
[0;38:5:245m
[0;1;31m
[0;90m
[0;38:5:245mFound systemd at /bin/systemctl
Sep 15 15:33:42.109250 kairos-e5d8 kairos-immucore[661]: 
[0;1;33m
[0;1;38:5:185m
[0;1;39m
[0;1;33m
[0;1;38:5:185m(conditional) Skip 'service manager doesn't match openrc' stage name: Rootfs Layout Settings.Ensure /etc/machine-id for openrc systems
Sep 15 15:33:42.131236 kairos-e5d8 kairos-immucore[661]: 
[0;90m
[0;38:5:245m
[0;1;31m
[0;90m
[0;38:5:245mIf statement result 
Sep 15 15:33:42.131424 kairos-e5d8 kairos-immucore[661]: 
[0;90m
[0;38:5:245m
[0;1;31m
[0;90m
[0;38:5:245mCommand output: Created symlink '/etc/systemd/system/default.target' 
 '/usr/lib/systemd/system/multi-user.target'.
Sep 15 15:33:42.134909 kairos-e5d8 kairos-immucore[661]: 
[0;1;33m
[0;1;38:5:185m
[0;1;39m
[0;1;33m
[0;1;38:5:185m(conditional) Skip 'OnlyIfOs regex (Red.*Hat.*) doesn't match os name Hadron Linux' stage name: Default network configuration.Enabled systemd-networkd on Red Hat if available
Sep 15 15:33:42.237920 kairos-e5d8 kairos-immucore[661]: 
[0;90m
[0;38:5:245m
[0;1;31m
[0;90m
[0;38:5:245mRun template
Sep 15 15:33:42.238070 kairos-e5d8 immucore[661]: 2026-09-15T15:33:42Z DBG Run template output="Failed to enable unit: Unit logrotate.timer does not exist\n"
Sep 15 15:33:42.242654 kairos-e5d8 immucore[661]: 2026-09-15T15:33:42Z ERR Error on file /system/oem/09_systemd_services.yaml on stage Default systemd config: 1 error occurred:
Sep 15 15:33:42.242654 kairos-e5d8 immucore[661]:         * failed to run systemctl enable logrotate.timer: exit status 1
Sep 15 15:33:42.242654 kairos-e5d8 immucore[661]: 
Sep 15 15:33:42.242654 kairos-e5d8 immucore[661]: 2026-09-15T15:33:42Z INF Running layout plugin
Sep 15 15:33:42.242654 kairos-e5d8 immucore[661]: 2026-09-15T15:33:42Z DBG Device field empty, skipping layout plugin
Sep 15 15:33:42.242654 kairos-e5d8 immucore[661]: 2026-09-15T15:33:42Z DBG Reading '/system/oem/09_systemd_services.yaml'
Sep 15 15:33:42.242654 kairos-e5d8 immucore[661]: 2026-09-15T15:33:42Z DBG Executing stage 'Default config.Create systemd services'
Sep 15 15:33:42.242654 kairos-e5d8 immucore[661]: 2026-09-15T15:33:42Z DBG Found systemd at /bin/systemctl
Sep 15 15:33:42.242654 kairos-e5d8 immucore[661]: 2026-09-15T15:33:42Z INF Processing stage step 'Default config.Create systemd services'. ( commands: 0, files: 5, ... )
Sep 15 15:33:42.242654 kairos-e5d8 immucore[661]: 2026-09-15T15:33:42Z DBG Stage: schema.Stage{
Sep 15 15:33:42.242654 kairos-e5d8 immucore[661]:   Files: []schema.File{
Sep 15 15:33:42.242654 kairos-e5d8 immucore[661]:     schema.File{
Sep 15 15:33:42.242654 kairos-e5d8 immucore[661]:       Path: "/etc/systemd/system/cos-setup-boot.service",
Sep 15 15:33:42.242654 kairos-e5d8 immucore[661]:       Permissions: 420,
Sep 15 15:33:42.242654 kairos-e5d8 immucore[661]:       Content: "[Unit]\nDescription=cOS system configuration\nBefore=getty.target\n\n[Service]\nType=oneshot\nRemainAfterExit=yes\nExecStart=/usr/bin/kairos-agent run-stage boot\n\n[Install]\nWantedBy=multi-user.target\n",
Sep 15 15:33:42.242654 kairos-e5d8 immucore[661]:     },
Sep 15 15:33:42.242654 kairos-e5d8 immucore[661]:     schema.File{
Sep 15 15:33:42.242654 kairos-e5d8 immucore[661]:       Path: "/etc/systemd/system/cos-setup-fs.service",
Sep 15 15:33:42.242654 kairos-e5d8 immucore[661]:       Permissions: 420,
Sep 15 15:33:42.239271 kairos-e5d8 kairos-immucore[661]: 
[0;1;31m
[0;1;39m
[0;1;31mError on file /system/oem/09_systemd_services.yaml on stage Default systemd config: 1 error occurred:
                                                         
[0;1;31m        * failed to run systemctl enable logrotate.timer: exit status 1
                                                         
[0;1;31m
Sep 15 15:33:42.290651 kairos-e5d8 passwd[1180]: password for 'root' changed by 'root'
Sep 15 15:33:42.305712 kairos-e5d8 immucore[661]:       Content: "[Unit]\nDescription=cOS system after FS setup\nDefaultDependencies=no\nAfter=local-fs.target\nWants=local-fs.target\nBefore=sysinit.target\n\n[Service]\nType=oneshot\nRemainAfterExit=yes\nExecStart=/usr/bin/kairos-agent run-stage fs\n# Belt-and-suspenders for the sysinit.target ordering: this\n# service is Before=sysinit.target, so if it hangs, every\n# later target (basic, multi-user) hangs with it and sshd\n# never comes up. run-stage fs pulls in config_url fetches\n# against a network that is not yet up at this ordering\n# point, and any silent stall inside kairos-agent (an\n# unbounded http.Get in old sdk/collector builds, a wedged\n# DNS resolver, a slow yip stage) becomes an invisible boot\n# hang. Cap the whole stage so a stall fails cleanly and\n# boot proceeds instead of dying at the login prompt.\nTimeoutStartSec=90\n\n[Install]\nWantedBy=sysinit.target\n",
Sep 15 15:33:42.305712 kairos-e5d8 immucore[661]:     },
Sep 15 15:33:42.305712 kairos-e5d8 immucore[661]:     schema.File{
Sep 15 15:33:42.305712 kairos-e5d8 immucore[661]:       Path: "/etc/systemd/system/cos-setup-network.service",
Sep 15 15:33:42.305712 kairos-e5d8 immucore[661]:       Permissions: 420,
Sep 15 15:33:42.305712 kairos-e5d8 immucore[661]:       Content: "[Unit]\nDescription=cOS setup after network\nAfter=network-online.target\n\n[Service]\nType=oneshot\nRemainAfterExit=yes\nExecStart=/usr/bin/kairos-agent run-stage network\n\n[Install]\nWantedBy=multi-user.target\n",
Sep 15 15:33:42.305712 kairos-e5d8 immucore[661]:     },
Sep 15 15:33:42.305712 kairos-e5d8 immucore[661]:     schema.File{
Sep 15 15:33:42.305712 kairos-e5d8 immucore[661]:       Path: "/etc/systemd/system/cos-setup-reconcile.service",
Sep 15 15:33:42.305712 kairos-e5d8 immucore[661]:       Permissions: 420,
Sep 15 15:33:42.305712 kairos-e5d8 immucore[661]:       Content: "[Unit]\nDescription=cOS setup reconciler\n\n[Service]\nNice=19\nIOSchedulingClass=2\nIOSchedulingPriority=7\nType=oneshot\nExecStart=/bin/bash -c \"systemd-inhibit /usr/bin/kairos-agent run-stage reconcile\"\nTimeoutStopSec=180\nKillMode=process\nKillSignal=SIGINT\n\n[Install]\nWantedBy=multi-user.target\n",
Sep 15 15:33:42.305712 kairos-e5d8 immucore[661]:     },
Sep 15 15:33:42.305712 kairos-e5d8 immucore[661]:     schema.File{
Sep 15 15:33:42.305712 kairos-e5d8 immucore[661]:       Path: "/etc/systemd/system/cos-setup-reconcile.timer",
Sep 15 15:33:42.305712 kairos-e5d8 immucore[661]:       Permissions: 420,
Sep 15 15:33:42.305712 kairos-e5d8 immucore[661]:       Content: "[Unit]\nDescription=cOS setup reconciler\n\n[Timer]\nOnBootSec=5min\nOnUnitActiveSec=60min\nUnit=cos-setup-reconcile.service\n\n[Install]\nWantedBy=multi-user.target\n",
Sep 15 15:33:42.305712 kairos-e5d8 immucore[661]:     },
Sep 15 15:33:42.305712 kairos-e5d8 immucore[661]:   },
Sep 15 15:33:42.305712 kairos-e5d8 immucore[661]:   Name: "Create systemd services",
Sep 15 15:33:42.239310 kairos-e5d8 kairos-immucore[661]: Running layout plugin
Sep 15 15:33:42.378256 kairos-e5d8 immucore[661]:   OnlyIfServiceManager: "systemd",
Sep 15 15:33:42.378256 kairos-e5d8 immucore[661]: }
Sep 15 15:33:42.378256 kairos-e5d8 immucore[661]: 2026-09-15T15:33:42Z DBG Creating file /etc/systemd/system/cos-setup-boot.service
Sep 15 15:33:42.378256 kairos-e5d8 immucore[661]: 2026-09-15T15:33:42Z DBG Creating file /etc/systemd/system/cos-setup-fs.service
Sep 15 15:33:42.378256 kairos-e5d8 immucore[661]: 2026-09-15T15:33:42Z DBG Creating file /etc/systemd/system/cos-setup-network.service
Sep 15 15:33:42.378256 kairos-e5d8 immucore[661]: 2026-09-15T15:33:42Z DBG Creating file /etc/systemd/system/cos-setup-reconcile.service
Sep 15 15:33:42.378256 kairos-e5d8 immucore[661]: 2026-09-15T15:33:42Z DBG Creating file /etc/systemd/system/cos-setup-reconcile.timer
Sep 15 15:33:42.378256 kairos-e5d8 immucore[661]: 2026-09-15T15:33:42Z DBG Reading '/system/oem/05_network.yaml'
Sep 15 15:33:42.378256 kairos-e5d8 immucore[661]: 2026-09-15T15:33:42Z DBG Executing stage 'Default network configuration.Enable systemd-resolved on Red Hat if available'
Sep 15 15:33:42.378256 kairos-e5d8 immucore[661]: 2026-09-15T15:33:42Z INF Running layout plugin
Sep 15 15:33:42.378256 kairos-e5d8 immucore[661]: 2026-09-15T15:33:42Z DBG Device field empty, skipping layout plugin
Sep 15 15:33:42.378256 kairos-e5d8 immucore[661]: 2026-09-15T15:33:42Z DBG Reading '/system/oem/50_recovery.yaml'
Sep 15 15:33:42.378256 kairos-e5d8 immucore[661]: 2026-09-15T15:33:42Z DBG Executing stage 'Start recovery on tty1.Starts kairos-recovery and generate a temporary pass'
Sep 15 15:33:42.378256 kairos-e5d8 immucore[661]: 2026-09-15T15:33:42Z DBG If statement result
Sep 15 15:33:42.378256 kairos-e5d8 immucore[661]: 2026-09-15T15:33:42Z WRN (conditional) Skip 'OnlyIfOs regex (Red.*Hat.*) doesn't match os name Hadron Linux' stage name: Default network configuration.Enable systemd-resolved on Red Hat if available
Sep 15 15:33:42.378256 kairos-e5d8 immucore[661]: 2026-09-15T15:33:42Z WRN (conditional) Skip 'Skipping stage (if statement error: failed to run grep -q "kairos.remote_recovery_mode" /proc/cmdline
Sep 15 15:33:42.378256 kairos-e5d8 immucore[661]: : exit status 1)' stage name: Start recovery on tty1.Starts kairos-recovery and generate a temporary pass
Sep 15 15:33:42.378256 kairos-e5d8 immucore[661]: 2026-09-15T15:33:42Z DBG Reading '/system/oem/08_efi_assessment.yaml'
Sep 15 15:33:42.378256 kairos-e5d8 immucore[661]: 2026-09-15T15:33:42Z DBG Executing stage 'Enable EFI assessment.Override systemd-boot services to enable RW on /efi partition'
Sep 15 15:33:42.239378 kairos-e5d8 kairos-immucore[661]: 
[0;90m
[0;38:5:245m
[0;1;31m
[0;90m
[0;38:5:245mDevice field empty, skipping layout plugin
Sep 15 15:33:42.444965 kairos-e5d8 immucore[661]: 2026-09-15T15:33:42Z WRN (conditional) Skip 'Skipping stage (if statement error: failed to run [ -e "/run/cos/uki_boot_mode" ]: exit status 1)' stage name: Enable EFI assessment.Override systemd-boot services to enable RW on /efi partition
Sep 15 15:33:42.444965 kairos-e5d8 immucore[661]: 2026-09-15T15:33:42Z DBG Reading '/system/oem/09_systemd_services.yaml'
Sep 15 15:33:42.444965 kairos-e5d8 immucore[661]: 2026-09-15T15:33:42Z DBG Executing stage 'Default config.Override systemd-tpm2-setup/systemd-pcrproduct with temporary RW under /efi'
Sep 15 15:33:42.444965 kairos-e5d8 immucore[661]: 2026-09-15T15:33:42Z WRN (conditional) Skip 'Skipping stage (if statement error: failed to run [ -e "/run/cos/uki_boot_mode" ]: exit status 1)' stage name: Default config.Override systemd-tpm2-setup/systemd-pcrproduct with temporary RW under /efi
Sep 15 15:33:42.444965 kairos-e5d8 immucore[661]: 2026-09-15T15:33:42Z DBG Reading '/system/oem/50_recovery.yaml'
Sep 15 15:33:42.444965 kairos-e5d8 immucore[661]: 2026-09-15T15:33:42Z DBG Executing stage 'Start recovery on tty1.Starts kairos-recovery for openRC based systems'
Sep 15 15:33:42.444965 kairos-e5d8 immucore[661]: 2026-09-15T15:33:42Z WRN (conditional) Skip 'Skipping stage (if statement error: failed to run grep -q "kairos.remote_recovery_mode" /proc/cmdline: exit status 1)' stage name: Start recovery on tty1.Starts kairos-recovery for openRC based systems
Sep 15 15:33:42.444965 kairos-e5d8 immucore[661]: 2026-09-15T15:33:42Z DBG Reading '/system/oem/08_efi_assessment.yaml'
Sep 15 15:33:42.444965 kairos-e5d8 immucore[661]: 2026-09-15T15:33:42Z DBG Executing stage 'Enable EFI assessment.Enable boot assessment'
Sep 15 15:33:42.444965 kairos-e5d8 immucore[661]: 2026-09-15T15:33:42Z DBG Reading '/system/oem/09_systemd_services.yaml'
Sep 15 15:33:42.444965 kairos-e5d8 immucore[661]: 2026-09-15T15:33:42Z DBG Executing stage 'Default config.Enable systemd services'
Sep 15 15:33:42.444965 kairos-e5d8 immucore[661]: 2026-09-15T15:33:42Z WRN (conditional) Skip 'Skipping stage (if statement error: failed to run [ -e "/run/cos/uki_boot_mode" ]: exit status 1)' stage name: Enable EFI assessment.Enable boot assessment
Sep 15 15:33:42.444965 kairos-e5d8 immucore[661]: 2026-09-15T15:33:42Z DBG Reading '/system/oem/51_reset.yaml'
Sep 15 15:33:42.444965 kairos-e5d8 immucore[661]: 2026-09-15T15:33:42Z DBG Executing stage 'Start reset on tty1.Starts kairos-reset for systemd based systems'
Sep 15 15:33:42.239426 kairos-e5d8 kairos-immucore[661]: 
[0;90m
[0;38:5:245m
[0;1;31m
[0;90m
[0;38:5:245mReading '/system/oem/09_systemd_services.yaml'
Sep 15 15:33:42.509314 kairos-e5d8 immucore[661]: 2026-09-15T15:33:42Z DBG Found systemd at /bin/systemctl
Sep 15 15:33:42.509314 kairos-e5d8 immucore[661]: 2026-09-15T15:33:42Z INF Processing stage step 'Default config.Enable systemd services'. ( commands: 4, files: 0, ... )
Sep 15 15:33:42.509314 kairos-e5d8 immucore[661]: 2026-09-15T15:33:42Z DBG Stage: schema.Stage{
Sep 15 15:33:42.509314 kairos-e5d8 immucore[661]:   Commands: []string{
Sep 15 15:33:42.509314 kairos-e5d8 immucore[661]:     "ln -sf /etc/systemd/system/cos-setup-reconcile.timer /etc/systemd/system/multi-user.target.wants/cos-setup-reconcile.timer",
Sep 15 15:33:42.509314 kairos-e5d8 immucore[661]:     "ln -sf /etc/systemd/system/cos-setup-fs.service /etc/systemd/system/sysinit.target.wants/cos-setup-fs.service",
Sep 15 15:33:42.509314 kairos-e5d8 immucore[661]:     "ln -sf /etc/systemd/system/cos-setup-boot.service /etc/systemd/system/multi-user.target.wants/cos-setup-boot.service",
Sep 15 15:33:42.509314 kairos-e5d8 immucore[661]:     "ln -sf /etc/systemd/system/cos-setup-network.service /etc/systemd/system/multi-user.target.wants/cos-setup-network.service",
Sep 15 15:33:42.509314 kairos-e5d8 immucore[661]:   },
Sep 15 15:33:42.509314 kairos-e5d8 immucore[661]:   Name: "Enable systemd services",
Sep 15 15:33:42.509314 kairos-e5d8 immucore[661]:   OnlyIfServiceManager: "systemd",
Sep 15 15:33:42.509314 kairos-e5d8 immucore[661]: }
Sep 15 15:33:42.509314 kairos-e5d8 immucore[661]: 2026-09-15T15:33:42Z DBG Empty command output
Sep 15 15:33:42.509314 kairos-e5d8 immucore[661]: 2026-09-15T15:33:42Z WRN (conditional) Skip 'Skipping stage (if statement error: failed to run (grep -q "kairos.reset" /proc/cmdline || [ -f /run/cos/autoreset_mode ])
Sep 15 15:33:42.509314 kairos-e5d8 immucore[661]: : exit status 1)' stage name: Start reset on tty1.Starts kairos-reset for systemd based systems
Sep 15 15:33:42.509314 kairos-e5d8 immucore[661]: 2026-09-15T15:33:42Z DBG Empty command output
Sep 15 15:33:42.509314 kairos-e5d8 immucore[661]: 2026-09-15T15:33:42Z DBG Empty command output
Sep 15 15:33:42.509314 kairos-e5d8 immucore[661]: 2026-09-15T15:33:42Z DBG Empty command output
Sep 15 15:33:42.509314 kairos-e5d8 immucore[661]: 2026-09-15T15:33:42Z INF Running layout plugin
Sep 15 15:33:42.509314 kairos-e5d8 immucore[661]: 2026-09-15T15:33:42Z DBG Device field empty, skipping layout plugin
Sep 15 15:33:42.509314 kairos-e5d8 immucore[661]: 2026-09-15T15:33:42Z DBG Reading '/system/oem/10_accounting.yaml'
Sep 15 15:33:42.509314 kairos-e5d8 immucore[661]: 2026-09-15T15:33:42Z DBG Executing stage 'Default user, permissions and serial login.Setup groups.0'
Sep 15 15:33:42.509314 kairos-e5d8 immucore[661]: 2026-09-15T15:33:42Z INF Processing stage step 'Default user, permissions and serial login.Setup groups.0'. ( commands: 0, files: 0, ... )
Sep 15 15:33:42.509314 kairos-e5d8 immucore[661]: 2026-09-15T15:33:42Z DBG Stage: schema.Stage{
Sep 15 15:33:42.509314 kairos-e5d8 immucore[661]:   EnsureEntities: []schema.YipEntity{
Sep 15 15:33:42.509314 kairos-e5d8 immucore[661]:     schema.YipEntity{
Sep 15 15:33:42.239437 kairos-e5d8 kairos-immucore[661]: 
[0;90m
[0;38:5:245m
[0;1;31m
[0;90m
[0;38:5:245mExecuting stage 'Default config.Create systemd services'
Sep 15 15:33:42.587741 kairos-e5d8 immucore[661]:       Entity: "kind: \"group\"\ngroup_name: \"admin\"\npassword: \"x\"\ngid: 900\n",
Sep 15 15:33:42.587741 kairos-e5d8 immucore[661]:     },
Sep 15 15:33:42.587741 kairos-e5d8 immucore[661]:   },
Sep 15 15:33:42.587741 kairos-e5d8 immucore[661]:   Name: "Setup groups",
Sep 15 15:33:42.587741 kairos-e5d8 immucore[661]: }
Sep 15 15:33:42.587741 kairos-e5d8 immucore[661]: 2026-09-15T15:33:42Z DBG Reading '/system/oem/51_reset.yaml'
Sep 15 15:33:42.587741 kairos-e5d8 immucore[661]: 2026-09-15T15:33:42Z DBG Executing stage 'Start reset on tty1.Starts kairos-reset for openRC-based systems'
Sep 15 15:33:42.587741 kairos-e5d8 immucore[661]: 2026-09-15T15:33:42Z WRN (conditional) Skip 'Skipping stage (if statement error: failed to run grep -q "kairos.reset" /proc/cmdline: exit status 1)' stage name: Start reset on tty1.Starts kairos-reset for openRC-based systems
Sep 15 15:33:42.587741 kairos-e5d8 immucore[661]: 2026-09-15T15:33:42Z INF Running layout plugin
Sep 15 15:33:42.587741 kairos-e5d8 immucore[661]: 2026-09-15T15:33:42Z DBG Device field empty, skipping layout plugin
Sep 15 15:33:42.587741 kairos-e5d8 immucore[661]: 2026-09-15T15:33:42Z DBG Reading '/system/oem/10_accounting.yaml'
Sep 15 15:33:42.587741 kairos-e5d8 immucore[661]: 2026-09-15T15:33:42Z DBG Reading '/system/oem/52_installer.yaml'
Sep 15 15:33:42.587741 kairos-e5d8 immucore[661]: 2026-09-15T15:33:42Z DBG Executing stage 'Start installer on tty1..0'
Sep 15 15:33:42.587741 kairos-e5d8 immucore[661]: 2026-09-15T15:33:42Z DBG Executing stage 'Default user, permissions and serial login.Setup users.1'
Sep 15 15:33:42.587741 kairos-e5d8 immucore[661]: 2026-09-15T15:33:42Z INF Processing stage step 'Default user, permissions and serial login.Setup users.1'. ( commands: 0, files: 0, ... )
Sep 15 15:33:42.587741 kairos-e5d8 immucore[661]: 2026-09-15T15:33:42Z DBG Stage: schema.Stage{
Sep 15 15:33:42.587741 kairos-e5d8 immucore[661]:   Name: "Setup users",
Sep 15 15:33:42.587741 kairos-e5d8 immucore[661]:   Users: map[string]schema.User{
Sep 15 15:33:42.587741 kairos-e5d8 immucore[661]:     "kairos": schema.User{
Sep 15 15:33:42.587741 kairos-e5d8 immucore[661]:       PasswordHash: "!",
Sep 15 15:33:42.587741 kairos-e5d8 immucore[661]:       Homedir: "/home/kairos",
Sep 15 15:33:42.587741 kairos-e5d8 immucore[661]:       Groups: []string{
Sep 15 15:33:42.587741 kairos-e5d8 immucore[661]:         "admin",
Sep 15 15:33:42.587741 kairos-e5d8 immucore[661]:       },
Sep 15 15:33:42.587741 kairos-e5d8 immucore[661]:       Shell: "/bin/bash",
Sep 15 15:33:42.587741 kairos-e5d8 immucore[661]:     },
Sep 15 15:33:42.587741 kairos-e5d8 immucore[661]:   },
Sep 15 15:33:42.587741 kairos-e5d8 immucore[661]: }
Sep 15 15:33:42.587741 kairos-e5d8 immucore[661]: 2026-09-15T15:33:42Z INF Running layout plugin
Sep 15 15:33:42.587741 kairos-e5d8 immucore[661]: 2026-09-15T15:33:42Z WRN (conditional) Skip 'Skipping stage (if statement error: failed to run (grep -q "install-mode" /proc/cmdline || grep -q "nodepair.enable" /proc/cmdline ) && \
Sep 15 15:33:42.587741 kairos-e5d8 immucore[661]: ([ -f /run/cos/live_mode ] || [ -f /run/cos/uki_install_mode ])
Sep 15 15:33:42.587741 kairos-e5d8 immucore[661]: : exit status 1)' stage name: Start installer on tty1..0
Sep 15 15:33:42.587741 kairos-e5d8 immucore[661]: 2026-09-15T15:33:42Z DBG Device field empty, skipping layout plugin
Sep 15 15:33:42.239490 kairos-e5d8 kairos-immucore[661]: 
[0;90m
[0;38:5:245m
[0;1;31m
[0;90m
[0;38:5:245mFound systemd at /bin/systemctl
Sep 15 15:33:42.674956 kairos-e5d8 immucore[661]: 2026-09-15T15:33:42Z DBG Reading '/system/oem/10_accounting.yaml'
Sep 15 15:33:42.674956 kairos-e5d8 immucore[661]: 2026-09-15T15:33:42Z DBG Executing stage 'Default user, permissions and serial login.Set user password if running in live or uki.2'
Sep 15 15:33:42.674956 kairos-e5d8 immucore[661]: 2026-09-15T15:33:42Z DBG Reading '/system/oem/52_installer.yaml'
Sep 15 15:33:42.674956 kairos-e5d8 immucore[661]: 2026-09-15T15:33:42Z DBG Executing stage 'Start installer on tty1..1'
Sep 15 15:33:42.674956 kairos-e5d8 immucore[661]: 2026-09-15T15:33:42Z WRN (conditional) Skip 'Skipping stage (if statement error: failed to run [ -e /run/cos/live_mode ] || [ -e /run/cos/uki_install_mode ]: exit status 1)' stage name: Default user, permissions and serial login.Set user password if running in live or uki.2
Sep 15 15:33:42.674956 kairos-e5d8 immucore[661]: 2026-09-15T15:33:42Z WRN (conditional) Skip 'Skipping stage (if statement error: failed to run (grep -q "install-mode" /proc/cmdline || grep -q "nodepair.enable" /proc/cmdline ) && \
Sep 15 15:33:42.674956 kairos-e5d8 immucore[661]: ([ -f /run/cos/live_mode ] || [ -f /run/cos/uki_install_mode ])
Sep 15 15:33:42.674956 kairos-e5d8 immucore[661]: : exit status 1)' stage name: Start installer on tty1..1
Sep 15 15:33:42.674956 kairos-e5d8 immucore[661]: 2026-09-15T15:33:42Z DBG Reading '/system/oem/10_accounting.yaml'
Sep 15 15:33:42.674956 kairos-e5d8 immucore[661]: 2026-09-15T15:33:42Z DBG Executing stage 'Default user, permissions and serial login.Setup sudo.3'
Sep 15 15:33:42.674956 kairos-e5d8 immucore[661]: 2026-09-15T15:33:42Z INF Processing stage step 'Default user, permissions and serial login.Setup sudo.3'. ( commands: 1, files: 1, ... )
Sep 15 15:33:42.674956 kairos-e5d8 immucore[661]: 2026-09-15T15:33:42Z DBG Reading '/system/oem/52_installer.yaml'
Sep 15 15:33:42.674956 kairos-e5d8 immucore[661]: 2026-09-15T15:33:42Z DBG Executing stage 'Start installer on tty1..2'
Sep 15 15:33:42.674956 kairos-e5d8 immucore[661]: 2026-09-15T15:33:42Z DBG Stage: schema.Stage{
Sep 15 15:33:42.674956 kairos-e5d8 immucore[661]:   Commands: []string{
Sep 15 15:33:42.674956 kairos-e5d8 immucore[661]:     "passwd -l root",
Sep 15 15:33:42.674956 kairos-e5d8 immucore[661]:   },
Sep 15 15:33:42.674956 kairos-e5d8 immucore[661]:   Files: []schema.File{
Sep 15 15:33:42.674956 kairos-e5d8 immucore[661]:     schema.File{
Sep 15 15:33:42.674956 kairos-e5d8 immucore[661]:       Path: "/etc/sudoers",
Sep 15 15:33:42.239580 kairos-e5d8 kairos-immucore[661]: Processing stage step 'Default config.Create systemd services'. ( commands: 0, files: 5, ... )
Sep 15 15:33:42.740049 kairos-e5d8 immucore[661]:       Content: "Defaults always_set_home\nDefaults secure_path=\"/usr/sbin:/usr/bin:/sbin:/bin:/usr/local/bin:/usr/local/sbin\"\nDefaults env_reset\nDefaults env_keep = \"LANG LC_ADDRESS LC_CTYPE LC_COLLATE LC_IDENTIFICATION LC_MEASUREMENT LC_MESSAGES LC_MONETARY LC_NAME LC_NUMERIC LC_PAPER LC_TELEPHONE LC_ATIME LC_ALL LANGUAGE LINGUAS XDG_SESSION_COOKIE\"\nDefaults !insults\nroot ALL=(ALL) ALL\n%admin ALL=(ALL) NOPASSWD: ALL\n#includedir /etc/sudoers.d\n",
Sep 15 15:33:42.740049 kairos-e5d8 immucore[661]:     },
Sep 15 15:33:42.740049 kairos-e5d8 immucore[661]:   },
Sep 15 15:33:42.740049 kairos-e5d8 immucore[661]:   Name: "Setup sudo",
Sep 15 15:33:42.740049 kairos-e5d8 immucore[661]: }
Sep 15 15:33:42.740049 kairos-e5d8 immucore[661]: 2026-09-15T15:33:42Z DBG Creating file /etc/sudoers
Sep 15 15:33:42.740049 kairos-e5d8 immucore[661]: 2026-09-15T15:33:42Z WRN (conditional) Skip 'Skipping stage (if statement error: failed to run (grep -q "interactive-install" /proc/cmdline || grep -q "install-mode-interactive" /proc/cmdline) && \
Sep 15 15:33:42.740049 kairos-e5d8 immucore[661]: ([ -f /run/cos/live_mode ] || [ -f /run/cos/uki_install_mode ])
Sep 15 15:33:42.740049 kairos-e5d8 immucore[661]: : exit status 1)' stage name: Start installer on tty1..2
Sep 15 15:33:42.740049 kairos-e5d8 immucore[661]: 2026-09-15T15:33:42Z DBG Command output: passwd: password changed.
Sep 15 15:33:42.740049 kairos-e5d8 immucore[661]: 2026-09-15T15:33:42Z INF Running layout plugin
Sep 15 15:33:42.740049 kairos-e5d8 immucore[661]: 2026-09-15T15:33:42Z DBG Device field empty, skipping layout plugin
Sep 15 15:33:42.740049 kairos-e5d8 immucore[661]: 2026-09-15T15:33:42Z DBG Reading '/system/oem/52_installer.yaml'
Sep 15 15:33:42.740049 kairos-e5d8 immucore[661]: 2026-09-15T15:33:42Z DBG Executing stage 'Start installer on tty1..3'
Sep 15 15:33:42.740049 kairos-e5d8 immucore[661]: 2026-09-15T15:33:42Z DBG Reading '/system/oem/10_accounting.yaml'
Sep 15 15:33:42.740049 kairos-e5d8 immucore[661]: 2026-09-15T15:33:42Z DBG Executing stage 'Default user, permissions and serial login.Ensure runtime permission.4'
Sep 15 15:33:42.740049 kairos-e5d8 immucore[661]: 2026-09-15T15:33:42Z DBG If statement result
Sep 15 15:33:42.740049 kairos-e5d8 immucore[661]: 2026-09-15T15:33:42Z INF Processing stage step 'Default user, permissions and serial login.Ensure runtime permission.4'. ( commands: 2, files: 0, ... )
Sep 15 15:33:42.740049 kairos-e5d8 immucore[661]: 2026-09-15T15:33:42Z DBG Stage: schema.Stage{
Sep 15 15:33:42.740049 kairos-e5d8 immucore[661]:   Commands: []string{
Sep 15 15:33:42.740049 kairos-e5d8 immucore[661]:     "chown -R root:admin /oem",
Sep 15 15:33:42.740049 kairos-e5d8 immucore[661]:     "chmod 770 /oem",
Sep 15 15:33:42.740049 kairos-e5d8 immucore[661]:   },
Sep 15 15:33:42.740049 kairos-e5d8 immucore[661]:   If: "[ -e \"/oem\" ]",
Sep 15 15:33:42.740049 kairos-e5d8 immucore[661]:   Name: "Ensure runtime permission",
Sep 15 15:33:42.740049 kairos-e5d8 immucore[661]: }
Sep 15 15:33:42.239687 kairos-e5d8 kairos-immucore[661]: 
[0;90m
[0;38:5:245m
[0;1;31m
[0;90m
[0;38:5:245mStage: schema.Stage{
                                                         
[0;90m
[0;38:5:245m  Files: []schema.File{
                                                         
[0;90m
[0;38:5:245m    schema.File{
                                                         
[0;90m
[0;38:5:245m      Path: "/etc/systemd/system/cos-setup-boot.service",
                                                         
[0;90m
[0;38:5:245m      Permissions: 420,
                                                         
[0;90m
[0;38:5:245m      Content: "[Unit]\nDescription=cOS system configuration\nBefore=getty.target\n\n[Service]\nType=oneshot\nRemainAfterExit=yes\nExecStart=/usr/bin/kairos-agent run-stage boot\n\n[Install]\nWantedBy=multi-user.target\n",
                                                         
[0;90m
[0;38:5:245m    },
                                                         
[0;90m
[0;38:5:245m    schema.File{
                                                         
[0;90m
[0;38:5:245m      Path: "/etc/systemd/system/cos-setup-fs.service",
                                                         
[0;90m
[0;38:5:245m      Permissions: 420,
                                                         
[0;90m
[0;38:5:245m      Content: "[Unit]\nDescription=cOS system after FS setup\nDefaultDependencies=no\nAfter=local-fs.target\nWants=local-fs.target\nBefore=sysinit.target\n\n[Service]\nType=oneshot\nRemainAfterExit=yes\nExecStart=/usr/bin/kairos-agent run-stage fs\n# Belt-and-suspenders for the sysinit.target ordering: this\n# service is Before=sysinit.target, so if it hangs, every\n# later target (basic, multi-user) hangs with it and sshd\n# never comes up. run-stage fs pulls in config_url fetches\n# against a network that is not yet up at this ordering\n# point, and any silent stall inside kairos-agent (an\n# unbounded http.Get in old sdk/collector builds, a wedged\n# DNS resolver, a slow yip stage) becomes an invisible boot\n# hang. Cap the whole stage so a stall fails cleanly and\n# boot proceeds instead of dying at the login prompt.\nTimeoutStartSec=90\n\n[Install]\nWantedBy=sysinit.target\n",
                                                         
[0;90m
[0;38:5:245m    },
                                                         
[0;90m
[0;38:5:245m    schema.File{
                                                         
[0;90m
[0;38:5:245m      Path: "/etc/systemd/system/cos-setup-network.service",
                                                         
[0;90m
[0;38:5:245m      Permissions: 420,
                                                         
[0;90m
[0;38:5:245m      Content: "[Unit]\nDescription=cOS setup after network\nAfter=network-online.target\n\n[Service]\nType=oneshot\nRemainAfterExit=yes\nExecStart=/usr/bin/kairos-agent run-stage network\n\n[Install]\nWantedBy=multi-user.target\n",
                                                         
[0;90m
[0;38:5:245m    },
                                                         
[0;90m
[0;38:5:245m    schema.File{
                                                         
[0;90m
[0;38:5:245m      Path: "/etc/systemd/system/cos-setup-reconcile.service",
                                                         
[0;90m
[0;38:5:245m      Permissions: 420,
                                                         
[0;90m
[0;38:5:245m      Content: "[Unit]\nDescription=cOS setup reconciler\n\n[Service]\nNice=19\nIOSchedulingClass=2\nIOSchedulingPriority=7\nType=oneshot\nExecStart=/bin/bash -c \"systemd-inhibit /usr/bin/kairos-agent run-stage reconcile\"\nTimeoutStopSec=180\nKillMode=process\nKillSignal=SIGINT\n\n[Install]\nWantedBy=multi-user.target\n",
                                                         
[0;90m
[0;38:5:245m    },
                                                         
[0;90m
[0;38:5:245m    schema.File{
                                                         
[0;90m
[0;38:5:245m      Path: "/etc/systemd/system/cos-setup-reconcile.timer",
                                                         
[0;90m
[0;38:5:245m      Permissions: 420,
                                                         
[0;90m
[0;38:5:245m      Content: "[Unit]\nDescription=cOS setup reconciler\n\n[Timer]\nOnBootSec=5min\nOnUnitActiveSec=60min\nUnit=cos-setup-reconcile.service\n\n[Install]\nWantedBy=multi-user.target\n",
                                                         
[0;90m
[0;38:5:245m    },
                                                         
[0;90m
[0;38:5:245m  },
                                                         
[0;90m
[0;38:5:245m  Name: "Create systemd services",
                                                         
[0;90m
[0;38:5:245m  OnlyIfServiceManager: "systemd",
                                                         
[0;90m
[0;38:5:245m}
Sep 15 15:33:42.818515 kairos-e5d8 immucore[661]: 2026-09-15T15:33:42Z WRN (conditional) Skip 'Skipping stage (if statement error: failed to run (grep -q "interactive-install" /proc/cmdline || grep -q "install-mode-interactive" /proc/cmdline) && \
Sep 15 15:33:42.818515 kairos-e5d8 immucore[661]: ([ -f /run/cos/live_mode ] || [ -f /run/cos/uki_install_mode ])
Sep 15 15:33:42.818515 kairos-e5d8 immucore[661]: : exit status 1)' stage name: Start installer on tty1..3
Sep 15 15:33:42.818515 kairos-e5d8 immucore[661]: 2026-09-15T15:33:42Z DBG Empty command output
Sep 15 15:33:42.818515 kairos-e5d8 immucore[661]: 2026-09-15T15:33:42Z DBG Empty command output
Sep 15 15:33:42.818515 kairos-e5d8 immucore[661]: 2026-09-15T15:33:42Z INF Running layout plugin
Sep 15 15:33:42.818515 kairos-e5d8 immucore[661]: 2026-09-15T15:33:42Z DBG Device field empty, skipping layout plugin
Sep 15 15:33:42.818515 kairos-e5d8 immucore[661]: 2026-09-15T15:33:42Z DBG Reading '/system/oem/10_accounting.yaml'
Sep 15 15:33:42.818515 kairos-e5d8 immucore[661]: 2026-09-15T15:33:42Z DBG Executing stage 'Default user, permissions and serial login.Ensure runtime permission.5'
Sep 15 15:33:42.818515 kairos-e5d8 immucore[661]: 2026-09-15T15:33:42Z DBG Reading '/system/oem/99_sysext.yaml'
Sep 15 15:33:42.818515 kairos-e5d8 immucore[661]: 2026-09-15T15:33:42Z DBG Executing stage 'sysext and confext configuration.systemd-sysext/confext uki config'
Sep 15 15:33:42.818515 kairos-e5d8 immucore[661]: 2026-09-15T15:33:42Z WRN (conditional) Skip 'Skipping stage (if statement error: failed to run [ -e "/usr/local/cloud-config" ]: exit status 1)' stage name: Default user, permissions and serial login.Ensure runtime permission.5
Sep 15 15:33:42.818515 kairos-e5d8 immucore[661]: 2026-09-15T15:33:42Z WRN (conditional) Skip 'Skipping stage (if statement error: failed to run [ -e "/run/cos/uki_boot_mode" ] && [ ! -e "/run/cos/recovery_mode" ] && [ ! -e "/run/cos/autoreset_mode" ]: exit status 1)' stage name: sysext and confext configuration.systemd-sysext/confext uki config
Sep 15 15:33:42.818515 kairos-e5d8 immucore[661]: 2026-09-15T15:33:42Z DBG Reading '/system/oem/99_sysext.yaml'
Sep 15 15:33:42.818515 kairos-e5d8 immucore[661]: 2026-09-15T15:33:42Z DBG Executing stage 'sysext and confext configuration.systemd-sysext/confext config'
Sep 15 15:33:42.818515 kairos-e5d8 immucore[661]: 2026-09-15T15:33:42Z DBG If statement result
Sep 15 15:33:42.818515 kairos-e5d8 immucore[661]: 2026-09-15T15:33:42Z DBG Found systemd at /bin/systemctl
Sep 15 15:33:42.818515 kairos-e5d8 immucore[661]: 2026-09-15T15:33:42Z INF Processing stage step 'sysext and confext configuration.systemd-sysext/confext config'. ( commands: 0, files: 2, ... )
Sep 15 15:33:42.239745 kairos-e5d8 kairos-immucore[661]: 
[0;90m
[0;38:5:245m
[0;1;31m
[0;90m
[0;38:5:245mCreating file /etc/systemd/system/cos-setup-boot.service
Sep 15 15:33:42.893850 kairos-e5d8 immucore[661]: 2026-09-15T15:33:42Z DBG Stage: schema.Stage{
Sep 15 15:33:42.893850 kairos-e5d8 immucore[661]:   Files: []schema.File{
Sep 15 15:33:42.893850 kairos-e5d8 immucore[661]:     schema.File{
Sep 15 15:33:42.893850 kairos-e5d8 immucore[661]:       Path: "/etc/systemd/system/systemd-sysext.service.d/kairos.conf",
Sep 15 15:33:42.893850 kairos-e5d8 immucore[661]:       Permissions: 420,
Sep 15 15:33:42.893850 kairos-e5d8 immucore[661]:       Content: "[Service]\n# Make it timeout early to avoid blocking boot if keys are not in there to unlock sysext\nTimeoutStartSec=10\n# override exec and reload to set the image policy\nExecStart=\nExecStart=systemd-sysext refresh --image-policy=\"root=verity+absent:usr=verity+absent\"\nExecReload=\nExecReload=systemd-sysext refresh --image-policy=\"root=verity+absent:usr=verity+absent\"\n# set the sysext hierarchies so we dont overwrite our mount at /usr/local\n# set them very specifically instead of a generic /usr/local as systemd <= 255 mounts the overlay as RO\n# and we dont want the full /usr/local to be RO as we store state in there\n# on systemd 256 we can control if they are mutable or not\nEnvironment=\"SYSTEMD_SYSEXT_HIERARCHIES=/usr/local/bin:/usr/local/sbin:/usr/local/include:/usr/local/lib:/usr/local/share:/usr/local/src:/usr/bin:/usr/share:/usr/lib:/usr/include:/usr/src:/usr/sbin\"\n[Unit]\n# Make it timeout early to avoid blocking boot if keys are not in there to unlock sysext\nJobRunningTimeoutSec=5\n",
Sep 15 15:33:42.893850 kairos-e5d8 immucore[661]:     },
Sep 15 15:33:42.893850 kairos-e5d8 immucore[661]:     schema.File{
Sep 15 15:33:42.893850 kairos-e5d8 immucore[661]:       Path: "/etc/systemd/system/systemd-confext.service.d/kairos.conf",
Sep 15 15:33:42.893850 kairos-e5d8 immucore[661]:       Permissions: 420,
Sep 15 15:33:42.893850 kairos-e5d8 immucore[661]:       Content: "[Service]\n# Make it timeout early to avoid blocking boot if keys are not in there to unlock sysext\nTimeoutStartSec=10\n# override exec and reload to set the image policy\nExecStart=\nExecStart=systemd-confext refresh --image-policy=\"root=verity+absent:usr=verity+absent\"\nExecReload=\nExecReload=systemd-confext refresh --image-policy=\"root=verity+absent:usr=verity+absent\"\n[Unit]\n# Make it timeout early to avoid blocking boot if keys are not in there to unlock sysext\nJobRunningTimeoutSec=5\n",
Sep 15 15:33:42.893850 kairos-e5d8 immucore[661]:     },
Sep 15 15:33:42.893850 kairos-e5d8 immucore[661]:   },
Sep 15 15:33:42.893850 kairos-e5d8 immucore[661]:   If: "[ ! -e \"/run/cos/uki_boot_mode\" ] && [ ! -e \"/run/cos/recovery_mode\" ] && [ ! -e \"/run/cos/autoreset_mode\" ]",
Sep 15 15:33:42.240452 kairos-e5d8 kairos-immucore[661]: 
[0;90m
[0;38:5:245m
[0;1;31m
[0;90m
[0;38:5:245mCreating file /etc/systemd/system/cos-setup-fs.service
Sep 15 15:33:42.960816 kairos-e5d8 immucore[661]:   Name: "systemd-sysext/confext config",
Sep 15 15:33:42.960816 kairos-e5d8 immucore[661]:   OnlyIfServiceManager: "systemd",
Sep 15 15:33:42.960816 kairos-e5d8 immucore[661]: }
Sep 15 15:33:42.960816 kairos-e5d8 immucore[661]: 2026-09-15T15:33:42Z DBG Creating file /etc/systemd/system/systemd-sysext.service.d/kairos.conf
Sep 15 15:33:42.960816 kairos-e5d8 immucore[661]: 2026-09-15T15:33:42Z DBG Creating parent directories
Sep 15 15:33:42.960816 kairos-e5d8 immucore[661]: 2026-09-15T15:33:42Z DBG Adding execution bit to parent directory
Sep 15 15:33:42.960816 kairos-e5d8 immucore[661]: 2026-09-15T15:33:42Z DBG Creating directory /etc/systemd/system/systemd-sysext.service.d
Sep 15 15:33:42.960816 kairos-e5d8 immucore[661]: 2026-09-15T15:33:42Z DBG Creating file /etc/systemd/system/systemd-confext.service.d/kairos.conf
Sep 15 15:33:42.960816 kairos-e5d8 immucore[661]: 2026-09-15T15:33:42Z DBG Creating parent directories
Sep 15 15:33:42.960816 kairos-e5d8 immucore[661]: 2026-09-15T15:33:42Z DBG Adding execution bit to parent directory
Sep 15 15:33:42.960816 kairos-e5d8 immucore[661]: 2026-09-15T15:33:42Z DBG Creating directory /etc/systemd/system/systemd-confext.service.d
Sep 15 15:33:42.960816 kairos-e5d8 immucore[661]: 2026-09-15T15:33:42Z INF Running layout plugin
Sep 15 15:33:42.960816 kairos-e5d8 immucore[661]: 2026-09-15T15:33:42Z DBG Device field empty, skipping layout plugin
Sep 15 15:33:42.960816 kairos-e5d8 immucore[661]: 2026-09-15T15:33:42Z DBG Reading '/system/oem/99_sysext.yaml'
Sep 15 15:33:42.960816 kairos-e5d8 immucore[661]: 2026-09-15T15:33:42Z DBG Executing stage 'sysext and confext configuration.systemd-sysext set hierarchy system-wide'
Sep 15 15:33:42.960816 kairos-e5d8 immucore[661]: 2026-09-15T15:33:42Z DBG If statement result
Sep 15 15:33:42.960816 kairos-e5d8 immucore[661]: 2026-09-15T15:33:42Z DBG Found systemd at /bin/systemctl
Sep 15 15:33:42.960816 kairos-e5d8 immucore[661]: 2026-09-15T15:33:42Z INF Processing stage step 'sysext and confext configuration.systemd-sysext set hierarchy system-wide'. ( commands: 0, files: 1, ... )
Sep 15 15:33:42.960816 kairos-e5d8 immucore[661]: 2026-09-15T15:33:42Z DBG Stage: schema.Stage{
Sep 15 15:33:42.960816 kairos-e5d8 immucore[661]:   Files: []schema.File{
Sep 15 15:33:42.960816 kairos-e5d8 immucore[661]:     schema.File{
Sep 15 15:33:42.960816 kairos-e5d8 immucore[661]:       Path: "/etc/profile.d/systemd-sysext.sh",
Sep 15 15:33:42.960816 kairos-e5d8 immucore[661]:       Permissions: 420,
Sep 15 15:33:42.960816 kairos-e5d8 immucore[661]:       Content: "export SYSTEMD_SYSEXT_HIERARCHIES=\"/usr/local/bin:/usr/local/sbin:/usr/local/include:/usr/local/lib:/usr/local/share:/usr/local/src:/usr/bin:/usr/share:/usr/lib:/usr/include:/usr/src:/usr/sbin\"\n",
Sep 15 15:33:42.960816 kairos-e5d8 immucore[661]:     },
Sep 15 15:33:42.960816 kairos-e5d8 immucore[661]:   },
Sep 15 15:33:42.960816 kairos-e5d8 immucore[661]:   If: "[ ! -e \"/run/cos/recovery_mode\" ] && [ ! -e \"/run/cos/autoreset_mode\" ]",
Sep 15 15:33:42.960816 kairos-e5d8 immucore[661]:   Name: "systemd-sysext set hierarchy system-wide",
Sep 15 15:33:42.960816 kairos-e5d8 immucore[661]:   OnlyIfServiceManager: "systemd",
Sep 15 15:33:42.960816 kairos-e5d8 immucore[661]: }
Sep 15 15:33:42.240872 kairos-e5d8 kairos-immucore[661]: 
[0;90m
[0;38:5:245m
[0;1;31m
[0;90m
[0;38:5:245mCreating file /etc/systemd/system/cos-setup-network.service
Sep 15 15:33:43.046510 kairos-e5d8 immucore[661]: 2026-09-15T15:33:42Z DBG Creating file /etc/profile.d/systemd-sysext.sh
Sep 15 15:33:43.046510 kairos-e5d8 immucore[661]: 2026-09-15T15:33:42Z INF Running layout plugin
Sep 15 15:33:43.046510 kairos-e5d8 immucore[661]: 2026-09-15T15:33:42Z DBG Device field empty, skipping layout plugin
Sep 15 15:33:43.046510 kairos-e5d8 immucore[661]: 2026-09-15T15:33:42Z DBG Reading '/system/oem/99_sysext.yaml'
Sep 15 15:33:43.046510 kairos-e5d8 immucore[661]: 2026-09-15T15:33:42Z DBG Executing stage 'sysext and confext configuration.systemd-sysext/confext initramfs settings'
Sep 15 15:33:43.046510 kairos-e5d8 immucore[661]: 2026-09-15T15:33:42Z DBG Found systemd at /bin/systemctl
Sep 15 15:33:43.046510 kairos-e5d8 immucore[661]: 2026-09-15T15:33:42Z INF Processing stage step 'sysext and confext configuration.systemd-sysext/confext initramfs settings'. ( commands: 0, files: 0, ... )
Sep 15 15:33:43.046510 kairos-e5d8 immucore[661]: 2026-09-15T15:33:42Z DBG Stage: schema.Stage{
Sep 15 15:33:43.046510 kairos-e5d8 immucore[661]:   Name: "systemd-sysext/confext initramfs settings",
Sep 15 15:33:43.046510 kairos-e5d8 immucore[661]:   Systemctl: schema.Systemctl{
Sep 15 15:33:43.046510 kairos-e5d8 immucore[661]:     Enable: []string{
Sep 15 15:33:43.046510 kairos-e5d8 immucore[661]:       "systemd-sysext",
Sep 15 15:33:43.046510 kairos-e5d8 immucore[661]:       "systemd-confext",
Sep 15 15:33:43.046510 kairos-e5d8 immucore[661]:     },
Sep 15 15:33:43.046510 kairos-e5d8 immucore[661]:   },
Sep 15 15:33:43.046510 kairos-e5d8 immucore[661]:   OnlyIfServiceManager: "systemd",
Sep 15 15:33:43.046510 kairos-e5d8 immucore[661]: }
Sep 15 15:33:43.046510 kairos-e5d8 immucore[661]: 2026-09-15T15:33:42Z INF Running layout plugin
Sep 15 15:33:43.046510 kairos-e5d8 immucore[661]: 2026-09-15T15:33:42Z DBG Device field empty, skipping layout plugin
Sep 15 15:33:43.046510 kairos-e5d8 immucore[661]: 2026-09-15T15:33:42Z DBG Generating op for stage '/oem/95_userdata/userdata.yaml.0'
Sep 15 15:33:43.046510 kairos-e5d8 immucore[661]: 2026-09-15T15:33:42Z DBG Generating op for stage '/oem/95_userdata/userdata.yaml.Set user and password'
Sep 15 15:33:43.046510 kairos-e5d8 immucore[661]: 2026-09-15T15:33:42Z DBG Reading '/oem/95_userdata/userdata.yaml'
Sep 15 15:33:43.046510 kairos-e5d8 immucore[661]: 2026-09-15T15:33:42Z DBG Executing stage '/oem/95_userdata/userdata.yaml.0'
Sep 15 15:33:43.046510 kairos-e5d8 immucore[661]: 2026-09-15T15:33:42Z INF Processing stage step '/oem/95_userdata/userdata.yaml.0'. ( commands: 0, files: 0, ... )
Sep 15 15:33:43.046510 kairos-e5d8 immucore[661]: 2026-09-15T15:33:42Z DBG Stage: schema.Stage{}
Sep 15 15:33:43.046510 kairos-e5d8 immucore[661]: 2026-09-15T15:33:42Z INF Running layout plugin
Sep 15 15:33:43.046510 kairos-e5d8 immucore[661]: 2026-09-15T15:33:42Z DBG Device field empty, skipping layout plugin
Sep 15 15:33:43.046510 kairos-e5d8 immucore[661]: 2026-09-15T15:33:42Z DBG Reading '/oem/95_userdata/userdata.yaml'
Sep 15 15:33:43.046510 kairos-e5d8 immucore[661]: 2026-09-15T15:33:42Z DBG Executing stage '/oem/95_userdata/userdata.yaml.Set user and password'
Sep 15 15:33:42.241113 kairos-e5d8 kairos-immucore[661]: 
[0;90m
[0;38:5:245m
[0;1;31m
[0;90m
[0;38:5:245mCreating file /etc/systemd/system/cos-setup-reconcile.service
Sep 15 15:33:43.129472 kairos-e5d8 immucore[661]: 2026-09-15T15:33:42Z INF Processing stage step '/oem/95_userdata/userdata.yaml.Set user and password'. ( commands: 0, files: 0, ... )
Sep 15 15:33:43.129472 kairos-e5d8 immucore[661]: 2026-09-15T15:33:42Z DBG Stage: schema.Stage{
Sep 15 15:33:43.129472 kairos-e5d8 immucore[661]:   Name: "Set user and password",
Sep 15 15:33:43.129472 kairos-e5d8 immucore[661]:   Users: map[string]schema.User{
Sep 15 15:33:43.129472 kairos-e5d8 immucore[661]:     "kairos": schema.User{
Sep 15 15:33:43.129472 kairos-e5d8 immucore[661]:       PasswordHash: "kairos",
Sep 15 15:33:43.129472 kairos-e5d8 immucore[661]:       Groups: []string{
Sep 15 15:33:43.129472 kairos-e5d8 immucore[661]:         "admin",
Sep 15 15:33:43.129472 kairos-e5d8 immucore[661]:       },
Sep 15 15:33:43.129472 kairos-e5d8 immucore[661]:     },
Sep 15 15:33:43.129472 kairos-e5d8 immucore[661]:   },
Sep 15 15:33:43.129472 kairos-e5d8 immucore[661]: }
Sep 15 15:33:43.129472 kairos-e5d8 immucore[661]: 2026-09-15T15:33:42Z INF Running layout plugin
Sep 15 15:33:43.129472 kairos-e5d8 immucore[661]: 2026-09-15T15:33:42Z DBG Device field empty, skipping layout plugin
Sep 15 15:33:43.129472 kairos-e5d8 immucore[661]: 2026-09-15T15:33:42Z INF Done executing stage 'initramfs'
Sep 15 15:33:43.129472 kairos-e5d8 immucore[661]: 
Sep 15 15:33:43.129472 kairos-e5d8 immucore[661]: 2026-09-15T15:33:42Z INF Running stage: initramfs.after
Sep 15 15:33:43.129472 kairos-e5d8 immucore[661]: 
Sep 15 15:33:43.129472 kairos-e5d8 immucore[661]: 2026-09-15T15:33:42Z DBG Generating op for stage 'Fonts fix for ubuntu QR code display.setup console fonts'
Sep 15 15:33:42.241336 kairos-e5d8 kairos-immucore[661]: 
[0;90m
[0;38:5:245m
[0;1;31m
[0;90m
[0;38:5:245mCreating file /etc/systemd/system/cos-setup-reconcile.timer
Sep 15 15:33:42.241703 kairos-e5d8 kairos-immucore[661]: Running layout plugin
Sep 15 15:33:42.242136 kairos-e5d8 kairos-immucore[661]: 
[0;90m
[0;38:5:245m
[0;1;31m
[0;90m
[0;38:5:245mReading '/system/oem/05_network.yaml'
Sep 15 15:33:42.242179 kairos-e5d8 kairos-immucore[661]: 
[0;90m
[0;38:5:245m
[0;1;31m
[0;90m
[0;38:5:245mExecuting stage 'Default network configuration.Enable systemd-resolved on Red Hat if available'
Sep 15 15:33:42.242986 kairos-e5d8 kairos-immucore[661]: 
[0;90m
[0;38:5:245m
[0;1;31m
[0;90m
[0;38:5:245mDevice field empty, skipping layout plugin
Sep 15 15:33:42.243103 kairos-e5d8 kairos-immucore[661]: 
[0;90m
[0;38:5:245m
[0;1;31m
[0;90m
[0;38:5:245mReading '/system/oem/50_recovery.yaml'
Sep 15 15:33:42.243364 kairos-e5d8 kairos-immucore[661]: 
[0;90m
[0;38:5:245m
[0;1;31m
[0;90m
[0;38:5:245mExecuting stage 'Start recovery on tty1.Starts kairos-recovery and generate a temporary pass'
Sep 15 15:33:42.244977 kairos-e5d8 kairos-immucore[661]: 
[0;90m
[0;38:5:245m
[0;1;31m
[0;90m
[0;38:5:245mIf statement result 
Sep 15 15:33:42.245666 kairos-e5d8 kairos-immucore[661]: 
[0;1;33m
[0;1;38:5:185m
[0;1;39m
[0;1;33m
[0;1;38:5:185m(conditional) Skip 'OnlyIfOs regex (Red.*Hat.*) doesn't match os name Hadron Linux' stage name: Default network configuration.Enable systemd-resolved on Red Hat if available
Sep 15 15:33:42.245882 kairos-e5d8 kairos-immucore[661]: 
[0;1;33m
[0;1;38:5:185m
[0;1;39m
[0;1;33m
[0;1;38:5:185m(conditional) Skip 'Skipping stage (if statement error: failed to run grep -q "kairos.remote_recovery_mode" /proc/cmdline
                                                         
[0;1;33m
[0;1;38:5:185m: exit status 1)' stage name: Start recovery on tty1.Starts kairos-recovery and generate a temporary pass
Sep 15 15:33:42.245918 kairos-e5d8 kairos-immucore[661]: 
[0;90m
[0;38:5:245m
[0;1;31m
[0;90m
[0;38:5:245mReading '/system/oem/08_efi_assessment.yaml'
Sep 15 15:33:42.245929 kairos-e5d8 kairos-immucore[661]: 
[0;90m
[0;38:5:245m
[0;1;31m
[0;90m
[0;38:5:245mExecuting stage 'Enable EFI assessment.Override systemd-boot services to enable RW on /efi partition'
Sep 15 15:33:42.246576 kairos-e5d8 kairos-immucore[661]: 
[0;1;33m
[0;1;38:5:185m
[0;1;39m
[0;1;33m
[0;1;38:5:185m(conditional) Skip 'Skipping stage (if statement error: failed to run [ -e "/run/cos/uki_boot_mode" ]: exit status 1)' stage name: Enable EFI assessment.Override systemd-boot services to enable RW on /efi partition
Sep 15 15:33:42.246607 kairos-e5d8 kairos-immucore[661]: 
[0;90m
[0;38:5:245m
[0;1;31m
[0;90m
[0;38:5:245mReading '/system/oem/09_systemd_services.yaml'
Sep 15 15:33:42.246618 kairos-e5d8 kairos-immucore[661]: 
[0;90m
[0;38:5:245m
[0;1;31m
[0;90m
[0;38:5:245mExecuting stage 'Default config.Override systemd-tpm2-setup/systemd-pcrproduct with temporary RW under /efi'
Sep 15 15:33:42.247338 kairos-e5d8 kairos-immucore[661]: 
[0;1;33m
[0;1;38:5:185m
[0;1;39m
[0;1;33m
[0;1;38:5:185m(conditional) Skip 'Skipping stage (if statement error: failed to run [ -e "/run/cos/uki_boot_mode" ]: exit status 1)' stage name: Default config.Override systemd-tpm2-setup/systemd-pcrproduct with temporary RW under /efi
Sep 15 15:33:42.247396 kairos-e5d8 kairos-immucore[661]: 
[0;90m
[0;38:5:245m
[0;1;31m
[0;90m
[0;38:5:245mReading '/system/oem/50_recovery.yaml'
Sep 15 15:33:42.247409 kairos-e5d8 kairos-immucore[661]: 
[0;90m
[0;38:5:245m
[0;1;31m
[0;90m
[0;38:5:245mExecuting stage 'Start recovery on tty1.Starts kairos-recovery for openRC based systems'
Sep 15 15:33:42.249583 kairos-e5d8 kairos-immucore[661]: 
[0;1;33m
[0;1;38:5:185m
[0;1;39m
[0;1;33m
[0;1;38:5:185m(conditional) Skip 'Skipping stage (if statement error: failed to run grep -q "kairos.remote_recovery_mode" /proc/cmdline: exit status 1)' stage name: Start recovery on tty1.Starts kairos-recovery for openRC based systems
Sep 15 15:33:42.249685 kairos-e5d8 kairos-immucore[661]: 
[0;90m
[0;38:5:245m
[0;1;31m
[0;90m
[0;38:5:245mReading '/system/oem/08_efi_assessment.yaml'
Sep 15 15:33:42.249704 kairos-e5d8 kairos-immucore[661]: 
[0;90m
[0;38:5:245m
[0;1;31m
[0;90m
[0;38:5:245mExecuting stage 'Enable EFI assessment.Enable boot assessment'
Sep 15 15:33:42.250235 kairos-e5d8 kairos-immucore[661]: 
[0;90m
[0;38:5:245m
[0;1;31m
[0;90m
[0;38:5:245mReading '/system/oem/09_systemd_services.yaml'
Sep 15 15:33:42.250367 kairos-e5d8 kairos-immucore[661]: 
[0;1;33m
[0;1;38:5:185m
[0;1;39m
[0;1;33m
[0;1;38:5:185m(conditional) Skip 'Skipping stage (if statement error: failed to run [ -e "/run/cos/uki_boot_mode" ]: exit status 1)' stage name: Enable EFI assessment.Enable boot assessment
Sep 15 15:33:42.250444 kairos-e5d8 kairos-immucore[661]: 
[0;90m
[0;38:5:245m
[0;1;31m
[0;90m
[0;38:5:245mReading '/system/oem/51_reset.yaml'
Sep 15 15:33:42.250503 kairos-e5d8 kairos-immucore[661]: 
[0;90m
[0;38:5:245m
[0;1;31m
[0;90m
[0;38:5:245mExecuting stage 'Default config.Enable systemd services'
Sep 15 15:33:42.250609 kairos-e5d8 kairos-immucore[661]: 
[0;90m
[0;38:5:245m
[0;1;31m
[0;90m
[0;38:5:245mExecuting stage 'Start reset on tty1.Starts kairos-reset for systemd based systems'
Sep 15 15:33:42.250842 kairos-e5d8 kairos-immucore[661]: 
[0;90m
[0;38:5:245m
[0;1;31m
[0;90m
[0;38:5:245mFound systemd at /bin/systemctl
Sep 15 15:33:42.251053 kairos-e5d8 kairos-immucore[661]: Processing stage step 'Default config.Enable systemd services'. ( commands: 4, files: 0, ... )
Sep 15 15:33:42.251097 kairos-e5d8 kairos-immucore[661]: 
[0;90m
[0;38:5:245m
[0;1;31m
[0;90m
[0;38:5:245mStage: schema.Stage{
                                                         
[0;90m
[0;38:5:245m  Commands: []string{
                                                         
[0;90m
[0;38:5:245m    "ln -sf /etc/systemd/system/cos-setup-reconcile.timer /etc/systemd/system/multi-user.target.wants/cos-setup-reconcile.timer",
                                                         
[0;90m
[0;38:5:245m    "ln -sf /etc/systemd/system/cos-setup-fs.service /etc/systemd/system/sysinit.target.wants/cos-setup-fs.service",
                                                         
[0;90m
[0;38:5:245m    "ln -sf /etc/systemd/system/cos-setup-boot.service /etc/systemd/system/multi-user.target.wants/cos-setup-boot.service",
                                                         
[0;90m
[0;38:5:245m    "ln -sf /etc/systemd/system/cos-setup-network.service /etc/systemd/system/multi-user.target.wants/cos-setup-network.service",
                                                         
[0;90m
[0;38:5:245m  },
                                                         
[0;90m
[0;38:5:245m  Name: "Enable systemd services",
                                                         
[0;90m
[0;38:5:245m  OnlyIfServiceManager: "systemd",
                                                         
[0;90m
[0;38:5:245m}
Sep 15 15:33:42.253743 kairos-e5d8 kairos-immucore[661]: 
[0;90m
[0;38:5:245m
[0;1;31m
[0;90m
[0;38:5:245mEmpty command output
Sep 15 15:33:42.255369 kairos-e5d8 kairos-immucore[661]: 
[0;1;33m
[0;1;38:5:185m
[0;1;39m
[0;1;33m
[0;1;38:5:185m(conditional) Skip 'Skipping stage (if statement error: failed to run (grep -q "kairos.reset" /proc/cmdline || [ -f /run/cos/autoreset_mode ])
                                                         
[0;1;33m
[0;1;38:5:185m: exit status 1)' stage name: Start reset on tty1.Starts kairos-reset for systemd based systems
Sep 15 15:33:42.256950 kairos-e5d8 kairos-immucore[661]: 
[0;90m
[0;38:5:245m
[0;1;31m
[0;90m
[0;38:5:245mEmpty command output
Sep 15 15:33:42.259227 kairos-e5d8 kairos-immucore[661]: 
[0;90m
[0;38:5:245m
[0;1;31m
[0;90m
[0;38:5:245mEmpty command output
Sep 15 15:33:42.261420 kairos-e5d8 kairos-immucore[661]: 
[0;90m
[0;38:5:245m
[0;1;31m
[0;90m
[0;38:5:245mEmpty command output
Sep 15 15:33:42.261601 kairos-e5d8 kairos-immucore[661]: Running layout plugin
Sep 15 15:33:42.261619 kairos-e5d8 kairos-immucore[661]: 
[0;90m
[0;38:5:245m
[0;1;31m
[0;90m
[0;38:5:245mDevice field empty, skipping layout plugin
Sep 15 15:33:42.261651 kairos-e5d8 kairos-immucore[661]: 
[0;90m
[0;38:5:245m
[0;1;31m
[0;90m
[0;38:5:245mReading '/system/oem/10_accounting.yaml'
Sep 15 15:33:42.261673 kairos-e5d8 kairos-immucore[661]: 
[0;90m
[0;38:5:245m
[0;1;31m
[0;90m
[0;38:5:245mExecuting stage 'Default user, permissions and serial login.Setup groups.0'
Sep 15 15:33:42.261690 kairos-e5d8 kairos-immucore[661]: Processing stage step 'Default user, permissions and serial login.Setup groups.0'. ( commands: 0, files: 0, ... )
Sep 15 15:33:42.261731 kairos-e5d8 kairos-immucore[661]: 
[0;90m
[0;38:5:245m
[0;1;31m
[0;90m
[0;38:5:245mStage: schema.Stage{
                                                         
[0;90m
[0;38:5:245m  EnsureEntities: []schema.YipEntity{
                                                         
[0;90m
[0;38:5:245m    schema.YipEntity{
                                                         
[0;90m
[0;38:5:245m      Entity: "kind: \"group\"\ngroup_name: \"admin\"\npassword: \"x\"\ngid: 900\n",
                                                         
[0;90m
[0;38:5:245m    },
                                                         
[0;90m
[0;38:5:245m  },
                                                         
[0;90m
[0;38:5:245m  Name: "Setup groups",
                                                         
[0;90m
[0;38:5:245m}
Sep 15 15:33:42.262236 kairos-e5d8 kairos-immucore[661]: 
[0;90m
[0;38:5:245m
[0;1;31m
[0;90m
[0;38:5:245mReading '/system/oem/51_reset.yaml'
Sep 15 15:33:42.262265 kairos-e5d8 kairos-immucore[661]: 
[0;90m
[0;38:5:245m
[0;1;31m
[0;90m
[0;38:5:245mExecuting stage 'Start reset on tty1.Starts kairos-reset for openRC-based systems'
Sep 15 15:33:42.264638 kairos-e5d8 kairos-immucore[661]: 
[0;1;33m
[0;1;38:5:185m
[0;1;39m
[0;1;33m
[0;1;38:5:185m(conditional) Skip 'Skipping stage (if statement error: failed to run grep -q "kairos.reset" /proc/cmdline: exit status 1)' stage name: Start reset on tty1.Starts kairos-reset for openRC-based systems
Sep 15 15:33:42.265132 kairos-e5d8 kairos-immucore[661]: Running layout plugin
Sep 15 15:33:42.265247 kairos-e5d8 kairos-immucore[661]: 
[0;90m
[0;38:5:245m
[0;1;31m
[0;90m
[0;38:5:245mDevice field empty, skipping layout plugin
Sep 15 15:33:42.265364 kairos-e5d8 kairos-immucore[661]: 
[0;90m
[0;38:5:245m
[0;1;31m
[0;90m
[0;38:5:245mReading '/system/oem/10_accounting.yaml'
Sep 15 15:33:42.265447 kairos-e5d8 kairos-immucore[661]: 
[0;90m
[0;38:5:245m
[0;1;31m
[0;90m
[0;38:5:245mReading '/system/oem/52_installer.yaml'
Sep 15 15:33:42.265499 kairos-e5d8 kairos-immucore[661]: 
[0;90m
[0;38:5:245m
[0;1;31m
[0;90m
[0;38:5:245mExecuting stage 'Start installer on tty1..0'
Sep 15 15:33:42.265895 kairos-e5d8 kairos-immucore[661]: 
[0;90m
[0;38:5:245m
[0;1;31m
[0;90m
[0;38:5:245mExecuting stage 'Default user, permissions and serial login.Setup users.1'
Sep 15 15:33:42.265986 kairos-e5d8 kairos-immucore[661]: Processing stage step 'Default user, permissions and serial login.Setup users.1'. ( commands: 0, files: 0, ... )
Sep 15 15:33:42.266214 kairos-e5d8 kairos-immucore[661]: 
[0;90m
[0;38:5:245m
[0;1;31m
[0;90m
[0;38:5:245mStage: schema.Stage{
                                                         
[0;90m
[0;38:5:245m  Name: "Setup users",
                                                         
[0;90m
[0;38:5:245m  Users: map[string]schema.User{
                                                         
[0;90m
[0;38:5:245m    "kairos": schema.User{
                                                         
[0;90m
[0;38:5:245m      PasswordHash: "!",
                                                         
[0;90m
[0;38:5:245m      Homedir: "/home/kairos",
                                                         
[0;90m
[0;38:5:245m      Groups: []string{
                                                         
[0;90m
[0;38:5:245m        "admin",
                                                         
[0;90m
[0;38:5:245m      },
                                                         
[0;90m
[0;38:5:245m      Shell: "/bin/bash",
                                                         
[0;90m
[0;38:5:245m    },
                                                         
[0;90m
[0;38:5:245m  },
                                                         
[0;90m
[0;38:5:245m}
Sep 15 15:33:42.268597 kairos-e5d8 kairos-immucore[661]: Running layout plugin
Sep 15 15:33:42.268706 kairos-e5d8 kairos-immucore[661]: 
[0;1;33m
[0;1;38:5:185m
[0;1;39m
[0;1;33m
[0;1;38:5:185m(conditional) Skip 'Skipping stage (if statement error: failed to run (grep -q "install-mode" /proc/cmdline || grep -q "nodepair.enable" /proc/cmdline ) && \
                                                         
[0;1;33m
[0;1;38:5:185m([ -f /run/cos/live_mode ] || [ -f /run/cos/uki_install_mode ])
                                                         
[0;1;33m
[0;1;38:5:185m: exit status 1)' stage name: Start installer on tty1..0
Sep 15 15:33:42.268712 kairos-e5d8 kairos-immucore[661]: 
[0;90m
[0;38:5:245m
[0;1;31m
[0;90m
[0;38:5:245mDevice field empty, skipping layout plugin
Sep 15 15:33:42.268754 kairos-e5d8 kairos-immucore[661]: 
[0;90m
[0;38:5:245m
[0;1;31m
[0;90m
[0;38:5:245mReading '/system/oem/52_installer.yaml'
Sep 15 15:33:42.268759 kairos-e5d8 kairos-immucore[661]: 
[0;90m
[0;38:5:245m
[0;1;31m
[0;90m
[0;38:5:245mReading '/system/oem/10_accounting.yaml'
Sep 15 15:33:42.268771 kairos-e5d8 kairos-immucore[661]: 
[0;90m
[0;38:5:245m
[0;1;31m
[0;90m
[0;38:5:245mExecuting stage 'Default user, permissions and serial login.Set user password if running in live or uki.2'
Sep 15 15:33:42.268860 kairos-e5d8 kairos-immucore[661]: 
[0;90m
[0;38:5:245m
[0;1;31m
[0;90m
[0;38:5:245mExecuting stage 'Start installer on tty1..1'
Sep 15 15:33:42.270931 kairos-e5d8 kairos-immucore[661]: 
[0;1;33m
[0;1;38:5:185m
[0;1;39m
[0;1;33m
[0;1;38:5:185m(conditional) Skip 'Skipping stage (if statement error: failed to run [ -e /run/cos/live_mode ] || [ -e /run/cos/uki_install_mode ]: exit status 1)' stage name: Default user, permissions and serial login.Set user password if running in live or uki.2
Sep 15 15:33:42.272432 kairos-e5d8 kairos-immucore[661]: 
[0;1;33m
[0;1;38:5:185m
[0;1;39m
[0;1;33m
[0;1;38:5:185m(conditional) Skip 'Skipping stage (if statement error: failed to run (grep -q "install-mode" /proc/cmdline || grep -q "nodepair.enable" /proc/cmdline ) && \
                                                         
[0;1;33m
[0;1;38:5:185m([ -f /run/cos/live_mode ] || [ -f /run/cos/uki_install_mode ])
                                                         
[0;1;33m
[0;1;38:5:185m: exit status 1)' stage name: Start installer on tty1..1
Sep 15 15:33:42.272611 kairos-e5d8 kairos-immucore[661]: 
[0;90m
[0;38:5:245m
[0;1;31m
[0;90m
[0;38:5:245mReading '/system/oem/52_installer.yaml'
Sep 15 15:33:42.272697 kairos-e5d8 kairos-immucore[661]: 
[0;90m
[0;38:5:245m
[0;1;31m
[0;90m
[0;38:5:245mReading '/system/oem/10_accounting.yaml'
Sep 15 15:33:42.272715 kairos-e5d8 kairos-immucore[661]: 
[0;90m
[0;38:5:245m
[0;1;31m
[0;90m
[0;38:5:245mExecuting stage 'Default user, permissions and serial login.Setup sudo.3'
Sep 15 15:33:42.272797 kairos-e5d8 kairos-immucore[661]: Processing stage step 'Default user, permissions and serial login.Setup sudo.3'. ( commands: 1, files: 1, ... )
Sep 15 15:33:42.272847 kairos-e5d8 kairos-immucore[661]: 
[0;90m
[0;38:5:245m
[0;1;31m
[0;90m
[0;38:5:245mStage: schema.Stage{
                                                         
[0;90m
[0;38:5:245m  Commands: []string{
                                                         
[0;90m
[0;38:5:245m    "passwd -l root",
                                                         
[0;90m
[0;38:5:245m  },
                                                         
[0;90m
[0;38:5:245m  Files: []schema.File{
                                                         
[0;90m
[0;38:5:245m    schema.File{
                                                         
[0;90m
[0;38:5:245m      Path: "/etc/sudoers",
                                                         
[0;90m
[0;38:5:245m      Content: "Defaults always_set_home\nDefaults secure_path=\"/usr/sbin:/usr/bin:/sbin:/bin:/usr/local/bin:/usr/local/sbin\"\nDefaults env_reset\nDefaults env_keep = \"LANG LC_ADDRESS LC_CTYPE LC_COLLATE LC_IDENTIFICATION LC_MEASUREMENT LC_MESSAGES LC_MONETARY LC_NAME LC_NUMERIC LC_PAPER LC_TELEPHONE LC_ATIME LC_ALL LANGUAGE LINGUAS XDG_SESSION_COOKIE\"\nDefaults !insults\nroot ALL=(ALL) ALL\n%admin ALL=(ALL) NOPASSWD: ALL\n#includedir /etc/sudoers.d\n",
                                                         
[0;90m
[0;38:5:245m    },
                                                         
[0;90m
[0;38:5:245m  },
                                                         
[0;90m
[0;38:5:245m  Name: "Setup sudo",
                                                         
[0;90m
[0;38:5:245m}
Sep 15 15:33:42.272940 kairos-e5d8 kairos-immucore[661]: 
[0;90m
[0;38:5:245m
[0;1;31m
[0;90m
[0;38:5:245mExecuting stage 'Start installer on tty1..2'
Sep 15 15:33:42.273689 kairos-e5d8 kairos-immucore[661]: 
[0;90m
[0;38:5:245m
[0;1;31m
[0;90m
[0;38:5:245mCreating file /etc/sudoers
Sep 15 15:33:42.275382 kairos-e5d8 kairos-immucore[661]: 
[0;1;33m
[0;1;38:5:185m
[0;1;39m
[0;1;33m
[0;1;38:5:185m(conditional) Skip 'Skipping stage (if statement error: failed to run (grep -q "interactive-install" /proc/cmdline || grep -q "install-mode-interactive" /proc/cmdline) && \
                                                         
[0;1;33m
[0;1;38:5:185m([ -f /run/cos/live_mode ] || [ -f /run/cos/uki_install_mode ])
                                                         
[0;1;33m
[0;1;38:5:185m: exit status 1)' stage name: Start installer on tty1..2
Sep 15 15:33:42.291712 kairos-e5d8 kairos-immucore[661]: 
[0;90m
[0;38:5:245m
[0;1;31m
[0;90m
[0;38:5:245mCommand output: passwd: password changed.
Sep 15 15:33:42.291756 kairos-e5d8 kairos-immucore[661]: Running layout plugin
Sep 15 15:33:42.291766 kairos-e5d8 kairos-immucore[661]: 
[0;90m
[0;38:5:245m
[0;1;31m
[0;90m
[0;38:5:245mDevice field empty, skipping layout plugin
Sep 15 15:33:42.291797 kairos-e5d8 kairos-immucore[661]: 
[0;90m
[0;38:5:245m
[0;1;31m
[0;90m
[0;38:5:245mReading '/system/oem/52_installer.yaml'
Sep 15 15:33:42.291806 kairos-e5d8 kairos-immucore[661]: 
[0;90m
[0;38:5:245m
[0;1;31m
[0;90m
[0;38:5:245mExecuting stage 'Start installer on tty1..3'
Sep 15 15:33:42.292018 kairos-e5d8 kairos-immucore[661]: 
[0;90m
[0;38:5:245m
[0;1;31m
[0;90m
[0;38:5:245mReading '/system/oem/10_accounting.yaml'
Sep 15 15:33:42.292087 kairos-e5d8 kairos-immucore[661]: 
[0;90m
[0;38:5:245m
[0;1;31m
[0;90m
[0;38:5:245mExecuting stage 'Default user, permissions and serial login.Ensure runtime permission.4'
Sep 15 15:33:42.293285 kairos-e5d8 kairos-immucore[661]: 
[0;90m
[0;38:5:245m
[0;1;31m
[0;90m
[0;38:5:245mIf statement result 
Sep 15 15:33:42.293763 kairos-e5d8 kairos-immucore[661]: Processing stage step 'Default user, permissions and serial login.Ensure runtime permission.4'. ( commands: 2, files: 0, ... )
Sep 15 15:33:42.293796 kairos-e5d8 kairos-immucore[661]: 
[0;90m
[0;38:5:245m
[0;1;31m
[0;90m
[0;38:5:245mStage: schema.Stage{
                                                         
[0;90m
[0;38:5:245m  Commands: []string{
                                                         
[0;90m
[0;38:5:245m    "chown -R root:admin /oem",
                                                         
[0;90m
[0;38:5:245m    "chmod 770 /oem",
                                                         
[0;90m
[0;38:5:245m  },
                                                         
[0;90m
[0;38:5:245m  If: "[ -e \"/oem\" ]",
                                                         
[0;90m
[0;38:5:245m  Name: "Ensure runtime permission",
                                                         
[0;90m
[0;38:5:245m}
Sep 15 15:33:42.297443 kairos-e5d8 kairos-immucore[661]: 
[0;1;33m
[0;1;38:5:185m
[0;1;39m
[0;1;33m
[0;1;38:5:185m(conditional) Skip 'Skipping stage (if statement error: failed to run (grep -q "interactive-install" /proc/cmdline || grep -q "install-mode-interactive" /proc/cmdline) && \
                                                         
[0;1;33m
[0;1;38:5:185m([ -f /run/cos/live_mode ] || [ -f /run/cos/uki_install_mode ])
                                                         
[0;1;33m
[0;1;38:5:185m: exit status 1)' stage name: Start installer on tty1..3
Sep 15 15:33:42.298119 kairos-e5d8 kairos-immucore[661]: 
[0;90m
[0;38:5:245m
[0;1;31m
[0;90m
[0;38:5:245mEmpty command output
Sep 15 15:33:42.300220 kairos-e5d8 kairos-immucore[661]: 
[0;90m
[0;38:5:245m
[0;1;31m
[0;90m
[0;38:5:245mEmpty command output
Sep 15 15:33:42.300323 kairos-e5d8 kairos-immucore[661]: Running layout plugin
Sep 15 15:33:42.300341 kairos-e5d8 kairos-immucore[661]: 
[0;90m
[0;38:5:245m
[0;1;31m
[0;90m
[0;38:5:245mDevice field empty, skipping layout plugin
Sep 15 15:33:42.300576 kairos-e5d8 kairos-immucore[661]: 
[0;90m
[0;38:5:245m
[0;1;31m
[0;90m
[0;38:5:245mReading '/system/oem/10_accounting.yaml'
Sep 15 15:33:42.300598 kairos-e5d8 kairos-immucore[661]: 
[0;90m
[0;38:5:245m
[0;1;31m
[0;90m
[0;38:5:245mExecuting stage 'Default user, permissions and serial login.Ensure runtime permission.5'
Sep 15 15:33:42.301138 kairos-e5d8 kairos-immucore[661]: 
[0;90m
[0;38:5:245m
[0;1;31m
[0;90m
[0;38:5:245mReading '/system/oem/99_sysext.yaml'
Sep 15 15:33:42.301256 kairos-e5d8 kairos-immucore[661]: 
[0;90m
[0;38:5:245m
[0;1;31m
[0;90m
[0;38:5:245mExecuting stage 'sysext and confext configuration.systemd-sysext/confext uki config'
Sep 15 15:33:42.301617 kairos-e5d8 kairos-immucore[661]: 
[0;1;33m
[0;1;38:5:185m
[0;1;39m
[0;1;33m
[0;1;38:5:185m(conditional) Skip 'Skipping stage (if statement error: failed to run [ -e "/usr/local/cloud-config" ]: exit status 1)' stage name: Default user, permissions and serial login.Ensure runtime permission.5
Sep 15 15:33:42.303011 kairos-e5d8 kairos-immucore[661]: 
[0;1;33m
[0;1;38:5:185m
[0;1;39m
[0;1;33m
[0;1;38:5:185m(conditional) Skip 'Skipping stage (if statement error: failed to run [ -e "/run/cos/uki_boot_mode" ] && [ ! -e "/run/cos/recovery_mode" ] && [ ! -e "/run/cos/autoreset_mode" ]: exit status 1)' stage name: sysext and confext configuration.systemd-sysext/confext uki config
Sep 15 15:33:42.303046 kairos-e5d8 kairos-immucore[661]: 
[0;90m
[0;38:5:245m
[0;1;31m
[0;90m
[0;38:5:245mReading '/system/oem/99_sysext.yaml'
Sep 15 15:33:42.303059 kairos-e5d8 kairos-immucore[661]: 
[0;90m
[0;38:5:245m
[0;1;31m
[0;90m
[0;38:5:245mExecuting stage 'sysext and confext configuration.systemd-sysext/confext config'
Sep 15 15:33:42.304115 kairos-e5d8 kairos-immucore[661]: 
[0;90m
[0;38:5:245m
[0;1;31m
[0;90m
[0;38:5:245mIf statement result 
Sep 15 15:33:42.304141 kairos-e5d8 kairos-immucore[661]: 
[0;90m
[0;38:5:245m
[0;1;31m
[0;90m
[0;38:5:245mFound systemd at /bin/systemctl
Sep 15 15:33:42.304198 kairos-e5d8 kairos-immucore[661]: Processing stage step 'sysext and confext configuration.systemd-sysext/confext config'. ( commands: 0, files: 2, ... )
Sep 15 15:33:42.304266 kairos-e5d8 kairos-immucore[661]: 
[0;90m
[0;38:5:245m
[0;1;31m
[0;90m
[0;38:5:245mStage: schema.Stage{
                                                         
[0;90m
[0;38:5:245m  Files: []schema.File{
                                                         
[0;90m
[0;38:5:245m    schema.File{
                                                         
[0;90m
[0;38:5:245m      Path: "/etc/systemd/system/systemd-sysext.service.d/kairos.conf",
                                                         
[0;90m
[0;38:5:245m      Permissions: 420,
                                                         
[0;90m
[0;38:5:245m      Content: "[Service]\n# Make it timeout early to avoid blocking boot if keys are not in there to unlock sysext\nTimeoutStartSec=10\n# override exec and reload to set the image policy\nExecStart=\nExecStart=systemd-sysext refresh --image-policy=\"root=verity+absent:usr=verity+absent\"\nExecReload=\nExecReload=systemd-sysext refresh --image-policy=\"root=verity+absent:usr=verity+absent\"\n# set the sysext hierarchies so we dont overwrite our mount at /usr/local\n# set them very specifically instead of a generic /usr/local as systemd <= 255 mounts the overlay as RO\n# and we dont want the full /usr/local to be RO as we store state in there\n# on systemd 256 we can control if they are mutable or not\nEnvironment=\"SYSTEMD_SYSEXT_HIERARCHIES=/usr/local/bin:/usr/local/sbin:/usr/local/include:/usr/local/lib:/usr/local/share:/usr/local/src:/usr/bin:/usr/share:/usr/lib:/usr/include:/usr/src:/usr/sbin\"\n[Unit]\n# Make it timeout early to avoid blocking boot if keys are not in there to unlock sysext\nJobRunningTimeoutSec=5\n",
                                                         
[0;90m
[0;38:5:245m    },
                                                         
[0;90m
[0;38:5:245m    schema.File{
                                                         
[0;90m
[0;38:5:245m      Path: "/etc/systemd/system/systemd-confext.service.d/kairos.conf",
                                                         
[0;90m
[0;38:5:245m      Permissions: 420,
                                                         
[0;90m
[0;38:5:245m      Content: "[Service]\n# Make it timeout early to avoid blocking boot if keys are not in there to unlock sysext\nTimeoutStartSec=10\n# override exec and reload to set the image policy\nExecStart=\nExecStart=systemd-confext refresh --image-policy=\"root=verity+absent:usr=verity+absent\"\nExecReload=\nExecReload=systemd-confext refresh --image-policy=\"root=verity+absent:usr=verity+absent\"\n[Unit]\n# Make it timeout early to avoid blocking boot if keys are not in there to unlock sysext\nJobRunningTimeoutSec=5\n",
                                                         
[0;90m
[0;38:5:245m    },
                                                         
[0;90m
[0;38:5:245m  },
                                                         
[0;90m
[0;38:5:245m  If: "[ ! -e \"/run/cos/uki_boot_mode\" ] && [ ! -e \"/run/cos/recovery_mode\" ] && [ ! -e \"/run/cos/autoreset_mode\" ]",
                                                         
[0;90m
[0;38:5:245m  Name: "systemd-sysext/confext config",
                                                         
[0;90m
[0;38:5:245m  OnlyIfServiceManager: "systemd",
                                                         
[0;90m
[0;38:5:245m}
Sep 15 15:33:42.304304 kairos-e5d8 kairos-immucore[661]: 
[0;90m
[0;38:5:245m
[0;1;31m
[0;90m
[0;38:5:245mCreating file /etc/systemd/system/systemd-sysext.service.d/kairos.conf
Sep 15 15:33:42.304326 kairos-e5d8 kairos-immucore[661]: 
[0;90m
[0;38:5:245m
[0;1;31m
[0;90m
[0;38:5:245mCreating parent directories
Sep 15 15:33:42.304335 kairos-e5d8 kairos-immucore[661]: 
[0;90m
[0;38:5:245m
[0;1;31m
[0;90m
[0;38:5:245mAdding execution bit to parent directory
Sep 15 15:33:42.304348 kairos-e5d8 kairos-immucore[661]: 
[0;90m
[0;38:5:245m
[0;1;31m
[0;90m
[0;38:5:245mCreating directory /etc/systemd/system/systemd-sysext.service.d
Sep 15 15:33:42.304659 kairos-e5d8 kairos-immucore[661]: 
[0;90m
[0;38:5:245m
[0;1;31m
[0;90m
[0;38:5:245mCreating file /etc/systemd/system/systemd-confext.service.d/kairos.conf
Sep 15 15:33:42.304683 kairos-e5d8 kairos-immucore[661]: 
[0;90m
[0;38:5:245m
[0;1;31m
[0;90m
[0;38:5:245mCreating parent directories
Sep 15 15:33:42.304695 kairos-e5d8 kairos-immucore[661]: 
[0;90m
[0;38:5:245m
[0;1;31m
[0;90m
[0;38:5:245mAdding execution bit to parent directory
Sep 15 15:33:42.304713 kairos-e5d8 kairos-immucore[661]: 
[0;90m
[0;38:5:245m
[0;1;31m
[0;90m
[0;38:5:245mCreating directory /etc/systemd/system/systemd-confext.service.d
Sep 15 15:33:42.304873 kairos-e5d8 kairos-immucore[661]: Running layout plugin
Sep 15 15:33:42.304884 kairos-e5d8 kairos-immucore[661]: 
[0;90m
[0;38:5:245m
[0;1;31m
[0;90m
[0;38:5:245mDevice field empty, skipping layout plugin
Sep 15 15:33:42.304912 kairos-e5d8 kairos-immucore[661]: 
[0;90m
[0;38:5:245m
[0;1;31m
[0;90m
[0;38:5:245mReading '/system/oem/99_sysext.yaml'
Sep 15 15:33:42.304922 kairos-e5d8 kairos-immucore[661]: 
[0;90m
[0;38:5:245m
[0;1;31m
[0;90m
[0;38:5:245mExecuting stage 'sysext and confext configuration.systemd-sysext set hierarchy system-wide'
Sep 15 15:33:42.308567 kairos-e5d8 kairos-immucore[661]: 
[0;90m
[0;38:5:245m
[0;1;31m
[0;90m
[0;38:5:245mIf statement result 
Sep 15 15:33:42.308605 kairos-e5d8 kairos-immucore[661]: 
[0;90m
[0;38:5:245m
[0;1;31m
[0;90m
[0;38:5:245mFound systemd at /bin/systemctl
Sep 15 15:33:42.308634 kairos-e5d8 kairos-immucore[661]: Processing stage step 'sysext and confext configuration.systemd-sysext set hierarchy system-wide'. ( commands: 0, files: 1, ... )
Sep 15 15:33:42.308672 kairos-e5d8 kairos-immucore[661]: 
[0;90m
[0;38:5:245m
[0;1;31m
[0;90m
[0;38:5:245mStage: schema.Stage{
                                                         
[0;90m
[0;38:5:245m  Files: []schema.File{
                                                         
[0;90m
[0;38:5:245m    schema.File{
                                                         
[0;90m
[0;38:5:245m      Path: "/etc/profile.d/systemd-sysext.sh",
                                                         
[0;90m
[0;38:5:245m      Permissions: 420,
                                                         
[0;90m
[0;38:5:245m      Content: "export SYSTEMD_SYSEXT_HIERARCHIES=\"/usr/local/bin:/usr/local/sbin:/usr/local/include:/usr/local/lib:/usr/local/share:/usr/local/src:/usr/bin:/usr/share:/usr/lib:/usr/include:/usr/src:/usr/sbin\"\n",
                                                         
[0;90m
[0;38:5:245m    },
                                                         
[0;90m
[0;38:5:245m  },
                                                         
[0;90m
[0;38:5:245m  If: "[ ! -e \"/run/cos/recovery_mode\" ] && [ ! -e \"/run/cos/autoreset_mode\" ]",
                                                         
[0;90m
[0;38:5:245m  Name: "systemd-sysext set hierarchy system-wide",
                                                         
[0;90m
[0;38:5:245m  OnlyIfServiceManager: "systemd",
                                                         
[0;90m
[0;38:5:245m}
Sep 15 15:33:42.308692 kairos-e5d8 kairos-immucore[661]: 
[0;90m
[0;38:5:245m
[0;1;31m
[0;90m
[0;38:5:245mCreating file /etc/profile.d/systemd-sysext.sh
Sep 15 15:33:42.308834 kairos-e5d8 kairos-immucore[661]: Running layout plugin
Sep 15 15:33:42.308845 kairos-e5d8 kairos-immucore[661]: 
[0;90m
[0;38:5:245m
[0;1;31m
[0;90m
[0;38:5:245mDevice field empty, skipping layout plugin
Sep 15 15:33:42.308868 kairos-e5d8 kairos-immucore[661]: 
[0;90m
[0;38:5:245m
[0;1;31m
[0;90m
[0;38:5:245mReading '/system/oem/99_sysext.yaml'
Sep 15 15:33:42.308883 kairos-e5d8 kairos-immucore[661]: 
[0;90m
[0;38:5:245m
[0;1;31m
[0;90m
[0;38:5:245mExecuting stage 'sysext and confext configuration.systemd-sysext/confext initramfs settings'
Sep 15 15:33:42.308895 kairos-e5d8 kairos-immucore[661]: 
[0;90m
[0;38:5:245m
[0;1;31m
[0;90m
[0;38:5:245mFound systemd at /bin/systemctl
Sep 15 15:33:42.308912 kairos-e5d8 kairos-immucore[661]: Processing stage step 'sysext and confext configuration.systemd-sysext/confext initramfs settings'. ( commands: 0, files: 0, ... )
Sep 15 15:33:43.175777 kairos-e5d8 immucore[661]: 2026-09-15T15:33:42Z DBG Generating op for stage 'Default user, permissions and serial login.Enable serial login for alpine'
Sep 15 15:33:42.308935 kairos-e5d8 kairos-immucore[661]: 
[0;90m
[0;38:5:245m
[0;1;31m
[0;90m
[0;38:5:245mStage: schema.Stage{
                                                         
[0;90m
[0;38:5:245m  Name: "systemd-sysext/confext initramfs settings",
                                                         
[0;90m
[0;38:5:245m  Systemctl: schema.Systemctl{
                                                         
[0;90m
[0;38:5:245m    Enable: []string{
                                                         
[0;90m
[0;38:5:245m      "systemd-sysext",
                                                         
[0;90m
[0;38:5:245m      "systemd-confext",
                                                         
[0;90m
[0;38:5:245m    },
                                                         
[0;90m
[0;38:5:245m  },
                                                         
[0;90m
[0;38:5:245m  OnlyIfServiceManager: "systemd",
                                                         
[0;90m
[0;38:5:245m}
Sep 15 15:33:43.180476 kairos-e5d8 immucore[661]: 2026-09-15T15:33:43Z DBG Reading '/system/oem/03-setupcon.yaml'
Sep 15 15:33:43.180476 kairos-e5d8 immucore[661]: 2026-09-15T15:33:43Z DBG Executing stage 'Fonts fix for ubuntu QR code display.setup console fonts'
Sep 15 15:33:43.180476 kairos-e5d8 immucore[661]: 2026-09-15T15:33:43Z WRN (conditional) Skip 'OnlyIfOs regex (Ubuntu.*|Debian.*) doesn't match os name Hadron Linux' stage name: Fonts fix for ubuntu QR code display.setup console fonts
Sep 15 15:33:43.180476 kairos-e5d8 immucore[661]: 2026-09-15T15:33:43Z DBG Reading '/system/oem/10_accounting.yaml'
Sep 15 15:33:43.180476 kairos-e5d8 immucore[661]: 2026-09-15T15:33:43Z DBG Executing stage 'Default user, permissions and serial login.Enable serial login for alpine'
Sep 15 15:33:43.180476 kairos-e5d8 immucore[661]: 2026-09-15T15:33:43Z DBG Found systemd at /bin/systemctl
Sep 15 15:33:43.180476 kairos-e5d8 immucore[661]: 2026-09-15T15:33:43Z WRN (conditional) Skip 'service manager doesn't match openrc' stage name: Default user, permissions and serial login.Enable serial login for alpine
Sep 15 15:33:42.319621 kairos-e5d8 kairos-immucore[661]: Running layout plugin
Sep 15 15:33:43.213237 kairos-e5d8 immucore[661]: 2026-09-15T15:33:43Z INF Done executing stage 'initramfs.after'
Sep 15 15:33:43.213237 kairos-e5d8 immucore[661]: 
Sep 15 15:33:43.213237 kairos-e5d8 immucore[661]: 2026-09-15T15:33:43Z INF Running stage: initramfs.before
Sep 15 15:33:43.213237 kairos-e5d8 immucore[661]: 
Sep 15 15:33:43.213237 kairos-e5d8 immucore[661]: 2026-09-15T15:33:43Z INF Done executing stage 'initramfs.before'
Sep 15 15:33:43.213237 kairos-e5d8 immucore[661]: 
Sep 15 15:33:43.213237 kairos-e5d8 immucore[661]: 2026-09-15T15:33:43Z INF Running stage: initramfs
Sep 15 15:33:43.213237 kairos-e5d8 immucore[661]: 
Sep 15 15:33:43.213237 kairos-e5d8 immucore[661]: 2026-09-15T15:33:43Z INF Done executing stage 'initramfs'
Sep 15 15:33:43.213237 kairos-e5d8 immucore[661]: 
Sep 15 15:33:43.213237 kairos-e5d8 immucore[661]: 2026-09-15T15:33:43Z INF Running stage: initramfs.after
Sep 15 15:33:43.213237 kairos-e5d8 immucore[661]: 
Sep 15 15:33:43.213237 kairos-e5d8 immucore[661]: 2026-09-15T15:33:43Z INF Done executing stage 'initramfs.after'
Sep 15 15:33:43.213237 kairos-e5d8 immucore[661]: 
Sep 15 15:33:43.213237 kairos-e5d8 immucore[661]: 2026-09-15T15:33:43Z DBG Closing chroot activeMounts=["/sysroot/sys","/sysroot/dev","/sysroot/dev/pts","/sysroot/dev/shm","/sysroot/proc","/sysroot/tmp","/sysroot/run/rootfsbase","/sysroot/run/initramfs/live","/sysroot/run"]
Sep 15 15:33:43.213237 kairos-e5d8 immucore[661]: 2026-09-15T15:33:43Z DBG Unmounting from chroot what=/sysroot/run
Sep 15 15:33:43.213237 kairos-e5d8 immucore[661]: 2026-09-15T15:33:43Z DBG Unmounting from chroot what=/sysroot/run/initramfs/live
Sep 15 15:33:43.213237 kairos-e5d8 immucore[661]: 2026-09-15T15:33:43Z DBG Unmounting from chroot what=/sysroot/run/rootfsbase
Sep 15 15:33:43.213237 kairos-e5d8 immucore[661]: 2026-09-15T15:33:43Z DBG Unmounting from chroot what=/sysroot/tmp
Sep 15 15:33:43.213237 kairos-e5d8 immucore[661]: 2026-09-15T15:33:43Z DBG Unmounting from chroot what=/sysroot/proc
Sep 15 15:33:43.213237 kairos-e5d8 immucore[661]: 2026-09-15T15:33:43Z DBG Unmounting from chroot what=/sysroot/dev/shm
Sep 15 15:33:43.213237 kairos-e5d8 immucore[661]: 2026-09-15T15:33:43Z DBG Unmounting from chroot what=/sysroot/dev/pts
Sep 15 15:33:43.213237 kairos-e5d8 immucore[661]: 2026-09-15T15:33:43Z DBG Unmounting from chroot what=/sysroot/dev
Sep 15 15:33:43.213237 kairos-e5d8 immucore[661]: 2026-09-15T15:33:43Z DBG Unmounting from chroot what=/sysroot/sys
Sep 15 15:33:43.213237 kairos-e5d8 immucore[661]: 2026-09-15T15:33:43Z INF 1.
Sep 15 15:33:43.213237 kairos-e5d8 immucore[661]:  <init> (background: false) (weak: false) (run: false)
Sep 15 15:33:43.213237 kairos-e5d8 immucore[661]: 2.
Sep 15 15:33:43.213237 kairos-e5d8 immucore[661]:  <create-sentinel> (background: false) (weak: false) (run: true)
Sep 15 15:33:43.213237 kairos-e5d8 immucore[661]:  <wait-for-sysroot> (background: false) (weak: false) (run: true)
Sep 15 15:33:43.213237 kairos-e5d8 immucore[661]:  <mount-tmpfs> (background: false) (weak: false) (run: true)
Sep 15 15:33:43.213237 kairos-e5d8 immucore[661]: 3.
Sep 15 15:33:43.213237 kairos-e5d8 immucore[661]:  <ensure-partitions> (background: false) (weak: false) (run: true)
Sep 15 15:33:43.213237 kairos-e5d8 immucore[661]: 4.
Sep 15 15:33:42.319706 kairos-e5d8 kairos-immucore[661]: 
[0;90m
[0;38:5:245m
[0;1;31m
[0;90m
[0;38:5:245mDevice field empty, skipping layout plugin
Sep 15 15:33:43.384820 kairos-e5d8 multipathd[372]: multipathd: shut down
Sep 15 15:33:43.385005 kairos-e5d8 immucore[661]:  <mount-oem> (background: false) (weak: false) (run: true)
Sep 15 15:33:43.385005 kairos-e5d8 immucore[661]:  <upgrade-kcrypt> (background: false) (weak: false) (run: true)
Sep 15 15:33:43.385005 kairos-e5d8 immucore[661]: 5.
Sep 15 15:33:43.385005 kairos-e5d8 immucore[661]:  <unlock-all> (background: false) (weak: false) (run: true)
Sep 15 15:33:43.385005 kairos-e5d8 immucore[661]:  <rootfs-hook> (background: false) (weak: false) (run: true)
Sep 15 15:33:43.385005 kairos-e5d8 immucore[661]: 6.
Sep 15 15:33:43.385005 kairos-e5d8 immucore[661]:  <load-config> (background: false) (weak: false) (run: true)
Sep 15 15:33:43.385005 kairos-e5d8 immucore[661]: 7.
Sep 15 15:33:43.385005 kairos-e5d8 immucore[661]:  <mount-base-overlay> (background: false) (weak: false) (run: true)
Sep 15 15:33:43.385005 kairos-e5d8 immucore[661]:  <custom-mount> (background: false) (weak: false) (run: true)
Sep 15 15:33:43.385005 kairos-e5d8 immucore[661]: 8.
Sep 15 15:33:43.385005 kairos-e5d8 immucore[661]:  <overlay-mount> (background: false) (weak: false) (run: true)
Sep 15 15:33:43.385005 kairos-e5d8 immucore[661]: 9.
Sep 15 15:33:43.385005 kairos-e5d8 immucore[661]:  <mount-bind> (background: false) (weak: false) (run: true)
Sep 15 15:33:43.385005 kairos-e5d8 immucore[661]: 10.
Sep 15 15:33:43.385005 kairos-e5d8 immucore[661]:  <write-fstab> (background: false) (weak: false) (run: true)
Sep 15 15:33:43.385005 kairos-e5d8 immucore[661]:  <enable-sysext-confext> (background: false) (weak: false) (run: true)
Sep 15 15:33:43.385005 kairos-e5d8 immucore[661]: 11.
Sep 15 15:33:43.385005 kairos-e5d8 immucore[661]:  <initramfs-hook> (background: false) (weak: false) (run: true)
Sep 15 15:33:43.385005 kairos-e5d8 immucore[661]: 
Sep 15 15:33:43.385005 kairos-e5d8 immucore[661]: 2026-09-15T15:33:43Z INF Boot timeline (slowest first):
Sep 15 15:33:43.385005 kairos-e5d8 immucore[661]: 1. <initramfs-hook> 2.688s (ok)
Sep 15 15:33:43.385005 kairos-e5d8 immucore[661]: 2. <mount-bind> 2.192s (ok)
Sep 15 15:33:43.385005 kairos-e5d8 immucore[661]: 3. <wait-for-sysroot> 2.003s (ok)
Sep 15 15:33:43.385005 kairos-e5d8 immucore[661]: 4. <custom-mount> 1.125s (ok)
Sep 15 15:33:43.385005 kairos-e5d8 immucore[661]: 5. <mount-oem> 1.077s (ok)
Sep 15 15:33:43.385005 kairos-e5d8 immucore[661]: 6. <mount-tmpfs> 1.001s (ok)
Sep 15 15:33:43.385005 kairos-e5d8 immucore[661]: 7. <ensure-partitions> 997ms (ok)
Sep 15 15:33:43.385005 kairos-e5d8 immucore[661]: 8. <rootfs-hook> 774ms (ok)
Sep 15 15:33:43.385005 kairos-e5d8 immucore[661]: 9. <enable-sysext-confext> 257ms (ok)
Sep 15 15:33:43.385005 kairos-e5d8 immucore[661]: 10. <write-fstab> 17ms (ok)
Sep 15 15:33:43.385005 kairos-e5d8 immucore[661]: 11. <mount-base-overlay> 11ms (ok)
Sep 15 15:33:43.385005 kairos-e5d8 immucore[661]: 12. <create-sentinel> 5ms (ok)
Sep 15 15:33:43.385005 kairos-e5d8 immucore[661]: 13. <overlay-mount> 4ms (ok)
Sep 15 15:33:43.385005 kairos-e5d8 immucore[661]: 14. <upgrade-kcrypt> 1ms (ok)
Sep 15 15:33:43.385005 kairos-e5d8 immucore[661]: 15. <unlock-all> 0s (ok)
Sep 15 15:33:43.385005 kairos-e5d8 immucore[661]: 16. <load-config> 0s (ok)
Sep 15 15:33:43.385005 kairos-e5d8 immucore[661]: 
Sep 15 15:33:43.385005 kairos-e5d8 immucore[661]: 2026-09-15T15:33:43Z INF Boot timeline step duration=2687.575712 rank=1 step=initramfs-hook
Sep 15 15:33:43.385005 kairos-e5d8 immucore[661]: 2026-09-15T15:33:43Z INF Boot timeline step duration=2191.746785 rank=2 step=mount-bind
Sep 15 15:33:43.385005 kairos-e5d8 immucore[661]: 2026-09-15T15:33:43Z INF Boot timeline step duration=2003.441369 rank=3 step=wait-for-sysroot
Sep 15 15:33:43.385005 kairos-e5d8 immucore[661]: 2026-09-15T15:33:43Z INF Boot timeline step duration=1124.90457 rank=4 step=custom-mount
Sep 15 15:33:42.320048 kairos-e5d8 kairos-immucore[661]: 
[0;90m
[0;38:5:245m
[0;1;31m
[0;90m
[0;38:5:245mGenerating op for stage '/oem/95_userdata/userdata.yaml.0'
Sep 15 15:33:43.530195 kairos-e5d8 immucore[661]: 2026-09-15T15:33:43Z INF Boot timeline step duration=1076.648129 rank=5 step=mount-oem
Sep 15 15:33:43.530195 kairos-e5d8 immucore[661]: 2026-09-15T15:33:43Z INF Boot timeline step duration=1000.657426 rank=6 step=mount-tmpfs
Sep 15 15:33:43.530195 kairos-e5d8 immucore[661]: 2026-09-15T15:33:43Z INF Boot timeline step duration=997.155402 rank=7 step=ensure-partitions
Sep 15 15:33:43.530195 kairos-e5d8 immucore[661]: 2026-09-15T15:33:43Z INF Boot timeline step duration=774.468622 rank=8 step=rootfs-hook
Sep 15 15:33:43.530195 kairos-e5d8 immucore[661]: 2026-09-15T15:33:43Z INF Boot timeline step duration=256.890194 rank=9 step=enable-sysext-confext
Sep 15 15:33:43.530195 kairos-e5d8 immucore[661]: 2026-09-15T15:33:43Z INF Boot timeline step duration=17.286038 rank=10 step=write-fstab
Sep 15 15:33:43.530195 kairos-e5d8 immucore[661]: 2026-09-15T15:33:43Z INF Boot timeline step duration=11.159178 rank=11 step=mount-base-overlay
Sep 15 15:33:43.530195 kairos-e5d8 immucore[661]: 2026-09-15T15:33:43Z INF Boot timeline step duration=4.647266 rank=12 step=create-sentinel
Sep 15 15:33:43.530195 kairos-e5d8 immucore[661]: 2026-09-15T15:33:43Z INF Boot timeline step duration=4.301167 rank=13 step=overlay-mount
Sep 15 15:33:43.530195 kairos-e5d8 immucore[661]: 2026-09-15T15:33:43Z INF Boot timeline step duration=0.694075 rank=14 step=upgrade-kcrypt
Sep 15 15:33:43.530195 kairos-e5d8 immucore[661]: 2026-09-15T15:33:43Z INF Boot timeline step duration=0.448143 rank=15 step=unlock-all
Sep 15 15:33:43.530195 kairos-e5d8 immucore[661]: 2026-09-15T15:33:43Z INF Boot timeline step duration=0.348174 rank=16 step=load-config
Sep 15 15:33:43.530195 kairos-e5d8 immucore[661]: 2026-09-15T15:33:43Z INF Wrote boot timeline trace path=/run/immucore/boot-timeline.json
Sep 15 15:33:43.597009 kairos-e5d8 dracut-pre-pivot[1199]: Using tmpfs overlay (changes will not persist across reboots)
Sep 15 15:33:42.320069 kairos-e5d8 kairos-immucore[661]: 
[0;90m
[0;38:5:245m
[0;1;31m
[0;90m
[0;38:5:245mGenerating op for stage '/oem/95_userdata/userdata.yaml.Set user and password'
Sep 15 15:33:43.598013 kairos-e5d8 systemd-journald[360]: Received SIGTERM from PID 1 (systemd).
Sep 15 15:33:42.320162 kairos-e5d8 kairos-immucore[661]: 
[0;90m
[0;38:5:245m
[0;1;31m
[0;90m
[0;38:5:245mReading '/oem/95_userdata/userdata.yaml'
Sep 15 15:33:43.598078 kairos-e5d8 dracut-pre-pivot[1236]: 16.862152 | A dynamic linking error occurred: (Symbol not found: __epoll_pwait2_time64)
Sep 15 15:33:42.320237 kairos-e5d8 kairos-immucore[661]: 
[0;90m
[0;38:5:245m
[0;1;31m
[0;90m
[0;38:5:245mExecuting stage '/oem/95_userdata/userdata.yaml.0'
Sep 15 15:33:42.320254 kairos-e5d8 kairos-immucore[661]: Processing stage step '/oem/95_userdata/userdata.yaml.0'. ( commands: 0, files: 0, ... )
Sep 15 15:33:42.320286 kairos-e5d8 kairos-immucore[661]: 
[0;90m
[0;38:5:245m
[0;1;31m
[0;90m
[0;38:5:245mStage: schema.Stage{}
Sep 15 15:33:42.320348 kairos-e5d8 kairos-immucore[661]: Running layout plugin
Sep 15 15:33:42.320588 kairos-e5d8 kairos-immucore[661]: 
[0;90m
[0;38:5:245m
[0;1;31m
[0;90m
[0;38:5:245mDevice field empty, skipping layout plugin
Sep 15 15:33:42.320628 kairos-e5d8 kairos-immucore[661]: 
[0;90m
[0;38:5:245m
[0;1;31m
[0;90m
[0;38:5:245mReading '/oem/95_userdata/userdata.yaml'
Sep 15 15:33:42.320641 kairos-e5d8 kairos-immucore[661]: 
[0;90m
[0;38:5:245m
[0;1;31m
[0;90m
[0;38:5:245mExecuting stage '/oem/95_userdata/userdata.yaml.Set user and password'
Sep 15 15:33:42.320654 kairos-e5d8 kairos-immucore[661]: Processing stage step '/oem/95_userdata/userdata.yaml.Set user and password'. ( commands: 0, files: 0, ... )
Sep 15 15:33:42.320785 kairos-e5d8 kairos-immucore[661]: 
[0;90m
[0;38:5:245m
[0;1;31m
[0;90m
[0;38:5:245mStage: schema.Stage{
                                                         
[0;90m
[0;38:5:245m  Name: "Set user and password",
                                                         
[0;90m
[0;38:5:245m  Users: map[string]schema.User{
                                                         
[0;90m
[0;38:5:245m    "kairos": schema.User{
                                                         
[0;90m
[0;38:5:245m      PasswordHash: "kairos",
                                                         
[0;90m
[0;38:5:245m      Groups: []string{
                                                         
[0;90m
[0;38:5:245m        "admin",
                                                         
[0;90m
[0;38:5:245m      },
                                                         
[0;90m
[0;38:5:245m    },
                                                         
[0;90m
[0;38:5:245m  },
                                                         
[0;90m
[0;38:5:245m}
Sep 15 15:33:42.321808 kairos-e5d8 kairos-immucore[661]: Running layout plugin
Sep 15 15:33:42.321825 kairos-e5d8 kairos-immucore[661]: 
[0;90m
[0;38:5:245m
[0;1;31m
[0;90m
[0;38:5:245mDevice field empty, skipping layout plugin
Sep 15 15:33:42.321871 kairos-e5d8 kairos-immucore[661]: Done executing stage 'initramfs'
Sep 15 15:33:42.321885 kairos-e5d8 kairos-immucore[661]: Running stage: initramfs.after
Sep 15 15:33:42.322445 kairos-e5d8 kairos-immucore[661]: 
[0;90m
[0;38:5:245m
[0;1;31m
[0;90m
[0;38:5:245mGenerating op for stage 'Fonts fix for ubuntu QR code display.setup console fonts'
Sep 15 15:33:43.175454 kairos-e5d8 kairos-immucore[661]: 
[0;90m
[0;38:5:245m
[0;1;31m
[0;90m
[0;38:5:245mGenerating op for stage 'Default user, permissions and serial login.Enable serial login for alpine'
Sep 15 15:33:43.179613 kairos-e5d8 kairos-immucore[661]: 
[0;90m
[0;38:5:245m
[0;1;31m
[0;90m
[0;38:5:245mReading '/system/oem/03-setupcon.yaml'
Sep 15 15:33:43.179647 kairos-e5d8 kairos-immucore[661]: 
[0;90m
[0;38:5:245m
[0;1;31m
[0;90m
[0;38:5:245mExecuting stage 'Fonts fix for ubuntu QR code display.setup console fonts'
Sep 15 15:33:43.180215 kairos-e5d8 kairos-immucore[661]: 
[0;1;33m
[0;1;38:5:185m
[0;1;39m
[0;1;33m
[0;1;38:5:185m(conditional) Skip 'OnlyIfOs regex (Ubuntu.*|Debian.*) doesn't match os name Hadron Linux' stage name: Fonts fix for ubuntu QR code display.setup console fonts
Sep 15 15:33:43.180264 kairos-e5d8 kairos-immucore[661]: 
[0;90m
[0;38:5:245m
[0;1;31m
[0;90m
[0;38:5:245mReading '/system/oem/10_accounting.yaml'
Sep 15 15:33:43.180278 kairos-e5d8 kairos-immucore[661]: 
[0;90m
[0;38:5:245m
[0;1;31m
[0;90m
[0;38:5:245mExecuting stage 'Default user, permissions and serial login.Enable serial login for alpine'
Sep 15 15:33:43.180306 kairos-e5d8 kairos-immucore[661]: 
[0;90m
[0;38:5:245m
[0;1;31m
[0;90m
[0;38:5:245mFound systemd at /bin/systemctl
Sep 15 15:33:43.180335 kairos-e5d8 kairos-immucore[661]: 
[0;1;33m
[0;1;38:5:185m
[0;1;39m
[0;1;33m
[0;1;38:5:185m(conditional) Skip 'service manager doesn't match openrc' stage name: Default user, permissions and serial login.Enable serial login for alpine
Sep 15 15:33:43.180602 kairos-e5d8 kairos-immucore[661]: Done executing stage 'initramfs.after'
Sep 15 15:33:43.180740 kairos-e5d8 kairos-immucore[661]: Running stage: initramfs.before
Sep 15 15:33:43.181305 kairos-e5d8 kairos-immucore[661]: Done executing stage 'initramfs.before'
Sep 15 15:33:43.181397 kairos-e5d8 kairos-immucore[661]: Running stage: initramfs
Sep 15 15:33:43.181709 kairos-e5d8 kairos-immucore[661]: Done executing stage 'initramfs'
Sep 15 15:33:43.181729 kairos-e5d8 kairos-immucore[661]: Running stage: initramfs.after
Sep 15 15:33:43.182116 kairos-e5d8 kairos-immucore[661]: Done executing stage 'initramfs.after'
Sep 15 15:33:43.182175 kairos-e5d8 kairos-immucore[661]: 
[0;90m
[0;38:5:245m
[0;1;31m
[0;90m
[0;38:5:245mClosing chroot
Sep 15 15:33:43.182208 kairos-e5d8 kairos-immucore[661]: 
[0;90m
[0;38:5:245m
[0;1;31m
[0;90m
[0;38:5:245mUnmounting from chroot
Sep 15 15:33:43.185190 kairos-e5d8 systemd[1]: sysroot-run.mount: Deactivated successfully.
Sep 15 15:33:43.187196 kairos-e5d8 kairos-immucore[661]: 
[0;90m
[0;38:5:245m
[0;1;31m
[0;90m
[0;38:5:245mUnmounting from chroot
Sep 15 15:33:43.188235 kairos-e5d8 systemd[1]: sysroot-run-initramfs-live.mount: Deactivated successfully.
Sep 15 15:33:43.193643 kairos-e5d8 kairos-immucore[661]: 
[0;90m
[0;38:5:245m
[0;1;31m
[0;90m
[0;38:5:245mUnmounting from chroot
Sep 15 15:33:43.193795 kairos-e5d8 kairos-immucore[661]: 
[0;90m
[0;38:5:245m
[0;1;31m
[0;90m
[0;38:5:245mUnmounting from chroot
Sep 15 15:33:43.193890 kairos-e5d8 kairos-immucore[661]: 
[0;90m
[0;38:5:245m
[0;1;31m
[0;90m
[0;38:5:245mUnmounting from chroot
Sep 15 15:33:43.194894 kairos-e5d8 systemd[1]: sysroot-run-rootfsbase.mount: Deactivated successfully.
Sep 15 15:33:43.194952 kairos-e5d8 systemd[1]: sysroot-tmp.mount: Deactivated successfully.
Sep 15 15:33:43.194977 kairos-e5d8 systemd[1]: sysroot-proc.mount: Deactivated successfully.
Sep 15 15:33:43.196718 kairos-e5d8 kairos-immucore[661]: 
[0;90m
[0;38:5:245m
[0;1;31m
[0;90m
[0;38:5:245mUnmounting from chroot
Sep 15 15:33:43.196890 kairos-e5d8 kairos-immucore[661]: 
[0;90m
[0;38:5:245m
[0;1;31m
[0;90m
[0;38:5:245mUnmounting from chroot
Sep 15 15:33:43.201061 kairos-e5d8 kairos-immucore[661]: 
[0;90m
[0;38:5:245m
[0;1;31m
[0;90m
[0;38:5:245mUnmounting from chroot
Sep 15 15:33:43.201250 kairos-e5d8 kairos-immucore[661]: 
[0;90m
[0;38:5:245m
[0;1;31m
[0;90m
[0;38:5:245mUnmounting from chroot
Sep 15 15:33:43.202053 kairos-e5d8 systemd[1]: sysroot-dev-shm.mount: Deactivated successfully.
Sep 15 15:33:43.202259 kairos-e5d8 systemd[1]: sysroot-dev-pts.mount: Deactivated successfully.
Sep 15 15:33:43.204188 kairos-e5d8 kairos-immucore[661]: 1.
                                                          <init> (background: false) (weak: false) (run: false)
                                                         2.
                                                          <create-sentinel> (background: false) (weak: false) (run: true)
                                                          <wait-for-sysroot> (background: false) (weak: false) (run: true)
                                                          <mount-tmpfs> (background: false) (weak: false) (run: true)
                                                         3.
                                                          <ensure-partitions> (background: false) (weak: false) (run: true)
                                                         4.
                                                          <mount-oem> (background: false) (weak: false) (run: true)
                                                          <upgrade-kcrypt> (background: false) (weak: false) (run: true)
                                                         5.
                                                          <unlock-all> (background: false) (weak: false) (run: true)
                                                          <rootfs-hook> (background: false) (weak: false) (run: true)
                                                         6.
                                                          <load-config> (background: false) (weak: false) (run: true)
                                                         7.
                                                          <mount-base-overlay> (background: false) (weak: false) (run: true)
                                                          <custom-mount> (background: false) (weak: false) (run: true)
                                                         8.
                                                          <overlay-mount> (background: false) (weak: false) (run: true)
                                                         9.
                                                          <mount-bind> (background: false) (weak: false) (run: true)
                                                         10.
                                                          <write-fstab> (background: false) (weak: false) (run: true)
                                                          <enable-sysext-confext> (background: false) (weak: false) (run: true)
                                                         11.
                                                          <initramfs-hook> (background: false) (weak: false) (run: true)
Sep 15 15:33:43.204304 kairos-e5d8 kairos-immucore[661]: Boot timeline (slowest first):
                                                         1. <initramfs-hook> 2.688s (ok)
                                                         2. <mount-bind> 2.192s (ok)
                                                         3. <wait-for-sysroot> 2.003s (ok)
                                                         4. <custom-mount> 1.125s (ok)
                                                         5. <mount-oem> 1.077s (ok)
                                                         6. <mount-tmpfs> 1.001s (ok)
                                                         7. <ensure-partitions> 997ms (ok)
                                                         8. <rootfs-hook> 774ms (ok)
                                                         9. <enable-sysext-confext> 257ms (ok)
                                                         10. <write-fstab> 17ms (ok)
                                                         11. <mount-base-overlay> 11ms (ok)
                                                         12. <create-sentinel> 5ms (ok)
                                                         13. <overlay-mount> 4ms (ok)
                                                         14. <upgrade-kcrypt> 1ms (ok)
                                                         15. <unlock-all> 0s (ok)
                                                         16. <load-config> 0s (ok)
Sep 15 15:33:43.204351 kairos-e5d8 kairos-immucore[661]: Boot timeline step
Sep 15 15:33:43.204368 kairos-e5d8 kairos-immucore[661]: Boot timeline step
Sep 15 15:33:43.204382 kairos-e5d8 kairos-immucore[661]: Boot timeline step
Sep 15 15:33:43.204396 kairos-e5d8 kairos-immucore[661]: Boot timeline step
Sep 15 15:33:43.204411 kairos-e5d8 kairos-immucore[661]: Boot timeline step
Sep 15 15:33:43.204459 kairos-e5d8 kairos-immucore[661]: Boot timeline step
Sep 15 15:33:43.204483 kairos-e5d8 kairos-immucore[661]: Boot timeline step
Sep 15 15:33:43.204499 kairos-e5d8 kairos-immucore[661]: Boot timeline step
Sep 15 15:33:43.204513 kairos-e5d8 kairos-immucore[661]: Boot timeline step
Sep 15 15:33:43.204587 kairos-e5d8 kairos-immucore[661]: Boot timeline step
Sep 15 15:33:43.204604 kairos-e5d8 kairos-immucore[661]: Boot timeline step
Sep 15 15:33:43.204624 kairos-e5d8 kairos-immucore[661]: Boot timeline step
Sep 15 15:33:43.204668 kairos-e5d8 kairos-immucore[661]: Boot timeline step
Sep 15 15:33:43.204691 kairos-e5d8 kairos-immucore[661]: Boot timeline step
Sep 15 15:33:43.204707 kairos-e5d8 kairos-immucore[661]: Boot timeline step
Sep 15 15:33:43.204720 kairos-e5d8 kairos-immucore[661]: Boot timeline step
Sep 15 15:33:43.204838 kairos-e5d8 kairos-immucore[661]: Wrote boot timeline trace
Sep 15 15:33:43.213514 kairos-e5d8 systemd[1]: Finished immucore.
Sep 15 15:33:43.219101 kairos-e5d8 systemd[1]: Reached target Initrd File Systems.
Sep 15 15:33:43.222028 kairos-e5d8 systemd[1]: Reached target Initrd Default Target.
Sep 15 15:33:43.233578 kairos-e5d8 systemd[1]: Starting dracut pre-pivot and cleanup hook...
Sep 15 15:33:43.257959 kairos-e5d8 systemd[1]: Finished dracut pre-pivot and cleanup hook.
Sep 15 15:33:43.273679 kairos-e5d8 systemd[1]: Starting Cleaning Up and Shutting Down Daemons...
Sep 15 15:33:43.283727 kairos-e5d8 systemd[1]: initrd-cleanup.service: Deactivated successfully.
Sep 15 15:33:43.283906 kairos-e5d8 systemd[1]: Finished Cleaning Up and Shutting Down Daemons.
Sep 15 15:33:43.288284 kairos-e5d8 systemd[1]: Stopped target Network.
Sep 15 15:33:43.292402 kairos-e5d8 systemd[1]: Stopped target Host and Network Name Lookups.
Sep 15 15:33:43.293373 kairos-e5d8 systemd[1]: Stopped target Remote Encrypted Volumes.
Sep 15 15:33:43.294159 kairos-e5d8 systemd[1]: Stopped target Remote Verity Protected Volumes.
Sep 15 15:33:43.294953 kairos-e5d8 systemd[1]: Stopped target Timer Units.
Sep 15 15:33:43.296150 kairos-e5d8 systemd[1]: dracut-pre-pivot.service: Deactivated successfully.
Sep 15 15:33:43.296194 kairos-e5d8 systemd[1]: Stopped dracut pre-pivot and cleanup hook.
Sep 15 15:33:43.296616 kairos-e5d8 systemd[1]: Stopped target Initrd Default Target.
Sep 15 15:33:43.296948 kairos-e5d8 systemd[1]: Stopped target Basic System.
Sep 15 15:33:43.297342 kairos-e5d8 systemd[1]: Stopped target Initrd Root Device.
Sep 15 15:33:43.298123 kairos-e5d8 systemd[1]: Stopped target Initrd /usr File System.
Sep 15 15:33:43.298570 kairos-e5d8 systemd[1]: Stopped target Path Units.
Sep 15 15:33:43.298908 kairos-e5d8 systemd[1]: Stopped target Remote File Systems.
Sep 15 15:33:43.300087 kairos-e5d8 systemd[1]: Stopped target Preparation for Remote File Systems.
Sep 15 15:33:43.300513 kairos-e5d8 systemd[1]: Stopped target Slice Units.
Sep 15 15:33:43.300896 kairos-e5d8 systemd[1]: Stopped target Socket Units.
Sep 15 15:33:43.301292 kairos-e5d8 systemd[1]: Stopped target System Initialization.
Sep 15 15:33:43.302092 kairos-e5d8 systemd[1]: Stopped target Swaps.
Sep 15 15:33:43.302494 kairos-e5d8 systemd[1]: Stopped target Local Verity Protected Volumes.
Sep 15 15:33:43.304060 kairos-e5d8 systemd[1]: iscsid.socket: Deactivated successfully.
Sep 15 15:33:43.304102 kairos-e5d8 systemd[1]: Closed Open-iSCSI iscsid Socket.
Sep 15 15:33:43.305261 kairos-e5d8 systemd[1]: iscsiuio.socket: Deactivated successfully.
Sep 15 15:33:43.305292 kairos-e5d8 systemd[1]: Closed Open-iSCSI iscsiuio Socket.
Sep 15 15:33:43.306060 kairos-e5d8 systemd[1]: dracut-mount.service: Deactivated successfully.
Sep 15 15:33:43.306090 kairos-e5d8 systemd[1]: Stopped dracut mount hook.
Sep 15 15:33:43.307255 kairos-e5d8 systemd[1]: dracut-pre-mount.service: Deactivated successfully.
Sep 15 15:33:43.307286 kairos-e5d8 systemd[1]: Stopped dracut pre-mount hook.
Sep 15 15:33:43.308021 kairos-e5d8 systemd[1]: Stopped target Local Encrypted Volumes.
Sep 15 15:33:43.308396 kairos-e5d8 systemd[1]: systemd-ask-password-console.path: Deactivated successfully.
Sep 15 15:33:43.331615 kairos-e5d8 systemd[1]: Stopped Dispatch Password Requests to Console Directory Watch.
Sep 15 15:33:43.337722 kairos-e5d8 systemd[1]: Stopped target Local Encrypted Volumes (Pre).
Sep 15 15:33:43.343308 kairos-e5d8 systemd[1]: dracut-initqueue.service: Deactivated successfully.
Sep 15 15:33:43.343380 kairos-e5d8 systemd[1]: Stopped dracut initqueue hook.
Sep 15 15:33:43.347693 kairos-e5d8 systemd[1]: immucore.service: Deactivated successfully.
Sep 15 15:33:43.347731 kairos-e5d8 systemd[1]: Stopped immucore.
Sep 15 15:33:43.351730 kairos-e5d8 systemd[1]: immucore.service: Consumed 2.733s CPU time over 11.304s wall clock time, 154M memory peak.
Sep 15 15:33:43.355240 kairos-e5d8 systemd[1]: Stopping Network Management...
Sep 15 15:33:43.357712 kairos-e5d8 systemd[1]: Stopping Network Name Resolution...
Sep 15 15:33:43.362176 kairos-e5d8 systemd[1]: systemd-tmpfiles-setup.service: Deactivated successfully.
Sep 15 15:33:43.362214 kairos-e5d8 systemd[1]: Stopped Create System Files and Directories.
Sep 15 15:33:43.367280 kairos-e5d8 systemd[1]: Stopped target Local File Systems.
Sep 15 15:33:43.369685 kairos-e5d8 systemd[1]: Stopped target Preparation for Local File Systems.
Sep 15 15:33:43.373737 kairos-e5d8 systemd[1]: Stopping Device-Mapper Multipath Device Controller...
Sep 15 15:33:43.378931 kairos-e5d8 systemd[1]: systemd-udev-settle.service: Deactivated successfully.
Sep 15 15:33:43.378965 kairos-e5d8 systemd[1]: Stopped Wait for udev To Complete Device Initialization.
Sep 15 15:33:43.382673 kairos-e5d8 systemd[1]: systemd-udev-trigger.service: Deactivated successfully.
Sep 15 15:33:43.382705 kairos-e5d8 systemd[1]: Stopped Coldplug All udev Devices.
Sep 15 15:33:43.384746 kairos-e5d8 systemd[1]: dracut-pre-trigger.service: Deactivated successfully.
Sep 15 15:33:43.387379 kairos-e5d8 systemd[1]: Stopped dracut pre-trigger hook.
Sep 15 15:33:43.389822 kairos-e5d8 systemd[1]: systemd-vconsole-setup.service: Deactivated successfully.
Sep 15 15:33:43.389849 kairos-e5d8 systemd[1]: Stopped Virtual Console Setup.
Sep 15 15:33:43.392091 kairos-e5d8 systemd[1]: systemd-resolved.service: Deactivated successfully.
Sep 15 15:33:43.392255 kairos-e5d8 systemd[1]: Stopped Network Name Resolution.
Sep 15 15:33:43.397907 kairos-e5d8 systemd[1]: systemd-networkd.service: Deactivated successfully.
Sep 15 15:33:43.398076 kairos-e5d8 systemd[1]: Stopped Network Management.
Sep 15 15:33:43.405913 kairos-e5d8 systemd[1]: multipathd.service: Deactivated successfully.
Sep 15 15:33:43.406103 kairos-e5d8 systemd[1]: Stopped Device-Mapper Multipath Device Controller.
Sep 15 15:33:43.409198 kairos-e5d8 systemd[1]: systemd-networkd-resolve-hook.socket: Deactivated successfully.
Sep 15 15:33:43.409248 kairos-e5d8 systemd[1]: Closed Network Management Resolve Hook Socket.
Sep 15 15:33:43.413871 kairos-e5d8 systemd[1]: Stopped target Preparation for Network.
Sep 15 15:33:43.417010 kairos-e5d8 systemd[1]: systemd-networkd.socket: Deactivated successfully.
Sep 15 15:33:43.417048 kairos-e5d8 systemd[1]: Closed Network Management Netlink Socket.
Sep 15 15:33:43.422047 kairos-e5d8 systemd[1]: systemd-sysctl.service: Deactivated successfully.
Sep 15 15:33:43.422088 kairos-e5d8 systemd[1]: Stopped Apply Kernel Variables.
Sep 15 15:33:43.426858 kairos-e5d8 systemd[1]: Stopping Rule-based Manager for Device Events and Files...
Sep 15 15:33:43.446075 kairos-e5d8 systemd[1]: systemd-udevd.service: Deactivated successfully.
Sep 15 15:33:43.446324 kairos-e5d8 systemd[1]: Stopped Rule-based Manager for Device Events and Files.
Sep 15 15:33:43.449730 kairos-e5d8 systemd[1]: systemd-udevd.service: Consumed 1.158s CPU time over 12.320s wall clock time, 20.8M memory peak.
Sep 15 15:33:43.449929 kairos-e5d8 systemd[1]: systemd-udevd-control.socket: Deactivated successfully.
Sep 15 15:33:43.449966 kairos-e5d8 systemd[1]: Closed udev Control Socket.
Sep 15 15:33:43.454252 kairos-e5d8 systemd[1]: dracut-pre-udev.service: Deactivated successfully.
Sep 15 15:33:43.454283 kairos-e5d8 systemd[1]: Stopped dracut pre-udev hook.
Sep 15 15:33:43.457234 kairos-e5d8 systemd[1]: dracut-cmdline.service: Deactivated successfully.
Sep 15 15:33:43.457267 kairos-e5d8 systemd[1]: Stopped dracut cmdline hook.
Sep 15 15:33:43.469220 kairos-e5d8 systemd[1]: Starting Cleanup udev Database...
Sep 15 15:33:43.471348 kairos-e5d8 systemd[1]: systemd-network-generator.service: Deactivated successfully.
Sep 15 15:33:43.471390 kairos-e5d8 systemd[1]: Stopped Generate Network Units from Kernel Command Line.
Sep 15 15:33:43.477786 kairos-e5d8 systemd[1]: systemd-tmpfiles-setup-dev.service: Deactivated successfully.
Sep 15 15:33:43.477819 kairos-e5d8 systemd[1]: Stopped Create Static Device Nodes in /dev.
Sep 15 15:33:43.482185 kairos-e5d8 systemd[1]: systemd-tmpfiles-setup-dev-early.service: Deactivated successfully.
Sep 15 15:33:43.482220 kairos-e5d8 systemd[1]: Stopped Create Static Device Nodes in /dev gracefully.
Sep 15 15:33:43.486590 kairos-e5d8 systemd[1]: kmod-static-nodes.service: Deactivated successfully.
Sep 15 15:33:43.486622 kairos-e5d8 systemd[1]: Stopped Create List of Static Device Nodes.
Sep 15 15:33:43.491090 kairos-e5d8 systemd[1]: initrd-udevadm-cleanup-db.service: Deactivated successfully.
Sep 15 15:33:43.491308 kairos-e5d8 systemd[1]: Finished Cleanup udev Database.
Sep 15 15:33:43.494823 kairos-e5d8 systemd[1]: Reached target Switch Root.
Sep 15 15:33:43.505619 kairos-e5d8 systemd[1]: Starting Switch Root...
Sep 15 15:33:43.510985 kairos-e5d8 systemd[1]: 
[0;1;39m
[0;1;31m
[0;1;39mSwitching root.
Sep 15 15:33:43.604882 kairos-e5d8 systemd-journald[360]: Journal stopped
Sep 15 15:33:45.221318 kairos-e5d8 kernel: NET: Registered PF_VSOCK protocol family
Sep 15 15:33:45.221375 kairos-e5d8 systemd[1]: systemd 261.1 running in system mode (+PAM -AUDIT -SELINUX -APPARMOR +IMA +IPE +SMACK +SECCOMP -GCRYPT -GNUTLS +OPENSSL +ACL +BLKID -CURL -ELFUTILS -FIDO2 -IDN2 +KMOD +LIBCRYPTSETUP +LIBCRYPTSETUP_PLUGINS +LIBFDISK -PCRE2 -PWQUALITY -P11KIT -QRENCODE +TPM2 -BZIP2 +LZ4 +XZ +ZLIB +ZSTD -BPF_FRAMEWORK -BTF -XKBCOMMON -UTMP -LIBARCHIVE)
Sep 15 15:33:45.221403 kairos-e5d8 systemd[1]: Detected virtualization kvm.
Sep 15 15:33:45.221411 kairos-e5d8 systemd[1]: Detected architecture x86-64.
Sep 15 15:33:45.221418 kairos-e5d8 systemd[1]: initrd-switch-root.service: Deactivated successfully.
Sep 15 15:33:45.221428 kairos-e5d8 systemd[1]: Stopped Switch Root.
Sep 15 15:33:45.221437 kairos-e5d8 systemd[1]: systemd-journald.service: Scheduled restart job, restart counter is at 1.
Sep 15 15:33:45.221444 kairos-e5d8 systemd[1]: Created slice Slice /system/getty.
Sep 15 15:33:45.221450 kairos-e5d8 systemd[1]: Created slice Slice /system/serial-getty.
Sep 15 15:33:45.221456 kairos-e5d8 systemd[1]: Created slice User and Session Slice.
Sep 15 15:33:45.221462 kairos-e5d8 systemd[1]: Started Dispatch Password Requests to Console Directory Watch.
Sep 15 15:33:45.221467 kairos-e5d8 systemd[1]: Started Forward Password Requests to Wall Directory Watch.
Sep 15 15:33:45.221473 kairos-e5d8 systemd[1]: Set up automount Arbitrary Executable File Formats File System Automount Point.
Sep 15 15:33:45.221480 kairos-e5d8 systemd[1]: Expecting device /dev/ttyS0...
Sep 15 15:33:45.221487 kairos-e5d8 systemd[1]: Stopped target Switch Root.
Sep 15 15:33:45.221494 kairos-e5d8 systemd[1]: Stopped target Initrd File Systems.
Sep 15 15:33:45.221499 kairos-e5d8 systemd[1]: Stopped target Initrd Root File System.
Sep 15 15:33:45.221505 kairos-e5d8 systemd[1]: Reached target Local Integrity Protected Volumes.
Sep 15 15:33:45.221511 kairos-e5d8 systemd[1]: Reached target Path Units.
Sep 15 15:33:45.221517 kairos-e5d8 systemd[1]: Reached target Slice Units.
Sep 15 15:33:45.221573 kairos-e5d8 systemd[1]: Reached target Swaps.
Sep 15 15:33:45.221584 kairos-e5d8 systemd[1]: Reached target Local Verity Protected Volumes.
Sep 15 15:33:45.221590 kairos-e5d8 systemd[1]: Listening on Query the User Interactively for a Password.
Sep 15 15:33:45.221597 kairos-e5d8 systemd[1]: Listening on Credential Encryption/Decryption.
Sep 15 15:33:45.221603 kairos-e5d8 systemd[1]: Listening on Factory Reset Management.
Sep 15 15:33:45.221609 kairos-e5d8 systemd[1]: Listening on Hostname Service Socket.
Sep 15 15:33:45.221615 kairos-e5d8 systemd[1]: Journal Audit Socket skipped, unmet condition check ConditionSecurity=audit
Sep 15 15:33:45.221620 kairos-e5d8 systemd[1]: Listening on DDI File System Mounter Socket.
Sep 15 15:33:45.221628 kairos-e5d8 systemd[1]: Listening on Console Output Muting Service Socket.
Sep 15 15:33:45.221634 kairos-e5d8 systemd[1]: Listening on Network Management Metrics Varlink Socket.
Sep 15 15:33:45.221640 kairos-e5d8 systemd[1]: Listening on Network Management Varlink Socket.
Sep 15 15:33:45.221646 kairos-e5d8 systemd[1]: Listening on Network Management Netlink Socket.
Sep 15 15:33:45.221652 kairos-e5d8 systemd[1]: Listening on Userspace Out-Of-Memory (OOM) Killer Socket.
Sep 15 15:33:45.221658 kairos-e5d8 systemd[1]: TPM PCR Measurements skipped, unmet condition check ConditionSecurity=measured-os
Sep 15 15:33:45.221664 kairos-e5d8 systemd[1]: Make TPM PCR Policy skipped, unmet condition check ConditionSecurity=measured-uki
Sep 15 15:33:45.221669 kairos-e5d8 systemd[1]: Listening on Report System Basic Metrics Socket.
Sep 15 15:33:45.221676 kairos-e5d8 systemd[1]: Listening on CGroup Report Varlink Socket.
Sep 15 15:33:45.221682 kairos-e5d8 systemd[1]: Listening on Resolve Monitor Varlink Socket.
Sep 15 15:33:45.221688 kairos-e5d8 systemd[1]: Listening on Resolve Service Varlink Socket.
Sep 15 15:33:45.221694 kairos-e5d8 systemd[1]: Listening on Simple Block Device Backed Storage Provider.
Sep 15 15:33:45.221701 kairos-e5d8 systemd[1]: Listening on Simple File System Backed Storage Provider.
Sep 15 15:33:45.221708 kairos-e5d8 systemd[1]: Listening on udev Control Socket.
Sep 15 15:33:45.221713 kairos-e5d8 systemd[1]: Listening on udev Varlink Socket.
Sep 15 15:33:45.221719 kairos-e5d8 systemd[1]: Mounting Huge Pages File System...
Sep 15 15:33:45.221725 kairos-e5d8 systemd[1]: Mounting POSIX Message Queue File System...
Sep 15 15:33:45.221731 kairos-e5d8 systemd[1]: Mounting Kernel Debug File System...
Sep 15 15:33:45.221736 kairos-e5d8 systemd[1]: Mounting Kernel Trace File System...
Sep 15 15:33:45.221742 kairos-e5d8 systemd[1]: Starting Create List of Static Device Nodes...
Sep 15 15:33:45.221748 kairos-e5d8 systemd[1]: Load Kernel Module configfs skipped, unmet condition check ConditionKernelModuleLoaded=!configfs
Sep 15 15:33:45.221754 kairos-e5d8 systemd[1]: Load Kernel Module dm_multipath skipped, unmet condition check ConditionKernelModuleLoaded=!dm_multipath
Sep 15 15:33:45.221760 kairos-e5d8 systemd[1]: Load Kernel Module drm skipped, unmet condition check ConditionKernelModuleLoaded=!drm
Sep 15 15:33:45.221766 kairos-e5d8 systemd[1]: Load Kernel Module fuse skipped, unmet condition check ConditionKernelModuleLoaded=!fuse
Sep 15 15:33:45.221772 kairos-e5d8 systemd[1]: Mounting FUSE Control File System...
Sep 15 15:33:45.221784 kairos-e5d8 systemd[1]: Clear SysFail Entry If The Boot Is Successful skipped, unmet condition check ConditionPathExists=/sys/firmware/efi/efivars/LoaderEntrySysFail-4a67b082-0a4c-41cf-b6c7-440b29bb8c4f
Sep 15 15:33:45.221796 kairos-e5d8 systemd[1]: Clear Stale Hibernate Storage Info skipped, unmet condition check ConditionPathExists=/sys/firmware/efi/efivars/HibernateLocation-8cf2644b-4b0b-428f-9387-6d876050dc67
Sep 15 15:33:45.221804 kairos-e5d8 systemd[1]: Starting Journal Service...
Sep 15 15:33:45.221810 kairos-e5d8 systemd[1]: Load Kernel Modules skipped, no trigger condition checks were met.
Sep 15 15:33:45.221816 kairos-e5d8 systemd[1]: Starting Generate Network Units from Kernel Command Line...
Sep 15 15:33:45.221822 kairos-e5d8 systemd[1]: TPM PCR Machine ID Measurement skipped, unmet condition check ConditionSecurity=measured-os
Sep 15 15:33:45.221828 kairos-e5d8 systemd[1]: TPM PCR OS Separator skipped, unmet condition check ConditionSecurity=measured-os
Sep 15 15:33:45.221849 kairos-e5d8 systemd-journald[1282]: Collecting audit messages is disabled.
Sep 15 15:33:45.221866 kairos-e5d8 systemd[1]: Starting Remount Root and Kernel File Systems...
Sep 15 15:33:45.221874 kairos-e5d8 systemd-journald[1282]: Journal started
Sep 15 15:33:45.221896 kairos-e5d8 systemd-journald[1282]: Runtime Journal (/run/log/journal/e5d89f362f264a35941e93ca4e02dd35) is 7.4M, max 59.3M, 51.8M free.
Sep 15 15:33:44.851393 kairos-e5d8 systemd[1]: Queued start job for default target Multi-User System.
Sep 15 15:33:44.853218 kairos-e5d8 systemd[1]: Unnecessary job was removed for /dev/vda2.
Sep 15 15:33:44.853231 kairos-e5d8 systemd[1]: Unnecessary job was removed for /dev/vda1.
Sep 15 15:33:44.853754 kairos-e5d8 systemd[1]: systemd-journald.service: Deactivated successfully.
Sep 15 15:33:44.853913 kairos-e5d8 systemd[1]: systemd-journald.service: Consumed 5.182s CPU time over 14.056s wall clock time, 8.9M memory peak.
Sep 15 15:33:45.236644 kairos-e5d8 systemd[1]: Starting Apply Kernel Variables...
Sep 15 15:33:45.248592 kairos-e5d8 systemd[1]: Early TPM SRK Setup skipped, unmet condition check ConditionSecurity=measured-os
Sep 15 15:33:45.248628 kairos-e5d8 systemd[1]: TPM PCR NvPCR Initialization Separator skipped, unmet condition check ConditionPathExists=/etc/initrd-release
Sep 15 15:33:45.250677 kairos-e5d8 systemd[1]: Reached target Local Encrypted Volumes.
Sep 15 15:33:45.260595 kairos-e5d8 systemd[1]: TPM NvPCR Product ID Measurement skipped, unmet condition check ConditionSecurity=measured-os
Sep 15 15:33:45.268685 kairos-e5d8 systemd[1]: Starting Load udev Rules from Credentials...
Sep 15 15:33:45.275390 kairos-e5d8 systemd[1]: Starting Coldplug All udev Devices...
Sep 15 15:33:45.282491 kairos-e5d8 systemd[1]: Started Journal Service.
Sep 15 15:33:45.283075 kairos-e5d8 systemd[1]: Mounted Huge Pages File System.
Sep 15 15:33:45.285700 kairos-e5d8 systemd[1]: Mounted POSIX Message Queue File System.
Sep 15 15:33:45.288449 kairos-e5d8 systemd[1]: Mounted Kernel Debug File System.
Sep 15 15:33:45.291065 kairos-e5d8 systemd[1]: Mounted Kernel Trace File System.
Sep 15 15:33:45.293950 kairos-e5d8 systemd[1]: Finished Create List of Static Device Nodes.
Sep 15 15:33:45.296913 kairos-e5d8 systemd[1]: Mounted FUSE Control File System.
Sep 15 15:33:45.299969 kairos-e5d8 systemd[1]: Finished Generate Network Units from Kernel Command Line.
Sep 15 15:33:45.304315 kairos-e5d8 systemd[1]: Finished Remount Root and Kernel File Systems.
Sep 15 15:33:45.308091 kairos-e5d8 systemd[1]: Finished Apply Kernel Variables.
Sep 15 15:33:45.312299 kairos-e5d8 systemd[1]: Finished Load udev Rules from Credentials.
Sep 15 15:33:45.317582 kairos-e5d8 systemd[1]: Reached target Preparation for Network.
Sep 15 15:33:45.320987 kairos-e5d8 systemd[1]: Listening on Network Management Resolve Hook Socket.
Sep 15 15:33:45.329280 kairos-e5d8 systemd[1]: Starting Device-Mapper Multipath Device Controller...
Sep 15 15:33:45.334605 kairos-e5d8 systemd[1]: One time configuration for iscsi.service skipped, unmet condition check ConditionPathExists=!/etc/iscsi/initiatorname.iscsi
Sep 15 15:33:45.336455 kairos-e5d8 systemd[1]: Starting Rebuild Hardware Database...
Sep 15 15:33:45.340459 kairos-e5d8 systemd[1]: Starting Flush Journal to Persistent Storage...
Sep 15 15:33:45.343482 kairos-e5d8 systemd[1]: Lock File Systems to TPM PCR Policy skipped, unmet condition check ConditionSecurity=measured-uki
Sep 15 15:33:45.343515 kairos-e5d8 systemd[1]: Lock Machine ID to TPM PCR Policy skipped, unmet condition check ConditionSecurity=measured-uki
Sep 15 15:33:45.345135 kairos-e5d8 systemd[1]: Starting Load/Save OS Random Seed...
Sep 15 15:33:45.349645 kairos-e5d8 systemd[1]: Starting Create Static Device Nodes in /dev gracefully...
Sep 15 15:33:45.353813 kairos-e5d8 systemd[1]: TPM SRK Setup skipped, unmet condition check ConditionSecurity=measured-os
Sep 15 15:33:45.353836 kairos-e5d8 systemd[1]: Lock Firmware Code to TPM PCR Policy skipped, unmet condition check ConditionSecurity=measured-uki
Sep 15 15:33:45.353848 kairos-e5d8 systemd[1]: Lock Firmware Configuration to TPM PCR Policy skipped, unmet condition check ConditionSecurity=measured-uki
Sep 15 15:33:45.353860 kairos-e5d8 systemd[1]: Lock UEFI SecureBoot Authority to TPM PCR Policy skipped, unmet condition check ConditionSecurity=measured-uki
Sep 15 15:33:45.353869 kairos-e5d8 systemd[1]: Lock UEFI SecureBoot Policy to TPM PCR Policy skipped, unmet condition check ConditionSecurity=measured-uki
Sep 15 15:33:45.372177 kairos-e5d8 multipathd[1299]: multipathd v0.14.3: start up
Sep 15 15:33:45.380077 kairos-e5d8 systemd-journald[1282]: Time spent on flushing to /var/log/journal/e5d89f362f264a35941e93ca4e02dd35 is 27.992ms for 3189 entries.
Sep 15 15:33:45.380077 kairos-e5d8 systemd-journald[1282]: System Journal (/var/log/journal/e5d89f362f264a35941e93ca4e02dd35) is 8M, max 388.6M, 380.6M free.
Sep 15 15:33:45.376716 kairos-e5d8 systemd[1]: Finished Load/Save OS Random Seed.
Sep 15 15:33:45.430250 kairos-e5d8 multipathd[1299]: A dynamic linking error occurred: (Symbol not found: __epoll_pwait2_time64)
Sep 15 15:33:45.430250 kairos-e5d8 multipathd[1299]: Could not set SCHED_RR at priority 10
Sep 15 15:33:45.430250 kairos-e5d8 multipathd[1299]: reconfigure: setting up paths and maps
Sep 15 15:33:45.430250 kairos-e5d8 multipathd[1299]: _check_bindings_file: failed to read header from /etc/multipath/bindings
Sep 15 15:33:45.430250 kairos-e5d8 multipathd[1299]: updated bindings file /etc/multipath/bindings
Sep 15 15:33:45.430603 kairos-e5d8 systemd-journald[1282]: Received client request to flush runtime journal.
Sep 15 15:33:45.384683 kairos-e5d8 systemd[1]: Started Device-Mapper Multipath Device Controller.
Sep 15 15:33:45.391456 kairos-e5d8 systemd[1]: Finished Coldplug All udev Devices.
Sep 15 15:33:45.395233 kairos-e5d8 systemd[1]: First Boot Complete skipped, unmet condition check ConditionFirstBoot=yes
Sep 15 15:33:45.401934 kairos-e5d8 systemd[1]: Finished Create Static Device Nodes in /dev gracefully.
Sep 15 15:33:45.414688 kairos-e5d8 systemd[1]: Starting Create System Users...
Sep 15 15:33:45.431013 kairos-e5d8 systemd[1]: Finished Flush Journal to Persistent Storage.
Sep 15 15:33:45.441607 kairos-e5d8 systemd[1]: Finished Create System Users.
Sep 15 15:33:45.448470 kairos-e5d8 systemd[1]: Starting Journal Log Access Socket...
Sep 15 15:33:45.454325 kairos-e5d8 systemd[1]: Starting Userspace Out-Of-Memory (OOM) Killer...
Sep 15 15:33:45.464911 kairos-e5d8 systemd[1]: Starting Network Name Resolution...
Sep 15 15:33:45.470077 kairos-e5d8 systemd[1]: Starting Network Time Synchronization...
Sep 15 15:33:45.475918 kairos-e5d8 systemd[1]: Starting Create Static Device Nodes in /dev...
Sep 15 15:33:45.481266 kairos-e5d8 systemd[1]: Listening on Journal Log Access Socket.
Sep 15 15:33:45.485907 kairos-e5d8 systemd[1]: proc-sys-fs-binfmt_misc.automount: Got automount request for /proc/sys/fs/binfmt_misc, triggered by 1320 ((systemd-oomd))
Sep 15 15:33:45.497670 kairos-e5d8 systemd[1]: Finished Create Static Device Nodes in /dev.
Sep 15 15:33:45.501156 kairos-e5d8 systemd[1]: Reached target Preparation for Local File Systems.
Sep 15 15:33:45.821796 kairos-e5d8 systemd[1]: Finished Rebuild Hardware Database.
Sep 15 15:33:45.828753 kairos-e5d8 systemd[1]: Starting Rule-based Manager for Device Events and Files...
Sep 15 15:33:45.849136 kairos-e5d8 systemd-udevd[1329]: Using default interface naming scheme 'v261'.
Sep 15 15:33:45.857653 kairos-e5d8 systemd[1]: Mounting Arbitrary Executable File Formats File System...
Sep 15 15:33:45.868096 kairos-e5d8 systemd[1]: Mounting /tmp...
Sep 15 15:33:45.874099 kairos-e5d8 systemd[1]: Virtual Machine and Container Storage (Compatibility) skipped, unmet condition check ConditionPathExists=/var/lib/machines.raw
Sep 15 15:33:45.874149 kairos-e5d8 systemd[1]: Reached target Virtual Machines and Containers.
Sep 15 15:33:45.878997 kairos-e5d8 systemd[1]: Mounted Arbitrary Executable File Formats File System.
Sep 15 15:33:45.882461 kairos-e5d8 systemd[1]: Mounted /tmp.
Sep 15 15:33:45.887266 kairos-e5d8 systemd[1]: Reached target Local File Systems.
Sep 15 15:33:45.895676 kairos-e5d8 systemd[1]: Listening on Boot Loader Control Service Socket.
Sep 15 15:33:45.899411 kairos-e5d8 systemd[1]: Listening on System Extension Image Management.
Sep 15 15:33:45.912628 kairos-e5d8 systemd[1]: Starting cOS system after FS setup...
Sep 15 15:33:45.918794 kairos-e5d8 systemd[1]: Set Up Additional Binary Formats skipped, no trigger condition checks were met.
Sep 15 15:33:45.918841 kairos-e5d8 systemd[1]: Update Boot Loader Random Seed skipped, no trigger condition checks were met.
Sep 15 15:33:45.921368 kairos-e5d8 systemd[1]: Starting Automatic Boot Loader Update...
Sep 15 15:33:45.926923 kairos-e5d8 systemd[1]: Merge System Configuration Images into /etc/ skipped, no trigger condition checks were met.
Sep 15 15:33:45.927049 kairos-e5d8 systemd[1]: Save Transient machine-id to Disk skipped, unmet condition check ConditionPathIsMountPoint=/etc/machine-id
Sep 15 15:33:45.927154 kairos-e5d8 systemd[1]: Merge System Extension Images into /usr/ and /opt/ skipped, no trigger condition checks were met.
Sep 15 15:33:45.932560 kairos-e5d8 systemd[1]: Starting Create System Files and Directories...
Sep 15 15:33:45.944231 kairos-e5d8 bootctl[1339]: Couldn't find EFI system partition, skipping.
Sep 15 15:33:45.949213 kairos-e5d8 systemd[1]: Finished Automatic Boot Loader Update.
Sep 15 15:33:45.970818 kairos-e5d8 systemd[1]: Started Network Time Synchronization.
Sep 15 15:33:45.974489 kairos-e5d8 systemd[1]: Reached target System Time Set.
Sep 15 15:33:45.993641 kairos-e5d8 systemd[1]: Finished Create System Files and Directories.
Sep 15 15:33:45.997089 kairos-e5d8 systemd-udevd[1329]: 
[0;1;31m
[0;1;39m
[0;1;31m/usr/lib/udev/rules.d/tpm-udev.rules:3 Failed to resolve user 'tss', ignoring: Unknown user
Sep 15 15:33:46.002287 kairos-e5d8 systemd-udevd[1329]: 
[0;1;31m
[0;1;39m
[0;1;31m/usr/lib/udev/rules.d/tpm-udev.rules:4 Failed to resolve group 'tss', ignoring: Unknown group
Sep 15 15:33:46.007108 kairos-e5d8 systemd[1]: Starting Rebuild Journal Catalog...
Sep 15 15:33:46.009684 kairos-e5d8 systemd[1]: Started Rule-based Manager for Device Events and Files.
Sep 15 15:33:46.013047 kairos-e5d8 systemd-resolved[1321]: Positive Trust Anchors:
Sep 15 15:33:46.013062 kairos-e5d8 systemd-resolved[1321]: . IN DS 20326 8 2 e06d44b80b8f1d39a95c0b0d7c65d08458e880409bbc683457104237c7f8ec8d
Sep 15 15:33:46.013071 kairos-e5d8 systemd-resolved[1321]: . IN DS 38696 8 2 683d2d0acb8c9b712a1948b27f741219298d0a450d612c483af444a4c0fb2b16
Sep 15 15:33:46.013105 kairos-e5d8 systemd-resolved[1321]: Negative trust anchors: home.arpa 10.in-addr.arpa 16.172.in-addr.arpa 17.172.in-addr.arpa 18.172.in-addr.arpa 19.172.in-addr.arpa 20.172.in-addr.arpa 21.172.in-addr.arpa 22.172.in-addr.arpa 23.172.in-addr.arpa 24.172.in-addr.arpa 25.172.in-addr.arpa 26.172.in-addr.arpa 27.172.in-addr.arpa 28.172.in-addr.arpa 29.172.in-addr.arpa 30.172.in-addr.arpa 31.172.in-addr.arpa 170.0.0.192.in-addr.arpa 171.0.0.192.in-addr.arpa 168.192.in-addr.arpa d.f.ip6.arpa ipv4only.arpa resolver.arpa corp home internal intranet lan local private test
Sep 15 15:33:46.015002 kairos-e5d8 kairos-agent[1335]: Kairos Agent
Sep 15 15:33:46.015232 kairos-e5d8 kairos-agent[1335]: 2026-09-15T15:33:46Z INF Kairos Agent version=v4.3.0-rc3-5-g3b0005495
Sep 15 15:33:46.015413 kairos-e5d8 systemd-oomd[1320]: 
[0;1;33m
[0;1;38:5:185m
[0;1;39m
[0;1;33m
[0;1;38:5:185mNo swap; memory pressure usage will be degraded
Sep 15 15:33:46.020829 kairos-e5d8 systemd[1]: Starting Network Management...
Sep 15 15:33:46.025618 kairos-e5d8 systemd[1]: Started Userspace Out-Of-Memory (OOM) Killer.
Sep 15 15:33:46.040605 kairos-e5d8 systemd-timesyncd[1322]: Contacted time server 216.239.35.0:123 (time1.google.com).
Sep 15 15:33:46.040640 kairos-e5d8 systemd-timesyncd[1322]: Initial clock synchronization to Tue 2026-09-15 15:33:46.026265 UTC.
Sep 15 15:33:46.049664 kairos-e5d8 kairos-agent[1335]: Boot Mode
Sep 15 15:33:46.051589 kairos-e5d8 kairos-agent[1335]: 2026-09-15T15:33:46Z INF Boot Mode boot_mode=active_boot
Sep 15 15:33:46.051589 kairos-e5d8 kairos-agent[1335]: 2026-09-15T15:33:46Z INF Boot in uki mode result=false
Sep 15 15:33:46.051589 kairos-e5d8 kairos-agent[1335]: 2026-09-15T15:33:46Z INF Running stage: fs.before
Sep 15 15:33:46.051589 kairos-e5d8 kairos-agent[1335]: 
Sep 15 15:33:46.049770 kairos-e5d8 kairos-agent[1335]: Boot in uki mode
Sep 15 15:33:46.050063 kairos-e5d8 kairos-agent[1335]: Running stage: fs.before
Sep 15 15:33:46.051201 kairos-e5d8 systemd-resolved[1321]: Using system hostname 'kairos-e5d8'.
Sep 15 15:33:46.062263 kairos-e5d8 kairos-agent[1335]: Done executing stage 'fs.before'
Sep 15 15:33:46.065740 kairos-e5d8 kairos-agent[1335]: 2026-09-15T15:33:46Z INF Done executing stage 'fs.before'
Sep 15 15:33:46.065740 kairos-e5d8 kairos-agent[1335]: 
Sep 15 15:33:46.065740 kairos-e5d8 kairos-agent[1335]: 2026-09-15T15:33:46Z INF Running stage: fs
Sep 15 15:33:46.065740 kairos-e5d8 kairos-agent[1335]: 
Sep 15 15:33:46.062360 kairos-e5d8 kairos-agent[1335]: Running stage: fs
Sep 15 15:33:46.071312 kairos-e5d8 systemd[1]: Load Kernel Module configfs skipped, unmet condition check ConditionKernelModuleLoaded=!configfs
Sep 15 15:33:46.073667 kairos-e5d8 kairos-agent[1335]: Processing stage step 'Rootfs Layout Settings.Save /etc/machine-id for systemd systems'. ( commands: 1, files: 0, ... )
Sep 15 15:33:46.073869 kairos-e5d8 kairos-agent[1335]: 2026-09-15T15:33:46Z INF Processing stage step 'Rootfs Layout Settings.Save /etc/machine-id for systemd systems'. ( commands: 1, files: 0, ... )
Sep 15 15:33:46.073776 kairos-e5d8 systemd[1]: Load Kernel Module fuse skipped, unmet condition check ConditionKernelModuleLoaded=!fuse
Sep 15 15:33:46.080759 kairos-e5d8 systemd[1]: Finished Rebuild Journal Catalog.
Sep 15 15:33:46.087861 kairos-e5d8 kairos-agent[1335]: Running layout plugin
Sep 15 15:33:46.088072 kairos-e5d8 kairos-agent[1335]: 2026-09-15T15:33:46Z INF Running layout plugin
Sep 15 15:33:46.089235 kairos-e5d8 systemd[1]: Starting Update is Completed...
Sep 15 15:33:46.091292 kairos-e5d8 kairos-agent[1335]: 2026-09-15T15:33:46Z WRN (conditional) Skip 'Skipping stage (if statement error: failed to run [ ! -f "/run/cos/recovery_mode" ] && [ ! -s /var/lib/dbus/machine-id ]: exit status 1)' stage name: Rootfs Layout Settings.Save /etc/machine-id for openrc systems
Sep 15 15:33:46.090997 kairos-e5d8 kairos-agent[1335]: 
[0;1;33m
[0;1;38:5:185m
[0;1;39m
[0;1;33m
[0;1;38:5:185m(conditional) Skip 'Skipping stage (if statement error: failed to run [ ! -f "/run/cos/recovery_mode" ] && [ ! -s /var/lib/dbus/machine-id ]: exit status 1)' stage name: Rootfs Layout Settings.Save /etc/machine-id for openrc systems
Sep 15 15:33:46.092316 kairos-e5d8 kairos-agent[1335]: Done executing stage 'fs'
Sep 15 15:33:46.094952 kairos-e5d8 kairos-agent[1335]: 2026-09-15T15:33:46Z INF Done executing stage 'fs'
Sep 15 15:33:46.094952 kairos-e5d8 kairos-agent[1335]: 
Sep 15 15:33:46.094952 kairos-e5d8 kairos-agent[1335]: 2026-09-15T15:33:46Z INF Running stage: fs.after
Sep 15 15:33:46.094952 kairos-e5d8 kairos-agent[1335]: 
Sep 15 15:33:46.092661 kairos-e5d8 kairos-agent[1335]: Running stage: fs.after
Sep 15 15:33:46.092769 kairos-e5d8 systemd[1]: Started Network Name Resolution.
Sep 15 15:33:46.097671 kairos-e5d8 systemd[1]: Reached target Host and Network Name Lookups.
Sep 15 15:33:46.108358 kairos-e5d8 kairos-agent[1335]: Processing stage step 'sysext and confext configuration.Default sysext/confext extensions dirs'. ( commands: 0, files: 0, ... )
Sep 15 15:33:46.108426 kairos-e5d8 kairos-agent[1335]: 2026-09-15T15:33:46Z INF Processing stage step 'sysext and confext configuration.Default sysext/confext extensions dirs'. ( commands: 0, files: 0, ... )
Sep 15 15:33:46.109457 kairos-e5d8 kairos-agent[1335]: Running layout plugin
Sep 15 15:33:46.110196 kairos-e5d8 kairos-agent[1335]: 2026-09-15T15:33:46Z INF Running layout plugin
Sep 15 15:33:46.110196 kairos-e5d8 kairos-agent[1335]: 2026-09-15T15:33:46Z WRN (conditional) Skip 'Skipping stage (if statement error: failed to run [ ! -d /usr/local/cloud-config ]: exit status 1)' stage name: Rootfs Layout Settings.Ensure /usr/local/cloud-config exists
Sep 15 15:33:46.109616 kairos-e5d8 kairos-agent[1335]: 
[0;1;33m
[0;1;38:5:185m
[0;1;39m
[0;1;33m
[0;1;38:5:185m(conditional) Skip 'Skipping stage (if statement error: failed to run [ ! -d /usr/local/cloud-config ]: exit status 1)' stage name: Rootfs Layout Settings.Ensure /usr/local/cloud-config exists
Sep 15 15:33:46.112224 kairos-e5d8 kairos-agent[1335]: 
[0;1;33m
[0;1;38:5:185m
[0;1;39m
[0;1;33m
[0;1;38:5:185m(conditional) Skip 'Skipping stage (if statement error: failed to run [ -d "/usr/local/.c3os" ]: exit status 1)' stage name: c3os sentinel migration.Rename sentinel dir
Sep 15 15:33:46.112297 kairos-e5d8 kairos-agent[1335]: 2026-09-15T15:33:46Z WRN (conditional) Skip 'Skipping stage (if statement error: failed to run [ -d "/usr/local/.c3os" ]: exit status 1)' stage name: c3os sentinel migration.Rename sentinel dir
Sep 15 15:33:46.112474 kairos-e5d8 kairos-agent[1335]: Done executing stage 'fs.after'
Sep 15 15:33:46.112598 kairos-e5d8 kairos-agent[1335]: 2026-09-15T15:33:46Z INF Done executing stage 'fs.after'
Sep 15 15:33:46.112598 kairos-e5d8 kairos-agent[1335]: 
Sep 15 15:33:46.112598 kairos-e5d8 kairos-agent[1335]: 2026-09-15T15:33:46Z INF Running stage: fs.before
Sep 15 15:33:46.112598 kairos-e5d8 kairos-agent[1335]: 
Sep 15 15:33:46.112499 kairos-e5d8 kairos-agent[1335]: Running stage: fs.before
Sep 15 15:33:46.112702 kairos-e5d8 kairos-agent[1335]: Done executing stage 'fs.before'
Sep 15 15:33:46.112730 kairos-e5d8 kairos-agent[1335]: 2026-09-15T15:33:46Z INF Done executing stage 'fs.before'
Sep 15 15:33:46.112730 kairos-e5d8 kairos-agent[1335]: 
Sep 15 15:33:46.112752 kairos-e5d8 kairos-agent[1335]: Running stage: fs
Sep 15 15:33:46.112770 kairos-e5d8 kairos-agent[1335]: 2026-09-15T15:33:46Z INF Running stage: fs
Sep 15 15:33:46.112770 kairos-e5d8 kairos-agent[1335]: 
Sep 15 15:33:46.112831 kairos-e5d8 kairos-agent[1335]: Done executing stage 'fs'
Sep 15 15:33:46.113139 kairos-e5d8 kairos-agent[1335]: 2026-09-15T15:33:46Z INF Done executing stage 'fs'
Sep 15 15:33:46.113139 kairos-e5d8 kairos-agent[1335]: 
Sep 15 15:33:46.113139 kairos-e5d8 kairos-agent[1335]: 2026-09-15T15:33:46Z INF Running stage: fs.after
Sep 15 15:33:46.113139 kairos-e5d8 kairos-agent[1335]: 
Sep 15 15:33:46.113139 kairos-e5d8 kairos-agent[1335]: 2026-09-15T15:33:46Z INF Done executing stage 'fs.after'
Sep 15 15:33:46.113139 kairos-e5d8 kairos-agent[1335]: 
Sep 15 15:33:46.112846 kairos-e5d8 kairos-agent[1335]: Running stage: fs.after
Sep 15 15:33:46.112918 kairos-e5d8 kairos-agent[1335]: Done executing stage 'fs.after'
Sep 15 15:33:46.114433 kairos-e5d8 systemd[1]: Finished Update is Completed.
Sep 15 15:33:46.120674 kairos-e5d8 systemd[1]: Finished cOS system after FS setup.
Sep 15 15:33:46.141823 kairos-e5d8 systemd[1]: Condition check resulted in /dev/ttyS0 being skipped.
Sep 15 15:33:46.214612 kairos-e5d8 systemd-networkd[1349]: 
[0;1;33m
[0;1;38:5:185m
[0;1;39m
[0;1;33m
[0;1;38:5:185mFailed to chase and open directory '/usr/local/lib//systemd/networkd.conf.d', ignoring: Permission denied
Sep 15 15:33:46.216014 kairos-e5d8 systemd-networkd[1349]: 
[0;1;33m
[0;1;38:5:185m
[0;1;39m
[0;1;33m
[0;1;38:5:185mFailed to chase and open directory '/usr/local/lib/systemd/network', ignoring: Permission denied
Sep 15 15:33:46.218421 kairos-e5d8 systemd-networkd[1349]: 
[0;1;33m
[0;1;38:5:185m
[0;1;39m
[0;1;33m
[0;1;38:5:185mFailed to chase and open directory '/usr/local/lib/systemd/network', ignoring: Permission denied
Sep 15 15:33:46.222016 kairos-e5d8 systemd-networkd[1349]: 
[0;1;33m
[0;1;38:5:185m
[0;1;39m
[0;1;33m
[0;1;38:5:185mFailed to chase and open directory '/usr/local/lib/systemd/network/20-dhcp-legacy.network.d', ignoring: Permission denied
Sep 15 15:33:46.222128 kairos-e5d8 systemd-networkd[1349]: 
[0;1;33m
[0;1;38:5:185m
[0;1;39m
[0;1;33m
[0;1;38:5:185mFailed to chase and open directory '/usr/local/lib/systemd/network/20-dhcp.network.d', ignoring: Permission denied
Sep 15 15:33:46.222180 kairos-e5d8 systemd-networkd[1349]: 
[0;1;33m
[0;1;38:5:185m
[0;1;39m
[0;1;33m
[0;1;38:5:185mFailed to chase and open directory '/usr/local/lib/systemd/network/80-6rd-tunnel.network.d', ignoring: Permission denied
Sep 15 15:33:46.226874 kairos-e5d8 systemd-networkd[1349]: 
[0;1;33m
[0;1;38:5:185m
[0;1;39m
[0;1;33m
[0;1;38:5:185mFailed to chase and open directory '/usr/local/lib/systemd/network/80-container-host0-tun.network.d', ignoring: Permission denied
Sep 15 15:33:46.227656 kairos-e5d8 systemd-networkd[1349]: 
[0;1;33m
[0;1;38:5:185m
[0;1;39m
[0;1;33m
[0;1;38:5:185mFailed to chase and open directory '/usr/local/lib/systemd/network/80-container-host0.network.d', ignoring: Permission denied
Sep 15 15:33:46.228417 kairos-e5d8 systemd-networkd[1349]: 
[0;1;33m
[0;1;38:5:185m
[0;1;39m
[0;1;33m
[0;1;38:5:185mFailed to chase and open directory '/usr/local/lib/systemd/network/80-container-vb.network.d', ignoring: Permission denied
Sep 15 15:33:46.229435 kairos-e5d8 systemd-networkd[1349]: 
[0;1;33m
[0;1;38:5:185m
[0;1;39m
[0;1;33m
[0;1;38:5:185mFailed to chase and open directory '/usr/local/lib/systemd/network/80-container-ve.network.d', ignoring: Permission denied
Sep 15 15:33:46.229770 kairos-e5d8 systemd-networkd[1349]: 
[0;1;33m
[0;1;38:5:185m
[0;1;39m
[0;1;33m
[0;1;38:5:185mFailed to chase and open directory '/usr/local/lib/systemd/network/80-container-vz.network.d', ignoring: Permission denied
Sep 15 15:33:46.229995 kairos-e5d8 systemd-networkd[1349]: 
[0;1;33m
[0;1;38:5:185m
[0;1;39m
[0;1;33m
[0;1;38:5:185mFailed to chase and open directory '/usr/local/lib/systemd/network/80-namespace-ns-tun.network.d', ignoring: Permission denied
Sep 15 15:33:46.230220 kairos-e5d8 systemd-networkd[1349]: 
[0;1;33m
[0;1;38:5:185m
[0;1;39m
[0;1;33m
[0;1;38:5:185mFailed to chase and open directory '/usr/local/lib/systemd/network/80-namespace-ns.network.d', ignoring: Permission denied
Sep 15 15:33:46.231064 kairos-e5d8 systemd-networkd[1349]: 
[0;1;33m
[0;1;38:5:185m
[0;1;39m
[0;1;33m
[0;1;38:5:185mFailed to chase and open directory '/usr/local/lib/systemd/network/80-vm-vt.network.d', ignoring: Permission denied
Sep 15 15:33:46.231297 kairos-e5d8 systemd-networkd[1349]: 
[0;1;33m
[0;1;38:5:185m
[0;1;39m
[0;1;33m
[0;1;38:5:185mFailed to chase and open directory '/usr/local/lib/systemd/network/80-wifi-adhoc.network.d', ignoring: Permission denied
Sep 15 15:33:46.231605 kairos-e5d8 systemd-networkd[1349]: 
[0;1;33m
[0;1;38:5:185m
[0;1;39m
[0;1;33m
[0;1;38:5:185mFailed to chase and open directory '/usr/local/lib/systemd/network/zzzz-dracut-default.network.d', ignoring: Permission denied
Sep 15 15:33:46.233252 kairos-e5d8 systemd-networkd[1349]: lo: Link UP
Sep 15 15:33:46.233306 kairos-e5d8 systemd-networkd[1349]: lo: Gained carrier
Sep 15 15:33:46.233417 kairos-e5d8 systemd-networkd[1349]: ens3: Link UP
Sep 15 15:33:46.233444 kairos-e5d8 systemd-networkd[1349]: ens3: Gained carrier
Sep 15 15:33:46.233678 kairos-e5d8 systemd-networkd[1349]: ens3: Gained IPv6LL
Sep 15 15:33:46.240713 kairos-e5d8 systemd[1]: Started Network Management.
Sep 15 15:33:46.243287 kairos-e5d8 systemd-networkd[1349]: ens3: Configuring with /etc/systemd/network/20-dhcp.network.
Sep 15 15:33:46.248020 kairos-e5d8 systemd[1]: Reached target Network.
Sep 15 15:33:46.258641 kairos-e5d8 systemd[1]: Starting Enable Persistent Storage in systemd-networkd...
Sep 15 15:33:46.262858 kairos-e5d8 systemd[1]: Starting Wait for Network to be Online...
Sep 15 15:33:46.290342 kairos-e5d8 systemd[1]: Finished Enable Persistent Storage in systemd-networkd.
Sep 15 15:33:46.325123 kairos-e5d8 kernel: parport_pc 00:03: reported by Plug and Play ACPI
Sep 15 15:33:46.325359 kairos-e5d8 kernel: parport0: PC-style at 0x378, irq 7 [PCSPP,TRISTATE]
Sep 15 15:33:46.327930 kairos-e5d8 nfsrahead[1396]: skipping non-NFS device 11:0
Sep 15 15:33:46.329136 kairos-e5d8 nfsrahead[1401]: skipping non-NFS device 7:0
Sep 15 15:33:46.334630 kairos-e5d8 nfsrahead[1399]: skipping non-NFS device 11:2
Sep 15 15:33:46.336233 kairos-e5d8 nfsrahead[1400]: skipping non-NFS device 2:0
Sep 15 15:33:46.336366 kairos-e5d8 nfsrahead[1398]: skipping non-NFS device 253:0
Sep 15 15:33:46.336460 kairos-e5d8 nfsrahead[1397]: skipping non-NFS device 11:1
Sep 15 15:33:46.343810 kairos-e5d8 systemd[1]: Condition check resulted in /sys/devices/virtual/misc/rfkill being skipped.
Sep 15 15:33:46.343897 kairos-e5d8 systemd[1]: Listening on Load/Save RF Kill Switch Status /dev/rfkill Watch.
Sep 15 15:33:46.349568 kairos-e5d8 kernel: input: PC Speaker as /devices/platform/pcspkr/input/input5
Sep 15 15:33:46.349595 kairos-e5d8 kernel: piix4_smbus 0000:00:01.3: SMBus Host Controller at 0x700, revision 0
Sep 15 15:33:46.359663 kairos-e5d8 kernel: i2c i2c-0: Memory type 0x07 not supported yet, not instantiating SPD
Sep 15 15:33:46.359829 kairos-e5d8 systemd[1]: Starting Virtual Console Setup...
Sep 15 15:33:46.417206 kairos-e5d8 systemd-vconsole-setup[1404]: 
[0;1;39m
[0;1;31m
[0;1;39mConfiguration of first virtual console was skipped, ignoring remaining ones.
Sep 15 15:33:46.420691 kairos-e5d8 systemd[1]: Finished Virtual Console Setup.
Sep 15 15:33:46.491573 kairos-e5d8 kernel: ppdev: user-space parallel port driver
Sep 15 15:33:46.491632 kairos-e5d8 kernel: 
[0;1;31m
[0;1;39m
[0;1;31mError: Driver 'pcspkr' is already registered, aborting...
Sep 15 15:33:46.506706 kairos-e5d8 kernel: kvm_amd: TSC scaling supported
Sep 15 15:33:46.506769 kairos-e5d8 kernel: kvm_amd: Nested Virtualization enabled
Sep 15 15:33:46.509618 kairos-e5d8 kernel: kvm_amd: Nested Paging enabled
Sep 15 15:33:46.512616 kairos-e5d8 kernel: kvm_amd: LBR virtualization supported
Sep 15 15:33:46.515617 kairos-e5d8 kernel: kvm_amd: Virtual VMLOAD VMSAVE supported
Sep 15 15:33:46.518969 kairos-e5d8 kernel: kvm_amd: Virtual GIF supported
Sep 15 15:33:46.522010 kairos-e5d8 kernel: kvm_amd: Virtual NMI enabled
Sep 15 15:33:46.856085 kairos-e5d8 systemd[1]: Reached target System Initialization.
Sep 15 15:33:46.859054 kairos-e5d8 systemd[1]: Started cOS setup reconciler.
Sep 15 15:33:46.861435 kairos-e5d8 systemd[1]: Started Daily Cleanup of Temporary Directories.
Sep 15 15:33:46.864349 kairos-e5d8 systemd[1]: Reached target Timer Units.
Sep 15 15:33:46.867352 kairos-e5d8 systemd[1]: Listening on D-Bus System Message Bus Socket.
Sep 15 15:33:46.870647 kairos-e5d8 systemd[1]: Listening on Open-iSCSI iscsid Socket.
Sep 15 15:33:46.873281 kairos-e5d8 systemd[1]: Listening on Open-iSCSI iscsiuio Socket.
Sep 15 15:33:46.877048 kairos-e5d8 systemd[1]: Listening on OpenSSH Server Socket (systemd-ssh-generator, AF_UNIX Local).
Sep 15 15:33:46.881206 kairos-e5d8 systemd[1]: Listening on User Login Management Varlink Socket.
Sep 15 15:33:46.884497 kairos-e5d8 systemd[1]: Listening on Virtual Machine and Container Registration Service Socket.
Sep 15 15:33:46.888190 kairos-e5d8 systemd[1]: Reached target Socket Units.
Sep 15 15:33:46.893706 kairos-e5d8 systemd[1]: Starting iSCSI UserSpace I/O driver...
Sep 15 15:33:46.895710 kairos-e5d8 systemd[1]: TPM PCR Barrier (Initialization) skipped, unmet condition check ConditionSecurity=measured-os
Sep 15 15:33:46.895789 kairos-e5d8 systemd[1]: Reached target Basic System.
Sep 15 15:33:46.900191 kairos-e5d8 systemd[1]: Starting cOS system configuration...
Sep 15 15:33:46.907925 kairos-e5d8 systemd[1]: Starting D-Bus System Message Bus...
Sep 15 15:33:46.914435 kairos-e5d8 iscsiuio[1407]: INFO Started iSCSI uio stack: Ver 0.7.8.8
Sep 15 15:33:46.912383 kairos-e5d8 systemd[1]: Starting Restore /run/initramfs on shutdown...
Sep 15 15:33:46.922088 kairos-e5d8 systemd[1]: Starting SSH Key Generation...
Sep 15 15:33:46.926952 kairos-e5d8 kairos-agent[1408]: Kairos Agent
Sep 15 15:33:46.927343 kairos-e5d8 kairos-agent[1408]: 2026-09-15T15:33:46Z INF Kairos Agent version=v4.3.0-rc3-5-g3b0005495
Sep 15 15:33:46.929107 kairos-e5d8 systemd[1]: Starting User Login Management...
Sep 15 15:33:46.937194 kairos-e5d8 systemd[1]: Started iSCSI UserSpace I/O driver.
Sep 15 15:33:46.939970 kairos-e5d8 systemd[1]: Finished Restore /run/initramfs on shutdown.
Sep 15 15:33:46.945438 kairos-e5d8 ssh-keygen[1415]: ssh-keygen: generating new host keys: ECDSA
Sep 15 15:33:46.946234 kairos-e5d8 systemd[1]: sshkeygen.service: Deactivated successfully.
Sep 15 15:33:46.946428 kairos-e5d8 systemd[1]: Finished SSH Key Generation.
Sep 15 15:33:46.950163 kairos-e5d8 kairos-agent[1408]: Boot Mode
Sep 15 15:33:46.950615 kairos-e5d8 kairos-agent[1408]: 2026-09-15T15:33:46Z INF Boot Mode boot_mode=active_boot
Sep 15 15:33:46.950615 kairos-e5d8 kairos-agent[1408]: 2026-09-15T15:33:46Z INF Boot in uki mode result=false
Sep 15 15:33:46.950615 kairos-e5d8 kairos-agent[1408]: 2026-09-15T15:33:46Z INF Running stage: boot.before
Sep 15 15:33:46.950615 kairos-e5d8 kairos-agent[1408]: 
Sep 15 15:33:46.950271 kairos-e5d8 kairos-agent[1408]: Boot in uki mode
Sep 15 15:33:46.950470 kairos-e5d8 kairos-agent[1408]: Running stage: boot.before
Sep 15 15:33:46.952762 kairos-e5d8 systemd[1]: Starting OpenSSH Daemon...
Sep 15 15:33:46.959671 kairos-e5d8 kairos-agent[1408]: 
[0;1;33m
[0;1;38:5:185m
[0;1;39m
[0;1;33m
[0;1;38:5:185m(conditional) Skip 'service manager doesn't match openrc' stage name: /system/oem/30_ulimit.yaml.Setup higher limit for open files
Sep 15 15:33:46.960775 kairos-e5d8 kairos-agent[1408]: 2026-09-15T15:33:46Z WRN (conditional) Skip 'service manager doesn't match openrc' stage name: /system/oem/30_ulimit.yaml.Setup higher limit for open files
Sep 15 15:33:46.972210 kairos-e5d8 kairos-agent[1408]: 
[0;1;33m
[0;1;38:5:185m
[0;1;39m
[0;1;33m
[0;1;38:5:185m(conditional) Skip 'Skipping stage (if statement error: failed to run cat /proc/cmdline | grep -q "active.img" && grep -vq "rd.immucore.uki" /proc/cmdline
                                                       
[0;1;33m
[0;1;38:5:185m: exit status 1)' stage name: Boot assessment and branding.Remove GRUB sentinels
Sep 15 15:33:46.972420 kairos-e5d8 kairos-agent[1408]: 2026-09-15T15:33:46Z WRN (conditional) Skip 'Skipping stage (if statement error: failed to run cat /proc/cmdline | grep -q "active.img" && grep -vq "rd.immucore.uki" /proc/cmdline
Sep 15 15:33:46.972420 kairos-e5d8 kairos-agent[1408]: : exit status 1)' stage name: Boot assessment and branding.Remove GRUB sentinels
Sep 15 15:33:46.977956 kairos-e5d8 sshd[1428]: Server listening on 0.0.0.0 port 22.
Sep 15 15:33:46.978131 kairos-e5d8 systemd[1]: Started OpenSSH Daemon.
Sep 15 15:33:46.977974 kairos-e5d8 sshd[1428]: Server listening on :: port 22.
Sep 15 15:33:46.982399 kairos-e5d8 systemd[1]: Reached target SSH Access Available.
Sep 15 15:33:46.990326 kairos-e5d8 dbus-daemon[1409]: 
[0;1;33m
[0;1;38:5:185m
[0;1;39m
[0;1;33m
[0;1;38:5:185mFailed to drop supplementary groups: Operation not permitted
Sep 15 15:33:46.990617 kairos-e5d8 systemd[1]: Started D-Bus System Message Bus.
Sep 15 15:33:47.001671 kairos-e5d8 kairos-agent[1408]: 
[0;1;33m
[0;1;38:5:185m
[0;1;39m
[0;1;33m
[0;1;38:5:185m(conditional) Skip 'Skipping stage (if statement error: failed to run [[ $(kairos-agent state get kairos.flavor) =~ ^alpine ]]: exit status 1)' stage name: Rootfs Layout Settings.Mount tmp on alpine
Sep 15 15:33:47.002055 kairos-e5d8 kairos-agent[1408]: 2026-09-15T15:33:47Z WRN (conditional) Skip 'Skipping stage (if statement error: failed to run [[ $(kairos-agent state get kairos.flavor) =~ ^alpine ]]: exit status 1)' stage name: Rootfs Layout Settings.Mount tmp on alpine
Sep 15 15:33:47.007763 kairos-e5d8 kairos-agent[1408]: 
[0;1;33m
[0;1;38:5:185m
[0;1;39m
[0;1;33m
[0;1;38:5:185m(conditional) Skip 'Skipping stage (if statement error: failed to run cat /proc/cmdline | grep -q "upgrade_failure" && grep -vq "rd.immucore.uki" /proc/cmdline
                                                       
[0;1;33m
[0;1;38:5:185m: exit status 1)' stage name: Boot assessment and branding.Create upgrade failure sentinel if necessary
Sep 15 15:33:47.007901 kairos-e5d8 kairos-agent[1408]: 2026-09-15T15:33:47Z WRN (conditional) Skip 'Skipping stage (if statement error: failed to run cat /proc/cmdline | grep -q "upgrade_failure" && grep -vq "rd.immucore.uki" /proc/cmdline
Sep 15 15:33:47.007901 kairos-e5d8 kairos-agent[1408]: : exit status 1)' stage name: Boot assessment and branding.Create upgrade failure sentinel if necessary
Sep 15 15:33:47.010871 kairos-e5d8 systemd-logind[1419]: New seat seat0.
Sep 15 15:33:47.012321 kairos-e5d8 systemd-logind[1419]: Watching system buttons on /dev/input/event0 (Power Button)
Sep 15 15:33:47.012349 kairos-e5d8 systemd-logind[1419]: Watching system buttons on /dev/input/event1 (AT Translated Set 2 keyboard)
Sep 15 15:33:47.013809 kairos-e5d8 systemd[1]: Started User Login Management.
Sep 15 15:33:47.026801 kairos-e5d8 kairos-agent[1408]: 
[0;1;33m
[0;1;38:5:185m
[0;1;39m
[0;1;33m
[0;1;38:5:185m(conditional) Skip 'Skipping stage (if statement error: failed to run [[ $(kairos-agent state get kairos.flavor) =~ ^alpine ]]: exit status 1)' stage name: Rootfs Layout Settings.Mount BPF on Alpine systems
Sep 15 15:33:47.026920 kairos-e5d8 kairos-agent[1408]: 2026-09-15T15:33:47Z WRN (conditional) Skip 'Skipping stage (if statement error: failed to run [[ $(kairos-agent state get kairos.flavor) =~ ^alpine ]]: exit status 1)' stage name: Rootfs Layout Settings.Mount BPF on Alpine systems
Sep 15 15:33:47.027446 kairos-e5d8 kairos-agent[1408]: Done executing stage 'boot.before'
Sep 15 15:33:47.027629 kairos-e5d8 kairos-agent[1408]: 2026-09-15T15:33:47Z INF Done executing stage 'boot.before'
Sep 15 15:33:47.027629 kairos-e5d8 kairos-agent[1408]: 
Sep 15 15:33:47.027682 kairos-e5d8 kairos-agent[1408]: Running stage: boot
Sep 15 15:33:47.027810 kairos-e5d8 kairos-agent[1408]: 2026-09-15T15:33:47Z INF Running stage: boot
Sep 15 15:33:47.027810 kairos-e5d8 kairos-agent[1408]: 
Sep 15 15:33:47.034885 kairos-e5d8 kairos-agent[1408]: 
[0;1;33m
[0;1;38:5:185m
[0;1;39m
[0;1;33m
[0;1;38:5:185m(conditional) Skip 'Skipping stage (if statement error: failed to run [ -f "/run/cos/recovery_mode" ]: exit status 1)' stage name: Start recovery on tty1.Recovery
Sep 15 15:33:47.035362 kairos-e5d8 kairos-agent[1408]: 2026-09-15T15:33:47Z WRN (conditional) Skip 'Skipping stage (if statement error: failed to run [ -f "/run/cos/recovery_mode" ]: exit status 1)' stage name: Start recovery on tty1.Recovery
Sep 15 15:33:47.035362 kairos-e5d8 kairos-agent[1408]: 2026-09-15T15:33:47Z INF Processing stage step 'Default config.Default sysctl settings'. ( commands: 0, files: 0, ... )
Sep 15 15:33:47.035362 kairos-e5d8 kairos-agent[1408]: 2026-09-15T15:33:47Z INF Running layout plugin
Sep 15 15:33:47.034924 kairos-e5d8 kairos-agent[1408]: Processing stage step 'Default config.Default sysctl settings'. ( commands: 0, files: 0, ... )
Sep 15 15:33:47.035038 kairos-e5d8 kairos-agent[1408]: Running layout plugin
Sep 15 15:33:47.036282 kairos-e5d8 kairos-agent[1408]: 
[0;1;33m
[0;1;38:5:185m
[0;1;39m
[0;1;33m
[0;1;38:5:185m(conditional) Skip 'Skipping stage (if statement error: failed to run ([ -f /run/cos/live_mode ] || [ -f /run/cos/uki_install_mode ])
                                                       
[0;1;33m
[0;1;38:5:185m: exit status 1)' stage name: Start installer on tty1..0
Sep 15 15:33:47.036378 kairos-e5d8 kairos-agent[1408]: 
[0;1;33m
[0;1;38:5:185m
[0;1;39m
[0;1;33m
[0;1;38:5:185m(conditional) Skip 'service manager doesn't match openrc' stage name: Enable QEMU tools.Enable QEMU.0
Sep 15 15:33:47.036590 kairos-e5d8 kairos-agent[1408]: 2026-09-15T15:33:47Z WRN (conditional) Skip 'Skipping stage (if statement error: failed to run ([ -f /run/cos/live_mode ] || [ -f /run/cos/uki_install_mode ])
Sep 15 15:33:47.036590 kairos-e5d8 kairos-agent[1408]: : exit status 1)' stage name: Start installer on tty1..0
Sep 15 15:33:47.036995 kairos-e5d8 kairos-agent[1408]: 2026-09-15T15:33:47Z WRN (conditional) Skip 'service manager doesn't match openrc' stage name: Enable QEMU tools.Enable QEMU.0
Sep 15 15:33:47.037083 kairos-e5d8 kairos-agent[1408]: Processing stage step 'Start agent.0'. ( commands: 2, files: 1, ... )
Sep 15 15:33:47.037169 kairos-e5d8 kairos-agent[1408]: 2026-09-15T15:33:47Z INF Processing stage step 'Start agent.0'. ( commands: 2, files: 1, ... )
Sep 15 15:33:47.046481 kairos-e5d8 systemd[1]: 
[0;1;39m
[0;1;31m
[0;1;39mReload requested from client PID 1460 ('systemctl') (unit cos-setup-boot.service)...
Sep 15 15:33:47.046627 kairos-e5d8 systemd[1]: Reloading...
Sep 15 15:33:47.202012 kairos-e5d8 systemd[1]: Reloading finished in 155 ms.
Sep 15 15:33:47.227817 kairos-e5d8 kairos-agent[1408]: Running layout plugin
Sep 15 15:33:47.229878 kairos-e5d8 kairos-agent[1408]: 2026-09-15T15:33:47Z INF Running layout plugin
Sep 15 15:33:47.230619 kairos-e5d8 kairos-agent[1408]: Processing stage step 'Enable QEMU tools.Enable QEMU.1'. ( commands: 1, files: 0, ... )
Sep 15 15:33:47.230961 kairos-e5d8 kairos-agent[1408]: 2026-09-15T15:33:47Z INF Processing stage step 'Enable QEMU tools.Enable QEMU.1'. ( commands: 1, files: 0, ... )
Sep 15 15:33:47.235974 kairos-e5d8 kairos-agent[1408]: 
[0;1;33m
[0;1;38:5:185m
[0;1;39m
[0;1;33m
[0;1;38:5:185m(conditional) Skip 'Skipping stage (if statement error: failed to run ([ -f /run/cos/live_mode ] || [ -f /run/cos/uki_install_mode ])
                                                       
[0;1;33m
[0;1;38:5:185m: exit status 1)' stage name: Start installer on tty1..1
Sep 15 15:33:47.236135 kairos-e5d8 kairos-agent[1408]: 2026-09-15T15:33:47Z WRN (conditional) Skip 'Skipping stage (if statement error: failed to run ([ -f /run/cos/live_mode ] || [ -f /run/cos/uki_install_mode ])
Sep 15 15:33:47.236135 kairos-e5d8 kairos-agent[1408]: : exit status 1)' stage name: Start installer on tty1..1
Sep 15 15:33:47.237768 kairos-e5d8 kairos-agent[1408]: 
[0;1;31m
[0;1;39m
[0;1;31mError on file /system/oem/26_vm.yaml on stage Enable QEMU: 1 error occurred:
                                                       
[0;1;31m        * failed to run systemctl start qemu-guest-agent: exit status 5
                                                       
[0;1;31mcommand output:
                                                       
[0;1;31mFailed to start qemu-guest-agent.service: Unit qemu-guest-agent.service not found.
                                                       
[0;1;31m
                                                       
[0;1;31m
Sep 15 15:33:47.237925 kairos-e5d8 kairos-agent[1408]: 2026-09-15T15:33:47Z ERR Error on file /system/oem/26_vm.yaml on stage Enable QEMU: 1 error occurred:
Sep 15 15:33:47.237925 kairos-e5d8 kairos-agent[1408]:         * failed to run systemctl start qemu-guest-agent: exit status 5
Sep 15 15:33:47.237925 kairos-e5d8 kairos-agent[1408]: command output:
Sep 15 15:33:47.237925 kairos-e5d8 kairos-agent[1408]: Failed to start qemu-guest-agent.service: Unit qemu-guest-agent.service not found.
Sep 15 15:33:47.237925 kairos-e5d8 kairos-agent[1408]: 
Sep 15 15:33:47.238191 kairos-e5d8 kairos-agent[1408]: Running layout plugin
Sep 15 15:33:47.238342 kairos-e5d8 kairos-agent[1408]: 2026-09-15T15:33:47Z INF Running layout plugin
Sep 15 15:33:47.240797 kairos-e5d8 kairos-agent[1408]: 
[0;1;33m
[0;1;38:5:185m
[0;1;39m
[0;1;33m
[0;1;38:5:185m(conditional) Skip 'Skipping stage (if statement error: failed to run grep -iE "Virtualbox" /sys/class/dmi/id/product_name
                                                       
[0;1;33m
[0;1;38:5:185m: exit status 1)' stage name: Enable QEMU tools.Enable VBOX.2
Sep 15 15:33:47.240948 kairos-e5d8 kairos-agent[1408]: 2026-09-15T15:33:47Z WRN (conditional) Skip 'Skipping stage (if statement error: failed to run grep -iE "Virtualbox" /sys/class/dmi/id/product_name
Sep 15 15:33:47.240948 kairos-e5d8 kairos-agent[1408]: : exit status 1)' stage name: Enable QEMU tools.Enable VBOX.2
Sep 15 15:33:47.242341 kairos-e5d8 kairos-agent[1408]: 
[0;1;33m
[0;1;38:5:185m
[0;1;39m
[0;1;33m
[0;1;38:5:185m(conditional) Skip 'Skipping stage (if statement error: failed to run grep -iE "Virtualbox" /sys/class/dmi/id/product_name
                                                       
[0;1;33m
[0;1;38:5:185m: exit status 1)' stage name: Enable QEMU tools.Enable VBOX.3
Sep 15 15:33:47.242383 kairos-e5d8 kairos-agent[1408]: 2026-09-15T15:33:47Z WRN (conditional) Skip 'Skipping stage (if statement error: failed to run grep -iE "Virtualbox" /sys/class/dmi/id/product_name
Sep 15 15:33:47.242383 kairos-e5d8 kairos-agent[1408]: : exit status 1)' stage name: Enable QEMU tools.Enable VBOX.3
Sep 15 15:33:47.243455 kairos-e5d8 kairos-agent[1408]: 
[0;1;33m
[0;1;38:5:185m
[0;1;39m
[0;1;33m
[0;1;38:5:185m(conditional) Skip 'Skipping stage (if statement error: failed to run grep -iE "VMware" /sys/class/dmi/id/product_name
                                                       
[0;1;33m
[0;1;38:5:185m: exit status 1)' stage name: Enable QEMU tools.Enable VMWARE.4
Sep 15 15:33:47.243626 kairos-e5d8 kairos-agent[1408]: 2026-09-15T15:33:47Z WRN (conditional) Skip 'Skipping stage (if statement error: failed to run grep -iE "VMware" /sys/class/dmi/id/product_name
Sep 15 15:33:47.243626 kairos-e5d8 kairos-agent[1408]: : exit status 1)' stage name: Enable QEMU tools.Enable VMWARE.4
Sep 15 15:33:47.244497 kairos-e5d8 kairos-agent[1408]: 
[0;1;33m
[0;1;38:5:185m
[0;1;39m
[0;1;33m
[0;1;38:5:185m(conditional) Skip 'Skipping stage (if statement error: failed to run grep -iE "VMware" /sys/class/dmi/id/product_name
                                                       
[0;1;33m
[0;1;38:5:185m: exit status 1)' stage name: Enable QEMU tools.Enable VMWARE.5
Sep 15 15:33:47.244591 kairos-e5d8 kairos-agent[1408]: 2026-09-15T15:33:47Z WRN (conditional) Skip 'Skipping stage (if statement error: failed to run grep -iE "VMware" /sys/class/dmi/id/product_name
Sep 15 15:33:47.244591 kairos-e5d8 kairos-agent[1408]: : exit status 1)' stage name: Enable QEMU tools.Enable VMWARE.5
Sep 15 15:33:47.244740 kairos-e5d8 kairos-agent[1408]: Processing stage step '/oem/95_userdata/userdata.yaml.0'. ( commands: 0, files: 0, ... )
Sep 15 15:33:47.244834 kairos-e5d8 kairos-agent[1408]: Running layout plugin
Sep 15 15:33:47.244899 kairos-e5d8 kairos-agent[1408]: 2026-09-15T15:33:47Z INF Processing stage step '/oem/95_userdata/userdata.yaml.0'. ( commands: 0, files: 0, ... )
Sep 15 15:33:47.244899 kairos-e5d8 kairos-agent[1408]: 2026-09-15T15:33:47Z INF Running layout plugin
Sep 15 15:33:47.244899 kairos-e5d8 kairos-agent[1408]: 2026-09-15T15:33:47Z INF Done executing stage 'boot'
Sep 15 15:33:47.244899 kairos-e5d8 kairos-agent[1408]: 
Sep 15 15:33:47.244899 kairos-e5d8 kairos-agent[1408]: 2026-09-15T15:33:47Z INF Running stage: boot.after
Sep 15 15:33:47.244899 kairos-e5d8 kairos-agent[1408]: 
Sep 15 15:33:47.244878 kairos-e5d8 kairos-agent[1408]: Done executing stage 'boot'
Sep 15 15:33:47.244890 kairos-e5d8 kairos-agent[1408]: Running stage: boot.after
Sep 15 15:33:47.247147 kairos-e5d8 kairos-agent[1408]: Done executing stage 'boot.after'
Sep 15 15:33:47.247311 kairos-e5d8 kairos-agent[1408]: 2026-09-15T15:33:47Z INF Done executing stage 'boot.after'
Sep 15 15:33:47.247311 kairos-e5d8 kairos-agent[1408]: 
Sep 15 15:33:47.247306 kairos-e5d8 kairos-agent[1408]: Running stage: boot.before
Sep 15 15:33:47.247416 kairos-e5d8 kairos-agent[1408]: 2026-09-15T15:33:47Z INF Running stage: boot.before
Sep 15 15:33:47.247416 kairos-e5d8 kairos-agent[1408]: 
Sep 15 15:33:47.248181 kairos-e5d8 kairos-agent[1408]: Done executing stage 'boot.before'
Sep 15 15:33:47.248296 kairos-e5d8 kairos-agent[1408]: 2026-09-15T15:33:47Z INF Done executing stage 'boot.before'
Sep 15 15:33:47.248296 kairos-e5d8 kairos-agent[1408]: 
Sep 15 15:33:47.248296 kairos-e5d8 kairos-agent[1408]: 2026-09-15T15:33:47Z INF Running stage: boot
Sep 15 15:33:47.248296 kairos-e5d8 kairos-agent[1408]: 
Sep 15 15:33:47.248251 kairos-e5d8 kairos-agent[1408]: Running stage: boot
Sep 15 15:33:47.248376 kairos-e5d8 kairos-agent[1408]: Done executing stage 'boot'
Sep 15 15:33:47.248421 kairos-e5d8 kairos-agent[1408]: Running stage: boot.after
Sep 15 15:33:47.248495 kairos-e5d8 kairos-agent[1408]: 2026-09-15T15:33:47Z INF Done executing stage 'boot'
Sep 15 15:33:47.248495 kairos-e5d8 kairos-agent[1408]: 
Sep 15 15:33:47.248495 kairos-e5d8 kairos-agent[1408]: 2026-09-15T15:33:47Z INF Running stage: boot.after
Sep 15 15:33:47.248495 kairos-e5d8 kairos-agent[1408]: 
Sep 15 15:33:47.248619 kairos-e5d8 kairos-agent[1408]: 2026-09-15T15:33:47Z INF Done executing stage 'boot.after'
Sep 15 15:33:47.248619 kairos-e5d8 kairos-agent[1408]: 
Sep 15 15:33:47.248619 kairos-e5d8 kairos-agent[1408]: 2026-09-15T15:33:47Z INF Some errors found but were ignored. Enable --strict mode to fail on those or --debug to see them in the log
Sep 15 15:33:47.248619 kairos-e5d8 kairos-agent[1408]: 2026-09-15T15:33:47Z WRN 1 error occurred:
Sep 15 15:33:47.248619 kairos-e5d8 kairos-agent[1408]:         * failed to run systemctl start qemu-guest-agent: exit status 5
Sep 15 15:33:47.248619 kairos-e5d8 kairos-agent[1408]: command output:
Sep 15 15:33:47.248619 kairos-e5d8 kairos-agent[1408]: Failed to start qemu-guest-agent.service: Unit qemu-guest-agent.service not found.
Sep 15 15:33:47.248619 kairos-e5d8 kairos-agent[1408]: 
Sep 15 15:33:47.248515 kairos-e5d8 kairos-agent[1408]: Done executing stage 'boot.after'
Sep 15 15:33:47.248599 kairos-e5d8 kairos-agent[1408]: Some errors found but were ignored. Enable --strict mode to fail on those or --debug to see them in the log
Sep 15 15:33:47.248615 kairos-e5d8 kairos-agent[1408]: 
[0;1;33m
[0;1;38:5:185m
[0;1;39m
[0;1;33m
[0;1;38:5:185m1 error occurred:
                                                       
[0;1;33m
[0;1;38:5:185m        * failed to run systemctl start qemu-guest-agent: exit status 5
                                                       
[0;1;33m
[0;1;38:5:185mcommand output:
                                                       
[0;1;33m
[0;1;38:5:185mFailed to start qemu-guest-agent.service: Unit qemu-guest-agent.service not found.
                                                       
[0;1;33m
[0;1;38:5:185m
                                                       
[0;1;33m
[0;1;38:5:185m
Sep 15 15:33:47.249668 kairos-e5d8 systemd[1]: Finished cOS system configuration.
Sep 15 15:33:47.310105 kairos-e5d8 kernel: 
[0;1;33m
[0;1;38:5:185m
[0;1;39m
[0;1;33m
[0;1;38:5:185mIPv4: martian source (src=10.0.2.2, dst=255.255.255.255, dev=ens3)
Sep 15 15:33:47.310175 kairos-e5d8 kernel: 
[0;1;33m
[0;1;38:5:185m
[0;1;39m
[0;1;33m
[0;1;38:5:185mll header: 00000000: ff ff ff ff ff ff 52 55 0a 00 02 02 08 00
Sep 15 15:33:47.318602 kairos-e5d8 kernel: 
[0;1;33m
[0;1;38:5:185m
[0;1;39m
[0;1;33m
[0;1;38:5:185mIPv4: martian source (src=10.0.2.2, dst=255.255.255.255, dev=ens3)
Sep 15 15:33:47.318662 kairos-e5d8 kernel: 
[0;1;33m
[0;1;38:5:185m
[0;1;39m
[0;1;33m
[0;1;38:5:185mll header: 00000000: ff ff ff ff ff ff 52 55 0a 00 02 02 08 00
Sep 15 15:33:47.322651 kairos-e5d8 systemd-networkd[1349]: ens3: DHCPv4 address 10.0.2.15/24, gateway 10.0.2.2 acquired from 10.0.2.2
Sep 15 15:33:47.333025 kairos-e5d8 systemd[1]: Finished Wait for Network to be Online.
Sep 15 15:33:47.336858 kairos-e5d8 systemd[1]: Reached target Network is Online.
Sep 15 15:33:47.342883 kairos-e5d8 systemd[1]: Starting cOS setup after network...
Sep 15 15:33:47.347848 kairos-e5d8 systemd[1]: Starting Open-iSCSI...
Sep 15 15:33:47.360019 kairos-e5d8 systemd[1]: Started Open-iSCSI.
Sep 15 15:33:47.362853 kairos-e5d8 systemd[1]: Reached target Preparation for Remote File Systems.
Sep 15 15:33:47.366079 kairos-e5d8 systemd[1]: Reached target Remote Encrypted Volumes.
Sep 15 15:33:47.368895 kairos-e5d8 systemd[1]: Reached target Remote Integrity Protected Volumes.
Sep 15 15:33:47.371425 kairos-e5d8 kairos-agent[1507]: Kairos Agent
Sep 15 15:33:47.372080 kairos-e5d8 kairos-agent[1507]: 2026-09-15T15:33:47Z INF Kairos Agent version=v4.3.0-rc3-5-g3b0005495
Sep 15 15:33:47.372038 kairos-e5d8 systemd[1]: Reached target Remote Verity Protected Volumes.
Sep 15 15:33:47.378513 kairos-e5d8 kairos-agent[1507]: Boot Mode
Sep 15 15:33:47.378660 kairos-e5d8 kairos-agent[1507]: Boot in uki mode
Sep 15 15:33:47.383060 kairos-e5d8 kairos-agent[1507]: 2026-09-15T15:33:47Z INF Boot Mode boot_mode=active_boot
Sep 15 15:33:47.383060 kairos-e5d8 kairos-agent[1507]: 2026-09-15T15:33:47Z INF Boot in uki mode result=false
Sep 15 15:33:47.383060 kairos-e5d8 kairos-agent[1507]: 2026-09-15T15:33:47Z INF Running stage: network.before
Sep 15 15:33:47.383060 kairos-e5d8 kairos-agent[1507]: 
Sep 15 15:33:47.383060 kairos-e5d8 kairos-agent[1507]: 2026-09-15T15:33:47Z INF Done executing stage 'network.before'
Sep 15 15:33:47.383060 kairos-e5d8 kairos-agent[1507]: 
Sep 15 15:33:47.383060 kairos-e5d8 kairos-agent[1507]: 2026-09-15T15:33:47Z INF Running stage: network
Sep 15 15:33:47.383060 kairos-e5d8 kairos-agent[1507]: 
Sep 15 15:33:47.378771 kairos-e5d8 systemd[1]: Starting Login and scanning of iSCSI devices...
Sep 15 15:33:47.378925 kairos-e5d8 kairos-agent[1507]: Running stage: network.before
Sep 15 15:33:47.381140 kairos-e5d8 kairos-agent[1507]: Done executing stage 'network.before'
Sep 15 15:33:47.381162 kairos-e5d8 kairos-agent[1507]: Running stage: network
Sep 15 15:33:47.386306 kairos-e5d8 iscsiadm[1515]: iscsiadm: No records found
Sep 15 15:33:47.386816 kairos-e5d8 systemd[1]: Finished Login and scanning of iSCSI devices.
Sep 15 15:33:47.387052 kairos-e5d8 kairos-agent[1507]: 
[0;1;33m
[0;1;38:5:185m
[0;1;39m
[0;1;33m
[0;1;38:5:185m(conditional) Skip 'Skipping stage (if statement error: failed to run [ -d /oem/userdata ] && [ ! -d /oem/95_userdata ]: exit status 1)' stage name: Datasource handling.Move old datasource to new location
Sep 15 15:33:47.389575 kairos-e5d8 kairos-agent[1507]: 2026-09-15T15:33:47Z WRN (conditional) Skip 'Skipping stage (if statement error: failed to run [ -d /oem/userdata ] && [ ! -d /oem/95_userdata ]: exit status 1)' stage name: Datasource handling.Move old datasource to new location
Sep 15 15:33:47.389575 kairos-e5d8 kairos-agent[1507]: 2026-09-15T15:33:47Z WRN (conditional) Skip 'Skipping stage (if statement error: failed to run [ -d /oem/userdata ] && [ -d /oem/95_userdata ]: exit status 1)' stage name: Datasource handling.Remove old userdata
Sep 15 15:33:47.389575 kairos-e5d8 kairos-agent[1507]: 2026-09-15T15:33:47Z WRN (conditional) Skip 'Skipping stage (if statement error: failed to run [ ! -e /oem/95_userdata ] && ([ ! -f /run/cos/uki_boot_mode ] || grep -q "kairos.pull_datasources" /proc/cmdline ): exit status 1)' stage name: Datasource handling.Pull data from provider
Sep 15 15:33:47.388012 kairos-e5d8 kairos-agent[1507]: 
[0;1;33m
[0;1;38:5:185m
[0;1;39m
[0;1;33m
[0;1;38:5:185m(conditional) Skip 'Skipping stage (if statement error: failed to run [ -d /oem/userdata ] && [ -d /oem/95_userdata ]: exit status 1)' stage name: Datasource handling.Remove old userdata
Sep 15 15:33:47.388903 kairos-e5d8 kairos-agent[1507]: 
[0;1;33m
[0;1;38:5:185m
[0;1;39m
[0;1;33m
[0;1;38:5:185m(conditional) Skip 'Skipping stage (if statement error: failed to run [ ! -e /oem/95_userdata ] && ([ ! -f /run/cos/uki_boot_mode ] || grep -q "kairos.pull_datasources" /proc/cmdline ): exit status 1)' stage name: Datasource handling.Pull data from provider
Sep 15 15:33:47.389711 kairos-e5d8 kairos-agent[1507]: 
[0;1;33m
[0;1;38:5:185m
[0;1;39m
[0;1;33m
[0;1;38:5:185m(conditional) Skip 'Skipping stage (if statement error: failed to run [ -e /oem/95_userdata ] && [ -f /run/.userdata_load ]: exit status 1)' stage name: Datasource handling.Run stages if userdata is found
Sep 15 15:33:47.389898 kairos-e5d8 kairos-agent[1507]: 2026-09-15T15:33:47Z WRN (conditional) Skip 'Skipping stage (if statement error: failed to run [ -e /oem/95_userdata ] && [ -f /run/.userdata_load ]: exit status 1)' stage name: Datasource handling.Run stages if userdata is found
Sep 15 15:33:47.390516 kairos-e5d8 kairos-agent[1507]: 
[0;1;33m
[0;1;38:5:185m
[0;1;39m
[0;1;33m
[0;1;38:5:185m(conditional) Skip 'Skipping stage (if statement error: failed to run [ ! -e /oem/95_userdata ] && [ -f /run/.userdata_load ]: exit status 1)' stage name: Datasource handling.Remove userdata sentinel
Sep 15 15:33:47.390615 kairos-e5d8 kairos-agent[1507]: 2026-09-15T15:33:47Z WRN (conditional) Skip 'Skipping stage (if statement error: failed to run [ ! -e /oem/95_userdata ] && [ -f /run/.userdata_load ]: exit status 1)' stage name: Datasource handling.Remove userdata sentinel
Sep 15 15:33:47.390612 kairos-e5d8 systemd[1]: Reached target Remote File Systems.
Sep 15 15:33:47.390727 kairos-e5d8 kairos-agent[1507]: Processing stage step 'Fix home directory permissions (kairos issue #2797).Fix home dir ownership'. ( commands: 1, files: 1, ... )
Sep 15 15:33:47.392662 kairos-e5d8 kairos-agent[1507]: 2026-09-15T15:33:47Z INF Processing stage step 'Fix home directory permissions (kairos issue #2797).Fix home dir ownership'. ( commands: 1, files: 1, ... )
Sep 15 15:33:47.399860 kairos-e5d8 systemd[1]: Starting Enable queuing for multipath maps...
Sep 15 15:33:47.402189 kairos-e5d8 systemd[1]: TPM PCR Barrier (User) skipped, unmet condition check ConditionSecurity=measured-os
Sep 15 15:33:47.404057 kairos-e5d8 systemd[1]: Starting Permit User Sessions...
Sep 15 15:33:47.406637 kairos-e5d8 systemd[1]: Finished Enable queuing for multipath maps.
Sep 15 15:33:47.413589 kairos-e5d8 kairos-agent[1507]: Running layout plugin
Sep 15 15:33:47.413718 kairos-e5d8 kairos-agent[1507]: 2026-09-15T15:33:47Z INF Running layout plugin
Sep 15 15:33:47.414015 kairos-e5d8 kairos-agent[1507]: Processing stage step '/oem/95_userdata/userdata.yaml.0'. ( commands: 0, files: 0, ... )
Sep 15 15:33:47.414089 kairos-e5d8 kairos-agent[1507]: 2026-09-15T15:33:47Z INF Processing stage step '/oem/95_userdata/userdata.yaml.0'. ( commands: 0, files: 0, ... )
Sep 15 15:33:47.414170 kairos-e5d8 kairos-agent[1507]: Running layout plugin
Sep 15 15:33:47.414248 kairos-e5d8 kairos-agent[1507]: 2026-09-15T15:33:47Z INF Running layout plugin
Sep 15 15:33:47.414313 kairos-e5d8 kairos-agent[1507]: Done executing stage 'network'
Sep 15 15:33:47.414343 kairos-e5d8 kairos-agent[1507]: 2026-09-15T15:33:47Z INF Done executing stage 'network'
Sep 15 15:33:47.414343 kairos-e5d8 kairos-agent[1507]: 
Sep 15 15:33:47.414368 kairos-e5d8 kairos-agent[1507]: Running stage: network.after
Sep 15 15:33:47.414389 kairos-e5d8 kairos-agent[1507]: 2026-09-15T15:33:47Z INF Running stage: network.after
Sep 15 15:33:47.414389 kairos-e5d8 kairos-agent[1507]: 
Sep 15 15:33:47.414613 kairos-e5d8 systemd[1]: Finished Permit User Sessions.
Sep 15 15:33:47.420303 kairos-e5d8 kairos-agent[1507]: Done executing stage 'network.after'
Sep 15 15:33:47.420376 kairos-e5d8 kairos-agent[1507]: 2026-09-15T15:33:47Z INF Done executing stage 'network.after'
Sep 15 15:33:47.420376 kairos-e5d8 kairos-agent[1507]: 
Sep 15 15:33:47.420410 kairos-e5d8 kairos-agent[1507]: Running stage: network.before
Sep 15 15:33:47.420434 kairos-e5d8 kairos-agent[1507]: 2026-09-15T15:33:47Z INF Running stage: network.before
Sep 15 15:33:47.420434 kairos-e5d8 kairos-agent[1507]: 
Sep 15 15:33:47.420809 kairos-e5d8 kairos-agent[1507]: Done executing stage 'network.before'
Sep 15 15:33:47.420830 kairos-e5d8 systemd[1]: Started Getty on tty1.
Sep 15 15:33:47.421021 kairos-e5d8 kairos-agent[1507]: 2026-09-15T15:33:47Z INF Done executing stage 'network.before'
Sep 15 15:33:47.421021 kairos-e5d8 kairos-agent[1507]: 
Sep 15 15:33:47.421078 kairos-e5d8 kairos-agent[1507]: Running stage: network
Sep 15 15:33:47.421105 kairos-e5d8 kairos-agent[1507]: 2026-09-15T15:33:47Z INF Running stage: network
Sep 15 15:33:47.421105 kairos-e5d8 kairos-agent[1507]: 
Sep 15 15:33:47.421276 kairos-e5d8 kairos-agent[1507]: Done executing stage 'network'
Sep 15 15:33:47.421305 kairos-e5d8 kairos-agent[1507]: 2026-09-15T15:33:47Z INF Done executing stage 'network'
Sep 15 15:33:47.421305 kairos-e5d8 kairos-agent[1507]: 
Sep 15 15:33:47.421361 kairos-e5d8 kairos-agent[1507]: Running stage: network.after
Sep 15 15:33:47.421383 kairos-e5d8 kairos-agent[1507]: 2026-09-15T15:33:47Z INF Running stage: network.after
Sep 15 15:33:47.421383 kairos-e5d8 kairos-agent[1507]: 
Sep 15 15:33:47.421641 kairos-e5d8 kairos-agent[1507]: Done executing stage 'network.after'
Sep 15 15:33:47.421706 kairos-e5d8 kairos-agent[1507]: 2026-09-15T15:33:47Z INF Done executing stage 'network.after'
Sep 15 15:33:47.421706 kairos-e5d8 kairos-agent[1507]: 
Sep 15 15:33:47.424771 kairos-e5d8 systemd[1]: Started Serial Getty on ttyS0.
Sep 15 15:33:47.427814 kairos-e5d8 systemd[1]: Reached target Login Prompts.
Sep 15 15:33:47.430771 kairos-e5d8 systemd[1]: Finished cOS setup after network.
Sep 15 15:33:47.434667 kairos-e5d8 systemd[1]: Started kairos agent.
Sep 15 15:33:47.436999 kairos-e5d8 systemd[1]: Reached target Multi-User System.
Sep 15 15:33:47.441982 kairos-e5d8 systemd[1]: Startup finished in 3.065s (kernel) + 14.138s (initrd) + 3.847s (userspace) = 21.051s.
Sep 15 15:33:47.450747 kairos-e5d8 kairos-agent[1536]: warning: skipping /oem/95_userdata/userdata (extension).
Sep 15 15:33:47.456605 kairos-e5d8 kairos-agent[1536]: WARNING: jsonschema: '' does not validate with file:///schema.json#/required: missing properties: 'users'
Sep 15 15:33:47.456508 kairos-e5d8 kairos-agent[1536]: Kairos Agent
Sep 15 15:33:47.456837 kairos-e5d8 kairos-agent[1536]: 2026-09-15T15:33:47Z INF Kairos Agent version=v4.3.0-rc3-5-g3b0005495
Sep 15 15:33:47.460118 kairos-e5d8 kairos-agent[1536]: Boot Mode
Sep 15 15:33:47.460613 kairos-e5d8 kairos-agent[1536]: 2026-09-15T15:33:47Z INF Boot Mode boot_mode=active_boot
Sep 15 15:33:47.460613 kairos-e5d8 kairos-agent[1536]: 2026-09-15T15:33:47Z INF Boot in uki mode result=false
Sep 15 15:33:47.460286 kairos-e5d8 kairos-agent[1536]: Boot in uki mode
Sep 15 15:33:47.463996 kairos-e5d8 kairos-agent[1536]: warning: skipping /oem/95_userdata/userdata (extension).
Sep 15 15:33:47.469561 kairos-e5d8 kairos-agent[1536]: WARNING: jsonschema: '' does not validate with file:///schema.json#/required: missing properties: 'users'
Sep 15 15:33:47.469561 kairos-e5d8 kairos-agent[1536]: 2026-09-15T15:33:47Z INF Kairos Agent version=v4.3.0-rc3-5-g3b0005495
Sep 15 15:33:47.469004 kairos-e5d8 kairos-agent[1536]: Kairos Agent
Sep 15 15:33:47.471694 kairos-e5d8 kairos-agent[1536]: Boot Mode
Sep 15 15:33:47.472172 kairos-e5d8 kairos-agent[1536]: 2026-09-15T15:33:47Z INF Boot Mode boot_mode=active_boot
Sep 15 15:33:47.472172 kairos-e5d8 kairos-agent[1536]: 2026-09-15T15:33:47Z INF Boot in uki mode result=false
Sep 15 15:33:47.471759 kairos-e5d8 kairos-agent[1536]: Boot in uki mode
Sep 15 15:33:47.492568 kairos-e5d8 kairos-agent[1536]: [provider event: agent.bootstrap] no P2P or kubernetes configured
Sep 15 15:33:47.495047 kairos-e5d8 systemd[1]: kairos-agent.service: Deactivated successfully.
Sep 15 15:33:50.669865 kairos-e5d8 login[1534]: pam_unix(login:session): session opened for user kairos(uid=1000) by (uid=0)
Sep 15 15:33:50.684348 kairos-e5d8 systemd-logind[1419]: New session '1' of user 'kairos' with class 'user' and type 'tty'.
Sep 15 15:33:50.685099 kairos-e5d8 systemd[1]: Created slice User Slice of UID 1000.
Sep 15 15:33:50.688790 kairos-e5d8 systemd[1]: Starting User Runtime Directory /run/user/1000...
Sep 15 15:33:50.694653 kairos-e5d8 systemd-user-runtime-dir[1557]: Successfully configured disk quota for UID 1000 on /dev/shm to 1.1G
Sep 15 15:33:50.696814 kairos-e5d8 systemd[1]: Finished User Runtime Directory /run/user/1000.
Sep 15 15:33:50.699752 kairos-e5d8 systemd[1]: Starting User Manager for UID 1000...
Sep 15 15:33:50.707185 kairos-e5d8 [1559]: pam_unix(systemd-user:session): session opened for user kairos(uid=1000) by (uid=0)
Sep 15 15:33:50.708311 kairos-e5d8 systemd-logind[1419]: New session 'c1' of user 'kairos' with class 'manager' and type 'unspecified'.
Sep 15 15:33:50.711230 kairos-e5d8 systemd[1559]: 
[0;1;33m
[0;1;38:5:185m
[0;1;39m
[0;1;33m
[0;1;38:5:185mFailed to chase and open directory '/usr/local/lib/systemd/user.conf.d', ignoring: Permission denied
Sep 15 15:33:50.714093 kairos-e5d8 systemd[1559]: 
[0;1;33m
[0;1;38:5:185m
[0;1;39m
[0;1;33m
[0;1;38:5:185mFailed to check if generator dir '/usr/local/lib/systemd/user-environment-generators' exists, assuming not: Permission denied
Sep 15 15:33:50.714295 kairos-e5d8 systemd[1559]: 
[0;1;33m
[0;1;38:5:185m
[0;1;39m
[0;1;33m
[0;1;38:5:185mFailed to chase and open directory '/usr/local/lib/systemd/user-environment-generators', ignoring: Permission denied
Sep 15 15:33:50.716321 kairos-e5d8 30-systemd-environment-d-generator[1563]: 
[0;1;33m
[0;1;38:5:185m
[0;1;39m
[0;1;33m
[0;1;38:5:185mFailed to chase and open directory '/usr/local/lib/environment.d', ignoring: Permission denied
Sep 15 15:33:50.716751 kairos-e5d8 systemd[1559]: 
[0;1;33m
[0;1;38:5:185m
[0;1;39m
[0;1;33m
[0;1;38:5:185mFailed to check if generator dir '/usr/local/lib/systemd/user-generators' exists, assuming not: Permission denied
Sep 15 15:33:50.717047 kairos-e5d8 systemd[1559]: 
[0;1;33m
[0;1;38:5:185m
[0;1;39m
[0;1;33m
[0;1;38:5:185mFailed to chase and open directory '/usr/local/lib/systemd/user-generators', ignoring: Permission denied
Sep 15 15:33:50.734211 kairos-e5d8 systemd[1559]: 
[0;1;33m
[0;1;38:5:185m
[0;1;39m
[0;1;33m
[0;1;38:5:185mFailed to resolve symlink /usr/local/lib/systemd/user, ignoring: Permission denied
Sep 15 15:33:50.734302 kairos-e5d8 systemd[1559]: 
[0;1;33m
[0;1;38:5:185m
[0;1;39m
[0;1;33m
[0;1;38:5:185mFailed to open "/usr/local/lib/systemd/user", ignoring: Permission denied
Sep 15 15:33:50.795299 kairos-e5d8 systemd[1559]: Queued start job for default target Main User Target.
Sep 15 15:33:50.801625 kairos-e5d8 systemd[1559]: Created slice User Application Slice.
Sep 15 15:33:50.801687 kairos-e5d8 systemd[1559]: Reached target Paths.
Sep 15 15:33:50.801742 kairos-e5d8 systemd[1559]: Reached target Timers.
Sep 15 15:33:50.802490 kairos-e5d8 systemd[1559]: Starting D-Bus User Message Bus Socket...
Sep 15 15:33:50.803917 kairos-e5d8 systemd[1559]: Listening on Query the User Interactively for a Password.
Sep 15 15:33:50.804816 kairos-e5d8 systemd[1559]: Listening on Journal Log Access Socket.
Sep 15 15:33:50.804887 kairos-e5d8 systemd[1559]: Listening on Virtual Machine and Container Registration Service Socket.
Sep 15 15:33:50.806038 kairos-e5d8 systemd[1559]: Listening on Simple File System Backed Storage Provider.
Sep 15 15:33:50.809093 kairos-e5d8 systemd[1559]: Listening on D-Bus User Message Bus Socket.
Sep 15 15:33:50.809162 kairos-e5d8 systemd[1559]: Reached target Sockets.
Sep 15 15:33:50.809236 kairos-e5d8 systemd[1559]: Reached target Basic System.
Sep 15 15:33:50.809367 kairos-e5d8 systemd[1]: Started User Manager for UID 1000.
Sep 15 15:33:50.810024 kairos-e5d8 systemd[1559]: Reached target Main User Target.
Sep 15 15:33:50.810051 kairos-e5d8 systemd[1559]: Startup finished in 98ms.
Sep 15 15:33:50.817794 kairos-e5d8 systemd[1]: Started Session 1 of User kairos.
Sep 15 15:33:50.837277 kairos-e5d8 login[1568]: 'kairos' logged in  on '/dev/ttyS0'
Sep 15 15:33:52.735034 kairos-e5d8 sudo[1594]: 
[0;1;39m
[0;1;31m
[0;1;39m  kairos : TTY=ttyS0 ; PWD=/home/kairos ; USER=root ; COMMAND=/bin/sh -c 'echo BEGIN_"CHECK"; echo ---SHIM-ALL---; dmesg | grep BLKIDSHIM; echo ---END---; lsblk -o NAME,LABEL,FSTYPE | grep -E \'vda|NAME\'; echo END_"CHECK"'
Sep 15 15:33:52.735213 kairos-e5d8 sudo[1594]: pam_unix(sudo:session): session opened for user root(uid=0) by kairos(uid=1000)
Sep 15 15:33:52.855760 kairos-e5d8 kernel: 
[0;1;31m
[0;1;39m
[0;1;31mI/O error, dev fd0, sector 0 op 0x0:(READ) flags 0x0 phys_seg 1 prio class 2
Sep 15 15:33:52.855865 kairos-e5d8 kernel: floppy: error 10 while reading block 0
Sep 15 15:33:52.876191 kairos-e5d8 sudo[1594]: pam_unix(sudo:session): session closed for user root
Sep 15 15:33:52.920415 kairos-e5d8 sudo[1611]: 
[0;1;39m
[0;1;31m
[0;1;39m  kairos : TTY=ttyS0 ; PWD=/home/kairos ; USER=root ; COMMAND=/bin/sh -c 'echo BEGIN_"IMMUCORE_LOG"; cat /run/immucore/immucore.log; echo END_"IMMUCORE_LOG"'
Sep 15 15:33:52.920636 kairos-e5d8 sudo[1611]: pam_unix(sudo:session): session opened for user root(uid=0) by kairos(uid=1000)
Sep 15 15:33:57.125199 kairos-e5d8 sudo[1611]: pam_unix(sudo:session): session closed for user root
Sep 15 15:33:57.173765 kairos-e5d8 sudo[1626]: 
[0;1;39m
[0;1;31m
[0;1;39m  kairos : TTY=ttyS0 ; PWD=/home/kairos ; USER=root ; COMMAND=/bin/sh -c 'echo BEGIN_"JOURNAL"; journalctl -b --no-pager -o short-precise; echo END_"JOURNAL"'
Sep 15 15:33:57.173990 kairos-e5d8 sudo[1626]: pam_unix(sudo:session): session opened for user root(uid=0) by kairos(uid=1000)
