Sep 15 15:21:00.169159 localhost kernel: 
[0;1;39m
[0;1;31m
[0;1;39mLinux version 7.1.3-hadron (root@buildkitsandbox) (gcc (GCC) 15.3.0, GNU ld (GNU Binutils) 2.46.1) #1 SMP PREEMPT_DYNAMIC Tue Jul  7 08:02:27 UTC 2026
Sep 15 15:21:00.169202 localhost kernel: Command line: cdroot root=live:CDLABEL=COS_LIVE rd.live.dir=/ rd.live.squashimg=rootfs.squashfs rd.live.overlay.overlayfs net.ifnames=1 console=ttyS0 console=tty1 kairos.ram kairos.ram.create_partitions nomodeset selinux=0 rd.immucore.debug ignore_loglevel
Sep 15 15:21:00.169215 localhost kernel: BIOS-provided physical RAM map:
Sep 15 15:21:00.169220 localhost kernel: BIOS-e820: [mem 0x0000000000000000-0x000000000009fbff]  System RAM
Sep 15 15:21:00.169225 localhost kernel: BIOS-e820: [mem 0x000000000009fc00-0x000000000009ffff]  device reserved
Sep 15 15:21:00.169229 localhost kernel: BIOS-e820: [gap 0x00000000000a0000-0x00000000000effff]
Sep 15 15:21:00.169235 localhost kernel: BIOS-e820: [mem 0x00000000000f0000-0x00000000000fffff]  device reserved
Sep 15 15:21:00.169239 localhost kernel: BIOS-e820: [mem 0x0000000000100000-0x00000000bffdcfff]  System RAM
Sep 15 15:21:00.169246 localhost kernel: BIOS-e820: [mem 0x00000000bffdd000-0x00000000bfffffff]  device reserved
Sep 15 15:21:00.169250 localhost kernel: BIOS-e820: [gap 0x00000000c0000000-0x00000000feffbfff]
Sep 15 15:21:00.169254 localhost kernel: BIOS-e820: [mem 0x00000000feffc000-0x00000000feffffff]  device reserved
Sep 15 15:21:00.169258 localhost kernel: BIOS-e820: [gap 0x00000000ff000000-0x00000000fffbffff]
Sep 15 15:21:00.169262 localhost kernel: BIOS-e820: [mem 0x00000000fffc0000-0x00000000ffffffff]  device reserved
Sep 15 15:21:00.169266 localhost kernel: BIOS-e820: [gap 0x0000000100000000-0x000000fcffffffff]
Sep 15 15:21:00.169272 localhost kernel: BIOS-e820: [mem 0x000000fd00000000-0x000000ffffffffff]  device reserved
Sep 15 15:21:00.169276 localhost kernel: printk: debug: ignoring loglevel setting.
Sep 15 15:21:00.169280 localhost kernel: NX (Execute Disable) protection: active
Sep 15 15:21:00.169284 localhost kernel: APIC: Static calls initialized
Sep 15 15:21:00.169288 localhost kernel: DMI: SMBIOS 3.0.0 present.
Sep 15 15:21:00.169293 localhost kernel: DMI: QEMU Ubuntu 24.04 PC v2 (i440FX + PIIX, arch_caps fix, 1996), BIOS 1.16.3-debian-1.16.3-2 04/01/2014
Sep 15 15:21:00.169297 localhost kernel: DMI: Memory slots populated: 1/1
Sep 15 15:21:00.169301 localhost kernel: Hypervisor detected: KVM
Sep 15 15:21:00.169305 localhost kernel: last_pfn = 0xbffdd max_arch_pfn = 0x400000000
Sep 15 15:21:00.169309 localhost kernel: kvm-clock: Using msrs 4b564d01 and 4b564d00
Sep 15 15:21:00.169313 localhost kernel: kvm-clock: using sched offset of 348960254 cycles
Sep 15 15:21:00.169319 localhost kernel: clocksource: kvm-clock: mask: 0xffffffffffffffff max_cycles: 0x1cd42e4dffb, max_idle_ns: 881590591483 ns
Sep 15 15:21:00.169324 localhost kernel: tsc: Detected 4291.916 MHz processor
Sep 15 15:21:00.169329 localhost kernel: 
[0;90m
[0;38:5:245m
[0;1;31m
[0;90m
[0;38:5:245me820: update [mem 0x00000000-0x00000fff] System RAM ==> device reserved
Sep 15 15:21:00.169334 localhost kernel: 
[0;90m
[0;38:5:245m
[0;1;31m
[0;90m
[0;38:5:245me820: remove [mem 0x000a0000-0x000fffff] System RAM
Sep 15 15:21:00.169339 localhost kernel: last_pfn = 0xbffdd max_arch_pfn = 0x400000000
Sep 15 15:21:00.169345 localhost kernel: MTRR map: 4 entries (3 fixed + 1 variable; max 19), built from 8 variable MTRRs
Sep 15 15:21:00.169349 localhost kernel: x86/PAT: Configuration [0-7]: WB  WC  UC- UC  WB  WP  UC- WT  
Sep 15 15:21:00.169354 localhost kernel: found SMP MP-table at [mem 0x000f5470-0x000f547f]
Sep 15 15:21:00.169359 localhost kernel: Using GB pages for direct mapping
Sep 15 15:21:00.169364 localhost kernel: RAMDISK: [mem 0xbca43000-0xbffcffff]
Sep 15 15:21:00.169369 localhost kernel: ACPI: Early table checksum verification disabled
Sep 15 15:21:00.169373 localhost kernel: ACPI: RSDP 0x00000000000F5280 000014 (v00 BOCHS )
Sep 15 15:21:00.169378 localhost kernel: ACPI: RSDT 0x00000000BFFE1CB3 000034 (v01 BOCHS  BXPC     00000001 BXPC 00000001)
Sep 15 15:21:00.169383 localhost kernel: ACPI: FACP 0x00000000BFFE1B5F 000074 (v01 BOCHS  BXPC     00000001 BXPC 00000001)
Sep 15 15:21:00.169389 localhost kernel: ACPI: DSDT 0x00000000BFFE0040 001B1F (v01 BOCHS  BXPC     00000001 BXPC 00000001)
Sep 15 15:21:00.169395 localhost kernel: ACPI: FACS 0x00000000BFFE0000 000040
Sep 15 15:21:00.169399 localhost kernel: ACPI: APIC 0x00000000BFFE1BD3 000080 (v03 BOCHS  BXPC     00000001 BXPC 00000001)
Sep 15 15:21:00.169422 localhost kernel: ACPI: HPET 0x00000000BFFE1C53 000038 (v01 BOCHS  BXPC     00000001 BXPC 00000001)
Sep 15 15:21:00.169429 localhost kernel: ACPI: WAET 0x00000000BFFE1C8B 000028 (v01 BOCHS  BXPC     00000001 BXPC 00000001)
Sep 15 15:21:00.169434 localhost kernel: ACPI: Reserving FACP table memory at [mem 0xbffe1b5f-0xbffe1bd2]
Sep 15 15:21:00.169439 localhost kernel: ACPI: Reserving DSDT table memory at [mem 0xbffe0040-0xbffe1b5e]
Sep 15 15:21:00.169443 localhost kernel: ACPI: Reserving FACS table memory at [mem 0xbffe0000-0xbffe003f]
Sep 15 15:21:00.169448 localhost kernel: ACPI: Reserving APIC table memory at [mem 0xbffe1bd3-0xbffe1c52]
Sep 15 15:21:00.169452 localhost kernel: ACPI: Reserving HPET table memory at [mem 0xbffe1c53-0xbffe1c8a]
Sep 15 15:21:00.169456 localhost kernel: ACPI: Reserving WAET table memory at [mem 0xbffe1c8b-0xbffe1cb2]
Sep 15 15:21:00.169461 localhost kernel: No NUMA configuration found
Sep 15 15:21:00.169467 localhost kernel: Faking a node at [mem 0x0000000000000000-0x00000000bffdcfff]
Sep 15 15:21:00.169472 localhost kernel: NODE_DATA(0) allocated [mem 0xbca17f80-0xbca42fff]
Sep 15 15:21:00.169476 localhost kernel: ACPI: PM-Timer IO Port: 0x608
Sep 15 15:21:00.169481 localhost kernel: ACPI: LAPIC_NMI (acpi_id[0xff] dfl dfl lint[0x1])
Sep 15 15:21:00.169486 localhost kernel: IOAPIC[0]: apic_id 0, version 17, address 0xfec00000, GSI 0-23
Sep 15 15:21:00.169490 localhost kernel: ACPI: INT_SRC_OVR (bus 0 bus_irq 0 global_irq 2 dfl dfl)
Sep 15 15:21:00.169495 localhost kernel: ACPI: INT_SRC_OVR (bus 0 bus_irq 5 global_irq 5 high level)
Sep 15 15:21:00.169500 localhost kernel: ACPI: INT_SRC_OVR (bus 0 bus_irq 9 global_irq 9 high level)
Sep 15 15:21:00.169504 localhost kernel: ACPI: INT_SRC_OVR (bus 0 bus_irq 10 global_irq 10 high level)
Sep 15 15:21:00.169510 localhost kernel: ACPI: INT_SRC_OVR (bus 0 bus_irq 11 global_irq 11 high level)
Sep 15 15:21:00.169514 localhost kernel: ACPI: Using ACPI (MADT) for SMP configuration information
Sep 15 15:21:00.169519 localhost kernel: ACPI: HPET id: 0x8086a201 base: 0xfed00000
Sep 15 15:21:00.169524 localhost kernel: TSC deadline timer available
Sep 15 15:21:00.169528 localhost kernel: CPU topo: Max. logical packages:   1
Sep 15 15:21:00.169533 localhost kernel: CPU topo: Max. logical nodes:      1
Sep 15 15:21:00.169538 localhost kernel: CPU topo: Num. nodes per package:  1
Sep 15 15:21:00.169542 localhost kernel: CPU topo: Max. logical dies:       1
Sep 15 15:21:00.169547 localhost kernel: CPU topo: Max. dies per package:   1
Sep 15 15:21:00.169552 localhost kernel: CPU topo: Max. threads per core:   1
Sep 15 15:21:00.169556 localhost kernel: CPU topo: Num. cores per package:     2
Sep 15 15:21:00.169561 localhost kernel: CPU topo: Num. threads per package:   2
Sep 15 15:21:00.169596 localhost kernel: CPU topo: Allowing 2 present CPUs plus 0 hotplug CPUs
Sep 15 15:21:00.169604 localhost kernel: kvm-guest: APIC: eoi() replaced with kvm_guest_apic_eoi_write()
Sep 15 15:21:00.169609 localhost kernel: kvm-guest: KVM setup pv remote TLB flush
Sep 15 15:21:00.169614 localhost kernel: kvm-guest: setup PV sched yield
Sep 15 15:21:00.169620 localhost kernel: PM: hibernation: Registered nosave memory: [mem 0x00000000-0x00000fff]
Sep 15 15:21:00.169631 localhost kernel: PM: hibernation: Registered nosave memory: [mem 0x0009f000-0x000fffff]
Sep 15 15:21:00.169650 localhost kernel: [gap 0xc0000000-0xfeffbfff] available for PCI devices
Sep 15 15:21:00.169661 localhost kernel: Booting paravirtualized kernel on KVM
Sep 15 15:21:00.169669 localhost kernel: clocksource: refined-jiffies: mask: 0xffffffff max_cycles: 0xffffffff, max_idle_ns: 1910969940391419 ns
Sep 15 15:21:00.169676 localhost kernel: Zone ranges:
Sep 15 15:21:00.169683 localhost kernel:   DMA      [mem 0x0000000000001000-0x0000000000ffffff]
Sep 15 15:21:00.169690 localhost kernel:   DMA32    [mem 0x0000000001000000-0x00000000bffdcfff]
Sep 15 15:21:00.169706 localhost kernel:   Normal   empty
Sep 15 15:21:00.169714 localhost kernel:   Device   empty
Sep 15 15:21:00.169721 localhost kernel: Movable zone start for each node
Sep 15 15:21:00.169728 localhost kernel: Early memory node ranges
Sep 15 15:21:00.169734 localhost kernel:   node   0: [mem 0x0000000000001000-0x000000000009efff]
Sep 15 15:21:00.169752 localhost kernel:   node   0: [mem 0x0000000000100000-0x00000000bffdcfff]
Sep 15 15:21:00.169761 localhost kernel: Initmem setup node 0 [mem 0x0000000000001000-0x00000000bffdcfff]
Sep 15 15:21:00.169768 localhost kernel: On node 0, zone DMA: 1 pages in unavailable ranges
Sep 15 15:21:00.169781 localhost kernel: On node 0, zone DMA: 97 pages in unavailable ranges
Sep 15 15:21:00.169792 localhost kernel: On node 0, zone DMA32: 35 pages in unavailable ranges
Sep 15 15:21:00.169808 localhost kernel: setup_percpu: NR_CPUS:8192 nr_cpumask_bits:2 nr_cpu_ids:2 nr_node_ids:1
Sep 15 15:21:00.169814 localhost kernel: percpu: Embedded 84 pages/cpu s221184 r8192 d114688 u1048576
Sep 15 15:21:00.169819 localhost kernel: 
[0;90m
[0;38:5:245m
[0;1;31m
[0;90m
[0;38:5:245mpcpu-alloc: s221184 r8192 d114688 u1048576 alloc=1*2097152
Sep 15 15:21:00.169826 localhost kernel: 
[0;90m
[0;38:5:245m
[0;1;31m
[0;90m
[0;38:5:245mpcpu-alloc: [0] 0 1 
Sep 15 15:21:00.169831 localhost kernel: kvm-guest: PV spinlocks enabled
Sep 15 15:21:00.169836 localhost kernel: PV qspinlock hash table entries: 256 (order: 0, 4096 bytes, linear)
Sep 15 15:21:00.169841 localhost kernel: 
[0;1;39m
[0;1;31m
[0;1;39mKernel command line: cdroot root=live:CDLABEL=COS_LIVE rd.live.dir=/ rd.live.squashimg=rootfs.squashfs rd.live.overlay.overlayfs net.ifnames=1 console=ttyS0 console=tty1 kairos.ram kairos.ram.create_partitions nomodeset selinux=0 rd.immucore.debug ignore_loglevel
Sep 15 15:21:00.169847 localhost kernel: 
[0;1;33m
[0;1;38:5:185m
[0;1;39m
[0;1;33m
[0;1;38:5:185mBooted with the nomodeset parameter. Only the system framebuffer will be available
Sep 15 15:21:00.169852 localhost kernel: 
[0;1;39m
[0;1;31m
[0;1;39mUnknown kernel command line parameters "cdroot", will be passed to user space.
Sep 15 15:21:00.169857 localhost kernel: 
[0;1;39m
[0;1;31m
[0;1;39mrandom: crng init done
Sep 15 15:21:00.169861 localhost kernel: printk: log buffer data + meta data: 262144 + 1114112 = 1376256 bytes
Sep 15 15:21:00.169867 localhost kernel: Dentry cache hash table entries: 524288 (order: 10, 4194304 bytes, linear)
Sep 15 15:21:00.169872 localhost kernel: Inode-cache hash table entries: 262144 (order: 9, 2097152 bytes, linear)
Sep 15 15:21:00.169876 localhost kernel: Fallback order for Node 0: 0 
Sep 15 15:21:00.169881 localhost kernel: Built 1 zonelists, mobility grouping on.  Total pages: 786299
Sep 15 15:21:00.169886 localhost kernel: Policy zone: DMA32
Sep 15 15:21:00.169890 localhost kernel: mem auto-init: stack:all(zero), heap alloc:on, heap free:off
Sep 15 15:21:00.169895 localhost kernel: SLUB: HWalign=64, Order=0-3, MinObjects=0, CPUs=2, Nodes=1
Sep 15 15:21:00.169900 localhost kernel: ftrace: allocating 63540 entries in 250 pages
Sep 15 15:21:00.169904 localhost kernel: ftrace: allocated 250 pages with 6 groups
Sep 15 15:21:00.169910 localhost kernel: Dynamic Preempt: lazy
Sep 15 15:21:00.169914 localhost kernel: rcu: Preemptible hierarchical RCU implementation.
Sep 15 15:21:00.169920 localhost kernel: rcu:         RCU event tracing is enabled.
Sep 15 15:21:00.169925 localhost kernel: rcu:         RCU restricting CPUs from NR_CPUS=8192 to nr_cpu_ids=2.
Sep 15 15:21:00.169932 localhost kernel:         Trampoline variant of Tasks RCU enabled.
Sep 15 15:21:00.169937 localhost kernel:         Rude variant of Tasks RCU enabled.
Sep 15 15:21:00.169942 localhost kernel:         Tracing variant of Tasks RCU enabled.
Sep 15 15:21:00.169946 localhost kernel: rcu: RCU calculated value of scheduler-enlistment delay is 100 jiffies.
Sep 15 15:21:00.169951 localhost kernel: rcu: Adjusting geometry for rcu_fanout_leaf=16, nr_cpu_ids=2
Sep 15 15:21:00.169956 localhost kernel: RCU Tasks: Setting shift to 1 and lim to 1 rcu_task_cb_adjust=1 rcu_task_cpu_ids=2.
Sep 15 15:21:00.169961 localhost kernel: RCU Tasks Rude: Setting shift to 1 and lim to 1 rcu_task_cb_adjust=1 rcu_task_cpu_ids=2.
Sep 15 15:21:00.169966 localhost kernel: NR_IRQS: 524544, nr_irqs: 440, preallocated irqs: 16
Sep 15 15:21:00.169970 localhost kernel: rcu: srcu_init: Setting srcu_struct sizes based on contention.
Sep 15 15:21:00.169975 localhost kernel: kfence: initialized - using 2097152 bytes for 255 objects at 0x(____ptrval____)-0x(____ptrval____)
Sep 15 15:21:00.169980 localhost kernel: Console: colour VGA+ 80x25
Sep 15 15:21:00.169985 localhost kernel: printk: legacy console [tty1] enabled
Sep 15 15:21:00.169989 localhost kernel: printk: legacy console [ttyS0] enabled
Sep 15 15:21:00.169994 localhost kernel: ACPI: Core revision 20251212
Sep 15 15:21:00.169999 localhost kernel: clocksource: hpet: mask: 0xffffffff max_cycles: 0xffffffff, max_idle_ns: 19112604467 ns
Sep 15 15:21:00.170004 localhost kernel: APIC: Switch to symmetric I/O mode setup
Sep 15 15:21:00.170008 localhost kernel: x2apic enabled
Sep 15 15:21:00.170013 localhost kernel: APIC: Switched APIC routing to: physical x2apic
Sep 15 15:21:00.170018 localhost kernel: kvm-guest: APIC: send_IPI_mask() replaced with kvm_send_ipi_mask()
Sep 15 15:21:00.170022 localhost kernel: kvm-guest: APIC: send_IPI_mask_allbutself() replaced with kvm_send_ipi_mask_allbutself()
Sep 15 15:21:00.170027 localhost kernel: kvm-guest: setup PV IPIs
Sep 15 15:21:00.170032 localhost kernel: ..TIMER: vector=0x30 apic1=0 pin1=2 apic2=-1 pin2=-1
Sep 15 15:21:00.170037 localhost kernel: clocksource: tsc-early: mask: 0xffffffffffffffff max_cycles: 0x3ddd8f89348, max_idle_ns: 440795423566 ns
Sep 15 15:21:00.170042 localhost kernel: Calibrating delay loop (skipped) preset value.. 8583.83 BogoMIPS (lpj=4291916)
Sep 15 15:21:00.170046 localhost kernel: 
[0;1;31m
[0;1;39m
[0;1;31mRDSEED32 is broken. Disabling the corresponding CPUID bit.
Sep 15 15:21:00.170053 localhost kernel: x86/cpu: User Mode Instruction Prevention (UMIP) activated
Sep 15 15:21:00.170059 localhost kernel: Last level iTLB entries: 4KB 512, 2MB 255, 4MB 127
Sep 15 15:21:00.170063 localhost kernel: Last level dTLB entries: 4KB 512, 2MB 255, 4MB 127, 1GB 0
Sep 15 15:21:00.170068 localhost kernel: mitigations: Enabled attack vectors: user_kernel, user_user, guest_host, guest_guest, SMT mitigations: auto
Sep 15 15:21:00.170073 localhost kernel: Speculative Store Bypass: Mitigation: Speculative Store Bypass disabled via prctl
Sep 15 15:21:00.170077 localhost kernel: Spectre V2 : Mitigation: Enhanced / Automatic IBRS
Sep 15 15:21:00.170083 localhost kernel: Speculative Return Stack Overflow: Mitigation: IBPB on VMEXIT only
Sep 15 15:21:00.171600 localhost kernel: Spectre V1 : Mitigation: usercopy/swapgs barriers and __user pointer sanitization
Sep 15 15:21:00.171612 localhost kernel: Spectre V2 : mitigation: Enabling conditional Indirect Branch Prediction Barrier
Sep 15 15:21:00.171617 localhost kernel: x86/fpu: Supporting XSAVE feature 0x001: 'x87 floating point registers'
Sep 15 15:21:00.171623 localhost kernel: x86/fpu: Supporting XSAVE feature 0x002: 'SSE registers'
Sep 15 15:21:00.171628 localhost kernel: x86/fpu: Supporting XSAVE feature 0x004: 'AVX registers'
Sep 15 15:21:00.171633 localhost kernel: x86/fpu: Supporting XSAVE feature 0x020: 'AVX-512 opmask'
Sep 15 15:21:00.171638 localhost kernel: x86/fpu: Supporting XSAVE feature 0x040: 'AVX-512 Hi256'
Sep 15 15:21:00.171645 localhost kernel: x86/fpu: Supporting XSAVE feature 0x080: 'AVX-512 ZMM_Hi256'
Sep 15 15:21:00.171650 localhost kernel: x86/fpu: Supporting XSAVE feature 0x200: 'Protection Keys User registers'
Sep 15 15:21:00.171655 localhost kernel: x86/fpu: xstate_offset[2]:  576, xstate_sizes[2]:  256
Sep 15 15:21:00.171660 localhost kernel: x86/fpu: xstate_offset[5]:  832, xstate_sizes[5]:   64
Sep 15 15:21:00.171665 localhost kernel: x86/fpu: xstate_offset[6]:  896, xstate_sizes[6]:  512
Sep 15 15:21:00.171669 localhost kernel: x86/fpu: xstate_offset[7]: 1408, xstate_sizes[7]: 1024
Sep 15 15:21:00.171674 localhost kernel: x86/fpu: xstate_offset[9]: 2432, xstate_sizes[9]:    8
Sep 15 15:21:00.171679 localhost kernel: x86/fpu: Enabled xstate features 0x2e7, context size is 2440 bytes, using 'compacted' format.
Sep 15 15:21:00.171684 localhost kernel: pid_max: default: 32768 minimum: 301
Sep 15 15:21:00.171690 localhost kernel: Yama: becoming mindful.
Sep 15 15:21:00.171694 localhost kernel: LSM support for eBPF active
Sep 15 15:21:00.171699 localhost kernel: landlock: Up and running.
Sep 15 15:21:00.171704 localhost kernel: Mount-cache hash table entries: 8192 (order: 4, 65536 bytes, linear)
Sep 15 15:21:00.171709 localhost kernel: Mountpoint-cache hash table entries: 8192 (order: 4, 65536 bytes, linear)
Sep 15 15:21:00.171714 localhost kernel: VFS: Finished mounting rootfs on nullfs
Sep 15 15:21:00.171719 localhost kernel: smpboot: CPU0: AMD Ryzen 9 9950X3D 16-Core Processor (family: 0x1a, model: 0x44, stepping: 0x0)
Sep 15 15:21:00.171724 localhost kernel: Performance Events: Fam17h+ core perfctr, AMD PMU driver.
Sep 15 15:21:00.171729 localhost kernel: ... version:                   0
Sep 15 15:21:00.171734 localhost kernel: ... bit width:                 48
Sep 15 15:21:00.171738 localhost kernel: ... generic counters:          6
Sep 15 15:21:00.171743 localhost kernel: ... generic bitmap:            000000000000003f
Sep 15 15:21:00.171748 localhost kernel: ... fixed-purpose counters:    0
Sep 15 15:21:00.171753 localhost kernel: ... fixed-purpose bitmap:      0000000000000000
Sep 15 15:21:00.171757 localhost kernel: ... value mask:                0000ffffffffffff
Sep 15 15:21:00.171762 localhost kernel: ... max period:                00007fffffffffff
Sep 15 15:21:00.171767 localhost kernel: ... global_ctrl mask:          000000000000003f
Sep 15 15:21:00.171772 localhost kernel: signal: max sigframe size: 3376
Sep 15 15:21:00.171777 localhost kernel: rcu: Hierarchical SRCU implementation.
Sep 15 15:21:00.171782 localhost kernel: rcu:         Max phase no-delay instances is 400.
Sep 15 15:21:00.171787 localhost kernel: Timer migration: 1 hierarchy levels; 8 children per group; 1 crossnode level
Sep 15 15:21:00.171792 localhost kernel: smp: Bringing up secondary CPUs ...
Sep 15 15:21:00.171797 localhost kernel: smpboot: x86: Booting SMP configuration:
Sep 15 15:21:00.171801 localhost kernel: .... node  #0, CPUs:      #1
Sep 15 15:21:00.171806 localhost kernel: smp: Brought up 1 node, 2 CPUs
Sep 15 15:21:00.171811 localhost kernel: smpboot: Total of 2 processors activated (17167.66 BogoMIPS)
Sep 15 15:21:00.171817 localhost kernel: Memory: 2964220K/3145196K available (22615K kernel code, 4720K rwdata, 11396K rodata, 5212K init, 5636K bss, 173492K reserved, 0K cma-reserved)
Sep 15 15:21:00.171821 localhost kernel: devtmpfs: initialized
Sep 15 15:21:00.171826 localhost kernel: x86/mm: Memory block size: 128MB
Sep 15 15:21:00.171831 localhost kernel: clocksource: jiffies: mask: 0xffffffff max_cycles: 0xffffffff, max_idle_ns: 1911260446275000 ns
Sep 15 15:21:00.171836 localhost kernel: posixtimers hash table entries: 1024 (order: 2, 16384 bytes, linear)
Sep 15 15:21:00.171840 localhost kernel: futex hash table entries: 512 (32768 bytes on 1 NUMA nodes, total 32 KiB, linear).
Sep 15 15:21:00.171845 localhost kernel: xor: automatically using best checksumming function   avx       
Sep 15 15:21:00.171850 localhost kernel: PM: RTC time: 15:20:56, date: 2026-09-15
Sep 15 15:21:00.171855 localhost kernel: NET: Registered PF_NETLINK/PF_ROUTE protocol family
Sep 15 15:21:00.171860 localhost kernel: DMA: preallocated 512 KiB GFP_KERNEL|GFP_DMA pool for atomic allocations
Sep 15 15:21:00.171866 localhost kernel: DMA: preallocated 512 KiB GFP_KERNEL|GFP_DMA32 pool for atomic allocations
Sep 15 15:21:00.171870 localhost kernel: audit: initializing netlink subsys (disabled)
Sep 15 15:21:00.171875 localhost kernel: 
[0;1;39m
[0;1;31m
[0;1;39maudit: type=2000 audit(1789485656.507:1): state=initialized audit_enabled=0 res=1
Sep 15 15:21:00.171880 localhost kernel: thermal_sys: Registered thermal governor 'fair_share'
Sep 15 15:21:00.171885 localhost kernel: thermal_sys: Registered thermal governor 'bang_bang'
Sep 15 15:21:00.171890 localhost kernel: thermal_sys: Registered thermal governor 'step_wise'
Sep 15 15:21:00.171894 localhost kernel: thermal_sys: Registered thermal governor 'user_space'
Sep 15 15:21:00.171901 localhost kernel: cpuidle: using governor menu
Sep 15 15:21:00.171906 localhost kernel: Freeing SMP alternatives memory: 56K
Sep 15 15:21:00.171910 localhost kernel: acpiphp: ACPI Hot Plug PCI Controller Driver version: 0.5
Sep 15 15:21:00.171915 localhost kernel: PCI: Using configuration type 1 for base access
Sep 15 15:21:00.171920 localhost kernel: PCI: Using configuration type 1 for extended access
Sep 15 15:21:00.171925 localhost kernel: 
[0;1;31m
[0;1;39m
[0;1;31mvirt/tdx: TDX not supported by the host platform
Sep 15 15:21:00.171930 localhost kernel: kprobes: kprobe jump-optimization is enabled. All kprobes are optimized if possible.
Sep 15 15:21:00.171935 localhost kernel: HugeTLB: registered 1.00 GiB page size, pre-allocated 0 pages
Sep 15 15:21:00.171940 localhost kernel: HugeTLB: 16380 KiB vmemmap can be freed for a 1.00 GiB page
Sep 15 15:21:00.171946 localhost kernel: HugeTLB: registered 2.00 MiB page size, pre-allocated 0 pages
Sep 15 15:21:00.171950 localhost kernel: HugeTLB: 28 KiB vmemmap can be freed for a 2.00 MiB page
Sep 15 15:21:00.171955 localhost kernel: raid6: skipped pq benchmark and selected avx512x4
Sep 15 15:21:00.171960 localhost kernel: raid6: using avx512x2 recovery algorithm
Sep 15 15:21:00.171965 localhost kernel: ACPI: Added _OSI(Module Device)
Sep 15 15:21:00.171969 localhost kernel: ACPI: Added _OSI(Processor Device)
Sep 15 15:21:00.171974 localhost kernel: ACPI: Added _OSI(Processor Aggregator Device)
Sep 15 15:21:00.171979 localhost kernel: ACPI: 1 ACPI AML tables successfully acquired and loaded
Sep 15 15:21:00.171984 localhost kernel: ACPI: \_SB_: platform _OSC: OS support mask [006e7eff]
Sep 15 15:21:00.171989 localhost kernel: ACPI: Interpreter enabled
Sep 15 15:21:00.171994 localhost kernel: ACPI: PM: (supports S0 S3 S4 S5)
Sep 15 15:21:00.171998 localhost kernel: ACPI: Using IOAPIC for interrupt routing
Sep 15 15:21:00.172003 localhost kernel: PCI: Using host bridge windows from ACPI; if necessary, use "pci=nocrs" and report a bug
Sep 15 15:21:00.172008 localhost kernel: PCI: Using E820 reservations for host bridge windows
Sep 15 15:21:00.172013 localhost kernel: ACPI: Enabled 2 GPEs in block 00 to 0F
Sep 15 15:21:00.172017 localhost kernel: ACPI: PCI Root Bridge [PCI0] (domain 0000 [bus 00-ff])
Sep 15 15:21:00.172232 localhost kernel: acpi PNP0A03:00: _OSC: OS supports [ExtendedConfig ASPM ClockPM Segments MSI EDR HPX-Type3]
Sep 15 15:21:00.172301 localhost kernel: acpi PNP0A03:00: _OSC: OS requested [PCIeHotplug SHPCHotplug PME AER PCIeCapability LTR DPC]
Sep 15 15:21:00.172348 localhost kernel: acpi PNP0A03:00: _OSC: platform willing to grant [PCIeHotplug SHPCHotplug PME AER PCIeCapability LTR DPC]
Sep 15 15:21:00.172391 localhost kernel: acpi PNP0A03:00: _OSC: platform retains control of PCIe features (AE_ERROR)
Sep 15 15:21:00.172398 localhost kernel: acpiphp: Slot [3] registered
Sep 15 15:21:00.172419 localhost kernel: acpiphp: Slot [4] registered
Sep 15 15:21:00.172427 localhost kernel: acpiphp: Slot [5] registered
Sep 15 15:21:00.172433 localhost kernel: acpiphp: Slot [6] registered
Sep 15 15:21:00.172440 localhost kernel: acpiphp: Slot [7] registered
Sep 15 15:21:00.172445 localhost kernel: acpiphp: Slot [8] registered
Sep 15 15:21:00.172450 localhost kernel: acpiphp: Slot [9] registered
Sep 15 15:21:00.172459 localhost kernel: acpiphp: Slot [10] registered
Sep 15 15:21:00.172464 localhost kernel: acpiphp: Slot [11] registered
Sep 15 15:21:00.172469 localhost kernel: acpiphp: Slot [12] registered
Sep 15 15:21:00.172474 localhost kernel: acpiphp: Slot [13] registered
Sep 15 15:21:00.172479 localhost kernel: acpiphp: Slot [14] registered
Sep 15 15:21:00.172483 localhost kernel: acpiphp: Slot [15] registered
Sep 15 15:21:00.172488 localhost kernel: acpiphp: Slot [16] registered
Sep 15 15:21:00.172494 localhost kernel: acpiphp: Slot [17] registered
Sep 15 15:21:00.172498 localhost kernel: acpiphp: Slot [18] registered
Sep 15 15:21:00.172503 localhost kernel: acpiphp: Slot [19] registered
Sep 15 15:21:00.172508 localhost kernel: acpiphp: Slot [20] registered
Sep 15 15:21:00.172512 localhost kernel: acpiphp: Slot [21] registered
Sep 15 15:21:00.172517 localhost kernel: acpiphp: Slot [22] registered
Sep 15 15:21:00.172522 localhost kernel: acpiphp: Slot [23] registered
Sep 15 15:21:00.172527 localhost kernel: acpiphp: Slot [24] registered
Sep 15 15:21:00.172531 localhost kernel: acpiphp: Slot [25] registered
Sep 15 15:21:00.172537 localhost kernel: acpiphp: Slot [26] registered
Sep 15 15:21:00.172542 localhost kernel: acpiphp: Slot [27] registered
Sep 15 15:21:00.172546 localhost kernel: acpiphp: Slot [28] registered
Sep 15 15:21:00.172551 localhost kernel: acpiphp: Slot [29] registered
Sep 15 15:21:00.172555 localhost kernel: acpiphp: Slot [30] registered
Sep 15 15:21:00.172560 localhost kernel: acpiphp: Slot [31] registered
Sep 15 15:21:00.172598 localhost kernel: PCI host bridge to bus 0000:00
Sep 15 15:21:00.172701 localhost kernel: pci_bus 0000:00: root bus resource [io  0x0000-0x0cf7 window]
Sep 15 15:21:00.172749 localhost kernel: pci_bus 0000:00: root bus resource [io  0x0d00-0xffff window]
Sep 15 15:21:00.172791 localhost kernel: pci_bus 0000:00: root bus resource [mem 0x000a0000-0x000bffff window]
Sep 15 15:21:00.172830 localhost kernel: pci_bus 0000:00: root bus resource [mem 0xc0000000-0xfebfffff window]
Sep 15 15:21:00.172871 localhost kernel: pci_bus 0000:00: root bus resource [mem 0x100000000-0x17fffffff window]
Sep 15 15:21:00.172910 localhost kernel: pci_bus 0000:00: root bus resource [bus 00-ff]
Sep 15 15:21:00.173062 localhost kernel: pci 0000:00:00.0: [8086:1237] type 00 class 0x060000 conventional PCI endpoint
Sep 15 15:21:00.173221 localhost kernel: pci 0000:00:01.0: [8086:7000] type 00 class 0x060100 conventional PCI endpoint
Sep 15 15:21:00.173293 localhost kernel: pci 0000:00:01.1: [8086:7010] type 00 class 0x010180 conventional PCI endpoint
Sep 15 15:21:00.173342 localhost kernel: pci 0000:00:01.1: BAR 4 [io  0xc0c0-0xc0cf]
Sep 15 15:21:00.173389 localhost kernel: pci 0000:00:01.1: BAR 0 [io  0x01f0-0x01f7]: legacy IDE quirk
Sep 15 15:21:00.173480 localhost kernel: pci 0000:00:01.1: BAR 1 [io  0x03f6]: legacy IDE quirk
Sep 15 15:21:00.173537 localhost kernel: pci 0000:00:01.1: BAR 2 [io  0x0170-0x0177]: legacy IDE quirk
Sep 15 15:21:00.173642 localhost kernel: pci 0000:00:01.1: BAR 3 [io  0x0376]: legacy IDE quirk
Sep 15 15:21:00.173715 localhost kernel: pci 0000:00:01.3: [8086:7113] type 00 class 0x068000 conventional PCI endpoint
Sep 15 15:21:00.173766 localhost kernel: pci 0000:00:01.3: quirk: [io  0x0600-0x063f] claimed by PIIX4 ACPI
Sep 15 15:21:00.173812 localhost kernel: pci 0000:00:01.3: quirk: [io  0x0700-0x070f] claimed by PIIX4 SMB
Sep 15 15:21:00.173857 localhost kernel: pci 0000:00:01.3: quirk_piix4_acpi+0x0/0x180 took 10742 usecs
Sep 15 15:21:00.173909 localhost kernel: pci 0000:00:02.0: [1234:1111] type 00 class 0x030000 conventional PCI endpoint
Sep 15 15:21:00.173957 localhost kernel: pci 0000:00:02.0: BAR 0 [mem 0xfd000000-0xfdffffff pref]
Sep 15 15:21:00.174003 localhost kernel: pci 0000:00:02.0: BAR 2 [mem 0xfebb0000-0xfebb0fff]
Sep 15 15:21:00.174048 localhost kernel: pci 0000:00:02.0: ROM [mem 0xfeba0000-0xfebaffff pref]
Sep 15 15:21:00.174179 localhost kernel: pci 0000:00:02.0: Video device with shadowed ROM at [mem 0x000c0000-0x000dffff]
Sep 15 15:21:00.174256 localhost kernel: pci 0000:00:03.0: [8086:100e] type 00 class 0x020000 conventional PCI endpoint
Sep 15 15:21:00.174305 localhost kernel: pci 0000:00:03.0: BAR 0 [mem 0xfeb80000-0xfeb9ffff]
Sep 15 15:21:00.174350 localhost kernel: pci 0000:00:03.0: BAR 1 [io  0xc080-0xc0bf]
Sep 15 15:21:00.174395 localhost kernel: pci 0000:00:03.0: ROM [mem 0xfeb00000-0xfeb7ffff pref]
Sep 15 15:21:00.174493 localhost kernel: pci 0000:00:04.0: [1af4:1001] type 00 class 0x010000 conventional PCI endpoint
Sep 15 15:21:00.174550 localhost kernel: pci 0000:00:04.0: BAR 0 [io  0xc000-0xc07f]
Sep 15 15:21:00.174667 localhost kernel: pci 0000:00:04.0: BAR 1 [mem 0xfebb1000-0xfebb1fff]
Sep 15 15:21:00.174724 localhost kernel: pci 0000:00:04.0: BAR 4 [mem 0xfe000000-0xfe003fff 64bit pref]
Sep 15 15:21:00.174731 localhost kernel: ACPI: PCI: Interrupt link LNKA configured for IRQ 10
Sep 15 15:21:00.174737 localhost kernel: ACPI: PCI: Interrupt link LNKB configured for IRQ 10
Sep 15 15:21:00.174742 localhost kernel: ACPI: PCI: Interrupt link LNKC configured for IRQ 11
Sep 15 15:21:00.174748 localhost kernel: ACPI: PCI: Interrupt link LNKD configured for IRQ 11
Sep 15 15:21:00.174753 localhost kernel: ACPI: PCI: Interrupt link LNKS configured for IRQ 9
Sep 15 15:21:00.174758 localhost kernel: iommu: Default domain type: Translated
Sep 15 15:21:00.174763 localhost kernel: iommu: DMA domain TLB invalidation policy: lazy mode
Sep 15 15:21:00.174770 localhost kernel: 
[0;1;39m
[0;1;31m
[0;1;39mSCSI subsystem initialized
Sep 15 15:21:00.174775 localhost kernel: 
[0;90m
[0;38:5:245m
[0;1;31m
[0;90m
[0;38:5:245mlibata version 3.00 loaded.
Sep 15 15:21:00.174780 localhost kernel: ACPI: bus type USB registered
Sep 15 15:21:00.174785 localhost kernel: usbcore: registered new interface driver usbfs
Sep 15 15:21:00.174790 localhost kernel: usbcore: registered new interface driver hub
Sep 15 15:21:00.174795 localhost kernel: usbcore: registered new device driver usb
Sep 15 15:21:00.174800 localhost kernel: pps_core: LinuxPPS API ver. 1 registered
Sep 15 15:21:00.174806 localhost kernel: pps_core: Software ver. 5.3.6 - Copyright 2005-2007 Rodolfo Giometti <giometti@linux.it>
Sep 15 15:21:00.174811 localhost kernel: PTP clock support registered
Sep 15 15:21:00.174817 localhost kernel: EDAC MC: Ver: 3.0.0
Sep 15 15:21:00.174822 localhost kernel: NetLabel: Initializing
Sep 15 15:21:00.174827 localhost kernel: NetLabel:  domain hash size = 128
Sep 15 15:21:00.174832 localhost kernel: NetLabel:  protocols = UNLABELED CIPSOv4 CALIPSO
Sep 15 15:21:00.174837 localhost kernel: NetLabel:  unlabeled traffic allowed by default
Sep 15 15:21:00.174842 localhost kernel: mctp: management component transport protocol core
Sep 15 15:21:00.174847 localhost kernel: NET: Registered PF_MCTP protocol family
Sep 15 15:21:00.174852 localhost kernel: PCI: Using ACPI for IRQ routing
Sep 15 15:21:00.174856 localhost kernel: 
[0;90m
[0;38:5:245m
[0;1;31m
[0;90m
[0;38:5:245mPCI: pci_cache_line_size set to 64 bytes
Sep 15 15:21:00.174862 localhost kernel: e820: register RAM buffer resource [mem 0x0009fc00-0x0009ffff]
Sep 15 15:21:00.174867 localhost kernel: e820: register RAM buffer resource [mem 0xbffdd000-0xbfffffff]
Sep 15 15:21:00.174914 localhost kernel: pci 0000:00:02.0: vgaarb: setting as boot VGA device
Sep 15 15:21:00.174959 localhost kernel: pci 0000:00:02.0: vgaarb: bridge control possible
Sep 15 15:21:00.175004 localhost kernel: pci 0000:00:02.0: vgaarb: VGA device added: decodes=io+mem,owns=io+mem,locks=none
Sep 15 15:21:00.175010 localhost kernel: vgaarb: loaded
Sep 15 15:21:00.175015 localhost kernel: hpet0: at MMIO 0xfed00000, IRQs 2, 8, 0
Sep 15 15:21:00.175020 localhost kernel: hpet0: 3 comparators, 64-bit 100.000000 MHz counter
Sep 15 15:21:00.175025 localhost kernel: clocksource: Switched to clocksource kvm-clock
Sep 15 15:21:00.175030 localhost kernel: 
[0;1;39m
[0;1;31m
[0;1;39mVFS: Disk quotas dquot_6.6.0
Sep 15 15:21:00.175035 localhost kernel: VFS: Dquot-cache hash table entries: 512 (order 0, 4096 bytes)
Sep 15 15:21:00.175040 localhost kernel: pnp: PnP ACPI init
Sep 15 15:21:00.175235 localhost kernel: 
[0;90m
[0;38:5:245m
[0;1;31m
[0;90m
[0;38:5:245mpnp 00:02: [dma 2]
Sep 15 15:21:00.175252 localhost kernel: pnp: PnP ACPI: found 5 devices
Sep 15 15:21:00.175258 localhost kernel: clocksource: acpi_pm: mask: 0xffffff max_cycles: 0xffffff, max_idle_ns: 2085701024 ns
Sep 15 15:21:00.175263 localhost kernel: NET: Registered PF_INET protocol family
Sep 15 15:21:00.175268 localhost kernel: IP idents hash table entries: 65536 (order: 7, 524288 bytes, linear)
Sep 15 15:21:00.175277 localhost kernel: tcp_listen_portaddr_hash hash table entries: 2048 (order: 3, 32768 bytes, linear)
Sep 15 15:21:00.175282 localhost kernel: Table-perturb hash table entries: 65536 (order: 6, 262144 bytes, linear)
Sep 15 15:21:00.175287 localhost kernel: TCP established hash table entries: 32768 (order: 6, 262144 bytes, linear)
Sep 15 15:21:00.175292 localhost kernel: TCP bind hash table entries: 32768 (order: 8, 1048576 bytes, linear)
Sep 15 15:21:00.175297 localhost kernel: TCP: Hash tables configured (established 32768 bind 32768)
Sep 15 15:21:00.175303 localhost kernel: MPTCP token hash table entries: 4096 (order: 5, 98304 bytes, linear)
Sep 15 15:21:00.175308 localhost kernel: UDP hash table entries: 2048 (order: 5, 131072 bytes, linear)
Sep 15 15:21:00.175313 localhost kernel: NET: Registered PF_UNIX/PF_LOCAL protocol family
Sep 15 15:21:00.175319 localhost kernel: NET: Registered PF_XDP protocol family
Sep 15 15:21:00.175378 localhost kernel: pci_bus 0000:00: resource 4 [io  0x0000-0x0cf7 window]
Sep 15 15:21:00.175458 localhost kernel: pci_bus 0000:00: resource 5 [io  0x0d00-0xffff window]
Sep 15 15:21:00.175516 localhost kernel: pci_bus 0000:00: resource 6 [mem 0x000a0000-0x000bffff window]
Sep 15 15:21:00.175558 localhost kernel: pci_bus 0000:00: resource 7 [mem 0xc0000000-0xfebfffff window]
Sep 15 15:21:00.175658 localhost kernel: pci_bus 0000:00: resource 8 [mem 0x100000000-0x17fffffff window]
Sep 15 15:21:00.175722 localhost kernel: pci 0000:00:01.0: PIIX3: Enabling Passive Release
Sep 15 15:21:00.175772 localhost kernel: pci 0000:00:00.0: Limiting direct PCI/PCI transfers
Sep 15 15:21:00.175778 localhost kernel: PCI: CLS 0 bytes, default 64
Sep 15 15:21:00.175784 localhost kernel: clocksource: tsc: mask: 0xffffffffffffffff max_cycles: 0x3ddd8f89348, max_idle_ns: 440795423566 ns
Sep 15 15:21:00.175789 localhost kernel: Trying to unpack rootfs image as initramfs...
Sep 15 15:21:00.175794 localhost kernel: 
[0;1;39m
[0;1;31m
[0;1;39mInitialise system trusted keyrings
Sep 15 15:21:00.175802 localhost kernel: 
[0;1;39m
[0;1;31m
[0;1;39mKey type blacklist registered
Sep 15 15:21:00.175808 localhost kernel: workingset: timestamp_bits=36 (anon: 32) max_order=20 bucket_order=0 (anon: 0)
Sep 15 15:21:00.175812 localhost kernel: 
[0;1;39m
[0;1;31m
[0;1;39mintegrity: Platform Keyring initialized
Sep 15 15:21:00.175818 localhost kernel: 
[0;1;39m
[0;1;31m
[0;1;39mintegrity: Machine keyring initialized
Sep 15 15:21:00.175823 localhost kernel: cryptd: max_cpu_qlen set to 1000
Sep 15 15:21:00.175828 localhost kernel: NET: Registered PF_ALG protocol family
Sep 15 15:21:00.175833 localhost kernel: 
[0;1;39m
[0;1;31m
[0;1;39mKey type asymmetric registered
Sep 15 15:21:00.175838 localhost kernel: 
[0;1;39m
[0;1;31m
[0;1;39mAsymmetric key parser 'x509' registered
Sep 15 15:21:00.175843 localhost kernel: 
[0;1;33m
[0;1;38:5:185m
[0;1;39m
[0;1;33m
[0;1;38:5:185malg: full crypto tests enabled.  This is intended for developer use only.
Sep 15 15:21:00.175849 localhost kernel: Block layer SCSI generic (bsg) driver version 0.4 loaded (major 244)
Sep 15 15:21:00.175854 localhost kernel: io scheduler mq-deadline registered
Sep 15 15:21:00.175858 localhost kernel: io scheduler kyber registered
Sep 15 15:21:00.175863 localhost kernel: io scheduler bfq registered
Sep 15 15:21:00.175868 localhost kernel: atomic64_test: passed for x86-64 platform with CX8 and with SSE
Sep 15 15:21:00.175873 localhost kernel: input: Power Button as /devices/platform/LNXPWRBN:00/input/input0
Sep 15 15:21:00.175878 localhost kernel: ACPI: button: Power Button [PWRF]
Sep 15 15:21:00.175884 localhost kernel: ACPI: \_SB_.LNKD: Enabled at IRQ 11
Sep 15 15:21:00.175889 localhost kernel: Serial: 8250/16550 driver, 32 ports, IRQ sharing enabled
Sep 15 15:21:00.175894 localhost kernel: 00:04: ttyS0 at I/O 0x3f8 (irq = 4, base_baud = 115200) is a 16550A
Sep 15 15:21:00.175899 localhost kernel: Non-volatile memory driver v1.3
Sep 15 15:21:00.175904 localhost kernel: ACPI: bus type drm_connector registered
Sep 15 15:21:00.175964 localhost kernel: virtio_blk virtio0: 2/0/0 default/read/poll queues
Sep 15 15:21:00.176009 localhost kernel: 
[0;1;39m
[0;1;31m
[0;1;39mvirtio_blk virtio0: [vda] 8388608 512-byte logical blocks (4.29 GB/4.00 GiB)
Sep 15 15:21:00.176073 localhost kernel: scsi host0: ata_piix
Sep 15 15:21:00.176213 localhost kernel: scsi host1: ata_piix
Sep 15 15:21:00.176227 localhost kernel: ata1: PATA max MWDMA2 cmd 0x1f0 ctl 0x3f6 bmdma 0xc0c0 irq 14 lpm-pol 0
Sep 15 15:21:00.176233 localhost kernel: ata2: PATA max MWDMA2 cmd 0x170 ctl 0x376 bmdma 0xc0c8 irq 15 lpm-pol 0
Sep 15 15:21:00.176241 localhost kernel: usbcore: registered new interface driver usbserial_generic
Sep 15 15:21:00.176246 localhost kernel: usbserial: USB Serial support registered for generic
Sep 15 15:21:00.176252 localhost kernel: i8042: PNP: PS/2 Controller [PNP0303:KBD,PNP0f13:MOU] at 0x60,0x64 irq 1,12
Sep 15 15:21:00.176257 localhost kernel: serio: i8042 KBD port at 0x60,0x64 irq 1
Sep 15 15:21:00.176261 localhost kernel: serio: i8042 AUX port at 0x60,0x64 irq 12
Sep 15 15:21:00.176266 localhost kernel: mousedev: PS/2 mouse device common for all mice
Sep 15 15:21:00.176325 localhost kernel: rtc_cmos PNP0B00:00: RTC can wake from S4
Sep 15 15:21:00.176332 localhost kernel: input: AT Translated Set 2 keyboard as /devices/platform/i8042/serio0/input/input1
Sep 15 15:21:00.176377 localhost kernel: rtc_cmos PNP0B00:00: registered as rtc0
Sep 15 15:21:00.176462 localhost kernel: rtc_cmos PNP0B00:00: setting system clock to 2026-09-15T15:20:57 UTC (1789485657)
Sep 15 15:21:00.176518 localhost kernel: rtc_cmos PNP0B00:00: alarms up to one day, y3k, 242 bytes nvram, hpet irqs
Sep 15 15:21:00.176525 localhost kernel: device-mapper: core: CONFIG_IMA_DISABLE_HTABLE is disabled. Duplicate IMA measurements will not be recorded in the IMA log.
Sep 15 15:21:00.176531 localhost kernel: device-mapper: uevent: version 1.0.3
Sep 15 15:21:00.176536 localhost kernel: device-mapper: ioctl: 4.50.0-ioctl (2025-04-28) initialised: dm-devel@lists.linux.dev
Sep 15 15:21:00.176541 localhost kernel: input: VirtualPS/2 VMware VMMouse as /devices/platform/i8042/serio1/input/input4
Sep 15 15:21:00.176547 localhost kernel: 
[0;1;33m
[0;1;38:5:185m
[0;1;39m
[0;1;33m
[0;1;38:5:185mamd_pstate: The CPPC feature is supported but currently disabled by the BIOS.
                                         
[0;1;33m
[0;1;38:5:185mPlease enable it if your BIOS has the CPPC option.
Sep 15 15:21:00.176555 localhost kernel: 
[0;1;33m
[0;1;38:5:185m
[0;1;39m
[0;1;33m
[0;1;38:5:185mamd_pstate: the _CPC object is not present in SBIOS or ACPI disabled
Sep 15 15:21:00.176560 localhost kernel: input: VirtualPS/2 VMware VMMouse as /devices/platform/i8042/serio1/input/input3
Sep 15 15:21:00.176634 localhost kernel: hid: raw HID events driver (C) Jiri Kosina
Sep 15 15:21:00.176645 localhost kernel: usbcore: registered new interface driver usbhid
Sep 15 15:21:00.176651 localhost kernel: usbhid: USB HID core driver
Sep 15 15:21:00.176656 localhost kernel: drop_monitor: Initializing network drop monitor service
Sep 15 15:21:00.176661 localhost kernel: Initializing XFRM netlink socket
Sep 15 15:21:00.176666 localhost kernel: NET: Registered PF_INET6 protocol family
Sep 15 15:21:00.176674 localhost kernel: Segment Routing with IPv6
Sep 15 15:21:00.176679 localhost kernel: RPL Segment Routing with IPv6
Sep 15 15:21:00.176684 localhost kernel: In-situ OAM (IOAM) with IPv6
Sep 15 15:21:00.176689 localhost kernel: mip6: Mobile IPv6
Sep 15 15:21:00.176694 localhost kernel: NET: Registered PF_PACKET protocol family
Sep 15 15:21:00.176698 localhost kernel: IPI shorthand broadcast: enabled
Sep 15 15:21:00.176703 localhost kernel: registered taskstats version 1
Sep 15 15:21:00.176708 localhost kernel: 
[0;1;39m
[0;1;31m
[0;1;39mLoading compiled-in X.509 certificates
Sep 15 15:21:00.176714 localhost kernel: 
[0;1;39m
[0;1;31m
[0;1;39mLoaded X.509 cert 'Build time autogenerated kernel key: ab95a56bab632f55234099faf71fd1f7b65f6d2e'
Sep 15 15:21:00.176719 localhost kernel: Demotion targets for Node 0: null
Sep 15 15:21:00.176724 localhost kernel: ata1.00: ATAPI: QEMU DVD-ROM, 2.5+, max UDMA/100
Sep 15 15:21:00.176729 localhost kernel: page_owner is disabled
Sep 15 15:21:00.176733 localhost kernel: ata1.01: ATAPI: QEMU DVD-ROM, 2.5+, max UDMA/100
Sep 15 15:21:00.176738 localhost kernel: 
[0;1;39m
[0;1;31m
[0;1;39mKey type .fscrypt registered
Sep 15 15:21:00.176743 localhost kernel: ata2: found unknown device (class 0)
Sep 15 15:21:00.176747 localhost kernel: 
[0;1;39m
[0;1;31m
[0;1;39mKey type fscrypt-provisioning registered
Sep 15 15:21:00.176752 localhost kernel: ata2.00: ATAPI: QEMU DVD-ROM, 2.5+, max UDMA/100
Sep 15 15:21:00.176757 localhost kernel: Btrfs loaded, zoned=yes, fsverity=yes
Sep 15 15:21:00.176858 localhost kernel: 
[0;1;39m
[0;1;31m
[0;1;39mscsi 0:0:0:0: CD-ROM            QEMU     QEMU DVD-ROM     2.5+ PQ: 0 ANSI: 5
Sep 15 15:21:00.176866 localhost kernel: 
[0;1;39m
[0;1;31m
[0;1;39mKey type big_key registered
Sep 15 15:21:00.176921 localhost kernel: sr 0:0:0:0: [sr0] scsi3-mmc drive: 4x/4x cd/rw xa/form2 tray
Sep 15 15:21:00.176928 localhost kernel: cdrom: Uniform CD-ROM driver Revision: 3.20
Sep 15 15:21:00.176980 localhost kernel: 
[0;90m
[0;38:5:245m
[0;1;31m
[0;90m
[0;38:5:245msr 0:0:0:0: Attached scsi CD-ROM sr0
Sep 15 15:21:00.177031 localhost kernel: 
[0;1;39m
[0;1;31m
[0;1;39msr 0:0:0:0: Attached scsi generic sg0 type 5
Sep 15 15:21:00.177165 localhost kernel: 
[0;1;39m
[0;1;31m
[0;1;39mscsi 0:0:1:0: CD-ROM            QEMU     QEMU DVD-ROM     2.5+ PQ: 0 ANSI: 5
Sep 15 15:21:00.177250 localhost kernel: sr 0:0:1:0: [sr1] scsi3-mmc drive: 4x/4x cd/rw xa/form2 tray
Sep 15 15:21:00.177308 localhost kernel: 
[0;90m
[0;38:5:245m
[0;1;31m
[0;90m
[0;38:5:245msr 0:0:1:0: Attached scsi CD-ROM sr1
Sep 15 15:21:00.177359 localhost kernel: 
[0;1;39m
[0;1;31m
[0;1;39msr 0:0:1:0: Attached scsi generic sg1 type 5
Sep 15 15:21:00.177463 localhost kernel: 
[0;1;39m
[0;1;31m
[0;1;39mscsi 1:0:0:0: CD-ROM            QEMU     QEMU DVD-ROM     2.5+ PQ: 0 ANSI: 5
Sep 15 15:21:00.177528 localhost kernel: sr 1:0:0:0: [sr2] scsi3-mmc drive: 4x/4x cd/rw xa/form2 tray
Sep 15 15:21:00.177634 localhost kernel: 
[0;90m
[0;38:5:245m
[0;1;31m
[0;90m
[0;38:5:245msr 1:0:0:0: Attached scsi CD-ROM sr2
Sep 15 15:21:00.177706 localhost kernel: 
[0;1;39m
[0;1;31m
[0;1;39msr 1:0:0:0: Attached scsi generic sg2 type 5
Sep 15 15:21:00.177713 localhost kernel: 
[0;1;33m
[0;1;38:5:185m
[0;1;39m
[0;1;33m
[0;1;38:5:185mclocksource: Marking clocksource tsc unstable due to inter CPU skew
Sep 15 15:21:00.177721 localhost kernel: 
[0;1;33m
[0;1;38:5:185m
[0;1;39m
[0;1;33m
[0;1;38:5:185mclocksource: CPU1      11534875473 < CPU0      11534877107 (cycles)
Sep 15 15:21:00.177726 localhost kernel: tsc: Marking TSC unstable due to clocksource watchdog
Sep 15 15:21:00.177731 localhost kernel: Freeing initrd memory: 54836K
Sep 15 15:21:00.177737 localhost kernel: 
[0;1;39m
[0;1;31m
[0;1;39mKey type encrypted registered
Sep 15 15:21:00.177742 localhost kernel: ima: No TPM chip found, activating TPM-bypass!
Sep 15 15:21:00.177747 localhost kernel: 
[0;1;39m
[0;1;31m
[0;1;39mLoading compiled-in module X.509 certificates
Sep 15 15:21:00.177753 localhost kernel: 
[0;1;39m
[0;1;31m
[0;1;39mLoaded X.509 cert 'Build time autogenerated kernel key: ab95a56bab632f55234099faf71fd1f7b65f6d2e'
Sep 15 15:21:00.177758 localhost kernel: ima: Allocated hash algorithm: sha256
Sep 15 15:21:00.177763 localhost kernel: ima: No architecture policies found
Sep 15 15:21:00.177769 localhost kernel: evm: Initialising EVM extended attributes:
Sep 15 15:21:00.177774 localhost kernel: evm: security.selinux
Sep 15 15:21:00.177779 localhost kernel: evm: security.SMACK64 (disabled)
Sep 15 15:21:00.177784 localhost kernel: evm: security.SMACK64EXEC (disabled)
Sep 15 15:21:00.177789 localhost kernel: evm: security.SMACK64TRANSMUTE (disabled)
Sep 15 15:21:00.177794 localhost kernel: evm: security.SMACK64MMAP (disabled)
Sep 15 15:21:00.177798 localhost kernel: evm: security.apparmor (disabled)
Sep 15 15:21:00.177803 localhost kernel: evm: security.ima
Sep 15 15:21:00.177808 localhost kernel: evm: security.capability
Sep 15 15:21:00.177813 localhost kernel: evm: HMAC attrs: 0x1
Sep 15 15:21:00.177818 localhost kernel: alg: No test for 842 (842-scomp)
Sep 15 15:21:00.177823 localhost kernel: PM:   Magic number: 10:9:336
Sep 15 15:21:00.177881 localhost kernel: tty tty57: hash matches
Sep 15 15:21:00.177889 localhost kernel: RAS: Correctable Errors collector initialized.
Sep 15 15:21:00.177895 localhost kernel: 
[0;1;33m
[0;1;38:5:185m
[0;1;39m
[0;1;33m
[0;1;38:5:185mUnstable clock detected, switching default tracing clock to "global"
                                         
[0;1;33m
[0;1;38:5:185mIf you want to keep using the local clock, then add:
                                         
[0;1;33m
[0;1;38:5:185m  "trace_clock=local"
                                         
[0;1;33m
[0;1;38:5:185mon the kernel command line
Sep 15 15:21:00.177900 localhost kernel: clk: Disabling unused clocks
Sep 15 15:21:00.177906 localhost kernel: PM: genpd: Disabling unused power domains
Sep 15 15:21:00.177912 localhost kernel: Freeing unused decrypted memory: 2028K
Sep 15 15:21:00.177917 localhost kernel: Freeing unused kernel image (initmem) memory: 5212K
Sep 15 15:21:00.177922 localhost kernel: Write protecting the kernel read-only data: 36864k
Sep 15 15:21:00.177927 localhost kernel: Freeing unused kernel image (text/rodata gap) memory: 1960K
Sep 15 15:21:00.177932 localhost kernel: Freeing unused kernel image (rodata/data gap) memory: 892K
Sep 15 15:21:00.177937 localhost kernel: x86/mm: Checked W+X mappings: passed, no W+X pages found.
Sep 15 15:21:00.177942 localhost kernel: Run /init as init process
Sep 15 15:21:00.177947 localhost kernel: 
[0;90m
[0;38:5:245m
[0;1;31m
[0;90m
[0;38:5:245m  with arguments:
Sep 15 15:21:00.177952 localhost kernel: 
[0;90m
[0;38:5:245m
[0;1;31m
[0;90m
[0;38:5:245m    /init
Sep 15 15:21:00.177957 localhost kernel: 
[0;90m
[0;38:5:245m
[0;1;31m
[0;90m
[0;38:5:245m    cdroot
Sep 15 15:21:00.177962 localhost kernel: 
[0;90m
[0;38:5:245m
[0;1;31m
[0;90m
[0;38:5:245m  with environment:
Sep 15 15:21:00.177967 localhost kernel: 
[0;90m
[0;38:5:245m
[0;1;31m
[0;90m
[0;38:5:245m    HOME=/
Sep 15 15:21:00.177972 localhost kernel: 
[0;90m
[0;38:5:245m
[0;1;31m
[0;90m
[0;38:5:245m    TERM=linux
Sep 15 15:21:00.177977 localhost kernel: fuse: init (API version 7.45)
Sep 15 15:21:00.177984 localhost systemd[1]: Successfully made /usr/ read-only.
Sep 15 15:21:00.177993 localhost systemd[1]: systemd 261.1 running in system mode (+PAM -AUDIT -SELINUX -APPARMOR +IMA +IPE +SMACK +SECCOMP -GCRYPT -GNUTLS +OPENSSL +ACL +BLKID -CURL -ELFUTILS -FIDO2 -IDN2 +KMOD +LIBCRYPTSETUP +LIBCRYPTSETUP_PLUGINS +LIBFDISK -PCRE2 -PWQUALITY -P11KIT -QRENCODE +TPM2 -BZIP2 +LZ4 +XZ +ZLIB +ZSTD -BPF_FRAMEWORK -BTF -XKBCOMMON -UTMP -LIBARCHIVE)
Sep 15 15:21:00.177999 localhost systemd[1]: Detected virtualization kvm.
Sep 15 15:21:00.178005 localhost systemd[1]: Detected architecture x86-64.
Sep 15 15:21:00.178010 localhost systemd[1]: Running in initrd.
Sep 15 15:21:00.178016 localhost systemd[1]: Initializing machine ID from random generator.
Sep 15 15:21:00.178022 localhost systemd[1]: No hostname configured, using default hostname.
Sep 15 15:21:00.178027 localhost systemd[1]: Hostname set to <localhost>.
Sep 15 15:21:00.178129 localhost (gene[222]: 
[0;1;31m
[0;1;39m
[0;1;31m'/usr/lib/systemd/system-generators/dracut-crypt-generator' failed with exit status 2.
Sep 15 15:21:00.178141 localhost unknown: 
[0;1;33m
[0;1;38:5:185m
[0;1;39m
[0;1;33m
[0;1;38:5:185mdracut Warning: Kernel command line option 'rd.live.overlay.overlayfs' is deprecated, use 'rd.overlay' instead.
Sep 15 15:21:00.178150 localhost systemd[1]: Queued start job for default target Initrd Default Target.
Sep 15 15:21:00.178156 localhost systemd[1]: Created slice Slice /system/modprobe.
Sep 15 15:21:00.178162 localhost systemd[1]: Started Dispatch Password Requests to Console Directory Watch.
Sep 15 15:21:00.178168 localhost systemd[1]: Reached target Initrd /usr File System.
Sep 15 15:21:00.178174 localhost systemd[1]: Reached target Path Units.
Sep 15 15:21:00.178180 localhost systemd[1]: Reached target Slice Units.
Sep 15 15:21:00.178185 localhost systemd[1]: Reached target Swaps.
Sep 15 15:21:00.178192 localhost systemd[1]: Reached target Timer Units.
Sep 15 15:21:00.178199 localhost systemd[1]: Reached target Local Verity Protected Volumes.
Sep 15 15:21:00.178204 localhost systemd[1]: Listening on Open-iSCSI iscsid Socket.
Sep 15 15:21:00.178210 localhost systemd[1]: Listening on Open-iSCSI iscsiuio Socket.
Sep 15 15:21:00.178216 localhost systemd[1]: Listening on Journal Socket (/dev/log).
Sep 15 15:21:00.178221 localhost systemd[1]: Listening on Journal Sockets.
Sep 15 15:21:00.178226 localhost systemd[1]: Listening on Network Management Netlink Socket.
Sep 15 15:21:00.178232 localhost systemd[1]: Listening on udev Control Socket.
Sep 15 15:21:00.178237 localhost systemd[1]: Listening on udev Kernel Socket.
Sep 15 15:21:00.178242 localhost systemd[1]: Reached target Socket Units.
Sep 15 15:21:00.178248 localhost systemd[1]: Starting Create List of Static Device Nodes...
Sep 15 15:21:00.178254 localhost systemd[1]: Load Kernel Module dm_mod skipped, unmet condition check ConditionKernelModuleLoaded=!dm_mod
Sep 15 15:21:00.178260 localhost systemd[1]: Starting Load Kernel Module dm_multipath...
Sep 15 15:21:00.178265 localhost systemd[1]: Starting Load Kernel Module loop...
Sep 15 15:21:00.178271 localhost systemd[1]: Early Battery Level Check skipped, unmet condition check ConditionDirectoryNotEmpty=/sys/class/power_supply
Sep 15 15:21:00.178276 localhost kernel: loop: module loaded
Sep 15 15:21:00.178281 localhost systemd[1]: Reached target Initrd Root Device.
Sep 15 15:21:00.178287 localhost systemd[1]: Starting Journal Service...
Sep 15 15:21:00.178292 localhost systemd[1]: Load Kernel Modules skipped, no trigger condition checks were met.
Sep 15 15:21:00.178336 localhost systemd-journald[335]: Collecting audit messages is disabled.
Sep 15 15:21:00.178353 localhost systemd[1]: Starting Generate Network Units from Kernel Command Line...
Sep 15 15:21:00.178358 localhost systemd[1]: TPM PCR Barrier (initrd) skipped, unmet condition check ConditionSecurity=measured-os
Sep 15 15:21:00.178367 localhost systemd-journald[335]: Journal started
Sep 15 15:21:00.178391 localhost systemd-journald[335]: Runtime Journal (/run/log/journal/db9251dc5ce4495eb34bbf7a6fadf914) is 7.4M, max 59.3M, 51.8M free.
Sep 15 15:21:00.191177 localhost systemd[1]: Starting Apply Kernel Variables...
Sep 15 15:21:00.199162 localhost systemd[1]: Starting Virtual Console Setup...
Sep 15 15:21:00.203324 localhost systemd-vconsole-setup[339]: 
[0;1;39m
[0;1;31m
[0;1;39mConfiguration of first virtual console was skipped, ignoring remaining ones.
Sep 15 15:21:00.206233 localhost systemd[1]: Started Journal Service.
Sep 15 15:21:00.207420 localhost systemd[1]: Finished Create List of Static Device Nodes.
Sep 15 15:21:00.209512 localhost systemd[1]: modprobe@dm_multipath.service: Deactivated successfully.
Sep 15 15:21:00.209726 localhost systemd[1]: Finished Load Kernel Module dm_multipath.
Sep 15 15:21:00.211712 localhost systemd[1]: modprobe@loop.service: Deactivated successfully.
Sep 15 15:21:00.211881 localhost systemd[1]: Finished Load Kernel Module loop.
Sep 15 15:21:00.214052 localhost systemd[1]: Finished Generate Network Units from Kernel Command Line.
Sep 15 15:21:00.216616 localhost systemd[1]: Finished Apply Kernel Variables.
Sep 15 15:21:00.218712 localhost systemd[1]: Finished Virtual Console Setup.
Sep 15 15:21:00.221598 localhost systemd[1]: Reached target Preparation for Network.
Sep 15 15:21:00.224313 localhost systemd[1]: Listening on Network Management Resolve Hook Socket.
Sep 15 15:21:00.230327 localhost systemd[1]: Starting Device-Mapper Multipath Device Controller...
Sep 15 15:21:00.232370 localhost systemd[1]: dracut ask for additional cmdline parameters skipped, no trigger condition checks were met.
Sep 15 15:21:00.233307 localhost systemd[1]: Starting dracut cmdline hook...
Sep 15 15:21:00.234773 localhost multipathd[347]: multipathd v0.14.3: start up
Sep 15 15:21:00.234966 localhost multipathd[347]: A dynamic linking error occurred: (Symbol not found: __epoll_pwait2_time64)
Sep 15 15:21:00.235058 localhost multipathd[347]: Could not set SCHED_RR at priority 10
Sep 15 15:21:00.235407 localhost systemd[1]: Merge System Configuration Images into /etc/ of the initrd skipped, no trigger condition checks were met.
Sep 15 15:21:00.238021 localhost multipathd[347]: reconfigure: setting up paths and maps
Sep 15 15:21:00.238021 localhost multipathd[347]: _check_bindings_file: failed to read header from /etc/multipath/bindings
Sep 15 15:21:00.238021 localhost multipathd[347]: updated bindings file /etc/multipath/bindings
Sep 15 15:21:00.238991 localhost systemd[1]: Starting Network Name Resolution...
Sep 15 15:21:00.241818 localhost systemd[1]: Merge System Extension Images into /usr/ and /opt/ of the initrd skipped, no trigger condition checks were met.
Sep 15 15:21:00.241856 localhost systemd[1]: Reached target Local Encrypted Volumes (Pre).
Sep 15 15:21:00.243690 localhost systemd[1]: Reached target Local Encrypted Volumes.
Sep 15 15:21:00.246790 localhost dracut-cmdline[348]: dracut-111
Sep 15 15:21:00.247974 localhost dracut-cmdline[348]: Using kernel command line parameters:    cdroot root=live:CDLABEL=COS_LIVE rd.live.dir=/ rd.live.squashimg=rootfs.squashfs rd.live.overlay.overlayfs net.ifnames=1 console=ttyS0 console=tty1 kairos.ram kairos.ram.create_partitions nomodeset selinux=0 rd.immucore.debug ignore_loglevel
Sep 15 15:21:00.251308 localhost systemd[1]: Starting Create Static Device Nodes in /dev gracefully...
Sep 15 15:21:00.255735 localhost systemd[1]: Started Device-Mapper Multipath Device Controller.
Sep 15 15:21:00.262838 localhost systemd[1]: Finished Create Static Device Nodes in /dev gracefully.
Sep 15 15:21:00.269370 localhost systemd-resolved[357]: Positive Trust Anchors:
Sep 15 15:21:00.269386 localhost systemd-resolved[357]: . IN DS 20326 8 2 e06d44b80b8f1d39a95c0b0d7c65d08458e880409bbc683457104237c7f8ec8d
Sep 15 15:21:00.269391 localhost systemd-resolved[357]: . IN DS 38696 8 2 683d2d0acb8c9b712a1948b27f741219298d0a450d612c483af444a4c0fb2b16
Sep 15 15:21:00.269438 localhost systemd-resolved[357]: Negative trust anchors: home.arpa 10.in-addr.arpa 16.172.in-addr.arpa 17.172.in-addr.arpa 18.172.in-addr.arpa 19.172.in-addr.arpa 20.172.in-addr.arpa 21.172.in-addr.arpa 22.172.in-addr.arpa 23.172.in-addr.arpa 24.172.in-addr.arpa 25.172.in-addr.arpa 26.172.in-addr.arpa 27.172.in-addr.arpa 28.172.in-addr.arpa 29.172.in-addr.arpa 30.172.in-addr.arpa 31.172.in-addr.arpa 170.0.0.192.in-addr.arpa 171.0.0.192.in-addr.arpa 168.192.in-addr.arpa d.f.ip6.arpa ipv4only.arpa resolver.arpa corp home internal intranet lan local private test
Sep 15 15:21:00.270474 localhost systemd[1]: Starting Create Static Device Nodes in /dev...
Sep 15 15:21:00.280453 localhost systemd[1]: Finished Create Static Device Nodes in /dev.
Sep 15 15:21:00.280931 localhost systemd-resolved[357]: Defaulting to hostname 'linux'.
Sep 15 15:21:00.283723 localhost systemd[1]: Started Network Name Resolution.
Sep 15 15:21:00.285829 localhost systemd[1]: Reached target Preparation for Local File Systems.
Sep 15 15:21:00.287824 localhost dracut-cmdline[348]: livenet: no url handler for CDLABEL=COS_LIVE
Sep 15 15:21:00.288055 localhost systemd[1]: Reached target Local File Systems.
Sep 15 15:21:00.290253 localhost systemd[1]: Reached target Host and Network Name Lookups.
Sep 15 15:21:00.297314 localhost systemd[1]: Starting Create System Files and Directories...
Sep 15 15:21:00.301536 localhost systemd-tmpfiles[431]: 
[0;1;39m
[0;1;31m
[0;1;39m/usr/lib/tmpfiles.d/systemd.conf:34: Duplicate line for path "/var/lib/systemd", ignoring.
Sep 15 15:21:00.301900 localhost systemd-tmpfiles[431]: 
[0;1;39m
[0;1;31m
[0;1;39m/usr/lib/tmpfiles.d/var.conf:14: Duplicate line for path "/var/log", ignoring.
Sep 15 15:21:00.303145 localhost dracut-cmdline[348]: root was live:CDLABEL=COS_LIVE, is now live:/dev/disk/by-label/COS_LIVE
Sep 15 15:21:00.304358 localhost systemd[1]: Finished Create System Files and Directories.
Sep 15 15:21:00.334139 localhost kernel: Loading iSCSI transport class v2.0-870.
Sep 15 15:21:00.342341 localhost kernel: 
[0;1;39m
[0;1;31m
[0;1;39miscsi: registered transport (tcp)
Sep 15 15:21:00.356212 localhost kernel: 
[0;1;39m
[0;1;31m
[0;1;39miscsi: registered transport (qla4xxx)
Sep 15 15:21:00.356317 localhost kernel: QLogic iSCSI HBA Driver
Sep 15 15:21:00.372192 localhost kernel: libcxgbi:libcxgbi_init_module: Chelsio iSCSI driver library libcxgbi v0.9.1-ko (Apr. 2015)
Sep 15 15:21:00.383780 localhost kernel: Chelsio T3 iSCSI Driver cxgb3i v2.0.1-ko (Apr. 2015)
Sep 15 15:21:00.383890 localhost kernel: 
[0;1;39m
[0;1;31m
[0;1;39miscsi: registered transport (cxgb3i)
Sep 15 15:21:00.412052 localhost kernel: Chelsio T4-T6 iSCSI Driver cxgb4i v0.9.5-ko (Apr. 2015)
Sep 15 15:21:00.412195 localhost kernel: 
[0;1;39m
[0;1;31m
[0;1;39miscsi: registered transport (cxgb4i)
Sep 15 15:21:00.416786 localhost kernel: cxgb4i:cxgb4i_init_module: cxgb4i dcb enabled.
Sep 15 15:21:00.431236 localhost kernel: cnic: QLogic cnicDriver v2.5.22 (July 20, 2015)
Sep 15 15:21:00.441032 localhost kernel: QLogic NetXtreme II iSCSI Driver bnx2i v2.7.10.1 (Jul 16, 2014)
Sep 15 15:21:00.441147 localhost kernel: 
[0;1;39m
[0;1;31m
[0;1;39miscsi: registered transport (bnx2i)
Sep 15 15:21:00.455060 localhost kernel: 
[0;1;39m
[0;1;31m
[0;1;39miscsi: registered transport (be2iscsi)
Sep 15 15:21:00.455176 localhost kernel: In beiscsi_module_init, tt=0000000093228352
Sep 15 15:21:00.477969 localhost systemd[1]: Finished dracut cmdline hook.
Sep 15 15:21:00.484329 localhost systemd[1]: Starting dracut pre-udev hook...
Sep 15 15:21:00.508865 localhost systemd[1]: Finished dracut pre-udev hook.
Sep 15 15:21:00.514309 localhost systemd[1]: Starting Rule-based Manager for Device Events and Files...
Sep 15 15:21:00.528300 localhost systemd-udevd[551]: Using default interface naming scheme 'v261'.
Sep 15 15:21:00.538521 localhost systemd[1]: Started Rule-based Manager for Device Events and Files.
Sep 15 15:21:00.545509 localhost systemd[1]: Starting dracut pre-trigger hook...
Sep 15 15:21:00.555331 localhost systemd[1]: Starting Network Management...
Sep 15 15:21:00.566185 localhost systemd[1]: Finished dracut pre-trigger hook.
Sep 15 15:21:00.575461 localhost systemd[1]: Starting Coldplug All udev Devices...
Sep 15 15:21:00.671144 localhost kernel: 
[0;1;39m
[0;1;31m
[0;1;39mcfg80211: Loading compiled-in X.509 certificates for regulatory database
Sep 15 15:21:00.685517 localhost kernel: 
[0;1;39m
[0;1;31m
[0;1;39mLoaded X.509 cert 'sforshee: 00b28ddf47aef9cea7'
Sep 15 15:21:00.685593 localhost kernel: 
[0;1;39m
[0;1;31m
[0;1;39mLoaded X.509 cert 'wens: 61c038651aabdcf94bd0ac7ff06c7248db18c600'
Sep 15 15:21:00.693362 localhost kernel: 
[0;1;33m
[0;1;38:5:185m
[0;1;39m
[0;1;33m
[0;1;38:5:185mfaux_driver regulatory: Direct firmware load for regulatory.db failed with error -2
Sep 15 15:21:00.698136 localhost kernel: cfg80211: failed to load regulatory.db
Sep 15 15:21:00.700466 localhost systemd-networkd[574]: 
[0;1;33m
[0;1;38:5:185m
[0;1;39m
[0;1;33m
[0;1;38:5:185mFailed to open nftables netlink socket. IPMasquerade= and NFTSet= settings will not be applied. Ignoring: Protocol not supported
Sep 15 15:21:00.702602 localhost systemd-networkd[574]: lo: Link UP
Sep 15 15:21:00.702667 localhost systemd-networkd[574]: lo: Gained carrier
Sep 15 15:21:00.703614 localhost systemd[1]: Started Network Management.
Sep 15 15:21:00.705734 localhost systemd[1]: Reached target Network.
Sep 15 15:21:00.707324 localhost systemd[1]: Wait for Network to be Online skipped, unmet condition check ConditionPathExists=/run/networkd/initrd/neednet
Sep 15 15:21:00.720396 localhost systemd[1]: Finished Coldplug All udev Devices.
Sep 15 15:21:00.726655 localhost systemd[1]: Starting dracut initqueue hook...
Sep 15 15:21:00.730975 localhost systemd[1]: Starting Wait for udev To Complete Device Initialization...
Sep 15 15:21:00.736866 localhost systemd[1]: Load Kernel Module configfs skipped, unmet condition check ConditionKernelModuleLoaded=!configfs
Sep 15 15:21:00.750207 localhost udevadm[591]: 
[0;1;39m
[0;1;31m
[0;1;39msystemd-udev-settle.service is deprecated. Please fix immucore.service not to pull it in.
Sep 15 15:21:00.866616 localhost kernel: e1000: Intel(R) PRO/1000 Network Driver
Sep 15 15:21:00.866671 localhost kernel: e1000: Copyright (c) 1999-2006 Intel Corporation.
Sep 15 15:21:00.888147 localhost kernel: ACPI: \_SB_.LNKC: Enabled at IRQ 10
Sep 15 15:21:00.900857 localhost kernel: Floppy drive(s): fd0 is 2.88M AMI BIOS
Sep 15 15:21:00.904418 localhost systemd[1]: systemd-vconsole-setup.service: Deactivated successfully.
Sep 15 15:21:00.904664 localhost systemd[1]: Stopped Virtual Console Setup.
Sep 15 15:21:00.910199 localhost systemd[1]: Stopping Virtual Console Setup...
Sep 15 15:21:00.918218 localhost systemd[1]: Starting Virtual Console Setup...
Sep 15 15:21:00.934075 localhost systemd-vconsole-setup[608]: 
[0;1;39m
[0;1;31m
[0;1;39mConfiguration of first virtual console was skipped, ignoring remaining ones.
Sep 15 15:21:00.938220 localhost systemd[1]: Finished Virtual Console Setup.
Sep 15 15:21:00.942137 localhost kernel: FDC 0 is a S82078B
Sep 15 15:21:01.206660 localhost systemd[1]: Mounting Kernel Configuration File System...
Sep 15 15:21:01.210279 localhost systemd[1]: Mounted Kernel Configuration File System.
Sep 15 15:21:01.430176 localhost kernel: e1000 0000:00:03.0 eth0: (PCI:33MHz:32-bit) 52:54:00:12:34:56
Sep 15 15:21:01.430468 localhost kernel: e1000 0000:00:03.0 eth0: Intel(R) PRO/1000 Network Connection
Sep 15 15:21:01.442061 localhost systemd-networkd[574]: eth0: Interface name change detected, renamed to ens3.
Sep 15 15:21:01.442258 localhost kernel: e1000 0000:00:03.0 ens3: renamed from eth0
Sep 15 15:21:01.446890 localhost systemd-networkd[574]: ens3: Configuring with /run/systemd/network/zzzz-dracut-default.network.
Sep 15 15:21:01.455482 localhost systemd[1]: Finished Wait for udev To Complete Device Initialization.
Sep 15 15:21:01.458334 localhost systemd-networkd[574]: ens3: Link UP
Sep 15 15:21:01.458581 localhost systemd[1]: Reached target System Initialization.
Sep 15 15:21:01.460957 localhost systemd[1]: Reached target Basic System.
Sep 15 15:21:01.462698 localhost systemd[1]: 
[0;1;39m
[0;1;31m
[0;1;39mSystem is tainted: unmerged-bin
Sep 15 15:21:01.466346 localhost systemd[1]: Starting immucore...
Sep 15 15:21:01.482839 localhost kairos-immucore[634]: Immucore
Sep 15 15:21:01.483246 localhost immucore[634]: 2026-09-15T15:21:01Z INF Immucore go=go1.26.8 version=v4.3.0-rc3-5-g3b0005495
Sep 15 15:21:01.486355 localhost immucore[634]: 2026-09-15T15:21:01Z DBG cmdline content="cdroot root=live:CDLABEL=COS_LIVE rd.live.dir=/ rd.live.squashimg=rootfs.squashfs rd.live.overlay.overlayfs net.ifnames=1 console=ttyS0 console=tty1 kairos.ram kairos.ram.create_partitions nomodeset selinux=0 rd.immucore.debug ignore_loglevel\n"
Sep 15 15:21:01.486355 localhost immucore[634]: 2026-09-15T15:21:01Z DBG detecting boot state
Sep 15 15:21:01.486355 localhost immucore[634]: 2026-09-15T15:21:01Z DBG Detected in-RAM boot; classifying as Active
Sep 15 15:21:01.484242 localhost kairos-immucore[634]: 
[0;90m
[0;38:5:245m
[0;1;31m
[0;90m
[0;38:5:245mcmdline
Sep 15 15:21:01.497547 localhost immucore[634]: 2026-09-15T15:21:01Z INF Booting in-RAM (kairos.ram) with OEM+persistent from disk.
Sep 15 15:21:01.497547 localhost immucore[634]: 2026-09-15T15:21:01Z INF Checking OEM encryption status oem_encrypted=false
Sep 15 15:21:01.497547 localhost immucore[634]: 2026-09-15T15:21:01Z INF OEM is NOT encrypted: OEM mount will run before kcrypt unlock
Sep 15 15:21:01.497547 localhost immucore[634]: 2026-09-15T15:21:01Z INF 1.
Sep 15 15:21:01.497547 localhost immucore[634]:  <init> (background: false) (weak: false) (run: false)
Sep 15 15:21:01.497547 localhost immucore[634]: 2.
Sep 15 15:21:01.497547 localhost immucore[634]:  <create-sentinel> (background: false) (weak: false) (run: false)
Sep 15 15:21:01.497547 localhost immucore[634]:  <mount-tmpfs> (background: false) (weak: false) (run: false)
Sep 15 15:21:01.497547 localhost immucore[634]:  <wait-for-sysroot> (background: false) (weak: false) (run: false)
Sep 15 15:21:01.497547 localhost immucore[634]: 3.
Sep 15 15:21:01.497547 localhost immucore[634]:  <ensure-partitions> (background: false) (weak: false) (run: false)
Sep 15 15:21:01.497547 localhost immucore[634]: 4.
Sep 15 15:21:01.497547 localhost immucore[634]:  <mount-oem> (background: false) (weak: false) (run: false)
Sep 15 15:21:01.497547 localhost immucore[634]:  <upgrade-kcrypt> (background: false) (weak: false) (run: false)
Sep 15 15:21:01.497547 localhost immucore[634]: 5.
Sep 15 15:21:01.497547 localhost immucore[634]:  <rootfs-hook> (background: false) (weak: false) (run: false)
Sep 15 15:21:01.497547 localhost immucore[634]:  <unlock-all> (background: false) (weak: false) (run: false)
Sep 15 15:21:01.497547 localhost immucore[634]: 6.
Sep 15 15:21:01.497547 localhost immucore[634]:  <load-config> (background: false) (weak: false) (run: false)
Sep 15 15:21:01.497547 localhost immucore[634]: 7.
Sep 15 15:21:01.497547 localhost immucore[634]:  <mount-base-overlay> (background: false) (weak: false) (run: false)
Sep 15 15:21:01.497547 localhost immucore[634]:  <custom-mount> (background: false) (weak: false) (run: false)
Sep 15 15:21:01.497547 localhost immucore[634]: 8.
Sep 15 15:21:01.497547 localhost immucore[634]:  <overlay-mount> (background: false) (weak: false) (run: false)
Sep 15 15:21:01.497547 localhost immucore[634]: 9.
Sep 15 15:21:01.497547 localhost immucore[634]:  <mount-bind> (background: false) (weak: false) (run: false)
Sep 15 15:21:01.497547 localhost immucore[634]: 10.
Sep 15 15:21:01.497547 localhost immucore[634]:  <write-fstab> (background: false) (weak: false) (run: false)
Sep 15 15:21:01.497547 localhost immucore[634]:  <enable-sysext-confext> (background: false) (weak: false) (run: false)
Sep 15 15:21:01.497547 localhost immucore[634]: 11.
Sep 15 15:21:01.497547 localhost immucore[634]:  <initramfs-hook> (background: false) (weak: false) (run: false)
Sep 15 15:21:01.497547 localhost immucore[634]: 
Sep 15 15:21:01.497547 localhost immucore[634]: 2026-09-15T15:21:01Z DBG Waiting for sysroot timeout=2m0s
Sep 15 15:21:01.497547 localhost immucore[634]: 2026-09-15T15:21:01Z DBG Will now create /run/cos if not exists
Sep 15 15:21:01.497547 localhost immucore[634]: 2026-09-15T15:21:01Z DBG Will now create the runtime object
Sep 15 15:21:01.497547 localhost immucore[634]: 2026-09-15T15:21:01Z DBG detecting boot state
Sep 15 15:21:01.497547 localhost immucore[634]: 2026-09-15T15:21:01Z DBG Detected in-RAM boot; classifying as Active
Sep 15 15:21:01.484356 localhost kairos-immucore[634]: 
[0;90m
[0;38:5:245m
[0;1;31m
[0;90m
[0;38:5:245mdetecting boot state
Sep 15 15:21:01.579422 localhost immucore[634]: 2026-09-15T15:21:01Z DBG Bootstate: active_boot
Sep 15 15:21:01.579422 localhost immucore[634]: 2026-09-15T15:21:01Z DBG The BootState was BootState=active_boot
Sep 15 15:21:01.579422 localhost immucore[634]: 2026-09-15T15:21:01Z INF Setting sentinel file to=active_mode
Sep 15 15:21:01.579422 localhost immucore[634]: 2026-09-15T15:21:01Z INF Setting in-RAM sentinel file to=in_ram_mode
Sep 15 15:21:01.484448 localhost kairos-immucore[634]: 
[0;90m
[0;38:5:245m
[0;1;31m
[0;90m
[0;38:5:245mDetected in-RAM boot; classifying as Active
Sep 15 15:21:01.490355 localhost kairos-immucore[634]: Booting in-RAM (kairos.ram) with OEM+persistent from disk.
Sep 15 15:21:01.490681 localhost kairos-immucore[634]: Checking OEM encryption status
Sep 15 15:21:01.490709 localhost kairos-immucore[634]: OEM is NOT encrypted: OEM mount will run before kcrypt unlock
Sep 15 15:21:01.490831 localhost kairos-immucore[634]: 1.
                                                        <init> (background: false) (weak: false) (run: false)
                                                       2.
                                                        <create-sentinel> (background: false) (weak: false) (run: false)
                                                        <mount-tmpfs> (background: false) (weak: false) (run: false)
                                                        <wait-for-sysroot> (background: false) (weak: false) (run: false)
                                                       3.
                                                        <ensure-partitions> (background: false) (weak: false) (run: false)
                                                       4.
                                                        <mount-oem> (background: false) (weak: false) (run: false)
                                                        <upgrade-kcrypt> (background: false) (weak: false) (run: false)
                                                       5.
                                                        <rootfs-hook> (background: false) (weak: false) (run: false)
                                                        <unlock-all> (background: false) (weak: false) (run: false)
                                                       6.
                                                        <load-config> (background: false) (weak: false) (run: false)
                                                       7.
                                                        <mount-base-overlay> (background: false) (weak: false) (run: false)
                                                        <custom-mount> (background: false) (weak: false) (run: false)
                                                       8.
                                                        <overlay-mount> (background: false) (weak: false) (run: false)
                                                       9.
                                                        <mount-bind> (background: false) (weak: false) (run: false)
                                                       10.
                                                        <write-fstab> (background: false) (weak: false) (run: false)
                                                        <enable-sysext-confext> (background: false) (weak: false) (run: false)
                                                       11.
                                                        <initramfs-hook> (background: false) (weak: false) (run: false)
Sep 15 15:21:01.491270 localhost kairos-immucore[634]: 
[0;90m
[0;38:5:245m
[0;1;31m
[0;90m
[0;38:5:245mWaiting for sysroot
Sep 15 15:21:01.491318 localhost kairos-immucore[634]: 
[0;90m
[0;38:5:245m
[0;1;31m
[0;90m
[0;38:5:245mWill now create /run/cos if not exists
Sep 15 15:21:01.491388 localhost kairos-immucore[634]: 
[0;90m
[0;38:5:245m
[0;1;31m
[0;90m
[0;38:5:245mWill now create the runtime object
Sep 15 15:21:01.491410 localhost kairos-immucore[634]: 
[0;90m
[0;38:5:245m
[0;1;31m
[0;90m
[0;38:5:245mdetecting boot state
Sep 15 15:21:01.491432 localhost kairos-immucore[634]: 
[0;90m
[0;38:5:245m
[0;1;31m
[0;90m
[0;38:5:245mDetected in-RAM boot; classifying as Active
Sep 15 15:21:01.499179 localhost kairos-immucore[634]: 
[0;90m
[0;38:5:245m
[0;1;31m
[0;90m
[0;38:5:245mBootstate: active_boot
Sep 15 15:21:01.499215 localhost kairos-immucore[634]: 
[0;90m
[0;38:5:245m
[0;1;31m
[0;90m
[0;38:5:245mThe BootState was
Sep 15 15:21:01.499235 localhost kairos-immucore[634]: Setting sentinel file
Sep 15 15:21:01.499275 localhost kairos-immucore[634]: Setting in-RAM sentinel file
Sep 15 15:21:01.739580 localhost dracut-initqueue[694]: Warning: Kernel command line option 'rd.live.overlay.overlayfs' is deprecated, use 'rd.overlay' instead.
Sep 15 15:21:01.779387 localhost kernel: 
[0;90m
[0;38:5:245m
[0;1;31m
[0;90m
[0;38:5:245mISO 9660 Extensions: Microsoft Joliet Level 3
Sep 15 15:21:01.782062 localhost kernel: 
[0;90m
[0;38:5:245m
[0;1;31m
[0;90m
[0;38:5:245mISO 9660 Extensions: RRIP_1991A
Sep 15 15:21:01.794581 localhost kernel: loop0: detected capacity change from 0 to 651440
Sep 15 15:21:01.854144 localhost kernel: squashfs: version 4.0 (2009/01/31) Phillip Lougher
Sep 15 15:21:01.920542 localhost systemd[1]: Finished dracut initqueue hook.
Sep 15 15:21:01.922874 localhost systemd[1]: Reached target Preparation for Remote File Systems.
Sep 15 15:21:01.924889 localhost systemd[1]: Reached target Remote Encrypted Volumes.
Sep 15 15:21:01.926836 localhost systemd[1]: Reached target Remote File Systems.
Sep 15 15:21:01.928577 localhost systemd[1]: Reached target Remote Verity Protected Volumes.
Sep 15 15:21:01.937314 localhost systemd[1]: Starting dracut pre-mount hook...
Sep 15 15:21:01.949811 localhost dracut-pre-mount[743]: Using tmpfs overlay (changes will not persist across reboots)
Sep 15 15:21:01.956001 localhost systemd[1]: Finished dracut pre-mount hook.
Sep 15 15:21:02.201520 localhost systemd[1]: run-initramfs-squashfs.mount: Deactivated successfully.
Sep 15 15:21:02.205412 localhost systemd[1]: Mounting /sysroot...
Sep 15 15:21:02.208452 localhost systemd[1]: Mounted /sysroot.
Sep 15 15:21:02.212002 localhost systemd[1]: Merge System Configuration Images into /sysroot/etc/ skipped, no trigger condition checks were met.
Sep 15 15:21:02.212303 localhost systemd[1]: Merge System Extension Images into /sysroot/usr/ and /sysroot/opt/ skipped, no trigger condition checks were met.
Sep 15 15:21:02.212363 localhost systemd[1]: Reached target Initrd Root File System.
Sep 15 15:21:02.221331 localhost systemd[1]: Starting Mountpoints Configured in the Real Root...
Sep 15 15:21:02.223842 localhost systemd[1]: initrd-parse-etc.service: Deactivated successfully.
Sep 15 15:21:02.224049 localhost systemd[1]: Finished Mountpoints Configured in the Real Root.
Sep 15 15:21:02.226028 localhost systemd[1]: initrd-parse-etc.service: Triggering OnSuccess= dependencies.
Sep 15 15:21:02.227658 localhost systemd[1]: Starting dracut mount hook...
Sep 15 15:21:02.236922 localhost systemd[1]: Finished dracut mount hook.
Sep 15 15:21:02.492796 localhost kairos-immucore[634]: 
[0;90m
[0;38:5:245m
[0;1;31m
[0;90m
[0;38:5:245mCleaning for sysroot
Sep 15 15:21:02.493336 localhost immucore[634]: 2026-09-15T15:21:02Z DBG Cleaning for sysroot new=/tmp old=/tmp
Sep 15 15:21:02.493336 localhost immucore[634]: 2026-09-15T15:21:02Z DBG mount ready options=["rw"] type=tmpfs what=tmpfs where=/tmp
Sep 15 15:21:02.493336 localhost immucore[634]: 2026-09-15T15:21:02Z INF mount done options=["rw"] type=tmpfs what=tmpfs where=/tmp
Sep 15 15:21:02.492908 localhost kairos-immucore[634]: 
[0;90m
[0;38:5:245m
[0;1;31m
[0;90m
[0;38:5:245mmount ready
Sep 15 15:21:02.493026 localhost kairos-immucore[634]: mount done
Sep 15 15:21:03.499852 localhost kernel: e1000: ens3 NIC Link is Up 1000 Mbps Full Duplex, Flow Control: RX
Sep 15 15:21:03.497524 localhost systemd-networkd[574]: ens3: Gained carrier
Sep 15 15:21:03.503844 localhost kairos-immucore[634]: creating missing kairos partitions
Sep 15 15:21:03.504795 localhost immucore[634]: 2026-09-15T15:21:03Z INF creating missing kairos partitions init_disk=true oem_present=false oem_size_mib=64 persistent_present=false persistent_size_mib=0 target=/dev/vda
Sep 15 15:21:03.504795 localhost immucore[634]: 2026-09-15T15:21:03Z INF Running stage: ensure-partitions
Sep 15 15:21:03.504795 localhost immucore[634]: 
Sep 15 15:21:03.504795 localhost immucore[634]: 2026-09-15T15:21:03Z DBG Generating op for stage '<STDIN>.Create missing Kairos partitions'
Sep 15 15:21:03.503900 localhost kairos-immucore[634]: Running stage: ensure-partitions
Sep 15 15:21:03.518157 localhost immucore[634]: 2026-09-15T15:21:03Z DBG Reading '<STDIN>'
Sep 15 15:21:03.518157 localhost immucore[634]: 2026-09-15T15:21:03Z DBG Executing stage '<STDIN>.Create missing Kairos partitions'
Sep 15 15:21:03.518157 localhost immucore[634]: 2026-09-15T15:21:03Z INF Processing stage step '<STDIN>.Create missing Kairos partitions'. ( commands: 0, files: 0, ... )
Sep 15 15:21:03.518157 localhost immucore[634]: 2026-09-15T15:21:03Z DBG Stage: schema.Stage{
Sep 15 15:21:03.518157 localhost immucore[634]:   Name: "Create missing Kairos partitions",
Sep 15 15:21:03.518157 localhost immucore[634]:   Layout: schema.Layout{
Sep 15 15:21:03.518157 localhost immucore[634]:     Device: &schema.Device{
Sep 15 15:21:03.518157 localhost immucore[634]:       InitDisk: true,
Sep 15 15:21:03.518157 localhost immucore[634]:       Path: "/dev/vda",
Sep 15 15:21:03.518157 localhost immucore[634]:     },
Sep 15 15:21:03.518157 localhost immucore[634]:     Parts: []schema.Partition{
Sep 15 15:21:03.518157 localhost immucore[634]:       schema.Partition{
Sep 15 15:21:03.518157 localhost immucore[634]:         FSLabel: "COS_OEM",
Sep 15 15:21:03.518157 localhost immucore[634]:         Size: 64,
Sep 15 15:21:03.518157 localhost immucore[634]:         PLabel: "oem",
Sep 15 15:21:03.518157 localhost immucore[634]:         FileSystem: "ext4",
Sep 15 15:21:03.518157 localhost immucore[634]:       },
Sep 15 15:21:03.518157 localhost immucore[634]:       schema.Partition{
Sep 15 15:21:03.518157 localhost immucore[634]:         FSLabel: "COS_PERSISTENT",
Sep 15 15:21:03.518157 localhost immucore[634]:         PLabel: "persistent",
Sep 15 15:21:03.518157 localhost immucore[634]:         FileSystem: "ext4",
Sep 15 15:21:03.518157 localhost immucore[634]:       },
Sep 15 15:21:03.518157 localhost immucore[634]:     },
Sep 15 15:21:03.518157 localhost immucore[634]:   },
Sep 15 15:21:03.518157 localhost immucore[634]: }
Sep 15 15:21:03.518157 localhost immucore[634]: 2026-09-15T15:21:03Z INF Running layout plugin
Sep 15 15:21:03.518157 localhost immucore[634]: 2026-09-15T15:21:03Z DBG Initializing disk with path /dev/vda
Sep 15 15:21:03.504060 localhost kairos-immucore[634]: 
[0;90m
[0;38:5:245m
[0;1;31m
[0;90m
[0;38:5:245mGenerating op for stage '<STDIN>.Create missing Kairos partitions'
Sep 15 15:21:03.621879 localhost kernel:  vda:
Sep 15 15:21:03.621894 localhost immucore[634]: 2026-09-15T15:21:03Z DBG Initialized disk with path /dev/vda
Sep 15 15:21:03.621894 localhost immucore[634]: 2026-09-15T15:21:03Z DBG Checking layout device information
Sep 15 15:21:03.621894 localhost immucore[634]: 2026-09-15T15:21:03Z DBG Using path /dev/vda for layout expansion
Sep 15 15:21:03.621894 localhost immucore[634]: 2026-09-15T15:21:03Z DBG Checking for free space on device /dev/vda
Sep 15 15:21:03.621894 localhost immucore[634]: 2026-09-15T15:21:03Z DBG Checking if more than a partition is marked as bootable on device /dev/vda
Sep 15 15:21:03.621894 localhost immucore[634]: 2026-09-15T15:21:03Z DBG Verifying and repairing headers on device /dev/vda
Sep 15 15:21:03.621894 localhost immucore[634]: 2026-09-15T15:21:03Z DBG Going over the partition layout to create partitions on device /dev/vda
Sep 15 15:21:03.621894 localhost immucore[634]: 2026-09-15T15:21:03Z DBG Checking if partition with PLabel: oem exists on device /dev/vda
Sep 15 15:21:03.621894 localhost immucore[634]: 2026-09-15T15:21:03Z DBG Added partition (fslabel: COS_OEM) of size 64 MiB on device /dev/vda
Sep 15 15:21:03.621894 localhost immucore[634]: 2026-09-15T15:21:03Z DBG Checking if partition with PLabel: persistent exists on device /dev/vda
Sep 15 15:21:03.621894 localhost immucore[634]: 2026-09-15T15:21:03Z DBG Added partition (fslabel: COS_PERSISTENT) of size 4030 MiB on device /dev/vda
Sep 15 15:21:03.505942 localhost kairos-immucore[634]: 
[0;90m
[0;38:5:245m
[0;1;31m
[0;90m
[0;38:5:245mReading '<STDIN>'
Sep 15 15:21:03.657840 localhost kernel:  vda:
Sep 15 15:21:03.505970 localhost kairos-immucore[634]: 
[0;90m
[0;38:5:245m
[0;1;31m
[0;90m
[0;38:5:245mExecuting stage '<STDIN>.Create missing Kairos partitions'
Sep 15 15:21:03.657879 localhost kernel:  vda: vda1 vda2
Sep 15 15:21:03.505994 localhost kairos-immucore[634]: Processing stage step '<STDIN>.Create missing Kairos partitions'. ( commands: 0, files: 0, ... )
Sep 15 15:21:03.657907 localhost kernel:  vda: vda1 vda2
Sep 15 15:21:03.506076 localhost kairos-immucore[634]: 
[0;90m
[0;38:5:245m
[0;1;31m
[0;90m
[0;38:5:245mStage: schema.Stage{
                                                       
[0;90m
[0;38:5:245m  Name: "Create missing Kairos partitions",
                                                       
[0;90m
[0;38:5:245m  Layout: schema.Layout{
                                                       
[0;90m
[0;38:5:245m    Device: &schema.Device{
                                                       
[0;90m
[0;38:5:245m      InitDisk: true,
                                                       
[0;90m
[0;38:5:245m      Path: "/dev/vda",
                                                       
[0;90m
[0;38:5:245m    },
                                                       
[0;90m
[0;38:5:245m    Parts: []schema.Partition{
                                                       
[0;90m
[0;38:5:245m      schema.Partition{
                                                       
[0;90m
[0;38:5:245m        FSLabel: "COS_OEM",
                                                       
[0;90m
[0;38:5:245m        Size: 64,
                                                       
[0;90m
[0;38:5:245m        PLabel: "oem",
                                                       
[0;90m
[0;38:5:245m        FileSystem: "ext4",
                                                       
[0;90m
[0;38:5:245m      },
                                                       
[0;90m
[0;38:5:245m      schema.Partition{
                                                       
[0;90m
[0;38:5:245m        FSLabel: "COS_PERSISTENT",
                                                       
[0;90m
[0;38:5:245m        PLabel: "persistent",
                                                       
[0;90m
[0;38:5:245m        FileSystem: "ext4",
                                                       
[0;90m
[0;38:5:245m      },
                                                       
[0;90m
[0;38:5:245m    },
                                                       
[0;90m
[0;38:5:245m  },
                                                       
[0;90m
[0;38:5:245m}
Sep 15 15:21:03.506175 localhost kairos-immucore[634]: Running layout plugin
Sep 15 15:21:03.506213 localhost kairos-immucore[634]: 
[0;90m
[0;38:5:245m
[0;1;31m
[0;90m
[0;38:5:245mInitializing disk with path /dev/vda
Sep 15 15:21:03.528191 localhost kairos-immucore[634]: 
[0;90m
[0;38:5:245m
[0;1;31m
[0;90m
[0;38:5:245mInitialized disk with path /dev/vda
Sep 15 15:21:03.528569 localhost kairos-immucore[634]: 
[0;90m
[0;38:5:245m
[0;1;31m
[0;90m
[0;38:5:245mChecking layout device information
Sep 15 15:21:03.528601 localhost kairos-immucore[634]: 
[0;90m
[0;38:5:245m
[0;1;31m
[0;90m
[0;38:5:245mUsing path /dev/vda for layout expansion
Sep 15 15:21:03.528659 localhost kairos-immucore[634]: 
[0;90m
[0;38:5:245m
[0;1;31m
[0;90m
[0;38:5:245mChecking for free space on device /dev/vda
Sep 15 15:21:03.528674 localhost kairos-immucore[634]: 
[0;90m
[0;38:5:245m
[0;1;31m
[0;90m
[0;38:5:245mChecking if more than a partition is marked as bootable on device /dev/vda
Sep 15 15:21:03.528694 localhost kairos-immucore[634]: 
[0;90m
[0;38:5:245m
[0;1;31m
[0;90m
[0;38:5:245mVerifying and repairing headers on device /dev/vda
Sep 15 15:21:03.528731 localhost kairos-immucore[634]: 
[0;90m
[0;38:5:245m
[0;1;31m
[0;90m
[0;38:5:245mGoing over the partition layout to create partitions on device /dev/vda
Sep 15 15:21:03.528759 localhost kairos-immucore[634]: 
[0;90m
[0;38:5:245m
[0;1;31m
[0;90m
[0;38:5:245mChecking if partition with PLabel: oem exists on device /dev/vda
Sep 15 15:21:03.528779 localhost kairos-immucore[634]: 
[0;90m
[0;38:5:245m
[0;1;31m
[0;90m
[0;38:5:245mAdded partition (fslabel: COS_OEM) of size 64 MiB on device /dev/vda
Sep 15 15:21:03.528792 localhost kairos-immucore[634]: 
[0;90m
[0;38:5:245m
[0;1;31m
[0;90m
[0;38:5:245mChecking if partition with PLabel: persistent exists on device /dev/vda
Sep 15 15:21:03.528805 localhost kairos-immucore[634]: 
[0;90m
[0;38:5:245m
[0;1;31m
[0;90m
[0;38:5:245mAdded partition (fslabel: COS_PERSISTENT) of size 4030 MiB on device /dev/vda
Sep 15 15:21:03.882572 localhost kairos-immucore[634]: 
[0;90m
[0;38:5:245m
[0;1;31m
[0;90m
[0;38:5:245mFormatting partition COS_OEM on device /dev/vda
Sep 15 15:21:03.882721 localhost immucore[634]: 2026-09-15T15:21:03Z DBG Formatting partition COS_OEM on device /dev/vda
Sep 15 15:21:03.895998 localhost kairos-immucore[634]: 
[0;90m
[0;38:5:245m
[0;1;31m
[0;90m
[0;38:5:245mFormatting partition COS_PERSISTENT on device /dev/vda
Sep 15 15:21:03.896358 localhost immucore[634]: 2026-09-15T15:21:03Z DBG Formatting partition COS_PERSISTENT on device /dev/vda
Sep 15 15:21:03.923327 localhost kairos-immucore[634]: 
[0;90m
[0;38:5:245m
[0;1;31m
[0;90m
[0;38:5:245mChecking for layout expansion on device /dev/vda
Sep 15 15:21:03.923732 localhost immucore[634]: 2026-09-15T15:21:03Z DBG Checking for layout expansion on device /dev/vda
Sep 15 15:21:03.923732 localhost immucore[634]: 2026-09-15T15:21:03Z DBG All done with layout plugin for device /dev/vda
Sep 15 15:21:03.923732 localhost immucore[634]: 2026-09-15T15:21:03Z INF Done executing stage 'ensure-partitions'
Sep 15 15:21:03.923732 localhost immucore[634]: 
Sep 15 15:21:03.923400 localhost kairos-immucore[634]: 
[0;90m
[0;38:5:245m
[0;1;31m
[0;90m
[0;38:5:245mAll done with layout plugin for device /dev/vda
Sep 15 15:21:03.923492 localhost kairos-immucore[634]: Done executing stage 'ensure-partitions'
Sep 15 15:21:04.427700 localhost kairos-immucore[634]: kairos partitions ready
Sep 15 15:21:04.427906 localhost immucore[634]: 2026-09-15T15:21:04Z INF kairos partitions ready
Sep 15 15:21:04.430306 localhost immucore[634]: 2026-09-15T15:21:04Z DBG detecting boot state
Sep 15 15:21:04.430306 localhost immucore[634]: 2026-09-15T15:21:04Z DBG Detected in-RAM boot; classifying as Active
Sep 15 15:21:04.428889 localhost kairos-immucore[634]: 
[0;90m
[0;38:5:245m
[0;1;31m
[0;90m
[0;38:5:245mdetecting boot state
Sep 15 15:21:04.428926 localhost kairos-immucore[634]: 
[0;90m
[0;38:5:245m
[0;1;31m
[0;90m
[0;38:5:245mDetected in-RAM boot; classifying as Active
Sep 15 15:21:04.442023 localhost kairos-immucore[634]: 
[0;90m
[0;38:5:245m
[0;1;31m
[0;90m
[0;38:5:245mResolved label to concrete device path
Sep 15 15:21:04.442158 localhost kairos-immucore[634]: 
[0;90m
[0;38:5:245m
[0;1;31m
[0;90m
[0;38:5:245mGetting disk type for device
Sep 15 15:21:04.442247 localhost immucore[634]: 2026-09-15T15:21:04Z DBG Resolved label to concrete device path label=COS_OEM resolved=/dev/vda1
Sep 15 15:21:04.442247 localhost immucore[634]: 2026-09-15T15:21:04Z DBG Getting disk type for device device=/dev/vda1
Sep 15 15:21:04.449077 localhost kairos-immucore[634]: 
[0;90m
[0;38:5:245m
[0;1;31m
[0;90m
[0;38:5:245mPartition FS type
Sep 15 15:21:04.449212 localhost kairos-immucore[634]: 
[0;90m
[0;38:5:245m
[0;1;31m
[0;90m
[0;38:5:245mGetting disk type for device
Sep 15 15:21:04.449227 localhost immucore[634]: 2026-09-15T15:21:04Z DBG Partition FS type type=ext4 what=/dev/vda1
Sep 15 15:21:04.449227 localhost immucore[634]: 2026-09-15T15:21:04Z DBG Getting disk type for device device=/dev/vda1
Sep 15 15:21:04.454378 localhost immucore[634]: 2026-09-15T15:21:04Z DBG Partition FS type type=ext4 what=/dev/vda1
Sep 15 15:21:04.450065 localhost kairos-immucore[634]: 
[0;90m
[0;38:5:245m
[0;1;31m
[0;90m
[0;38:5:245mPartition FS type
Sep 15 15:21:04.512162 localhost systemd-networkd[574]: ens3: DHCPv4 address 10.0.2.15/24, gateway 10.0.2.2 acquired from 10.0.2.2
Sep 15 15:21:04.639521 localhost systemd-networkd[574]: ens3: Gained IPv6LL
Sep 15 15:21:05.450804 localhost kairos-immucore[634]: 
[0;90m
[0;38:5:245m
[0;1;31m
[0;90m
[0;38:5:245mCleaning for sysroot
Sep 15 15:21:05.450966 localhost kairos-immucore[634]: 
[0;90m
[0;38:5:245m
[0;1;31m
[0;90m
[0;38:5:245mfsck command
Sep 15 15:21:05.451564 localhost immucore[634]: 2026-09-15T15:21:05Z DBG Cleaning for sysroot new=/oem old=/sysroot/oem
Sep 15 15:21:05.451564 localhost immucore[634]: 2026-09-15T15:21:05Z DBG fsck command cmd="fsck /dev/vda1 -a"
Sep 15 15:21:05.465667 localhost kairos-immucore[634]: 
[0;90m
[0;38:5:245m
[0;1;31m
[0;90m
[0;38:5:245mmount ready
Sep 15 15:21:05.466317 localhost immucore[634]: 2026-09-15T15:21:05Z DBG mount ready options=["rw","suid","dev","exec","async"] type=ext4 what=/dev/vda1 where=/sysroot/oem
Sep 15 15:21:05.485599 localhost kairos-immucore[634]: mount done
Sep 15 15:21:05.486273 localhost immucore[634]: 2026-09-15T15:21:05Z INF mount done options=["rw","suid","dev","exec","async"] type=ext4 what=/dev/vda1 where=/sysroot/oem
Sep 15 15:21:05.486273 localhost immucore[634]: 2026-09-15T15:21:05Z DBG Getting encryptor for unlocking
Sep 15 15:21:05.486273 localhost immucore[634]: 2026-09-15T15:21:05Z DBG Scanning for encrypted partitions
Sep 15 15:21:05.502746 localhost kernel: EXT4-fs (vda1): mounted filesystem a38f0161-25c6-49df-8719-1e2170f4126d r/w with ordered data mode. Quota mode: none.
Sep 15 15:21:05.485752 localhost kairos-immucore[634]: 
[0;90m
[0;38:5:245m
[0;1;31m
[0;90m
[0;38:5:245mGetting encryptor for unlocking
Sep 15 15:21:05.502820 localhost immucore[634]: 2026-09-15T15:21:05Z INF Running rootfs stage
Sep 15 15:21:05.502820 localhost immucore[634]: 2026-09-15T15:21:05Z INF Running stage: rootfs.before
Sep 15 15:21:05.502820 localhost immucore[634]: 
Sep 15 15:21:05.502820 localhost immucore[634]: 2026-09-15T15:21:05Z DBG No encrypted partitions found
Sep 15 15:21:05.502820 localhost immucore[634]: 2026-09-15T15:21:05Z DBG Generating op for stage 'Datasource handling.Move old datasource to new location'
Sep 15 15:21:05.502820 localhost immucore[634]: 2026-09-15T15:21:05Z DBG Generating op for stage 'Datasource handling.Remove old userdata'
Sep 15 15:21:05.502820 localhost immucore[634]: 2026-09-15T15:21:05Z DBG Generating op for stage 'Datasource handling.Pull data from provider'
Sep 15 15:21:05.502820 localhost immucore[634]: 2026-09-15T15:21:05Z DBG Generating op for stage 'Datasource handling.Sentinel file for userdata'
Sep 15 15:21:05.485775 localhost kairos-immucore[634]: 
[0;90m
[0;38:5:245m
[0;1;31m
[0;90m
[0;38:5:245mScanning for encrypted partitions
Sep 15 15:21:05.523943 localhost immucore[634]: 2026-09-15T15:21:05Z DBG Generating op for stage 'Default network configuration.Enable systemd-network config files for DHCP'
Sep 15 15:21:05.523943 localhost immucore[634]: 2026-09-15T15:21:05Z DBG Reading '/system/oem/00_datasource.yaml'
Sep 15 15:21:05.523943 localhost immucore[634]: 2026-09-15T15:21:05Z DBG Executing stage 'Datasource handling.Move old datasource to new location'
Sep 15 15:21:05.523943 localhost immucore[634]: 2026-09-15T15:21:05Z DBG Reading '/system/oem/05_network.yaml'
Sep 15 15:21:05.523943 localhost immucore[634]: 2026-09-15T15:21:05Z DBG Executing stage 'Default network configuration.Enable systemd-network config files for DHCP'
Sep 15 15:21:05.523943 localhost immucore[634]: 2026-09-15T15:21:05Z DBG running stage (OnlyIfOs regex (Ubuntu.*|Debian.*|Fedora.*|CentOS.*|Rocky.*|AlmaLinux.*|Oracle.*Linux.*|SUSE.*|[Oo]penSUSE.*|Hadron.*|Red.*Hat.*) matches os name 'Hadron Linux dracut-111 (Initramfs)
Sep 15 15:21:05.523943 localhost immucore[634]: 2026-09-15T15:21:05Z DBG Found systemd at /bin/systemctl
Sep 15 15:21:05.523943 localhost immucore[634]: 2026-09-15T15:21:05Z INF Processing stage step 'Default network configuration.Enable systemd-network config files for DHCP'. ( commands: 0, files: 2, ... )
Sep 15 15:21:05.523943 localhost immucore[634]: 2026-09-15T15:21:05Z DBG Stage: schema.Stage{
Sep 15 15:21:05.523943 localhost immucore[634]:   Files: []schema.File{
Sep 15 15:21:05.523943 localhost immucore[634]:     schema.File{
Sep 15 15:21:05.523943 localhost immucore[634]:       Path: "/etc/systemd/network/20-dhcp.network",
Sep 15 15:21:05.523943 localhost immucore[634]:       Permissions: 420,
Sep 15 15:21:05.523943 localhost immucore[634]:       Content: "[Match]\nName=en*\n[Network]\nDHCP=yes\n[DHCP]\nClientIdentifier=mac\n",
Sep 15 15:21:05.523943 localhost immucore[634]:     },
Sep 15 15:21:05.523943 localhost immucore[634]:     schema.File{
Sep 15 15:21:05.523943 localhost immucore[634]:       Path: "/etc/systemd/network/20-dhcp-legacy.network",
Sep 15 15:21:05.523943 localhost immucore[634]:       Permissions: 420,
Sep 15 15:21:05.523943 localhost immucore[634]:       Content: "[Match]\nName=eth*\n[Network]\nDHCP=yes\n[DHCP]\nClientIdentifier=mac\n",
Sep 15 15:21:05.523943 localhost immucore[634]:     },
Sep 15 15:21:05.523943 localhost immucore[634]:   },
Sep 15 15:21:05.523943 localhost immucore[634]:   Directories: []schema.Directory{
Sep 15 15:21:05.523943 localhost immucore[634]:     schema.Directory{
Sep 15 15:21:05.523943 localhost immucore[634]:       Path: "/etc/systemd/network",
Sep 15 15:21:05.523943 localhost immucore[634]:       Permissions: 509,
Sep 15 15:21:05.523943 localhost immucore[634]:     },
Sep 15 15:21:05.523943 localhost immucore[634]:   },
Sep 15 15:21:05.523943 localhost immucore[634]:   Name: "Enable systemd-network config files for DHCP",
Sep 15 15:21:05.523943 localhost immucore[634]:   OnlyIfOs: "Ubuntu.*|Debian.*|Fedora.*|CentOS.*|Rocky.*|AlmaLinux.*|Oracle.*Linux.*|SUSE.*|[Oo]penSUSE.*|Hadron.*|Red.*Hat.*",
Sep 15 15:21:05.523943 localhost immucore[634]:   OnlyIfServiceManager: "systemd",
Sep 15 15:21:05.523943 localhost immucore[634]: }
Sep 15 15:21:05.523943 localhost immucore[634]: 2026-09-15T15:21:05Z DBG Creating directory /etc/systemd/network
Sep 15 15:21:05.523943 localhost immucore[634]: 2026-09-15T15:21:05Z DBG Creating file /etc/systemd/network/20-dhcp.network
Sep 15 15:21:05.487785 localhost kairos-immucore[634]: Running rootfs stage
Sep 15 15:21:05.627358 localhost kernel: 
[0;1;31m
[0;1;39m
[0;1;31mI/O error, dev fd0, sector 0 op 0x0:(READ) flags 0x0 phys_seg 1 prio class 2
Sep 15 15:21:05.627419 localhost immucore[634]: 2026-09-15T15:21:05Z DBG Creating file /etc/systemd/network/20-dhcp-legacy.network
Sep 15 15:21:05.627419 localhost immucore[634]: 2026-09-15T15:21:05Z INF Running layout plugin
Sep 15 15:21:05.627419 localhost immucore[634]: 2026-09-15T15:21:05Z DBG Device field empty, skipping layout plugin
Sep 15 15:21:05.627419 localhost immucore[634]: 2026-09-15T15:21:05Z WRN (conditional) Skip 'Skipping stage (if statement error: failed to run [ -d /oem/userdata ] && [ ! -d /oem/95_userdata ]: exit status 1)' stage name: Datasource handling.Move old datasource to new location
Sep 15 15:21:05.627419 localhost immucore[634]: 2026-09-15T15:21:05Z DBG Reading '/system/oem/00_datasource.yaml'
Sep 15 15:21:05.627419 localhost immucore[634]: 2026-09-15T15:21:05Z DBG Executing stage 'Datasource handling.Remove old userdata'
Sep 15 15:21:05.627419 localhost immucore[634]: 2026-09-15T15:21:05Z WRN (conditional) Skip 'Skipping stage (if statement error: failed to run [ -d /oem/userdata ] && [ -d /oem/95_userdata ]: exit status 1)' stage name: Datasource handling.Remove old userdata
Sep 15 15:21:05.627419 localhost immucore[634]: 2026-09-15T15:21:05Z DBG Reading '/system/oem/00_datasource.yaml'
Sep 15 15:21:05.627419 localhost immucore[634]: 2026-09-15T15:21:05Z DBG Executing stage 'Datasource handling.Pull data from provider'
Sep 15 15:21:05.627419 localhost immucore[634]: 2026-09-15T15:21:05Z DBG If statement result
Sep 15 15:21:05.627419 localhost immucore[634]: 2026-09-15T15:21:05Z INF Processing stage step 'Datasource handling.Pull data from provider'. ( commands: 0, files: 0, ... )
Sep 15 15:21:05.627419 localhost immucore[634]: 2026-09-15T15:21:05Z DBG Stage: schema.Stage{
Sep 15 15:21:05.627419 localhost immucore[634]:   If: "[ ! -e /oem/95_userdata ] && ([ ! -f /run/cos/uki_boot_mode ] || grep -q \"kairos.pull_datasources\" /proc/cmdline )",
Sep 15 15:21:05.627419 localhost immucore[634]:   Name: "Pull data from provider",
Sep 15 15:21:05.627419 localhost immucore[634]:   DataSources: schema.DataSource{
Sep 15 15:21:05.627419 localhost immucore[634]:     Providers: []string{
Sep 15 15:21:05.627419 localhost immucore[634]:       "cdrom",
Sep 15 15:21:05.627419 localhost immucore[634]:       "gcp",
Sep 15 15:21:05.627419 localhost immucore[634]:       "openstack",
Sep 15 15:21:05.627419 localhost immucore[634]:       "aws",
Sep 15 15:21:05.627419 localhost immucore[634]:       "azure",
Sep 15 15:21:05.627419 localhost immucore[634]:       "hetzner",
Sep 15 15:21:05.627419 localhost immucore[634]:       "packet",
Sep 15 15:21:05.627419 localhost immucore[634]:       "vultr",
Sep 15 15:21:05.627419 localhost immucore[634]:       "digitalocean",
Sep 15 15:21:05.627419 localhost immucore[634]:       "metaldata",
Sep 15 15:21:05.627419 localhost immucore[634]:       "vmware",
Sep 15 15:21:05.627419 localhost immucore[634]:       "config-drive",
Sep 15 15:21:05.627419 localhost immucore[634]:       "maas",
Sep 15 15:21:05.627419 localhost immucore[634]:     },
Sep 15 15:21:05.627419 localhost immucore[634]:     Path: "/oem/95_userdata",
Sep 15 15:21:05.627419 localhost immucore[634]:   },
Sep 15 15:21:05.627419 localhost immucore[634]: }
Sep 15 15:21:05.627419 localhost immucore[634]: 2026-09-15T15:21:05Z DBG cdrom devices to be checked: [/dev/sr0 /dev/sr1 /dev/sr2]
Sep 15 15:21:05.627419 localhost immucore[634]: 2026-09-15T15:21:05Z DBG adding device: /dev/sr1
Sep 15 15:21:05.487835 localhost kairos-immucore[634]: Running stage: rootfs.before
Sep 15 15:21:05.729171 localhost kernel: floppy: error 10 while reading block 0
Sep 15 15:21:05.729192 localhost immucore[634]: 2026-09-15T15:21:05Z DBG CIDATA devices to be checked: [/dev/sr1]
Sep 15 15:21:05.729192 localhost immucore[634]: 2026-09-15T15:21:05Z DBG unique devices to be checked: [/dev/sr1 /dev/sr0 /dev/sr2]
Sep 15 15:21:05.489130 localhost kairos-immucore[634]: 
[0;90m
[0;38:5:245m
[0;1;31m
[0;90m
[0;38:5:245mNo encrypted partitions found
Sep 15 15:21:05.734523 localhost kernel: 
[0;90m
[0;38:5:245m
[0;1;31m
[0;90m
[0;38:5:245mISO 9660 Extensions: Microsoft Joliet Level 3
Sep 15 15:21:05.502602 localhost kairos-immucore[634]: 
[0;90m
[0;38:5:245m
[0;1;31m
[0;90m
[0;38:5:245mGenerating op for stage 'Datasource handling.Move old datasource to new location'
Sep 15 15:21:05.734558 localhost kernel: 
[0;90m
[0;38:5:245m
[0;1;31m
[0;90m
[0;38:5:245mISO 9660 Extensions: RRIP_1991A
Sep 15 15:21:05.502656 localhost kairos-immucore[634]: 
[0;90m
[0;38:5:245m
[0;1;31m
[0;90m
[0;38:5:245mGenerating op for stage 'Datasource handling.Remove old userdata'
Sep 15 15:21:05.734580 localhost kernel: 
[0;1;31m
[0;1;39m
[0;1;31m/dev/sr2: Can't open blockdev
Sep 15 15:21:05.502683 localhost kairos-immucore[634]: 
[0;90m
[0;38:5:245m
[0;1;31m
[0;90m
[0;38:5:245mGenerating op for stage 'Datasource handling.Pull data from provider'
Sep 15 15:21:05.502703 localhost kairos-immucore[634]: 
[0;90m
[0;38:5:245m
[0;1;31m
[0;90m
[0;38:5:245mGenerating op for stage 'Datasource handling.Sentinel file for userdata'
Sep 15 15:21:05.509836 localhost kairos-immucore[634]: 
[0;90m
[0;38:5:245m
[0;1;31m
[0;90m
[0;38:5:245mGenerating op for stage 'Default network configuration.Enable systemd-network config files for DHCP'
Sep 15 15:21:05.516787 localhost kairos-immucore[634]: 
[0;90m
[0;38:5:245m
[0;1;31m
[0;90m
[0;38:5:245mReading '/system/oem/00_datasource.yaml'
Sep 15 15:21:05.516816 localhost kairos-immucore[634]: 
[0;90m
[0;38:5:245m
[0;1;31m
[0;90m
[0;38:5:245mExecuting stage 'Datasource handling.Move old datasource to new location'
Sep 15 15:21:05.518192 localhost kairos-immucore[634]: 
[0;90m
[0;38:5:245m
[0;1;31m
[0;90m
[0;38:5:245mReading '/system/oem/05_network.yaml'
Sep 15 15:21:05.518216 localhost kairos-immucore[634]: 
[0;90m
[0;38:5:245m
[0;1;31m
[0;90m
[0;38:5:245mExecuting stage 'Default network configuration.Enable systemd-network config files for DHCP'
Sep 15 15:21:05.518759 localhost kairos-immucore[634]: 
[0;90m
[0;38:5:245m
[0;1;31m
[0;90m
[0;38:5:245mrunning stage (OnlyIfOs regex (Ubuntu.*|Debian.*|Fedora.*|CentOS.*|Rocky.*|AlmaLinux.*|Oracle.*Linux.*|SUSE.*|[Oo]penSUSE.*|Hadron.*|Red.*Hat.*) matches os name 'Hadron Linux dracut-111 (Initramfs)
Sep 15 15:21:05.518809 localhost kairos-immucore[634]: 
[0;90m
[0;38:5:245m
[0;1;31m
[0;90m
[0;38:5:245mFound systemd at /bin/systemctl
Sep 15 15:21:05.518829 localhost kairos-immucore[634]: Processing stage step 'Default network configuration.Enable systemd-network config files for DHCP'. ( commands: 0, files: 2, ... )
Sep 15 15:21:05.518892 localhost kairos-immucore[634]: 
[0;90m
[0;38:5:245m
[0;1;31m
[0;90m
[0;38:5:245mStage: schema.Stage{
                                                       
[0;90m
[0;38:5:245m  Files: []schema.File{
                                                       
[0;90m
[0;38:5:245m    schema.File{
                                                       
[0;90m
[0;38:5:245m      Path: "/etc/systemd/network/20-dhcp.network",
                                                       
[0;90m
[0;38:5:245m      Permissions: 420,
                                                       
[0;90m
[0;38:5:245m      Content: "[Match]\nName=en*\n[Network]\nDHCP=yes\n[DHCP]\nClientIdentifier=mac\n",
                                                       
[0;90m
[0;38:5:245m    },
                                                       
[0;90m
[0;38:5:245m    schema.File{
                                                       
[0;90m
[0;38:5:245m      Path: "/etc/systemd/network/20-dhcp-legacy.network",
                                                       
[0;90m
[0;38:5:245m      Permissions: 420,
                                                       
[0;90m
[0;38:5:245m      Content: "[Match]\nName=eth*\n[Network]\nDHCP=yes\n[DHCP]\nClientIdentifier=mac\n",
                                                       
[0;90m
[0;38:5:245m    },
                                                       
[0;90m
[0;38:5:245m  },
                                                       
[0;90m
[0;38:5:245m  Directories: []schema.Directory{
                                                       
[0;90m
[0;38:5:245m    schema.Directory{
                                                       
[0;90m
[0;38:5:245m      Path: "/etc/systemd/network",
                                                       
[0;90m
[0;38:5:245m      Permissions: 509,
                                                       
[0;90m
[0;38:5:245m    },
                                                       
[0;90m
[0;38:5:245m  },
                                                       
[0;90m
[0;38:5:245m  Name: "Enable systemd-network config files for DHCP",
                                                       
[0;90m
[0;38:5:245m  OnlyIfOs: "Ubuntu.*|Debian.*|Fedora.*|CentOS.*|Rocky.*|AlmaLinux.*|Oracle.*Linux.*|SUSE.*|[Oo]penSUSE.*|Hadron.*|Red.*Hat.*",
                                                       
[0;90m
[0;38:5:245m  OnlyIfServiceManager: "systemd",
                                                       
[0;90m
[0;38:5:245m}
Sep 15 15:21:05.518931 localhost kairos-immucore[634]: 
[0;90m
[0;38:5:245m
[0;1;31m
[0;90m
[0;38:5:245mCreating directory /etc/systemd/network
Sep 15 15:21:05.518953 localhost kairos-immucore[634]: 
[0;90m
[0;38:5:245m
[0;1;31m
[0;90m
[0;38:5:245mCreating file /etc/systemd/network/20-dhcp.network
Sep 15 15:21:05.519248 localhost kairos-immucore[634]: 
[0;90m
[0;38:5:245m
[0;1;31m
[0;90m
[0;38:5:245mCreating file /etc/systemd/network/20-dhcp-legacy.network
Sep 15 15:21:05.519487 localhost kairos-immucore[634]: Running layout plugin
Sep 15 15:21:05.519509 localhost kairos-immucore[634]: 
[0;90m
[0;38:5:245m
[0;1;31m
[0;90m
[0;38:5:245mDevice field empty, skipping layout plugin
Sep 15 15:21:05.520138 localhost kairos-immucore[634]: 
[0;1;33m
[0;1;38:5:185m
[0;1;39m
[0;1;33m
[0;1;38:5:185m(conditional) Skip 'Skipping stage (if statement error: failed to run [ -d /oem/userdata ] && [ ! -d /oem/95_userdata ]: exit status 1)' stage name: Datasource handling.Move old datasource to new location
Sep 15 15:21:05.520173 localhost kairos-immucore[634]: 
[0;90m
[0;38:5:245m
[0;1;31m
[0;90m
[0;38:5:245mReading '/system/oem/00_datasource.yaml'
Sep 15 15:21:05.520184 localhost kairos-immucore[634]: 
[0;90m
[0;38:5:245m
[0;1;31m
[0;90m
[0;38:5:245mExecuting stage 'Datasource handling.Remove old userdata'
Sep 15 15:21:05.521504 localhost kairos-immucore[634]: 
[0;1;33m
[0;1;38:5:185m
[0;1;39m
[0;1;33m
[0;1;38:5:185m(conditional) Skip 'Skipping stage (if statement error: failed to run [ -d /oem/userdata ] && [ -d /oem/95_userdata ]: exit status 1)' stage name: Datasource handling.Remove old userdata
Sep 15 15:21:05.521543 localhost kairos-immucore[634]: 
[0;90m
[0;38:5:245m
[0;1;31m
[0;90m
[0;38:5:245mReading '/system/oem/00_datasource.yaml'
Sep 15 15:21:05.521555 localhost kairos-immucore[634]: 
[0;90m
[0;38:5:245m
[0;1;31m
[0;90m
[0;38:5:245mExecuting stage 'Datasource handling.Pull data from provider'
Sep 15 15:21:05.522349 localhost kairos-immucore[634]: 
[0;90m
[0;38:5:245m
[0;1;31m
[0;90m
[0;38:5:245mIf statement result 
Sep 15 15:21:05.522402 localhost kairos-immucore[634]: Processing stage step 'Datasource handling.Pull data from provider'. ( commands: 0, files: 0, ... )
Sep 15 15:21:05.522454 localhost kairos-immucore[634]: 
[0;90m
[0;38:5:245m
[0;1;31m
[0;90m
[0;38:5:245mStage: schema.Stage{
                                                       
[0;90m
[0;38:5:245m  If: "[ ! -e /oem/95_userdata ] && ([ ! -f /run/cos/uki_boot_mode ] || grep -q \"kairos.pull_datasources\" /proc/cmdline )",
                                                       
[0;90m
[0;38:5:245m  Name: "Pull data from provider",
                                                       
[0;90m
[0;38:5:245m  DataSources: schema.DataSource{
                                                       
[0;90m
[0;38:5:245m    Providers: []string{
                                                       
[0;90m
[0;38:5:245m      "cdrom",
                                                       
[0;90m
[0;38:5:245m      "gcp",
                                                       
[0;90m
[0;38:5:245m      "openstack",
                                                       
[0;90m
[0;38:5:245m      "aws",
                                                       
[0;90m
[0;38:5:245m      "azure",
                                                       
[0;90m
[0;38:5:245m      "hetzner",
                                                       
[0;90m
[0;38:5:245m      "packet",
                                                       
[0;90m
[0;38:5:245m      "vultr",
                                                       
[0;90m
[0;38:5:245m      "digitalocean",
                                                       
[0;90m
[0;38:5:245m      "metaldata",
                                                       
[0;90m
[0;38:5:245m      "vmware",
                                                       
[0;90m
[0;38:5:245m      "config-drive",
                                                       
[0;90m
[0;38:5:245m      "maas",
                                                       
[0;90m
[0;38:5:245m    },
                                                       
[0;90m
[0;38:5:245m    Path: "/oem/95_userdata",
                                                       
[0;90m
[0;38:5:245m  },
                                                       
[0;90m
[0;38:5:245m}
Sep 15 15:21:05.522698 localhost kairos-immucore[634]: 
[0;90m
[0;38:5:245m
[0;1;31m
[0;90m
[0;38:5:245mcdrom devices to be checked: [/dev/sr0 /dev/sr1 /dev/sr2]
Sep 15 15:21:05.625045 localhost kairos-immucore[634]: 
[0;90m
[0;38:5:245m
[0;1;31m
[0;90m
[0;38:5:245madding device: /dev/sr1
Sep 15 15:21:05.655351 localhost kairos-immucore[634]: 
[0;90m
[0;38:5:245m
[0;1;31m
[0;90m
[0;38:5:245mCIDATA devices to be checked: [/dev/sr1]
Sep 15 15:21:05.655477 localhost kairos-immucore[634]: 
[0;90m
[0;38:5:245m
[0;1;31m
[0;90m
[0;38:5:245munique devices to be checked: [/dev/sr1 /dev/sr0 /dev/sr2]
Sep 15 15:21:05.675451 localhost systemd[1]: tmp-cd2239953654.mount: Deactivated successfully.
Sep 15 15:21:05.743041 localhost kairos-immucore[634]: 
[0;90m
[0;38:5:245m
[0;1;31m
[0;90m
[0;38:5:245mcdrom devices to be checked: [/dev/sr0 /dev/sr1 /dev/sr2]
Sep 15 15:21:05.743314 localhost kernel: 
[0;1;31m
[0;1;39m
[0;1;31m/dev/sr2: Can't open blockdev
Sep 15 15:21:05.743342 localhost immucore[634]: 2026-09-15T15:21:05Z DBG cdrom devices to be checked: [/dev/sr0 /dev/sr1 /dev/sr2]
Sep 15 15:21:05.778767 localhost kernel: 
[0;1;31m
[0;1;39m
[0;1;31mI/O error, dev fd0, sector 0 op 0x0:(READ) flags 0x0 phys_seg 1 prio class 2
Sep 15 15:21:05.778872 localhost kernel: floppy: error 10 while reading block 0
Sep 15 15:21:05.839924 localhost kairos-immucore[634]: 
[0;90m
[0;38:5:245m
[0;1;31m
[0;90m
[0;38:5:245mCONFIG-2 devices to be checked: []
Sep 15 15:21:05.840168 localhost immucore[634]: 2026-09-15T15:21:05Z DBG CONFIG-2 devices to be checked: []
Sep 15 15:21:05.844153 localhost immucore[634]: 2026-09-15T15:21:05Z DBG unique devices to be checked: [/dev/sr0 /dev/sr1 /dev/sr2]
Sep 15 15:21:05.840188 localhost kairos-immucore[634]: 
[0;90m
[0;38:5:245m
[0;1;31m
[0;90m
[0;38:5:245munique devices to be checked: [/dev/sr0 /dev/sr1 /dev/sr2]
Sep 15 15:21:05.863288 localhost kernel: 
[0;90m
[0;38:5:245m
[0;1;31m
[0;90m
[0;38:5:245mISO 9660 Extensions: Microsoft Joliet Level 3
Sep 15 15:21:05.863305 localhost kernel: 
[0;90m
[0;38:5:245m
[0;1;31m
[0;90m
[0;38:5:245mISO 9660 Extensions: RRIP_1991A
Sep 15 15:21:05.905563 localhost kernel: 
[0;1;31m
[0;1;39m
[0;1;31m/dev/sr2: Can't open blockdev
Sep 15 15:21:05.949349 localhost kairos-immucore[634]: 
[0;90m
[0;38:5:245m
[0;1;31m
[0;90m
[0;38:5:245mCreating directory /run/config
Sep 15 15:21:05.949799 localhost immucore[634]: 2026-09-15T15:21:05Z DBG Creating directory /run/config
Sep 15 15:21:05.949799 localhost immucore[634]: 2026-09-15T15:21:05Z DBG Full provider list: [GCP Openstack AWS Azure Hetzner Packet Vultr DigitalOcean Metaldata VMWARE MAAS]
Sep 15 15:21:05.949799 localhost immucore[634]: 2026-09-15T15:21:05Z DBG Starting provider CDROM(/dev/sr1)
Sep 15 15:21:05.949799 localhost immucore[634]: 2026-09-15T15:21:05Z DBG Found userdata from CDROM(/dev/sr1)
Sep 15 15:21:05.949799 localhost immucore[634]: 2026-09-15T15:21:05Z DBG Creating file /oem/95_userdata/userdata
Sep 15 15:21:05.949799 localhost immucore[634]: 2026-09-15T15:21:05Z DBG Creating parent directories
Sep 15 15:21:05.949799 localhost immucore[634]: 2026-09-15T15:21:05Z DBG Adding execution bit to parent directory
Sep 15 15:21:05.949799 localhost immucore[634]: 2026-09-15T15:21:05Z DBG Creating directory /oem/95_userdata
Sep 15 15:21:05.949544 localhost kairos-immucore[634]: 
[0;90m
[0;38:5:245m
[0;1;31m
[0;90m
[0;38:5:245mFull provider list: [GCP Openstack AWS Azure Hetzner Packet Vultr DigitalOcean Metaldata VMWARE MAAS]
Sep 15 15:21:05.971446 localhost kernel: 
[0;1;31m
[0;1;39m
[0;1;31m/dev/sr2: Can't open blockdev
Sep 15 15:21:05.971465 localhost immucore[634]: 2026-09-15T15:21:05Z DBG Creating file /oem/95_userdata/userdata.yaml
Sep 15 15:21:05.971465 localhost immucore[634]: 2026-09-15T15:21:05Z INF Running layout plugin
Sep 15 15:21:05.971465 localhost immucore[634]: 2026-09-15T15:21:05Z DBG Device field empty, skipping layout plugin
Sep 15 15:21:05.971465 localhost immucore[634]: 2026-09-15T15:21:05Z DBG Reading '/system/oem/00_datasource.yaml'
Sep 15 15:21:05.971465 localhost immucore[634]: 2026-09-15T15:21:05Z DBG Executing stage 'Datasource handling.Sentinel file for userdata'
Sep 15 15:21:05.971465 localhost immucore[634]: 2026-09-15T15:21:05Z WRN (conditional) Skip 'Skipping stage (if statement error: failed to run [ ! -e /oem/95_userdata ]: exit status 1)' stage name: Datasource handling.Sentinel file for userdata
Sep 15 15:21:05.971465 localhost immucore[634]: 2026-09-15T15:21:05Z INF Done executing stage 'rootfs.before'
Sep 15 15:21:05.971465 localhost immucore[634]: 
Sep 15 15:21:05.971465 localhost immucore[634]: 2026-09-15T15:21:05Z INF Running stage: rootfs
Sep 15 15:21:05.971465 localhost immucore[634]: 
Sep 15 15:21:05.971465 localhost immucore[634]: 2026-09-15T15:21:05Z DBG Generating op for stage 'Rootfs Layout Settings.Layout configuration for active/passive mode'
Sep 15 15:21:05.971465 localhost immucore[634]: 2026-09-15T15:21:05Z DBG Generating op for stage 'Rootfs Layout Settings.Layout configuration for recovery/autoreset mode'
Sep 15 15:21:05.971465 localhost immucore[634]: 2026-09-15T15:21:05Z DBG Generating op for stage 'Rootfs Layout Settings.Layout configuration for UKI installer'
Sep 15 15:21:05.971465 localhost immucore[634]: 2026-09-15T15:21:05Z DBG Generating op for stage 'Rootfs Layout Settings.Mask the commit service to avoid systemd messing with machine-id'
Sep 15 15:21:05.971465 localhost immucore[634]: 2026-09-15T15:21:05Z DBG Generating op for stage 'Extra binds for specific distros.Extra layout configuration for active/passive mode (Ubuntu/Debian)'
Sep 15 15:21:05.971465 localhost immucore[634]: 2026-09-15T15:21:05Z DBG Generating op for stage 'Extra binds for specific distros.Extra layout configuration for active/passive mode'
Sep 15 15:21:05.971465 localhost immucore[634]: 2026-09-15T15:21:05Z DBG Reading '/system/oem/00_rootfs.yaml'
Sep 15 15:21:05.971465 localhost immucore[634]: 2026-09-15T15:21:05Z DBG Executing stage 'Rootfs Layout Settings.Layout configuration for active/passive mode'
Sep 15 15:21:05.971465 localhost immucore[634]: 2026-09-15T15:21:05Z DBG If statement result
Sep 15 15:21:05.971465 localhost immucore[634]: 2026-09-15T15:21:05Z INF Processing stage step 'Rootfs Layout Settings.Layout configuration for active/passive mode'. ( commands: 0, files: 0, ... )
Sep 15 15:21:05.949568 localhost kairos-immucore[634]: 
[0;90m
[0;38:5:245m
[0;1;31m
[0;90m
[0;38:5:245mStarting provider CDROM(/dev/sr1)
Sep 15 15:21:06.047417 localhost immucore[634]: 2026-09-15T15:21:05Z DBG Stage: schema.Stage{
Sep 15 15:21:06.047417 localhost immucore[634]:   If: "[ ! -e \"/run/cos/recovery_mode\" ] && [ ! -e \"/run/cos/autoreset_mode\" ] && [ ! -e \"/run/cos/uki_install_mode\" ]",
Sep 15 15:21:06.047417 localhost immucore[634]:   Name: "Layout configuration for active/passive mode",
Sep 15 15:21:06.047417 localhost immucore[634]:   Environment: map[string]string{
Sep 15 15:21:06.047417 localhost immucore[634]:     "OVERLAY": "tmpfs:25%",
Sep 15 15:21:06.047417 localhost immucore[634]:     "PERSISTENT_STATE_PATHS": "/etc/cni /etc/init.d /etc/iscsi /etc/k0s /etc/kubernetes /etc/modprobe.d /etc/pwx /etc/rancher /etc/runlevels /etc/ssh /etc/ssl/certs /etc/sysconfig /etc/systemd /etc/zfs /home /opt /root /usr/libexec /var/cores /var/lib/ca-certificates /var/lib/cni /var/lib/containerd /var/lib/calico /var/lib/dbus /var/lib/etcd /var/lib/extensions /var/lib/confexts /var/lib/k0s /var/lib/kubelet /var/lib/longhorn /var/lib/osd /var/lib/rancher /var/lib/rook /var/lib/tailscale /var/lib/wicked /var/lib/kairos /var/log",
Sep 15 15:21:06.047417 localhost immucore[634]:     "RW_PATHS": "/var /etc /srv",
Sep 15 15:21:06.047417 localhost immucore[634]:     "VOLUMES": "LABEL=COS_PERSISTENT:/usr/local",
Sep 15 15:21:06.047417 localhost immucore[634]:   },
Sep 15 15:21:06.047417 localhost immucore[634]:   EnvironmentFile: "/run/cos/cos-layout.env",
Sep 15 15:21:06.047417 localhost immucore[634]: }
Sep 15 15:21:06.047417 localhost immucore[634]: 2026-09-15T15:21:05Z INF Running layout plugin
Sep 15 15:21:06.047417 localhost immucore[634]: 2026-09-15T15:21:05Z DBG Device field empty, skipping layout plugin
Sep 15 15:21:06.047417 localhost immucore[634]: 2026-09-15T15:21:05Z DBG Reading '/system/oem/00_rootfs.yaml'
Sep 15 15:21:06.047417 localhost immucore[634]: 2026-09-15T15:21:05Z DBG Executing stage 'Rootfs Layout Settings.Layout configuration for recovery/autoreset mode'
Sep 15 15:21:06.047417 localhost immucore[634]: 2026-09-15T15:21:05Z WRN (conditional) Skip 'Skipping stage (if statement error: failed to run [ -e "/run/cos/recovery_mode" ] || [ -e "/run/cos/autoreset_mode" ]: exit status 1)' stage name: Rootfs Layout Settings.Layout configuration for recovery/autoreset mode
Sep 15 15:21:06.047417 localhost immucore[634]: 2026-09-15T15:21:05Z DBG Reading '/system/oem/00_rootfs.yaml'
Sep 15 15:21:06.047417 localhost immucore[634]: 2026-09-15T15:21:05Z DBG Executing stage 'Rootfs Layout Settings.Layout configuration for UKI installer'
Sep 15 15:21:06.047417 localhost immucore[634]: 2026-09-15T15:21:05Z WRN (conditional) Skip 'Skipping stage (if statement error: failed to run [ -e "/run/cos/uki_install_mode" ]: exit status 1)' stage name: Rootfs Layout Settings.Layout configuration for UKI installer
Sep 15 15:21:05.949590 localhost kairos-immucore[634]: 
[0;90m
[0;38:5:245m
[0;1;31m
[0;90m
[0;38:5:245mFound userdata from CDROM(/dev/sr1)
Sep 15 15:21:06.105704 localhost immucore[634]: 2026-09-15T15:21:05Z DBG Reading '/system/oem/00_rootfs.yaml'
Sep 15 15:21:06.105704 localhost immucore[634]: 2026-09-15T15:21:05Z DBG Executing stage 'Rootfs Layout Settings.Mask the commit service to avoid systemd messing with machine-id'
Sep 15 15:21:06.105704 localhost immucore[634]: 2026-09-15T15:21:05Z DBG Found systemd at /bin/systemctl
Sep 15 15:21:06.105704 localhost immucore[634]: 2026-09-15T15:21:05Z INF Processing stage step 'Rootfs Layout Settings.Mask the commit service to avoid systemd messing with machine-id'. ( commands: 0, files: 0, ... )
Sep 15 15:21:06.105704 localhost immucore[634]: 2026-09-15T15:21:05Z DBG Stage: schema.Stage{
Sep 15 15:21:06.105704 localhost immucore[634]:   Name: "Mask the commit service to avoid systemd messing with machine-id",
Sep 15 15:21:06.105704 localhost immucore[634]:   Systemctl: schema.Systemctl{
Sep 15 15:21:06.105704 localhost immucore[634]:     Mask: []string{
Sep 15 15:21:06.105704 localhost immucore[634]:       "systemd-machine-id-commit.service",
Sep 15 15:21:06.105704 localhost immucore[634]:     },
Sep 15 15:21:06.105704 localhost immucore[634]:   },
Sep 15 15:21:06.105704 localhost immucore[634]:   OnlyIfServiceManager: "systemd",
Sep 15 15:21:06.105704 localhost immucore[634]: }
Sep 15 15:21:05.949619 localhost kairos-immucore[634]: 
[0;90m
[0;38:5:245m
[0;1;31m
[0;90m
[0;38:5:245mCreating file /oem/95_userdata/userdata
Sep 15 15:21:06.138030 localhost immucore[634]: 2026-09-15T15:21:06Z INF Running layout plugin
Sep 15 15:21:06.138030 localhost immucore[634]: 2026-09-15T15:21:06Z DBG Device field empty, skipping layout plugin
Sep 15 15:21:06.138030 localhost immucore[634]: 2026-09-15T15:21:06Z DBG Reading '/system/oem/01_extra_binds.yaml'
Sep 15 15:21:06.138030 localhost immucore[634]: 2026-09-15T15:21:06Z DBG Executing stage 'Extra binds for specific distros.Extra layout configuration for active/passive mode (Ubuntu/Debian)'
Sep 15 15:21:06.138030 localhost immucore[634]: 2026-09-15T15:21:06Z DBG If statement result
Sep 15 15:21:06.138030 localhost immucore[634]: 2026-09-15T15:21:06Z WRN (conditional) Skip 'OnlyIfOs regex (Ubuntu.*|Debian.*) doesn't match os name Hadron Linux dracut-111 (Initramfs)' stage name: Extra binds for specific distros.Extra layout configuration for active/passive mode (Ubuntu/Debian)
Sep 15 15:21:06.138030 localhost immucore[634]: 2026-09-15T15:21:06Z DBG Reading '/system/oem/01_extra_binds.yaml'
Sep 15 15:21:06.138030 localhost immucore[634]: 2026-09-15T15:21:06Z DBG Executing stage 'Extra binds for specific distros.Extra layout configuration for active/passive mode'
Sep 15 15:21:06.138030 localhost immucore[634]: 2026-09-15T15:21:06Z DBG If statement result
Sep 15 15:21:06.138030 localhost immucore[634]: 2026-09-15T15:21:06Z WRN (conditional) Skip 'OnlyIfOs regex (Red.*Hat.*|CentOS.*|Fedora.*|Rocky.*|AlmaLinux.*|Oracle.*Linux.*|SLES.*|[Oo]penSUSE.*|SUSE.*) doesn't match os name Hadron Linux dracut-111 (Initramfs)' stage name: Extra binds for specific distros.Extra layout configuration for active/passive mode
Sep 15 15:21:06.138030 localhost immucore[634]: 2026-09-15T15:21:06Z INF Done executing stage 'rootfs'
Sep 15 15:21:06.138030 localhost immucore[634]: 
Sep 15 15:21:06.138030 localhost immucore[634]: 2026-09-15T15:21:06Z INF Running stage: rootfs.after
Sep 15 15:21:06.138030 localhost immucore[634]: 
Sep 15 15:21:06.138030 localhost immucore[634]: 2026-09-15T15:21:06Z DBG Generating op for stage 'Rootfs Layout Settings.add custom bind and ephemeral mounts to /run/cos/cos-layout.env'
Sep 15 15:21:06.138030 localhost immucore[634]: 2026-09-15T15:21:06Z DBG Generating op for stage 'Rootfs Layout Settings.Grow persistent'
Sep 15 15:21:06.138030 localhost immucore[634]: 2026-09-15T15:21:06Z DBG Reading '/system/oem/00_rootfs.yaml'
Sep 15 15:21:06.138030 localhost immucore[634]: 2026-09-15T15:21:06Z DBG Executing stage 'Rootfs Layout Settings.add custom bind and ephemeral mounts to /run/cos/cos-layout.env'
Sep 15 15:21:05.949640 localhost kairos-immucore[634]: 
[0;90m
[0;38:5:245m
[0;1;31m
[0;90m
[0;38:5:245mCreating parent directories
Sep 15 15:21:06.192160 localhost immucore[634]: 2026-09-15T15:21:06Z WRN (conditional) Skip 'Skipping stage (if statement error: failed to run [ -r /run/cos/custom-layout.env ] && [ ! -f "/run/cos/recovery_mode" ] && [ ! -f /run/cos/live_mode ]: exit status 1)' stage name: Rootfs Layout Settings.add custom bind and ephemeral mounts to /run/cos/cos-layout.env
Sep 15 15:21:06.192160 localhost immucore[634]: 2026-09-15T15:21:06Z DBG Reading '/system/oem/00_rootfs.yaml'
Sep 15 15:21:06.192160 localhost immucore[634]: 2026-09-15T15:21:06Z DBG Executing stage 'Rootfs Layout Settings.Grow persistent'
Sep 15 15:21:06.192160 localhost immucore[634]: 2026-09-15T15:21:06Z DBG If statement result
Sep 15 15:21:06.192160 localhost immucore[634]: 2026-09-15T15:21:06Z INF Processing stage step 'Rootfs Layout Settings.Grow persistent'. ( commands: 0, files: 0, ... )
Sep 15 15:21:06.192160 localhost immucore[634]: 2026-09-15T15:21:06Z DBG Stage: schema.Stage{
Sep 15 15:21:06.192160 localhost immucore[634]:   If: "[ ! -f /run/cos/recovery_mode ] && [ ! -f /run/cos/live_mode ]",
Sep 15 15:21:06.192160 localhost immucore[634]:   Name: "Grow persistent",
Sep 15 15:21:06.192160 localhost immucore[634]:   Layout: schema.Layout{
Sep 15 15:21:06.192160 localhost immucore[634]:     Device: &schema.Device{
Sep 15 15:21:06.192160 localhost immucore[634]:       Label: "COS_PERSISTENT",
Sep 15 15:21:06.192160 localhost immucore[634]:     },
Sep 15 15:21:06.192160 localhost immucore[634]:     Expand: &schema.Expand{},
Sep 15 15:21:06.192160 localhost immucore[634]:   },
Sep 15 15:21:06.192160 localhost immucore[634]: }
Sep 15 15:21:06.192160 localhost immucore[634]: 2026-09-15T15:21:06Z INF Running layout plugin
Sep 15 15:21:06.192160 localhost immucore[634]: 2026-09-15T15:21:06Z DBG Checking layout device information
Sep 15 15:21:06.192160 localhost immucore[634]: 2026-09-15T15:21:06Z DBG Using label COS_PERSISTENT for layout expansion
Sep 15 15:21:06.192160 localhost immucore[634]: Deriving parent disk for block device /dev/vda2
Sep 15 15:21:06.192160 localhost immucore[634]: Deriving parent disk for block device /sys/class/block/vda2
Sep 15 15:21:06.192160 localhost immucore[634]: 2026-09-15T15:21:06Z DBG Checking for free space on device /dev/vda
Sep 15 15:21:06.192160 localhost immucore[634]: 2026-09-15T15:21:06Z DBG Checking if more than a partition is marked as bootable on device /dev/vda
Sep 15 15:21:06.192160 localhost immucore[634]: 2026-09-15T15:21:06Z DBG Verifying and repairing headers on device /dev/vda
Sep 15 15:21:06.192160 localhost immucore[634]: 2026-09-15T15:21:06Z DBG Going over the partition layout to create partitions on device /dev/vda
Sep 15 15:21:06.192160 localhost immucore[634]: 2026-09-15T15:21:06Z DBG No partitions to add, skipping
Sep 15 15:21:06.192160 localhost immucore[634]: 2026-09-15T15:21:06Z DBG Checking for layout expansion on device /dev/vda
Sep 15 15:21:06.192160 localhost immucore[634]: 2026-09-15T15:21:06Z DBG Extending last partition to max space
Sep 15 15:21:05.949651 localhost kairos-immucore[634]: 
[0;90m
[0;38:5:245m
[0;1;31m
[0;90m
[0;38:5:245mAdding execution bit to parent directory
Sep 15 15:21:06.262891 localhost immucore[634]: 2026-09-15T15:21:06Z ERR requested size is less than or equal to current partition size (requested 4225761280 sectors, current 4225761280 sectors)
Sep 15 15:21:06.262891 localhost immucore[634]: 2026-09-15T15:21:06Z ERR Error on file /system/oem/00_rootfs.yaml on stage Grow persistent: requested size is less than or equal to current partition size (requested 4225761280 sectors, current 4225761280 sectors)
Sep 15 15:21:06.262891 localhost immucore[634]: 2026-09-15T15:21:06Z INF Done executing stage 'rootfs.after'
Sep 15 15:21:06.262891 localhost immucore[634]: 
Sep 15 15:21:06.262891 localhost immucore[634]: 2026-09-15T15:21:06Z INF Running stage: rootfs.before
Sep 15 15:21:06.262891 localhost immucore[634]: 
Sep 15 15:21:06.262891 localhost immucore[634]: 2026-09-15T15:21:06Z INF Done executing stage 'rootfs.before'
Sep 15 15:21:06.262891 localhost immucore[634]: 
Sep 15 15:21:06.262891 localhost immucore[634]: 2026-09-15T15:21:06Z INF Running stage: rootfs
Sep 15 15:21:06.262891 localhost immucore[634]: 
Sep 15 15:21:06.262891 localhost immucore[634]: 2026-09-15T15:21:06Z INF Done executing stage 'rootfs'
Sep 15 15:21:06.262891 localhost immucore[634]: 
Sep 15 15:21:06.262891 localhost immucore[634]: 2026-09-15T15:21:06Z INF Running stage: rootfs.after
Sep 15 15:21:06.262891 localhost immucore[634]: 
Sep 15 15:21:06.262891 localhost immucore[634]: 2026-09-15T15:21:06Z INF Done executing stage 'rootfs.after'
Sep 15 15:21:06.262891 localhost immucore[634]: 
Sep 15 15:21:06.262891 localhost immucore[634]: 2026-09-15T15:21:06Z DBG No extra env from /run/cos/extra-layout.env
Sep 15 15:21:06.262891 localhost immucore[634]: 2026-09-15T15:21:06Z DBG Mounting custom mounts mounts={"/dev/disk/by-label/COS_PERSISTENT":"/usr/local"}
Sep 15 15:21:06.262891 localhost immucore[634]: 2026-09-15T15:21:06Z DBG Custom mount start what=/dev/disk/by-label/COS_PERSISTENT where=/usr/local
Sep 15 15:21:06.262891 localhost immucore[634]: 2026-09-15T15:21:06Z DBG Cleaning for sysroot new=/run/overlay old=/run/overlay
Sep 15 15:21:06.262891 localhost immucore[634]: 2026-09-15T15:21:06Z DBG mount ready options=["size=25%"] type=tmpfs what=tmpfs where=/run/overlay
Sep 15 15:21:06.262891 localhost immucore[634]: 2026-09-15T15:21:06Z DBG Resolved label to concrete device path label=COS_PERSISTENT resolved=/dev/vda2
Sep 15 15:21:06.262891 localhost immucore[634]: 2026-09-15T15:21:06Z DBG Getting disk type for device device=/dev/vda2
Sep 15 15:21:06.262891 localhost immucore[634]: 2026-09-15T15:21:06Z DBG Partition FS type type=ext4 what=/dev/vda2
Sep 15 15:21:05.949669 localhost kairos-immucore[634]: 
[0;90m
[0;38:5:245m
[0;1;31m
[0;90m
[0;38:5:245mCreating directory /oem/95_userdata
Sep 15 15:21:05.951411 localhost kairos-immucore[634]: 
[0;90m
[0;38:5:245m
[0;1;31m
[0;90m
[0;38:5:245mCreating file /oem/95_userdata/userdata.yaml
Sep 15 15:21:05.952291 localhost kairos-immucore[634]: Running layout plugin
Sep 15 15:21:05.952319 localhost kairos-immucore[634]: 
[0;90m
[0;38:5:245m
[0;1;31m
[0;90m
[0;38:5:245mDevice field empty, skipping layout plugin
Sep 15 15:21:05.952457 localhost kairos-immucore[634]: 
[0;90m
[0;38:5:245m
[0;1;31m
[0;90m
[0;38:5:245mReading '/system/oem/00_datasource.yaml'
Sep 15 15:21:05.952479 localhost kairos-immucore[634]: 
[0;90m
[0;38:5:245m
[0;1;31m
[0;90m
[0;38:5:245mExecuting stage 'Datasource handling.Sentinel file for userdata'
Sep 15 15:21:05.953859 localhost kairos-immucore[634]: 
[0;1;33m
[0;1;38:5:185m
[0;1;39m
[0;1;33m
[0;1;38:5:185m(conditional) Skip 'Skipping stage (if statement error: failed to run [ ! -e /oem/95_userdata ]: exit status 1)' stage name: Datasource handling.Sentinel file for userdata
Sep 15 15:21:05.954908 localhost kairos-immucore[634]: Done executing stage 'rootfs.before'
Sep 15 15:21:05.954932 localhost kairos-immucore[634]: Running stage: rootfs
Sep 15 15:21:05.955433 localhost kairos-immucore[634]: 
[0;90m
[0;38:5:245m
[0;1;31m
[0;90m
[0;38:5:245mGenerating op for stage 'Rootfs Layout Settings.Layout configuration for active/passive mode'
Sep 15 15:21:05.955456 localhost kairos-immucore[634]: 
[0;90m
[0;38:5:245m
[0;1;31m
[0;90m
[0;38:5:245mGenerating op for stage 'Rootfs Layout Settings.Layout configuration for recovery/autoreset mode'
Sep 15 15:21:05.955470 localhost kairos-immucore[634]: 
[0;90m
[0;38:5:245m
[0;1;31m
[0;90m
[0;38:5:245mGenerating op for stage 'Rootfs Layout Settings.Layout configuration for UKI installer'
Sep 15 15:21:05.955483 localhost kairos-immucore[634]: 
[0;90m
[0;38:5:245m
[0;1;31m
[0;90m
[0;38:5:245mGenerating op for stage 'Rootfs Layout Settings.Mask the commit service to avoid systemd messing with machine-id'
Sep 15 15:21:05.955552 localhost kairos-immucore[634]: 
[0;90m
[0;38:5:245m
[0;1;31m
[0;90m
[0;38:5:245mGenerating op for stage 'Extra binds for specific distros.Extra layout configuration for active/passive mode (Ubuntu/Debian)'
Sep 15 15:21:05.955566 localhost kairos-immucore[634]: 
[0;90m
[0;38:5:245m
[0;1;31m
[0;90m
[0;38:5:245mGenerating op for stage 'Extra binds for specific distros.Extra layout configuration for active/passive mode'
Sep 15 15:21:05.961625 localhost kairos-immucore[634]: 
[0;90m
[0;38:5:245m
[0;1;31m
[0;90m
[0;38:5:245mReading '/system/oem/00_rootfs.yaml'
Sep 15 15:21:05.961735 localhost kairos-immucore[634]: 
[0;90m
[0;38:5:245m
[0;1;31m
[0;90m
[0;38:5:245mExecuting stage 'Rootfs Layout Settings.Layout configuration for active/passive mode'
Sep 15 15:21:05.962959 localhost kairos-immucore[634]: 
[0;90m
[0;38:5:245m
[0;1;31m
[0;90m
[0;38:5:245mIf statement result 
Sep 15 15:21:05.962993 localhost kairos-immucore[634]: Processing stage step 'Rootfs Layout Settings.Layout configuration for active/passive mode'. ( commands: 0, files: 0, ... )
Sep 15 15:21:05.963059 localhost kairos-immucore[634]: 
[0;90m
[0;38:5:245m
[0;1;31m
[0;90m
[0;38:5:245mStage: schema.Stage{
                                                       
[0;90m
[0;38:5:245m  If: "[ ! -e \"/run/cos/recovery_mode\" ] && [ ! -e \"/run/cos/autoreset_mode\" ] && [ ! -e \"/run/cos/uki_install_mode\" ]",
                                                       
[0;90m
[0;38:5:245m  Name: "Layout configuration for active/passive mode",
                                                       
[0;90m
[0;38:5:245m  Environment: map[string]string{
                                                       
[0;90m
[0;38:5:245m    "OVERLAY": "tmpfs:25%",
                                                       
[0;90m
[0;38:5:245m    "PERSISTENT_STATE_PATHS": "/etc/cni /etc/init.d /etc/iscsi /etc/k0s /etc/kubernetes /etc/modprobe.d /etc/pwx /etc/rancher /etc/runlevels /etc/ssh /etc/ssl/certs /etc/sysconfig /etc/systemd /etc/zfs /home /opt /root /usr/libexec /var/cores /var/lib/ca-certificates /var/lib/cni /var/lib/containerd /var/lib/calico /var/lib/dbus /var/lib/etcd /var/lib/extensions /var/lib/confexts /var/lib/k0s /var/lib/kubelet /var/lib/longhorn /var/lib/osd /var/lib/rancher /var/lib/rook /var/lib/tailscale /var/lib/wicked /var/lib/kairos /var/log",
                                                       
[0;90m
[0;38:5:245m    "RW_PATHS": "/var /etc /srv",
                                                       
[0;90m
[0;38:5:245m    "VOLUMES": "LABEL=COS_PERSISTENT:/usr/local",
                                                       
[0;90m
[0;38:5:245m  },
                                                       
[0;90m
[0;38:5:245m  EnvironmentFile: "/run/cos/cos-layout.env",
                                                       
[0;90m
[0;38:5:245m}
Sep 15 15:21:05.963883 localhost kairos-immucore[634]: Running layout plugin
Sep 15 15:21:05.963975 localhost kairos-immucore[634]: 
[0;90m
[0;38:5:245m
[0;1;31m
[0;90m
[0;38:5:245mDevice field empty, skipping layout plugin
Sep 15 15:21:05.964153 localhost kairos-immucore[634]: 
[0;90m
[0;38:5:245m
[0;1;31m
[0;90m
[0;38:5:245mReading '/system/oem/00_rootfs.yaml'
Sep 15 15:21:05.964176 localhost kairos-immucore[634]: 
[0;90m
[0;38:5:245m
[0;1;31m
[0;90m
[0;38:5:245mExecuting stage 'Rootfs Layout Settings.Layout configuration for recovery/autoreset mode'
Sep 15 15:21:05.965295 localhost kairos-immucore[634]: 
[0;1;33m
[0;1;38:5:185m
[0;1;39m
[0;1;33m
[0;1;38:5:185m(conditional) Skip 'Skipping stage (if statement error: failed to run [ -e "/run/cos/recovery_mode" ] || [ -e "/run/cos/autoreset_mode" ]: exit status 1)' stage name: Rootfs Layout Settings.Layout configuration for recovery/autoreset mode
Sep 15 15:21:05.965447 localhost kairos-immucore[634]: 
[0;90m
[0;38:5:245m
[0;1;31m
[0;90m
[0;38:5:245mReading '/system/oem/00_rootfs.yaml'
Sep 15 15:21:05.965474 localhost kairos-immucore[634]: 
[0;90m
[0;38:5:245m
[0;1;31m
[0;90m
[0;38:5:245mExecuting stage 'Rootfs Layout Settings.Layout configuration for UKI installer'
Sep 15 15:21:05.966203 localhost kairos-immucore[634]: 
[0;1;33m
[0;1;38:5:185m
[0;1;39m
[0;1;33m
[0;1;38:5:185m(conditional) Skip 'Skipping stage (if statement error: failed to run [ -e "/run/cos/uki_install_mode" ]: exit status 1)' stage name: Rootfs Layout Settings.Layout configuration for UKI installer
Sep 15 15:21:05.966331 localhost kairos-immucore[634]: 
[0;90m
[0;38:5:245m
[0;1;31m
[0;90m
[0;38:5:245mReading '/system/oem/00_rootfs.yaml'
Sep 15 15:21:05.966399 localhost kairos-immucore[634]: 
[0;90m
[0;38:5:245m
[0;1;31m
[0;90m
[0;38:5:245mExecuting stage 'Rootfs Layout Settings.Mask the commit service to avoid systemd messing with machine-id'
Sep 15 15:21:05.966429 localhost kairos-immucore[634]: 
[0;90m
[0;38:5:245m
[0;1;31m
[0;90m
[0;38:5:245mFound systemd at /bin/systemctl
Sep 15 15:21:05.966464 localhost kairos-immucore[634]: Processing stage step 'Rootfs Layout Settings.Mask the commit service to avoid systemd messing with machine-id'. ( commands: 0, files: 0, ... )
Sep 15 15:21:05.966504 localhost kairos-immucore[634]: 
[0;90m
[0;38:5:245m
[0;1;31m
[0;90m
[0;38:5:245mStage: schema.Stage{
                                                       
[0;90m
[0;38:5:245m  Name: "Mask the commit service to avoid systemd messing with machine-id",
                                                       
[0;90m
[0;38:5:245m  Systemctl: schema.Systemctl{
                                                       
[0;90m
[0;38:5:245m    Mask: []string{
                                                       
[0;90m
[0;38:5:245m      "systemd-machine-id-commit.service",
                                                       
[0;90m
[0;38:5:245m    },
                                                       
[0;90m
[0;38:5:245m  },
                                                       
[0;90m
[0;38:5:245m  OnlyIfServiceManager: "systemd",
                                                       
[0;90m
[0;38:5:245m}
Sep 15 15:21:05.971695 localhost systemd[1]: 
[0;1;39m
[0;1;31m
[0;1;39mReload requested from client PID 836 ('systemctl') (unit immucore.service)...
Sep 15 15:21:05.971706 localhost systemd[1]: Reloading...
Sep 15 15:21:06.016293 localhost (gene[845]: 
[0;1;31m
[0;1;39m
[0;1;31m'/usr/lib/systemd/system-generators/dracut-crypt-generator' failed with exit status 2.
Sep 15 15:21:06.097185 localhost systemd[1]: Reloading finished in 125 ms.
Sep 15 15:21:06.110832 localhost kairos-immucore[634]: Running layout plugin
Sep 15 15:21:06.110872 localhost kairos-immucore[634]: 
[0;90m
[0;38:5:245m
[0;1;31m
[0;90m
[0;38:5:245mDevice field empty, skipping layout plugin
Sep 15 15:21:06.110931 localhost kairos-immucore[634]: 
[0;90m
[0;38:5:245m
[0;1;31m
[0;90m
[0;38:5:245mReading '/system/oem/01_extra_binds.yaml'
Sep 15 15:21:06.110949 localhost kairos-immucore[634]: 
[0;90m
[0;38:5:245m
[0;1;31m
[0;90m
[0;38:5:245mExecuting stage 'Extra binds for specific distros.Extra layout configuration for active/passive mode (Ubuntu/Debian)'
Sep 15 15:21:06.112427 localhost kairos-immucore[634]: 
[0;90m
[0;38:5:245m
[0;1;31m
[0;90m
[0;38:5:245mIf statement result 
Sep 15 15:21:06.114059 localhost kairos-immucore[634]: 
[0;1;33m
[0;1;38:5:185m
[0;1;39m
[0;1;33m
[0;1;38:5:185m(conditional) Skip 'OnlyIfOs regex (Ubuntu.*|Debian.*) doesn't match os name Hadron Linux dracut-111 (Initramfs)' stage name: Extra binds for specific distros.Extra layout configuration for active/passive mode (Ubuntu/Debian)
Sep 15 15:21:06.114293 localhost kairos-immucore[634]: 
[0;90m
[0;38:5:245m
[0;1;31m
[0;90m
[0;38:5:245mReading '/system/oem/01_extra_binds.yaml'
Sep 15 15:21:06.114394 localhost kairos-immucore[634]: 
[0;90m
[0;38:5:245m
[0;1;31m
[0;90m
[0;38:5:245mExecuting stage 'Extra binds for specific distros.Extra layout configuration for active/passive mode'
Sep 15 15:21:06.116793 localhost kairos-immucore[634]: 
[0;90m
[0;38:5:245m
[0;1;31m
[0;90m
[0;38:5:245mIf statement result 
Sep 15 15:21:06.118413 localhost kairos-immucore[634]: 
[0;1;33m
[0;1;38:5:185m
[0;1;39m
[0;1;33m
[0;1;38:5:185m(conditional) Skip 'OnlyIfOs regex (Red.*Hat.*|CentOS.*|Fedora.*|Rocky.*|AlmaLinux.*|Oracle.*Linux.*|SLES.*|[Oo]penSUSE.*|SUSE.*) doesn't match os name Hadron Linux dracut-111 (Initramfs)' stage name: Extra binds for specific distros.Extra layout configuration for active/passive mode
Sep 15 15:21:06.118828 localhost kairos-immucore[634]: Done executing stage 'rootfs'
Sep 15 15:21:06.118851 localhost kairos-immucore[634]: Running stage: rootfs.after
Sep 15 15:21:06.120917 localhost kairos-immucore[634]: 
[0;90m
[0;38:5:245m
[0;1;31m
[0;90m
[0;38:5:245mGenerating op for stage 'Rootfs Layout Settings.add custom bind and ephemeral mounts to /run/cos/cos-layout.env'
Sep 15 15:21:06.121001 localhost kairos-immucore[634]: 
[0;90m
[0;38:5:245m
[0;1;31m
[0;90m
[0;38:5:245mGenerating op for stage 'Rootfs Layout Settings.Grow persistent'
Sep 15 15:21:06.123775 localhost kairos-immucore[634]: 
[0;90m
[0;38:5:245m
[0;1;31m
[0;90m
[0;38:5:245mReading '/system/oem/00_rootfs.yaml'
Sep 15 15:21:06.123799 localhost kairos-immucore[634]: 
[0;90m
[0;38:5:245m
[0;1;31m
[0;90m
[0;38:5:245mExecuting stage 'Rootfs Layout Settings.add custom bind and ephemeral mounts to /run/cos/cos-layout.env'
Sep 15 15:21:06.125292 localhost kairos-immucore[634]: 
[0;1;33m
[0;1;38:5:185m
[0;1;39m
[0;1;33m
[0;1;38:5:185m(conditional) Skip 'Skipping stage (if statement error: failed to run [ -r /run/cos/custom-layout.env ] && [ ! -f "/run/cos/recovery_mode" ] && [ ! -f /run/cos/live_mode ]: exit status 1)' stage name: Rootfs Layout Settings.add custom bind and ephemeral mounts to /run/cos/cos-layout.env
Sep 15 15:21:06.125440 localhost kairos-immucore[634]: 
[0;90m
[0;38:5:245m
[0;1;31m
[0;90m
[0;38:5:245mReading '/system/oem/00_rootfs.yaml'
Sep 15 15:21:06.125461 localhost kairos-immucore[634]: 
[0;90m
[0;38:5:245m
[0;1;31m
[0;90m
[0;38:5:245mExecuting stage 'Rootfs Layout Settings.Grow persistent'
Sep 15 15:21:06.126419 localhost kairos-immucore[634]: 
[0;90m
[0;38:5:245m
[0;1;31m
[0;90m
[0;38:5:245mIf statement result 
Sep 15 15:21:06.126442 localhost kairos-immucore[634]: Processing stage step 'Rootfs Layout Settings.Grow persistent'. ( commands: 0, files: 0, ... )
Sep 15 15:21:06.126486 localhost kairos-immucore[634]: 
[0;90m
[0;38:5:245m
[0;1;31m
[0;90m
[0;38:5:245mStage: schema.Stage{
                                                       
[0;90m
[0;38:5:245m  If: "[ ! -f /run/cos/recovery_mode ] && [ ! -f /run/cos/live_mode ]",
                                                       
[0;90m
[0;38:5:245m  Name: "Grow persistent",
                                                       
[0;90m
[0;38:5:245m  Layout: schema.Layout{
                                                       
[0;90m
[0;38:5:245m    Device: &schema.Device{
                                                       
[0;90m
[0;38:5:245m      Label: "COS_PERSISTENT",
                                                       
[0;90m
[0;38:5:245m    },
                                                       
[0;90m
[0;38:5:245m    Expand: &schema.Expand{},
                                                       
[0;90m
[0;38:5:245m  },
                                                       
[0;90m
[0;38:5:245m}
Sep 15 15:21:06.126645 localhost kairos-immucore[634]: Running layout plugin
Sep 15 15:21:06.126748 localhost kairos-immucore[634]: 
[0;90m
[0;38:5:245m
[0;1;31m
[0;90m
[0;38:5:245mChecking layout device information
Sep 15 15:21:06.126763 localhost kairos-immucore[634]: 
[0;90m
[0;38:5:245m
[0;1;31m
[0;90m
[0;38:5:245mUsing label COS_PERSISTENT for layout expansion
Sep 15 15:21:06.127417 localhost kairos-immucore[634]: 
[0;90m
[0;38:5:245m
[0;1;31m
[0;90m
[0;38:5:245mChecking for free space on device /dev/vda
Sep 15 15:21:06.127438 localhost kairos-immucore[634]: 
[0;90m
[0;38:5:245m
[0;1;31m
[0;90m
[0;38:5:245mChecking if more than a partition is marked as bootable on device /dev/vda
Sep 15 15:21:06.127451 localhost kairos-immucore[634]: 
[0;90m
[0;38:5:245m
[0;1;31m
[0;90m
[0;38:5:245mVerifying and repairing headers on device /dev/vda
Sep 15 15:21:06.127698 localhost kairos-immucore[634]: 
[0;90m
[0;38:5:245m
[0;1;31m
[0;90m
[0;38:5:245mGoing over the partition layout to create partitions on device /dev/vda
Sep 15 15:21:06.127719 localhost kairos-immucore[634]: 
[0;90m
[0;38:5:245m
[0;1;31m
[0;90m
[0;38:5:245mNo partitions to add, skipping
Sep 15 15:21:06.127731 localhost kairos-immucore[634]: 
[0;90m
[0;38:5:245m
[0;1;31m
[0;90m
[0;38:5:245mChecking for layout expansion on device /dev/vda
Sep 15 15:21:06.127752 localhost kairos-immucore[634]: 
[0;90m
[0;38:5:245m
[0;1;31m
[0;90m
[0;38:5:245mExtending last partition to max space
Sep 15 15:21:06.127813 localhost kairos-immucore[634]: 
[0;1;31m
[0;1;39m
[0;1;31mrequested size is less than or equal to current partition size (requested 4225761280 sectors, current 4225761280 sectors)
Sep 15 15:21:06.127827 localhost kairos-immucore[634]: 
[0;1;31m
[0;1;39m
[0;1;31mError on file /system/oem/00_rootfs.yaml on stage Grow persistent: requested size is less than or equal to current partition size (requested 4225761280 sectors, current 4225761280 sectors)
Sep 15 15:21:06.128139 localhost kairos-immucore[634]: Done executing stage 'rootfs.after'
Sep 15 15:21:06.128209 localhost kairos-immucore[634]: Running stage: rootfs.before
Sep 15 15:21:06.128435 localhost kairos-immucore[634]: Done executing stage 'rootfs.before'
Sep 15 15:21:06.128458 localhost kairos-immucore[634]: Running stage: rootfs
Sep 15 15:21:06.128558 localhost kairos-immucore[634]: Done executing stage 'rootfs'
Sep 15 15:21:06.128571 localhost kairos-immucore[634]: Running stage: rootfs.after
Sep 15 15:21:06.128648 localhost kairos-immucore[634]: Done executing stage 'rootfs.after'
Sep 15 15:21:06.129686 localhost kairos-immucore[634]: 
[0;90m
[0;38:5:245m
[0;1;31m
[0;90m
[0;38:5:245mNo extra env from /run/cos/extra-layout.env
Sep 15 15:21:06.130262 localhost kairos-immucore[634]: 
[0;90m
[0;38:5:245m
[0;1;31m
[0;90m
[0;38:5:245mMounting custom mounts
Sep 15 15:21:06.130290 localhost kairos-immucore[634]: 
[0;90m
[0;38:5:245m
[0;1;31m
[0;90m
[0;38:5:245mCustom mount start
Sep 15 15:21:06.130748 localhost kairos-immucore[634]: 
[0;90m
[0;38:5:245m
[0;1;31m
[0;90m
[0;38:5:245mCleaning for sysroot
Sep 15 15:21:06.131233 localhost kairos-immucore[634]: 
[0;90m
[0;38:5:245m
[0;1;31m
[0;90m
[0;38:5:245mmount ready
Sep 15 15:21:06.135325 localhost kairos-immucore[634]: 
[0;90m
[0;38:5:245m
[0;1;31m
[0;90m
[0;38:5:245mResolved label to concrete device path
Sep 15 15:21:06.135482 localhost kairos-immucore[634]: 
[0;90m
[0;38:5:245m
[0;1;31m
[0;90m
[0;38:5:245mGetting disk type for device
Sep 15 15:21:06.141603 localhost kairos-immucore[634]: 
[0;90m
[0;38:5:245m
[0;1;31m
[0;90m
[0;38:5:245mPartition FS type
Sep 15 15:21:07.142809 localhost kairos-immucore[634]: 
[0;90m
[0;38:5:245m
[0;1;31m
[0;90m
[0;38:5:245mCleaning for sysroot
Sep 15 15:21:07.142960 localhost kairos-immucore[634]: 
[0;90m
[0;38:5:245m
[0;1;31m
[0;90m
[0;38:5:245mfsck command
Sep 15 15:21:07.143429 localhost immucore[634]: 2026-09-15T15:21:07Z DBG Cleaning for sysroot new=/usr/local old=/sysroot/usr/local
Sep 15 15:21:07.143429 localhost immucore[634]: 2026-09-15T15:21:07Z DBG fsck command cmd="fsck /dev/vda2 -a"
Sep 15 15:21:07.152698 localhost kairos-immucore[634]: 
[0;90m
[0;38:5:245m
[0;1;31m
[0;90m
[0;38:5:245mmount ready
Sep 15 15:21:07.152783 localhost immucore[634]: 2026-09-15T15:21:07Z DBG mount ready options=["rw"] type=ext4 what=/dev/vda2 where=/sysroot/usr/local
Sep 15 15:21:07.192148 localhost kernel: EXT4-fs (vda2): mounted filesystem 28e6baff-fa14-4f19-9607-540797a6d444 r/w with ordered data mode. Quota mode: none.
Sep 15 15:21:07.194823 localhost kairos-immucore[634]: mount done
Sep 15 15:21:07.194883 localhost kairos-immucore[634]: 
[0;90m
[0;38:5:245m
[0;1;31m
[0;90m
[0;38:5:245mCustom mount done
Sep 15 15:21:07.194995 localhost immucore[634]: 2026-09-15T15:21:07Z INF mount done options=["rw"] type=ext4 what=/dev/vda2 where=/sysroot/usr/local
Sep 15 15:21:07.194995 localhost immucore[634]: 2026-09-15T15:21:07Z DBG Custom mount done what=/dev/disk/by-label/COS_PERSISTENT where=/usr/local
Sep 15 15:21:07.194995 localhost immucore[634]: 2026-09-15T15:21:07Z WRN
Sep 15 15:21:07.194908 localhost kairos-immucore[634]: 
Sep 15 15:21:07.203283 localhost immucore[634]: 2026-09-15T15:21:07Z DBG Mounting overlays dirs=["/var","/etc","/srv"]
Sep 15 15:21:07.203283 localhost immucore[634]: 2026-09-15T15:21:07Z DBG Overlay mount start what=/var
Sep 15 15:21:07.203283 localhost immucore[634]: 2026-09-15T15:21:07Z DBG Cleaning for sysroot new=/var old=/sysroot/var
Sep 15 15:21:07.203283 localhost immucore[634]: 2026-09-15T15:21:07Z DBG mount ready options=["lowerdir=/sysroot/var","upperdir=/run/overlay/var/.overlay/upper","workdir=/run/overlay/var/.overlay/work"] type=overlay what=overlay where=/sysroot/var
Sep 15 15:21:07.203283 localhost immucore[634]: 2026-09-15T15:21:07Z DBG Overlay mount done what=/var
Sep 15 15:21:07.203283 localhost immucore[634]: 2026-09-15T15:21:07Z DBG Overlay mount start what=/etc
Sep 15 15:21:07.203283 localhost immucore[634]: 2026-09-15T15:21:07Z DBG Cleaning for sysroot new=/etc old=/sysroot/etc
Sep 15 15:21:07.203283 localhost immucore[634]: 2026-09-15T15:21:07Z DBG mount ready options=["lowerdir=/sysroot/etc","upperdir=/run/overlay/etc/.overlay/upper","workdir=/run/overlay/etc/.overlay/work"] type=overlay what=overlay where=/sysroot/etc
Sep 15 15:21:07.203283 localhost immucore[634]: 2026-09-15T15:21:07Z DBG Overlay mount done what=/etc
Sep 15 15:21:07.203283 localhost immucore[634]: 2026-09-15T15:21:07Z DBG Overlay mount start what=/srv
Sep 15 15:21:07.203283 localhost immucore[634]: 2026-09-15T15:21:07Z DBG Cleaning for sysroot new=/srv old=/sysroot/srv
Sep 15 15:21:07.203283 localhost immucore[634]: 2026-09-15T15:21:07Z DBG mount ready options=["lowerdir=/sysroot/srv","upperdir=/run/overlay/srv/.overlay/upper","workdir=/run/overlay/srv/.overlay/work"] type=overlay what=overlay where=/sysroot/srv
Sep 15 15:21:07.203283 localhost immucore[634]: 2026-09-15T15:21:07Z DBG Overlay mount done what=/srv
Sep 15 15:21:07.194995 localhost kairos-immucore[634]: 
[0;90m
[0;38:5:245m
[0;1;31m
[0;90m
[0;38:5:245mMounting overlays
Sep 15 15:21:07.242471 localhost immucore[634]: 2026-09-15T15:21:07Z DBG Mounting binds mounts=["/etc/cni","/etc/init.d","/etc/iscsi","/etc/k0s","/etc/kubernetes","/etc/modprobe.d","/etc/pwx","/etc/rancher","/etc/runlevels","/etc/ssh","/etc/ssl/certs","/etc/sysconfig","/etc/systemd","/etc/zfs","/home","/opt","/root","/usr/libexec","/var/cores","/var/lib/ca-certificates","/var/lib/cni","/var/lib/containerd","/var/lib/calico","/var/lib/dbus","/var/lib/etcd","/var/lib/extensions","/var/lib/confexts","/var/lib/k0s","/var/lib/kubelet","/var/lib/longhorn","/var/lib/osd","/var/lib/rancher","/var/lib/rook","/var/lib/tailscale","/var/lib/wicked","/var/lib/kairos","/var/log"]
Sep 15 15:21:07.242471 localhost immucore[634]: 2026-09-15T15:21:07Z DBG Bind mount start what=/home
Sep 15 15:21:07.242471 localhost immucore[634]: 2026-09-15T15:21:07Z DBG Bind mount what=/sysroot/usr/local/.state/home.bind where=/sysroot/home
Sep 15 15:21:07.242471 localhost immucore[634]: 2026-09-15T15:21:07Z DBG Cleaning for sysroot new=/home old=/home
Sep 15 15:21:07.242471 localhost immucore[634]: 2026-09-15T15:21:07Z DBG Cleaning for sysroot new=/usr/local/.state/home.bind old=/sysroot/usr/local/.state/home.bind
Sep 15 15:21:07.195011 localhost kairos-immucore[634]: 
[0;90m
[0;38:5:245m
[0;1;31m
[0;90m
[0;38:5:245mOverlay mount start
Sep 15 15:21:07.265990 localhost immucore[634]: 2026-09-15T15:21:07Z DBG mount ready options=["bind"] type=overlay what=/sysroot/usr/local/.state/home.bind where=/sysroot/home
Sep 15 15:21:07.265990 localhost immucore[634]: 2026-09-15T15:21:07Z DBG Bind mount end what=/home
Sep 15 15:21:07.265990 localhost immucore[634]: 2026-09-15T15:21:07Z DBG Bind mount start what=/opt
Sep 15 15:21:07.265990 localhost immucore[634]: 2026-09-15T15:21:07Z DBG Bind mount what=/sysroot/usr/local/.state/opt.bind where=/sysroot/opt
Sep 15 15:21:07.265990 localhost immucore[634]: 2026-09-15T15:21:07Z DBG Cleaning for sysroot new=/opt old=/opt
Sep 15 15:21:07.265990 localhost immucore[634]: 2026-09-15T15:21:07Z DBG Cleaning for sysroot new=/usr/local/.state/opt.bind old=/sysroot/usr/local/.state/opt.bind
Sep 15 15:21:07.195059 localhost kairos-immucore[634]: 
[0;90m
[0;38:5:245m
[0;1;31m
[0;90m
[0;38:5:245mCleaning for sysroot
Sep 15 15:21:07.195201 localhost kairos-immucore[634]: 
[0;90m
[0;38:5:245m
[0;1;31m
[0;90m
[0;38:5:245mmount ready
Sep 15 15:21:07.197892 localhost kairos-immucore[634]: 
[0;90m
[0;38:5:245m
[0;1;31m
[0;90m
[0;38:5:245mOverlay mount done
Sep 15 15:21:07.197997 localhost kairos-immucore[634]: 
[0;90m
[0;38:5:245m
[0;1;31m
[0;90m
[0;38:5:245mOverlay mount start
Sep 15 15:21:07.198168 localhost kairos-immucore[634]: 
[0;90m
[0;38:5:245m
[0;1;31m
[0;90m
[0;38:5:245mCleaning for sysroot
Sep 15 15:21:07.198394 localhost kairos-immucore[634]: 
[0;90m
[0;38:5:245m
[0;1;31m
[0;90m
[0;38:5:245mmount ready
Sep 15 15:21:07.199863 localhost kairos-immucore[634]: 
[0;90m
[0;38:5:245m
[0;1;31m
[0;90m
[0;38:5:245mOverlay mount done
Sep 15 15:21:07.200407 localhost kairos-immucore[634]: 
[0;90m
[0;38:5:245m
[0;1;31m
[0;90m
[0;38:5:245mOverlay mount start
Sep 15 15:21:07.200527 localhost kairos-immucore[634]: 
[0;90m
[0;38:5:245m
[0;1;31m
[0;90m
[0;38:5:245mCleaning for sysroot
Sep 15 15:21:07.200833 localhost kairos-immucore[634]: 
[0;90m
[0;38:5:245m
[0;1;31m
[0;90m
[0;38:5:245mmount ready
Sep 15 15:21:07.202344 localhost kairos-immucore[634]: 
[0;90m
[0;38:5:245m
[0;1;31m
[0;90m
[0;38:5:245mOverlay mount done
Sep 15 15:21:07.202616 localhost kairos-immucore[634]: 
[0;90m
[0;38:5:245m
[0;1;31m
[0;90m
[0;38:5:245mMounting binds
Sep 15 15:21:07.202756 localhost kairos-immucore[634]: 
[0;90m
[0;38:5:245m
[0;1;31m
[0;90m
[0;38:5:245mBind mount start
Sep 15 15:21:07.202851 localhost kairos-immucore[634]: 
[0;90m
[0;38:5:245m
[0;1;31m
[0;90m
[0;38:5:245mBind mount
Sep 15 15:21:07.202970 localhost kairos-immucore[634]: 
[0;90m
[0;38:5:245m
[0;1;31m
[0;90m
[0;38:5:245mCleaning for sysroot
Sep 15 15:21:07.203058 localhost kairos-immucore[634]: 
[0;90m
[0;38:5:245m
[0;1;31m
[0;90m
[0;38:5:245mCleaning for sysroot
Sep 15 15:21:07.247724 localhost kairos-immucore[634]: 
[0;90m
[0;38:5:245m
[0;1;31m
[0;90m
[0;38:5:245mmount ready
Sep 15 15:21:07.252360 localhost kairos-immucore[634]: 
[0;90m
[0;38:5:245m
[0;1;31m
[0;90m
[0;38:5:245mBind mount end
Sep 15 15:21:07.252407 localhost kairos-immucore[634]: 
[0;90m
[0;38:5:245m
[0;1;31m
[0;90m
[0;38:5:245mBind mount start
Sep 15 15:21:07.252429 localhost kairos-immucore[634]: 
[0;90m
[0;38:5:245m
[0;1;31m
[0;90m
[0;38:5:245mBind mount
Sep 15 15:21:07.252483 localhost kairos-immucore[634]: 
[0;90m
[0;38:5:245m
[0;1;31m
[0;90m
[0;38:5:245mCleaning for sysroot
Sep 15 15:21:07.252506 localhost kairos-immucore[634]: 
[0;90m
[0;38:5:245m
[0;1;31m
[0;90m
[0;38:5:245mCleaning for sysroot
Sep 15 15:21:07.296846 localhost kairos-immucore[634]: 
[0;90m
[0;38:5:245m
[0;1;31m
[0;90m
[0;38:5:245mmount ready
Sep 15 15:21:07.297268 localhost immucore[634]: 2026-09-15T15:21:07Z DBG mount ready options=["bind"] type=overlay what=/sysroot/usr/local/.state/opt.bind where=/sysroot/opt
Sep 15 15:21:07.301411 localhost kairos-immucore[634]: 
[0;90m
[0;38:5:245m
[0;1;31m
[0;90m
[0;38:5:245mBind mount end
Sep 15 15:21:07.301509 localhost kairos-immucore[634]: 
[0;90m
[0;38:5:245m
[0;1;31m
[0;90m
[0;38:5:245mBind mount start
Sep 15 15:21:07.301563 localhost immucore[634]: 2026-09-15T15:21:07Z DBG Bind mount end what=/opt
Sep 15 15:21:07.301563 localhost immucore[634]: 2026-09-15T15:21:07Z DBG Bind mount start what=/root
Sep 15 15:21:07.301563 localhost immucore[634]: 2026-09-15T15:21:07Z DBG Bind mount what=/sysroot/usr/local/.state/root.bind where=/sysroot/root
Sep 15 15:21:07.301531 localhost kairos-immucore[634]: 
[0;90m
[0;38:5:245m
[0;1;31m
[0;90m
[0;38:5:245mBind mount
Sep 15 15:21:07.309576 localhost immucore[634]: 2026-09-15T15:21:07Z DBG Cleaning for sysroot new=/root old=/root
Sep 15 15:21:07.309576 localhost immucore[634]: 2026-09-15T15:21:07Z DBG Cleaning for sysroot new=/usr/local/.state/root.bind old=/sysroot/usr/local/.state/root.bind
Sep 15 15:21:07.301588 localhost kairos-immucore[634]: 
[0;90m
[0;38:5:245m
[0;1;31m
[0;90m
[0;38:5:245mCleaning for sysroot
Sep 15 15:21:07.301608 localhost kairos-immucore[634]: 
[0;90m
[0;38:5:245m
[0;1;31m
[0;90m
[0;38:5:245mCleaning for sysroot
Sep 15 15:21:07.324549 localhost kairos-immucore[634]: 
[0;90m
[0;38:5:245m
[0;1;31m
[0;90m
[0;38:5:245mmount ready
Sep 15 15:21:07.324803 localhost immucore[634]: 2026-09-15T15:21:07Z DBG mount ready options=["bind"] type=overlay what=/sysroot/usr/local/.state/root.bind where=/sysroot/root
Sep 15 15:21:07.328526 localhost immucore[634]: 2026-09-15T15:21:07Z DBG Bind mount end what=/root
Sep 15 15:21:07.328526 localhost immucore[634]: 2026-09-15T15:21:07Z DBG Bind mount start what=/etc/cni
Sep 15 15:21:07.328526 localhost immucore[634]: 2026-09-15T15:21:07Z DBG Bind mount what=/sysroot/usr/local/.state/etc-cni.bind where=/sysroot/etc/cni
Sep 15 15:21:07.328526 localhost immucore[634]: 2026-09-15T15:21:07Z DBG Cleaning for sysroot new=/etc/cni old=/etc/cni
Sep 15 15:21:07.328526 localhost immucore[634]: 2026-09-15T15:21:07Z DBG Cleaning for sysroot new=/usr/local/.state/etc-cni.bind old=/sysroot/usr/local/.state/etc-cni.bind
Sep 15 15:21:07.327832 localhost kairos-immucore[634]: 
[0;90m
[0;38:5:245m
[0;1;31m
[0;90m
[0;38:5:245mBind mount end
Sep 15 15:21:07.327958 localhost kairos-immucore[634]: 
[0;90m
[0;38:5:245m
[0;1;31m
[0;90m
[0;38:5:245mBind mount start
Sep 15 15:21:07.328054 localhost kairos-immucore[634]: 
[0;90m
[0;38:5:245m
[0;1;31m
[0;90m
[0;38:5:245mBind mount
Sep 15 15:21:07.328229 localhost kairos-immucore[634]: 
[0;90m
[0;38:5:245m
[0;1;31m
[0;90m
[0;38:5:245mCleaning for sysroot
Sep 15 15:21:07.328298 localhost kairos-immucore[634]: 
[0;90m
[0;38:5:245m
[0;1;31m
[0;90m
[0;38:5:245mCleaning for sysroot
Sep 15 15:21:07.372840 localhost kairos-immucore[634]: 
[0;90m
[0;38:5:245m
[0;1;31m
[0;90m
[0;38:5:245mmount ready
Sep 15 15:21:07.373292 localhost immucore[634]: 2026-09-15T15:21:07Z DBG mount ready options=["bind"] type=overlay what=/sysroot/usr/local/.state/etc-cni.bind where=/sysroot/etc/cni
Sep 15 15:21:07.377361 localhost immucore[634]: 2026-09-15T15:21:07Z DBG Bind mount end what=/etc/cni
Sep 15 15:21:07.377361 localhost immucore[634]: 2026-09-15T15:21:07Z DBG Bind mount start what=/var/cores
Sep 15 15:21:07.377361 localhost immucore[634]: 2026-09-15T15:21:07Z DBG Bind mount what=/sysroot/usr/local/.state/var-cores.bind where=/sysroot/var/cores
Sep 15 15:21:07.377361 localhost immucore[634]: 2026-09-15T15:21:07Z DBG Cleaning for sysroot new=/var/cores old=/var/cores
Sep 15 15:21:07.377361 localhost immucore[634]: 2026-09-15T15:21:07Z DBG Cleaning for sysroot new=/usr/local/.state/var-cores.bind old=/sysroot/usr/local/.state/var-cores.bind
Sep 15 15:21:07.376624 localhost kairos-immucore[634]: 
[0;90m
[0;38:5:245m
[0;1;31m
[0;90m
[0;38:5:245mBind mount end
Sep 15 15:21:07.376724 localhost kairos-immucore[634]: 
[0;90m
[0;38:5:245m
[0;1;31m
[0;90m
[0;38:5:245mBind mount start
Sep 15 15:21:07.376821 localhost kairos-immucore[634]: 
[0;90m
[0;38:5:245m
[0;1;31m
[0;90m
[0;38:5:245mBind mount
Sep 15 15:21:07.376940 localhost kairos-immucore[634]: 
[0;90m
[0;38:5:245m
[0;1;31m
[0;90m
[0;38:5:245mCleaning for sysroot
Sep 15 15:21:07.377068 localhost kairos-immucore[634]: 
[0;90m
[0;38:5:245m
[0;1;31m
[0;90m
[0;38:5:245mCleaning for sysroot
Sep 15 15:21:07.419907 localhost kairos-immucore[634]: 
[0;90m
[0;38:5:245m
[0;1;31m
[0;90m
[0;38:5:245mmount ready
Sep 15 15:21:07.420055 localhost immucore[634]: 2026-09-15T15:21:07Z DBG mount ready options=["bind"] type=overlay what=/sysroot/usr/local/.state/var-cores.bind where=/sysroot/var/cores
Sep 15 15:21:07.423983 localhost immucore[634]: 2026-09-15T15:21:07Z DBG Bind mount end what=/var/cores
Sep 15 15:21:07.423983 localhost immucore[634]: 2026-09-15T15:21:07Z DBG Bind mount start what=/etc/init.d
Sep 15 15:21:07.423801 localhost kairos-immucore[634]: 
[0;90m
[0;38:5:245m
[0;1;31m
[0;90m
[0;38:5:245mBind mount end
Sep 15 15:21:07.428875 localhost immucore[634]: 2026-09-15T15:21:07Z DBG Bind mount what=/sysroot/usr/local/.state/etc-init.d.bind where=/sysroot/etc/init.d
Sep 15 15:21:07.428875 localhost immucore[634]: 2026-09-15T15:21:07Z DBG Cleaning for sysroot new=/etc/init.d old=/etc/init.d
Sep 15 15:21:07.428875 localhost immucore[634]: 2026-09-15T15:21:07Z DBG Cleaning for sysroot new=/usr/local/.state/etc-init.d.bind old=/sysroot/usr/local/.state/etc-init.d.bind
Sep 15 15:21:07.423924 localhost kairos-immucore[634]: 
[0;90m
[0;38:5:245m
[0;1;31m
[0;90m
[0;38:5:245mBind mount start
Sep 15 15:21:07.424026 localhost kairos-immucore[634]: 
[0;90m
[0;38:5:245m
[0;1;31m
[0;90m
[0;38:5:245mBind mount
Sep 15 15:21:07.424274 localhost kairos-immucore[634]: 
[0;90m
[0;38:5:245m
[0;1;31m
[0;90m
[0;38:5:245mCleaning for sysroot
Sep 15 15:21:07.424515 localhost kairos-immucore[634]: 
[0;90m
[0;38:5:245m
[0;1;31m
[0;90m
[0;38:5:245mCleaning for sysroot
Sep 15 15:21:07.467671 localhost kairos-immucore[634]: 
[0;90m
[0;38:5:245m
[0;1;31m
[0;90m
[0;38:5:245mmount ready
Sep 15 15:21:07.467803 localhost immucore[634]: 2026-09-15T15:21:07Z DBG mount ready options=["bind"] type=overlay what=/sysroot/usr/local/.state/etc-init.d.bind where=/sysroot/etc/init.d
Sep 15 15:21:07.471851 localhost kairos-immucore[634]: 
[0;90m
[0;38:5:245m
[0;1;31m
[0;90m
[0;38:5:245mBind mount end
Sep 15 15:21:07.471921 localhost kairos-immucore[634]: 
[0;90m
[0;38:5:245m
[0;1;31m
[0;90m
[0;38:5:245mBind mount start
Sep 15 15:21:07.471993 localhost immucore[634]: 2026-09-15T15:21:07Z DBG Bind mount end what=/etc/init.d
Sep 15 15:21:07.471993 localhost immucore[634]: 2026-09-15T15:21:07Z DBG Bind mount start what=/etc/iscsi
Sep 15 15:21:07.471993 localhost immucore[634]: 2026-09-15T15:21:07Z DBG Bind mount what=/sysroot/usr/local/.state/etc-iscsi.bind where=/sysroot/etc/iscsi
Sep 15 15:21:07.471943 localhost kairos-immucore[634]: 
[0;90m
[0;38:5:245m
[0;1;31m
[0;90m
[0;38:5:245mBind mount
Sep 15 15:21:07.480892 localhost immucore[634]: 2026-09-15T15:21:07Z DBG Cleaning for sysroot new=/etc/iscsi old=/etc/iscsi
Sep 15 15:21:07.480892 localhost immucore[634]: 2026-09-15T15:21:07Z DBG Cleaning for sysroot new=/usr/local/.state/etc-iscsi.bind old=/sysroot/usr/local/.state/etc-iscsi.bind
Sep 15 15:21:07.472001 localhost kairos-immucore[634]: 
[0;90m
[0;38:5:245m
[0;1;31m
[0;90m
[0;38:5:245mCleaning for sysroot
Sep 15 15:21:07.472049 localhost kairos-immucore[634]: 
[0;90m
[0;38:5:245m
[0;1;31m
[0;90m
[0;38:5:245mCleaning for sysroot
Sep 15 15:21:07.518284 localhost kairos-immucore[634]: 
[0;90m
[0;38:5:245m
[0;1;31m
[0;90m
[0;38:5:245mmount ready
Sep 15 15:21:07.518698 localhost immucore[634]: 2026-09-15T15:21:07Z DBG mount ready options=["bind"] type=overlay what=/sysroot/usr/local/.state/etc-iscsi.bind where=/sysroot/etc/iscsi
Sep 15 15:21:07.525211 localhost kairos-immucore[634]: 
[0;90m
[0;38:5:245m
[0;1;31m
[0;90m
[0;38:5:245mBind mount end
Sep 15 15:21:07.525453 localhost immucore[634]: 2026-09-15T15:21:07Z DBG Bind mount end what=/etc/iscsi
Sep 15 15:21:07.525453 localhost immucore[634]: 2026-09-15T15:21:07Z DBG Bind mount start what=/etc/k0s
Sep 15 15:21:07.525453 localhost immucore[634]: 2026-09-15T15:21:07Z DBG Bind mount what=/sysroot/usr/local/.state/etc-k0s.bind where=/sysroot/etc/k0s
Sep 15 15:21:07.525453 localhost immucore[634]: 2026-09-15T15:21:07Z DBG Cleaning for sysroot new=/etc/k0s old=/etc/k0s
Sep 15 15:21:07.525453 localhost immucore[634]: 2026-09-15T15:21:07Z DBG Cleaning for sysroot new=/usr/local/.state/etc-k0s.bind old=/sysroot/usr/local/.state/etc-k0s.bind
Sep 15 15:21:07.525271 localhost kairos-immucore[634]: 
[0;90m
[0;38:5:245m
[0;1;31m
[0;90m
[0;38:5:245mBind mount start
Sep 15 15:21:07.525290 localhost kairos-immucore[634]: 
[0;90m
[0;38:5:245m
[0;1;31m
[0;90m
[0;38:5:245mBind mount
Sep 15 15:21:07.525377 localhost kairos-immucore[634]: 
[0;90m
[0;38:5:245m
[0;1;31m
[0;90m
[0;38:5:245mCleaning for sysroot
Sep 15 15:21:07.525402 localhost kairos-immucore[634]: 
[0;90m
[0;38:5:245m
[0;1;31m
[0;90m
[0;38:5:245mCleaning for sysroot
Sep 15 15:21:07.569017 localhost kairos-immucore[634]: 
[0;90m
[0;38:5:245m
[0;1;31m
[0;90m
[0;38:5:245mmount ready
Sep 15 15:21:07.569229 localhost immucore[634]: 2026-09-15T15:21:07Z DBG mount ready options=["bind"] type=overlay what=/sysroot/usr/local/.state/etc-k0s.bind where=/sysroot/etc/k0s
Sep 15 15:21:07.574413 localhost kairos-immucore[634]: 
[0;90m
[0;38:5:245m
[0;1;31m
[0;90m
[0;38:5:245mBind mount end
Sep 15 15:21:07.574478 localhost kairos-immucore[634]: 
[0;90m
[0;38:5:245m
[0;1;31m
[0;90m
[0;38:5:245mBind mount start
Sep 15 15:21:07.574556 localhost immucore[634]: 2026-09-15T15:21:07Z DBG Bind mount end what=/etc/k0s
Sep 15 15:21:07.574556 localhost immucore[634]: 2026-09-15T15:21:07Z DBG Bind mount start what=/etc/kubernetes
Sep 15 15:21:07.574556 localhost immucore[634]: 2026-09-15T15:21:07Z DBG Bind mount what=/sysroot/usr/local/.state/etc-kubernetes.bind where=/sysroot/etc/kubernetes
Sep 15 15:21:07.574556 localhost immucore[634]: 2026-09-15T15:21:07Z DBG Cleaning for sysroot new=/etc/kubernetes old=/etc/kubernetes
Sep 15 15:21:07.574497 localhost kairos-immucore[634]: 
[0;90m
[0;38:5:245m
[0;1;31m
[0;90m
[0;38:5:245mBind mount
Sep 15 15:21:07.585818 localhost immucore[634]: 2026-09-15T15:21:07Z DBG Cleaning for sysroot new=/usr/local/.state/etc-kubernetes.bind old=/sysroot/usr/local/.state/etc-kubernetes.bind
Sep 15 15:21:07.574541 localhost kairos-immucore[634]: 
[0;90m
[0;38:5:245m
[0;1;31m
[0;90m
[0;38:5:245mCleaning for sysroot
Sep 15 15:21:07.574561 localhost kairos-immucore[634]: 
[0;90m
[0;38:5:245m
[0;1;31m
[0;90m
[0;38:5:245mCleaning for sysroot
Sep 15 15:21:07.597001 localhost kairos-immucore[634]: 
[0;90m
[0;38:5:245m
[0;1;31m
[0;90m
[0;38:5:245mmount ready
Sep 15 15:21:07.597197 localhost immucore[634]: 2026-09-15T15:21:07Z DBG mount ready options=["bind"] type=overlay what=/sysroot/usr/local/.state/etc-kubernetes.bind where=/sysroot/etc/kubernetes
Sep 15 15:21:07.601916 localhost kairos-immucore[634]: 
[0;90m
[0;38:5:245m
[0;1;31m
[0;90m
[0;38:5:245mBind mount end
Sep 15 15:21:07.602028 localhost immucore[634]: 2026-09-15T15:21:07Z DBG Bind mount end what=/etc/kubernetes
Sep 15 15:21:07.602028 localhost immucore[634]: 2026-09-15T15:21:07Z DBG Bind mount start what=/usr/libexec
Sep 15 15:21:07.602028 localhost immucore[634]: 2026-09-15T15:21:07Z DBG Bind mount what=/sysroot/usr/local/.state/usr-libexec.bind where=/sysroot/usr/libexec
Sep 15 15:21:07.601978 localhost kairos-immucore[634]: 
[0;90m
[0;38:5:245m
[0;1;31m
[0;90m
[0;38:5:245mBind mount start
Sep 15 15:21:07.611685 localhost immucore[634]: 2026-09-15T15:21:07Z DBG Cleaning for sysroot new=/usr/libexec old=/usr/libexec
Sep 15 15:21:07.611685 localhost immucore[634]: 2026-09-15T15:21:07Z DBG Cleaning for sysroot new=/usr/local/.state/usr-libexec.bind old=/sysroot/usr/local/.state/usr-libexec.bind
Sep 15 15:21:07.602002 localhost kairos-immucore[634]: 
[0;90m
[0;38:5:245m
[0;1;31m
[0;90m
[0;38:5:245mBind mount
Sep 15 15:21:07.602046 localhost kairos-immucore[634]: 
[0;90m
[0;38:5:245m
[0;1;31m
[0;90m
[0;38:5:245mCleaning for sysroot
Sep 15 15:21:07.602065 localhost kairos-immucore[634]: 
[0;90m
[0;38:5:245m
[0;1;31m
[0;90m
[0;38:5:245mCleaning for sysroot
Sep 15 15:21:07.655672 localhost kairos-immucore[634]: 
[0;90m
[0;38:5:245m
[0;1;31m
[0;90m
[0;38:5:245mmount ready
Sep 15 15:21:07.656505 localhost immucore[634]: 2026-09-15T15:21:07Z DBG mount ready options=["bind"] type=overlay what=/sysroot/usr/local/.state/usr-libexec.bind where=/sysroot/usr/libexec
Sep 15 15:21:07.663993 localhost kairos-immucore[634]: 
[0;90m
[0;38:5:245m
[0;1;31m
[0;90m
[0;38:5:245mBind mount end
Sep 15 15:21:07.664173 localhost kairos-immucore[634]: 
[0;90m
[0;38:5:245m
[0;1;31m
[0;90m
[0;38:5:245mBind mount start
Sep 15 15:21:07.664249 localhost immucore[634]: 2026-09-15T15:21:07Z DBG Bind mount end what=/usr/libexec
Sep 15 15:21:07.664249 localhost immucore[634]: 2026-09-15T15:21:07Z DBG Bind mount start what=/var/log
Sep 15 15:21:07.664249 localhost immucore[634]: 2026-09-15T15:21:07Z DBG Bind mount what=/sysroot/usr/local/.state/var-log.bind where=/sysroot/var/log
Sep 15 15:21:07.664226 localhost kairos-immucore[634]: 
[0;90m
[0;38:5:245m
[0;1;31m
[0;90m
[0;38:5:245mBind mount
Sep 15 15:21:07.673076 localhost immucore[634]: 2026-09-15T15:21:07Z DBG Cleaning for sysroot new=/var/log old=/var/log
Sep 15 15:21:07.673076 localhost immucore[634]: 2026-09-15T15:21:07Z DBG Cleaning for sysroot new=/usr/local/.state/var-log.bind old=/sysroot/usr/local/.state/var-log.bind
Sep 15 15:21:07.664355 localhost kairos-immucore[634]: 
[0;90m
[0;38:5:245m
[0;1;31m
[0;90m
[0;38:5:245mCleaning for sysroot
Sep 15 15:21:07.664445 localhost kairos-immucore[634]: 
[0;90m
[0;38:5:245m
[0;1;31m
[0;90m
[0;38:5:245mCleaning for sysroot
Sep 15 15:21:07.711391 localhost kairos-immucore[634]: 
[0;90m
[0;38:5:245m
[0;1;31m
[0;90m
[0;38:5:245mmount ready
Sep 15 15:21:07.712042 localhost immucore[634]: 2026-09-15T15:21:07Z DBG mount ready options=["bind"] type=overlay what=/sysroot/usr/local/.state/var-log.bind where=/sysroot/var/log
Sep 15 15:21:07.717733 localhost kairos-immucore[634]: 
[0;90m
[0;38:5:245m
[0;1;31m
[0;90m
[0;38:5:245mBind mount end
Sep 15 15:21:07.717813 localhost immucore[634]: 2026-09-15T15:21:07Z DBG Bind mount end what=/var/log
Sep 15 15:21:07.720357 localhost immucore[634]: 2026-09-15T15:21:07Z DBG Bind mount start what=/etc/modprobe.d
Sep 15 15:21:07.720357 localhost immucore[634]: 2026-09-15T15:21:07Z DBG Bind mount what=/sysroot/usr/local/.state/etc-modprobe.d.bind where=/sysroot/etc/modprobe.d
Sep 15 15:21:07.720357 localhost immucore[634]: 2026-09-15T15:21:07Z DBG Cleaning for sysroot new=/etc/modprobe.d old=/etc/modprobe.d
Sep 15 15:21:07.720357 localhost immucore[634]: 2026-09-15T15:21:07Z DBG Cleaning for sysroot new=/usr/local/.state/etc-modprobe.d.bind old=/sysroot/usr/local/.state/etc-modprobe.d.bind
Sep 15 15:21:07.717818 localhost kairos-immucore[634]: 
[0;90m
[0;38:5:245m
[0;1;31m
[0;90m
[0;38:5:245mBind mount start
Sep 15 15:21:07.717848 localhost kairos-immucore[634]: 
[0;90m
[0;38:5:245m
[0;1;31m
[0;90m
[0;38:5:245mBind mount
Sep 15 15:21:07.717913 localhost kairos-immucore[634]: 
[0;90m
[0;38:5:245m
[0;1;31m
[0;90m
[0;38:5:245mCleaning for sysroot
Sep 15 15:21:07.717938 localhost kairos-immucore[634]: 
[0;90m
[0;38:5:245m
[0;1;31m
[0;90m
[0;38:5:245mCleaning for sysroot
Sep 15 15:21:07.762582 localhost kairos-immucore[634]: 
[0;90m
[0;38:5:245m
[0;1;31m
[0;90m
[0;38:5:245mmount ready
Sep 15 15:21:07.762869 localhost immucore[634]: 2026-09-15T15:21:07Z DBG mount ready options=["bind"] type=overlay what=/sysroot/usr/local/.state/etc-modprobe.d.bind where=/sysroot/etc/modprobe.d
Sep 15 15:21:07.767190 localhost kairos-immucore[634]: 
[0;90m
[0;38:5:245m
[0;1;31m
[0;90m
[0;38:5:245mBind mount end
Sep 15 15:21:07.767452 localhost immucore[634]: 2026-09-15T15:21:07Z DBG Bind mount end what=/etc/modprobe.d
Sep 15 15:21:07.769949 localhost immucore[634]: 2026-09-15T15:21:07Z DBG Bind mount start what=/etc/pwx
Sep 15 15:21:07.769949 localhost immucore[634]: 2026-09-15T15:21:07Z DBG Bind mount what=/sysroot/usr/local/.state/etc-pwx.bind where=/sysroot/etc/pwx
Sep 15 15:21:07.769949 localhost immucore[634]: 2026-09-15T15:21:07Z DBG Cleaning for sysroot new=/etc/pwx old=/etc/pwx
Sep 15 15:21:07.769949 localhost immucore[634]: 2026-09-15T15:21:07Z DBG Cleaning for sysroot new=/usr/local/.state/etc-pwx.bind old=/sysroot/usr/local/.state/etc-pwx.bind
Sep 15 15:21:07.767521 localhost kairos-immucore[634]: 
[0;90m
[0;38:5:245m
[0;1;31m
[0;90m
[0;38:5:245mBind mount start
Sep 15 15:21:07.767629 localhost kairos-immucore[634]: 
[0;90m
[0;38:5:245m
[0;1;31m
[0;90m
[0;38:5:245mBind mount
Sep 15 15:21:07.767766 localhost kairos-immucore[634]: 
[0;90m
[0;38:5:245m
[0;1;31m
[0;90m
[0;38:5:245mCleaning for sysroot
Sep 15 15:21:07.767949 localhost kairos-immucore[634]: 
[0;90m
[0;38:5:245m
[0;1;31m
[0;90m
[0;38:5:245mCleaning for sysroot
Sep 15 15:21:07.791884 localhost kairos-immucore[634]: 
[0;90m
[0;38:5:245m
[0;1;31m
[0;90m
[0;38:5:245mmount ready
Sep 15 15:21:07.792488 localhost immucore[634]: 2026-09-15T15:21:07Z DBG mount ready options=["bind"] type=overlay what=/sysroot/usr/local/.state/etc-pwx.bind where=/sysroot/etc/pwx
Sep 15 15:21:07.798801 localhost kairos-immucore[634]: 
[0;90m
[0;38:5:245m
[0;1;31m
[0;90m
[0;38:5:245mBind mount end
Sep 15 15:21:07.798880 localhost kairos-immucore[634]: 
[0;90m
[0;38:5:245m
[0;1;31m
[0;90m
[0;38:5:245mBind mount start
Sep 15 15:21:07.798945 localhost immucore[634]: 2026-09-15T15:21:07Z DBG Bind mount end what=/etc/pwx
Sep 15 15:21:07.798945 localhost immucore[634]: 2026-09-15T15:21:07Z DBG Bind mount start what=/etc/rancher
Sep 15 15:21:07.798945 localhost immucore[634]: 2026-09-15T15:21:07Z DBG Bind mount what=/sysroot/usr/local/.state/etc-rancher.bind where=/sysroot/etc/rancher
Sep 15 15:21:07.798907 localhost kairos-immucore[634]: 
[0;90m
[0;38:5:245m
[0;1;31m
[0;90m
[0;38:5:245mBind mount
Sep 15 15:21:07.807224 localhost immucore[634]: 2026-09-15T15:21:07Z DBG Cleaning for sysroot new=/etc/rancher old=/etc/rancher
Sep 15 15:21:07.807224 localhost immucore[634]: 2026-09-15T15:21:07Z DBG Cleaning for sysroot new=/usr/local/.state/etc-rancher.bind old=/sysroot/usr/local/.state/etc-rancher.bind
Sep 15 15:21:07.798967 localhost kairos-immucore[634]: 
[0;90m
[0;38:5:245m
[0;1;31m
[0;90m
[0;38:5:245mCleaning for sysroot
Sep 15 15:21:07.798989 localhost kairos-immucore[634]: 
[0;90m
[0;38:5:245m
[0;1;31m
[0;90m
[0;38:5:245mCleaning for sysroot
Sep 15 15:21:07.841989 localhost kairos-immucore[634]: 
[0;90m
[0;38:5:245m
[0;1;31m
[0;90m
[0;38:5:245mmount ready
Sep 15 15:21:07.842271 localhost immucore[634]: 2026-09-15T15:21:07Z DBG mount ready options=["bind"] type=overlay what=/sysroot/usr/local/.state/etc-rancher.bind where=/sysroot/etc/rancher
Sep 15 15:21:07.846489 localhost kairos-immucore[634]: 
[0;90m
[0;38:5:245m
[0;1;31m
[0;90m
[0;38:5:245mBind mount end
Sep 15 15:21:07.846616 localhost kairos-immucore[634]: 
[0;90m
[0;38:5:245m
[0;1;31m
[0;90m
[0;38:5:245mBind mount start
Sep 15 15:21:07.846643 localhost immucore[634]: 2026-09-15T15:21:07Z DBG Bind mount end what=/etc/rancher
Sep 15 15:21:07.849210 localhost immucore[634]: 2026-09-15T15:21:07Z DBG Bind mount start what=/etc/runlevels
Sep 15 15:21:07.849210 localhost immucore[634]: 2026-09-15T15:21:07Z DBG Bind mount what=/sysroot/usr/local/.state/etc-runlevels.bind where=/sysroot/etc/runlevels
Sep 15 15:21:07.849210 localhost immucore[634]: 2026-09-15T15:21:07Z DBG Cleaning for sysroot new=/etc/runlevels old=/etc/runlevels
Sep 15 15:21:07.849210 localhost immucore[634]: 2026-09-15T15:21:07Z DBG Cleaning for sysroot new=/usr/local/.state/etc-runlevels.bind old=/sysroot/usr/local/.state/etc-runlevels.bind
Sep 15 15:21:07.846774 localhost kairos-immucore[634]: 
[0;90m
[0;38:5:245m
[0;1;31m
[0;90m
[0;38:5:245mBind mount
Sep 15 15:21:07.846950 localhost kairos-immucore[634]: 
[0;90m
[0;38:5:245m
[0;1;31m
[0;90m
[0;38:5:245mCleaning for sysroot
Sep 15 15:21:07.847154 localhost kairos-immucore[634]: 
[0;90m
[0;38:5:245m
[0;1;31m
[0;90m
[0;38:5:245mCleaning for sysroot
Sep 15 15:21:07.871594 localhost kairos-immucore[634]: 
[0;90m
[0;38:5:245m
[0;1;31m
[0;90m
[0;38:5:245mmount ready
Sep 15 15:21:07.871837 localhost immucore[634]: 2026-09-15T15:21:07Z DBG mount ready options=["bind"] type=overlay what=/sysroot/usr/local/.state/etc-runlevels.bind where=/sysroot/etc/runlevels
Sep 15 15:21:07.876033 localhost immucore[634]: 2026-09-15T15:21:07Z DBG Bind mount end what=/etc/runlevels
Sep 15 15:21:07.876033 localhost immucore[634]: 2026-09-15T15:21:07Z DBG Bind mount start what=/etc/ssh
Sep 15 15:21:07.876033 localhost immucore[634]: 2026-09-15T15:21:07Z DBG Bind mount what=/sysroot/usr/local/.state/etc-ssh.bind where=/sysroot/etc/ssh
Sep 15 15:21:07.876033 localhost immucore[634]: 2026-09-15T15:21:07Z DBG Cleaning for sysroot new=/etc/ssh old=/etc/ssh
Sep 15 15:21:07.876033 localhost immucore[634]: 2026-09-15T15:21:07Z DBG Cleaning for sysroot new=/usr/local/.state/etc-ssh.bind old=/sysroot/usr/local/.state/etc-ssh.bind
Sep 15 15:21:07.875081 localhost kairos-immucore[634]: 
[0;90m
[0;38:5:245m
[0;1;31m
[0;90m
[0;38:5:245mBind mount end
Sep 15 15:21:07.875268 localhost kairos-immucore[634]: 
[0;90m
[0;38:5:245m
[0;1;31m
[0;90m
[0;38:5:245mBind mount start
Sep 15 15:21:07.875394 localhost kairos-immucore[634]: 
[0;90m
[0;38:5:245m
[0;1;31m
[0;90m
[0;38:5:245mBind mount
Sep 15 15:21:07.875600 localhost kairos-immucore[634]: 
[0;90m
[0;38:5:245m
[0;1;31m
[0;90m
[0;38:5:245mCleaning for sysroot
Sep 15 15:21:07.875718 localhost kairos-immucore[634]: 
[0;90m
[0;38:5:245m
[0;1;31m
[0;90m
[0;38:5:245mCleaning for sysroot
Sep 15 15:21:07.922597 localhost kairos-immucore[634]: 
[0;90m
[0;38:5:245m
[0;1;31m
[0;90m
[0;38:5:245mmount ready
Sep 15 15:21:07.923218 localhost immucore[634]: 2026-09-15T15:21:07Z DBG mount ready options=["bind"] type=overlay what=/sysroot/usr/local/.state/etc-ssh.bind where=/sysroot/etc/ssh
Sep 15 15:21:07.927894 localhost kairos-immucore[634]: 
[0;90m
[0;38:5:245m
[0;1;31m
[0;90m
[0;38:5:245mBind mount end
Sep 15 15:21:07.928027 localhost immucore[634]: 2026-09-15T15:21:07Z DBG Bind mount end what=/etc/ssh
Sep 15 15:21:07.928027 localhost immucore[634]: 2026-09-15T15:21:07Z DBG Bind mount start what=/etc/sysconfig
Sep 15 15:21:07.928027 localhost immucore[634]: 2026-09-15T15:21:07Z DBG Bind mount what=/sysroot/usr/local/.state/etc-sysconfig.bind where=/sysroot/etc/sysconfig
Sep 15 15:21:07.927957 localhost kairos-immucore[634]: 
[0;90m
[0;38:5:245m
[0;1;31m
[0;90m
[0;38:5:245mBind mount start
Sep 15 15:21:07.936376 localhost immucore[634]: 2026-09-15T15:21:07Z DBG Cleaning for sysroot new=/etc/sysconfig old=/etc/sysconfig
Sep 15 15:21:07.936376 localhost immucore[634]: 2026-09-15T15:21:07Z DBG Cleaning for sysroot new=/usr/local/.state/etc-sysconfig.bind old=/sysroot/usr/local/.state/etc-sysconfig.bind
Sep 15 15:21:07.927977 localhost kairos-immucore[634]: 
[0;90m
[0;38:5:245m
[0;1;31m
[0;90m
[0;38:5:245mBind mount
Sep 15 15:21:07.928025 localhost kairos-immucore[634]: 
[0;90m
[0;38:5:245m
[0;1;31m
[0;90m
[0;38:5:245mCleaning for sysroot
Sep 15 15:21:07.928043 localhost kairos-immucore[634]: 
[0;90m
[0;38:5:245m
[0;1;31m
[0;90m
[0;38:5:245mCleaning for sysroot
Sep 15 15:21:07.970520 localhost kairos-immucore[634]: 
[0;90m
[0;38:5:245m
[0;1;31m
[0;90m
[0;38:5:245mmount ready
Sep 15 15:21:07.970658 localhost immucore[634]: 2026-09-15T15:21:07Z DBG mount ready options=["bind"] type=overlay what=/sysroot/usr/local/.state/etc-sysconfig.bind where=/sysroot/etc/sysconfig
Sep 15 15:21:07.974833 localhost immucore[634]: 2026-09-15T15:21:07Z DBG Bind mount end what=/etc/sysconfig
Sep 15 15:21:07.974833 localhost immucore[634]: 2026-09-15T15:21:07Z DBG Bind mount start what=/etc/systemd
Sep 15 15:21:07.974833 localhost immucore[634]: 2026-09-15T15:21:07Z DBG Bind mount what=/sysroot/usr/local/.state/etc-systemd.bind where=/sysroot/etc/systemd
Sep 15 15:21:07.974409 localhost kairos-immucore[634]: 
[0;90m
[0;38:5:245m
[0;1;31m
[0;90m
[0;38:5:245mBind mount end
Sep 15 15:21:07.983229 localhost immucore[634]: 2026-09-15T15:21:07Z DBG Cleaning for sysroot new=/etc/systemd old=/etc/systemd
Sep 15 15:21:07.983229 localhost immucore[634]: 2026-09-15T15:21:07Z DBG Cleaning for sysroot new=/usr/local/.state/etc-systemd.bind old=/sysroot/usr/local/.state/etc-systemd.bind
Sep 15 15:21:07.974599 localhost kairos-immucore[634]: 
[0;90m
[0;38:5:245m
[0;1;31m
[0;90m
[0;38:5:245mBind mount start
Sep 15 15:21:07.974628 localhost kairos-immucore[634]: 
[0;90m
[0;38:5:245m
[0;1;31m
[0;90m
[0;38:5:245mBind mount
Sep 15 15:21:07.974836 localhost kairos-immucore[634]: 
[0;90m
[0;38:5:245m
[0;1;31m
[0;90m
[0;38:5:245mCleaning for sysroot
Sep 15 15:21:07.974951 localhost kairos-immucore[634]: 
[0;90m
[0;38:5:245m
[0;1;31m
[0;90m
[0;38:5:245mCleaning for sysroot
Sep 15 15:21:08.026825 localhost kairos-immucore[634]: 
[0;90m
[0;38:5:245m
[0;1;31m
[0;90m
[0;38:5:245mmount ready
Sep 15 15:21:08.027585 localhost immucore[634]: 2026-09-15T15:21:08Z DBG mount ready options=["bind"] type=overlay what=/sysroot/usr/local/.state/etc-systemd.bind where=/sysroot/etc/systemd
Sep 15 15:21:08.032251 localhost kairos-immucore[634]: 
[0;90m
[0;38:5:245m
[0;1;31m
[0;90m
[0;38:5:245mBind mount end
Sep 15 15:21:08.032340 localhost kairos-immucore[634]: 
[0;90m
[0;38:5:245m
[0;1;31m
[0;90m
[0;38:5:245mBind mount start
Sep 15 15:21:08.032409 localhost immucore[634]: 2026-09-15T15:21:08Z DBG Bind mount end what=/etc/systemd
Sep 15 15:21:08.032409 localhost immucore[634]: 2026-09-15T15:21:08Z DBG Bind mount start what=/etc/zfs
Sep 15 15:21:08.032362 localhost kairos-immucore[634]: 
[0;90m
[0;38:5:245m
[0;1;31m
[0;90m
[0;38:5:245mBind mount
Sep 15 15:21:08.037566 localhost immucore[634]: 2026-09-15T15:21:08Z DBG Bind mount what=/sysroot/usr/local/.state/etc-zfs.bind where=/sysroot/etc/zfs
Sep 15 15:21:08.037566 localhost immucore[634]: 2026-09-15T15:21:08Z DBG Cleaning for sysroot new=/etc/zfs old=/etc/zfs
Sep 15 15:21:08.037566 localhost immucore[634]: 2026-09-15T15:21:08Z DBG Cleaning for sysroot new=/usr/local/.state/etc-zfs.bind old=/sysroot/usr/local/.state/etc-zfs.bind
Sep 15 15:21:08.032479 localhost kairos-immucore[634]: 
[0;90m
[0;38:5:245m
[0;1;31m
[0;90m
[0;38:5:245mCleaning for sysroot
Sep 15 15:21:08.032507 localhost kairos-immucore[634]: 
[0;90m
[0;38:5:245m
[0;1;31m
[0;90m
[0;38:5:245mCleaning for sysroot
Sep 15 15:21:08.054989 localhost kairos-immucore[634]: 
[0;90m
[0;38:5:245m
[0;1;31m
[0;90m
[0;38:5:245mmount ready
Sep 15 15:21:08.055238 localhost immucore[634]: 2026-09-15T15:21:08Z DBG mount ready options=["bind"] type=overlay what=/sysroot/usr/local/.state/etc-zfs.bind where=/sysroot/etc/zfs
Sep 15 15:21:08.060020 localhost kairos-immucore[634]: 
[0;90m
[0;38:5:245m
[0;1;31m
[0;90m
[0;38:5:245mBind mount end
Sep 15 15:21:08.060071 localhost kairos-immucore[634]: 
[0;90m
[0;38:5:245m
[0;1;31m
[0;90m
[0;38:5:245mBind mount start
Sep 15 15:21:08.060212 localhost immucore[634]: 2026-09-15T15:21:08Z DBG Bind mount end what=/etc/zfs
Sep 15 15:21:08.060212 localhost immucore[634]: 2026-09-15T15:21:08Z DBG Bind mount start what=/var/lib/ca-certificates
Sep 15 15:21:08.060207 localhost kairos-immucore[634]: 
[0;90m
[0;38:5:245m
[0;1;31m
[0;90m
[0;38:5:245mBind mount
Sep 15 15:21:08.065908 localhost immucore[634]: 2026-09-15T15:21:08Z DBG Bind mount what=/sysroot/usr/local/.state/var-lib-ca-certificates.bind where=/sysroot/var/lib/ca-certificates
Sep 15 15:21:08.065908 localhost immucore[634]: 2026-09-15T15:21:08Z DBG Cleaning for sysroot new=/var/lib/ca-certificates old=/var/lib/ca-certificates
Sep 15 15:21:08.065908 localhost immucore[634]: 2026-09-15T15:21:08Z DBG Cleaning for sysroot new=/usr/local/.state/var-lib-ca-certificates.bind old=/sysroot/usr/local/.state/var-lib-ca-certificates.bind
Sep 15 15:21:08.060329 localhost kairos-immucore[634]: 
[0;90m
[0;38:5:245m
[0;1;31m
[0;90m
[0;38:5:245mCleaning for sysroot
Sep 15 15:21:08.060374 localhost kairos-immucore[634]: 
[0;90m
[0;38:5:245m
[0;1;31m
[0;90m
[0;38:5:245mCleaning for sysroot
Sep 15 15:21:08.102701 localhost kairos-immucore[634]: 
[0;90m
[0;38:5:245m
[0;1;31m
[0;90m
[0;38:5:245mmount ready
Sep 15 15:21:08.103311 localhost immucore[634]: 2026-09-15T15:21:08Z DBG mount ready options=["bind"] type=overlay what=/sysroot/usr/local/.state/var-lib-ca-certificates.bind where=/sysroot/var/lib/ca-certificates
Sep 15 15:21:08.107998 localhost immucore[634]: 2026-09-15T15:21:08Z DBG Bind mount end what=/var/lib/ca-certificates
Sep 15 15:21:08.107998 localhost immucore[634]: 2026-09-15T15:21:08Z DBG Bind mount start what=/var/lib/calico
Sep 15 15:21:08.107998 localhost immucore[634]: 2026-09-15T15:21:08Z DBG Bind mount what=/sysroot/usr/local/.state/var-lib-calico.bind where=/sysroot/var/lib/calico
Sep 15 15:21:08.107998 localhost immucore[634]: 2026-09-15T15:21:08Z DBG Cleaning for sysroot new=/var/lib/calico old=/var/lib/calico
Sep 15 15:21:08.107433 localhost kairos-immucore[634]: 
[0;90m
[0;38:5:245m
[0;1;31m
[0;90m
[0;38:5:245mBind mount end
Sep 15 15:21:08.119541 localhost immucore[634]: 2026-09-15T15:21:08Z DBG Cleaning for sysroot new=/usr/local/.state/var-lib-calico.bind old=/sysroot/usr/local/.state/var-lib-calico.bind
Sep 15 15:21:08.107615 localhost kairos-immucore[634]: 
[0;90m
[0;38:5:245m
[0;1;31m
[0;90m
[0;38:5:245mBind mount start
Sep 15 15:21:08.107649 localhost kairos-immucore[634]: 
[0;90m
[0;38:5:245m
[0;1;31m
[0;90m
[0;38:5:245mBind mount
Sep 15 15:21:08.107859 localhost kairos-immucore[634]: 
[0;90m
[0;38:5:245m
[0;1;31m
[0;90m
[0;38:5:245mCleaning for sysroot
Sep 15 15:21:08.107977 localhost kairos-immucore[634]: 
[0;90m
[0;38:5:245m
[0;1;31m
[0;90m
[0;38:5:245mCleaning for sysroot
Sep 15 15:21:08.131956 localhost kairos-immucore[634]: 
[0;90m
[0;38:5:245m
[0;1;31m
[0;90m
[0;38:5:245mmount ready
Sep 15 15:21:08.132198 localhost immucore[634]: 2026-09-15T15:21:08Z DBG mount ready options=["bind"] type=overlay what=/sysroot/usr/local/.state/var-lib-calico.bind where=/sysroot/var/lib/calico
Sep 15 15:21:08.136694 localhost immucore[634]: 2026-09-15T15:21:08Z DBG Bind mount end what=/var/lib/calico
Sep 15 15:21:08.136694 localhost immucore[634]: 2026-09-15T15:21:08Z DBG Bind mount start what=/etc/ssl/certs
Sep 15 15:21:08.136694 localhost immucore[634]: 2026-09-15T15:21:08Z DBG Bind mount what=/sysroot/usr/local/.state/etc-ssl-certs.bind where=/sysroot/etc/ssl/certs
Sep 15 15:21:08.136469 localhost kairos-immucore[634]: 
[0;90m
[0;38:5:245m
[0;1;31m
[0;90m
[0;38:5:245mBind mount end
Sep 15 15:21:08.145487 localhost immucore[634]: 2026-09-15T15:21:08Z DBG Cleaning for sysroot new=/etc/ssl/certs old=/etc/ssl/certs
Sep 15 15:21:08.145487 localhost immucore[634]: 2026-09-15T15:21:08Z DBG Cleaning for sysroot new=/usr/local/.state/etc-ssl-certs.bind old=/sysroot/usr/local/.state/etc-ssl-certs.bind
Sep 15 15:21:08.136592 localhost kairos-immucore[634]: 
[0;90m
[0;38:5:245m
[0;1;31m
[0;90m
[0;38:5:245mBind mount start
Sep 15 15:21:08.136688 localhost kairos-immucore[634]: 
[0;90m
[0;38:5:245m
[0;1;31m
[0;90m
[0;38:5:245mBind mount
Sep 15 15:21:08.136823 localhost kairos-immucore[634]: 
[0;90m
[0;38:5:245m
[0;1;31m
[0;90m
[0;38:5:245mCleaning for sysroot
Sep 15 15:21:08.136935 localhost kairos-immucore[634]: 
[0;90m
[0;38:5:245m
[0;1;31m
[0;90m
[0;38:5:245mCleaning for sysroot
Sep 15 15:21:08.182337 localhost kairos-immucore[634]: 
[0;90m
[0;38:5:245m
[0;1;31m
[0;90m
[0;38:5:245mmount ready
Sep 15 15:21:08.182541 localhost immucore[634]: 2026-09-15T15:21:08Z DBG mount ready options=["bind"] type=overlay what=/sysroot/usr/local/.state/etc-ssl-certs.bind where=/sysroot/etc/ssl/certs
Sep 15 15:21:08.187779 localhost kairos-immucore[634]: 
[0;90m
[0;38:5:245m
[0;1;31m
[0;90m
[0;38:5:245mBind mount end
Sep 15 15:21:08.187991 localhost immucore[634]: 2026-09-15T15:21:08Z DBG Bind mount end what=/etc/ssl/certs
Sep 15 15:21:08.187991 localhost immucore[634]: 2026-09-15T15:21:08Z DBG Bind mount start what=/var/lib/cni
Sep 15 15:21:08.187991 localhost immucore[634]: 2026-09-15T15:21:08Z DBG Bind mount what=/sysroot/usr/local/.state/var-lib-cni.bind where=/sysroot/var/lib/cni
Sep 15 15:21:08.187991 localhost immucore[634]: 2026-09-15T15:21:08Z DBG Cleaning for sysroot new=/var/lib/cni old=/var/lib/cni
Sep 15 15:21:08.187991 localhost immucore[634]: 2026-09-15T15:21:08Z DBG Cleaning for sysroot new=/usr/local/.state/var-lib-cni.bind old=/sysroot/usr/local/.state/var-lib-cni.bind
Sep 15 15:21:08.187811 localhost kairos-immucore[634]: 
[0;90m
[0;38:5:245m
[0;1;31m
[0;90m
[0;38:5:245mBind mount start
Sep 15 15:21:08.187830 localhost kairos-immucore[634]: 
[0;90m
[0;38:5:245m
[0;1;31m
[0;90m
[0;38:5:245mBind mount
Sep 15 15:21:08.187872 localhost kairos-immucore[634]: 
[0;90m
[0;38:5:245m
[0;1;31m
[0;90m
[0;38:5:245mCleaning for sysroot
Sep 15 15:21:08.187892 localhost kairos-immucore[634]: 
[0;90m
[0;38:5:245m
[0;1;31m
[0;90m
[0;38:5:245mCleaning for sysroot
Sep 15 15:21:08.230391 localhost kairos-immucore[634]: 
[0;90m
[0;38:5:245m
[0;1;31m
[0;90m
[0;38:5:245mmount ready
Sep 15 15:21:08.230575 localhost immucore[634]: 2026-09-15T15:21:08Z DBG mount ready options=["bind"] type=overlay what=/sysroot/usr/local/.state/var-lib-cni.bind where=/sysroot/var/lib/cni
Sep 15 15:21:08.234604 localhost immucore[634]: 2026-09-15T15:21:08Z DBG Bind mount end what=/var/lib/cni
Sep 15 15:21:08.234604 localhost immucore[634]: 2026-09-15T15:21:08Z DBG Bind mount start what=/var/lib/confexts
Sep 15 15:21:08.234604 localhost immucore[634]: 2026-09-15T15:21:08Z DBG Bind mount what=/sysroot/usr/local/.state/var-lib-confexts.bind where=/sysroot/var/lib/confexts
Sep 15 15:21:08.234604 localhost immucore[634]: 2026-09-15T15:21:08Z DBG Cleaning for sysroot new=/var/lib/confexts old=/var/lib/confexts
Sep 15 15:21:08.234604 localhost immucore[634]: 2026-09-15T15:21:08Z DBG Cleaning for sysroot new=/usr/local/.state/var-lib-confexts.bind old=/sysroot/usr/local/.state/var-lib-confexts.bind
Sep 15 15:21:08.234142 localhost kairos-immucore[634]: 
[0;90m
[0;38:5:245m
[0;1;31m
[0;90m
[0;38:5:245mBind mount end
Sep 15 15:21:08.234242 localhost kairos-immucore[634]: 
[0;90m
[0;38:5:245m
[0;1;31m
[0;90m
[0;38:5:245mBind mount start
Sep 15 15:21:08.234262 localhost kairos-immucore[634]: 
[0;90m
[0;38:5:245m
[0;1;31m
[0;90m
[0;38:5:245mBind mount
Sep 15 15:21:08.234379 localhost kairos-immucore[634]: 
[0;90m
[0;38:5:245m
[0;1;31m
[0;90m
[0;38:5:245mCleaning for sysroot
Sep 15 15:21:08.234422 localhost kairos-immucore[634]: 
[0;90m
[0;38:5:245m
[0;1;31m
[0;90m
[0;38:5:245mCleaning for sysroot
Sep 15 15:21:08.257888 localhost kairos-immucore[634]: 
[0;90m
[0;38:5:245m
[0;1;31m
[0;90m
[0;38:5:245mmount ready
Sep 15 15:21:08.258049 localhost immucore[634]: 2026-09-15T15:21:08Z DBG mount ready options=["bind"] type=overlay what=/sysroot/usr/local/.state/var-lib-confexts.bind where=/sysroot/var/lib/confexts
Sep 15 15:21:08.265947 localhost kairos-immucore[634]: 
[0;90m
[0;38:5:245m
[0;1;31m
[0;90m
[0;38:5:245mBind mount end
Sep 15 15:21:08.266026 localhost kairos-immucore[634]: 
[0;90m
[0;38:5:245m
[0;1;31m
[0;90m
[0;38:5:245mBind mount start
Sep 15 15:21:08.266137 localhost immucore[634]: 2026-09-15T15:21:08Z DBG Bind mount end what=/var/lib/confexts
Sep 15 15:21:08.266137 localhost immucore[634]: 2026-09-15T15:21:08Z DBG Bind mount start what=/var/lib/containerd
Sep 15 15:21:08.266080 localhost kairos-immucore[634]: 
[0;90m
[0;38:5:245m
[0;1;31m
[0;90m
[0;38:5:245mBind mount
Sep 15 15:21:08.271609 localhost immucore[634]: 2026-09-15T15:21:08Z DBG Bind mount what=/sysroot/usr/local/.state/var-lib-containerd.bind where=/sysroot/var/lib/containerd
Sep 15 15:21:08.271609 localhost immucore[634]: 2026-09-15T15:21:08Z DBG Cleaning for sysroot new=/var/lib/containerd old=/var/lib/containerd
Sep 15 15:21:08.271609 localhost immucore[634]: 2026-09-15T15:21:08Z DBG Cleaning for sysroot new=/usr/local/.state/var-lib-containerd.bind old=/sysroot/usr/local/.state/var-lib-containerd.bind
Sep 15 15:21:08.266234 localhost kairos-immucore[634]: 
[0;90m
[0;38:5:245m
[0;1;31m
[0;90m
[0;38:5:245mCleaning for sysroot
Sep 15 15:21:08.266319 localhost kairos-immucore[634]: 
[0;90m
[0;38:5:245m
[0;1;31m
[0;90m
[0;38:5:245mCleaning for sysroot
Sep 15 15:21:08.309427 localhost kairos-immucore[634]: 
[0;90m
[0;38:5:245m
[0;1;31m
[0;90m
[0;38:5:245mmount ready
Sep 15 15:21:08.309815 localhost immucore[634]: 2026-09-15T15:21:08Z DBG mount ready options=["bind"] type=overlay what=/sysroot/usr/local/.state/var-lib-containerd.bind where=/sysroot/var/lib/containerd
Sep 15 15:21:08.314686 localhost kairos-immucore[634]: 
[0;90m
[0;38:5:245m
[0;1;31m
[0;90m
[0;38:5:245mBind mount end
Sep 15 15:21:08.314857 localhost immucore[634]: 2026-09-15T15:21:08Z DBG Bind mount end what=/var/lib/containerd
Sep 15 15:21:08.314857 localhost immucore[634]: 2026-09-15T15:21:08Z DBG Bind mount start what=/var/lib/dbus
Sep 15 15:21:08.314857 localhost immucore[634]: 2026-09-15T15:21:08Z DBG Bind mount what=/sysroot/usr/local/.state/var-lib-dbus.bind where=/sysroot/var/lib/dbus
Sep 15 15:21:08.314857 localhost immucore[634]: 2026-09-15T15:21:08Z DBG Cleaning for sysroot new=/var/lib/dbus old=/var/lib/dbus
Sep 15 15:21:08.314857 localhost immucore[634]: 2026-09-15T15:21:08Z DBG Cleaning for sysroot new=/usr/local/.state/var-lib-dbus.bind old=/sysroot/usr/local/.state/var-lib-dbus.bind
Sep 15 15:21:08.314735 localhost kairos-immucore[634]: 
[0;90m
[0;38:5:245m
[0;1;31m
[0;90m
[0;38:5:245mBind mount start
Sep 15 15:21:08.314762 localhost kairos-immucore[634]: 
[0;90m
[0;38:5:245m
[0;1;31m
[0;90m
[0;38:5:245mBind mount
Sep 15 15:21:08.314824 localhost kairos-immucore[634]: 
[0;90m
[0;38:5:245m
[0;1;31m
[0;90m
[0;38:5:245mCleaning for sysroot
Sep 15 15:21:08.314842 localhost kairos-immucore[634]: 
[0;90m
[0;38:5:245m
[0;1;31m
[0;90m
[0;38:5:245mCleaning for sysroot
Sep 15 15:21:08.358252 localhost kairos-immucore[634]: 
[0;90m
[0;38:5:245m
[0;1;31m
[0;90m
[0;38:5:245mmount ready
Sep 15 15:21:08.358485 localhost immucore[634]: 2026-09-15T15:21:08Z DBG mount ready options=["bind"] type=overlay what=/sysroot/usr/local/.state/var-lib-dbus.bind where=/sysroot/var/lib/dbus
Sep 15 15:21:08.363067 localhost immucore[634]: 2026-09-15T15:21:08Z DBG Bind mount end what=/var/lib/dbus
Sep 15 15:21:08.363067 localhost immucore[634]: 2026-09-15T15:21:08Z DBG Bind mount start what=/var/lib/etcd
Sep 15 15:21:08.363067 localhost immucore[634]: 2026-09-15T15:21:08Z DBG Bind mount what=/sysroot/usr/local/.state/var-lib-etcd.bind where=/sysroot/var/lib/etcd
Sep 15 15:21:08.363067 localhost immucore[634]: 2026-09-15T15:21:08Z DBG Cleaning for sysroot new=/var/lib/etcd old=/var/lib/etcd
Sep 15 15:21:08.363067 localhost immucore[634]: 2026-09-15T15:21:08Z DBG Cleaning for sysroot new=/usr/local/.state/var-lib-etcd.bind old=/sysroot/usr/local/.state/var-lib-etcd.bind
Sep 15 15:21:08.362563 localhost kairos-immucore[634]: 
[0;90m
[0;38:5:245m
[0;1;31m
[0;90m
[0;38:5:245mBind mount end
Sep 15 15:21:08.362601 localhost kairos-immucore[634]: 
[0;90m
[0;38:5:245m
[0;1;31m
[0;90m
[0;38:5:245mBind mount start
Sep 15 15:21:08.362699 localhost kairos-immucore[634]: 
[0;90m
[0;38:5:245m
[0;1;31m
[0;90m
[0;38:5:245mBind mount
Sep 15 15:21:08.362817 localhost kairos-immucore[634]: 
[0;90m
[0;38:5:245m
[0;1;31m
[0;90m
[0;38:5:245mCleaning for sysroot
Sep 15 15:21:08.362935 localhost kairos-immucore[634]: 
[0;90m
[0;38:5:245m
[0;1;31m
[0;90m
[0;38:5:245mCleaning for sysroot
Sep 15 15:21:08.406335 localhost kairos-immucore[634]: 
[0;90m
[0;38:5:245m
[0;1;31m
[0;90m
[0;38:5:245mmount ready
Sep 15 15:21:08.406466 localhost immucore[634]: 2026-09-15T15:21:08Z DBG mount ready options=["bind"] type=overlay what=/sysroot/usr/local/.state/var-lib-etcd.bind where=/sysroot/var/lib/etcd
Sep 15 15:21:08.410763 localhost kairos-immucore[634]: 
[0;90m
[0;38:5:245m
[0;1;31m
[0;90m
[0;38:5:245mBind mount end
Sep 15 15:21:08.411060 localhost immucore[634]: 2026-09-15T15:21:08Z DBG Bind mount end what=/var/lib/etcd
Sep 15 15:21:08.411060 localhost immucore[634]: 2026-09-15T15:21:08Z DBG Bind mount start what=/var/lib/extensions
Sep 15 15:21:08.411060 localhost immucore[634]: 2026-09-15T15:21:08Z DBG Bind mount what=/sysroot/usr/local/.state/var-lib-extensions.bind where=/sysroot/var/lib/extensions
Sep 15 15:21:08.411060 localhost immucore[634]: 2026-09-15T15:21:08Z DBG Cleaning for sysroot new=/var/lib/extensions old=/var/lib/extensions
Sep 15 15:21:08.411060 localhost immucore[634]: 2026-09-15T15:21:08Z DBG Cleaning for sysroot new=/usr/local/.state/var-lib-extensions.bind old=/sysroot/usr/local/.state/var-lib-extensions.bind
Sep 15 15:21:08.410795 localhost kairos-immucore[634]: 
[0;90m
[0;38:5:245m
[0;1;31m
[0;90m
[0;38:5:245mBind mount start
Sep 15 15:21:08.410812 localhost kairos-immucore[634]: 
[0;90m
[0;38:5:245m
[0;1;31m
[0;90m
[0;38:5:245mBind mount
Sep 15 15:21:08.410852 localhost kairos-immucore[634]: 
[0;90m
[0;38:5:245m
[0;1;31m
[0;90m
[0;38:5:245mCleaning for sysroot
Sep 15 15:21:08.410871 localhost kairos-immucore[634]: 
[0;90m
[0;38:5:245m
[0;1;31m
[0;90m
[0;38:5:245mCleaning for sysroot
Sep 15 15:21:08.454873 localhost kairos-immucore[634]: 
[0;90m
[0;38:5:245m
[0;1;31m
[0;90m
[0;38:5:245mmount ready
Sep 15 15:21:08.455298 localhost immucore[634]: 2026-09-15T15:21:08Z DBG mount ready options=["bind"] type=overlay what=/sysroot/usr/local/.state/var-lib-extensions.bind where=/sysroot/var/lib/extensions
Sep 15 15:21:08.459456 localhost immucore[634]: 2026-09-15T15:21:08Z DBG Bind mount end what=/var/lib/extensions
Sep 15 15:21:08.459456 localhost immucore[634]: 2026-09-15T15:21:08Z DBG Bind mount start what=/var/lib/k0s
Sep 15 15:21:08.459456 localhost immucore[634]: 2026-09-15T15:21:08Z DBG Bind mount what=/sysroot/usr/local/.state/var-lib-k0s.bind where=/sysroot/var/lib/k0s
Sep 15 15:21:08.458864 localhost kairos-immucore[634]: 
[0;90m
[0;38:5:245m
[0;1;31m
[0;90m
[0;38:5:245mBind mount end
Sep 15 15:21:08.468017 localhost immucore[634]: 2026-09-15T15:21:08Z DBG Cleaning for sysroot new=/var/lib/k0s old=/var/lib/k0s
Sep 15 15:21:08.468017 localhost immucore[634]: 2026-09-15T15:21:08Z DBG Cleaning for sysroot new=/usr/local/.state/var-lib-k0s.bind old=/sysroot/usr/local/.state/var-lib-k0s.bind
Sep 15 15:21:08.459064 localhost kairos-immucore[634]: 
[0;90m
[0;38:5:245m
[0;1;31m
[0;90m
[0;38:5:245mBind mount start
Sep 15 15:21:08.459192 localhost kairos-immucore[634]: 
[0;90m
[0;38:5:245m
[0;1;31m
[0;90m
[0;38:5:245mBind mount
Sep 15 15:21:08.459466 localhost kairos-immucore[634]: 
[0;90m
[0;38:5:245m
[0;1;31m
[0;90m
[0;38:5:245mCleaning for sysroot
Sep 15 15:21:08.459610 localhost kairos-immucore[634]: 
[0;90m
[0;38:5:245m
[0;1;31m
[0;90m
[0;38:5:245mCleaning for sysroot
Sep 15 15:21:08.483947 localhost kairos-immucore[634]: 
[0;90m
[0;38:5:245m
[0;1;31m
[0;90m
[0;38:5:245mmount ready
Sep 15 15:21:08.484200 localhost immucore[634]: 2026-09-15T15:21:08Z DBG mount ready options=["bind"] type=overlay what=/sysroot/usr/local/.state/var-lib-k0s.bind where=/sysroot/var/lib/k0s
Sep 15 15:21:08.488637 localhost immucore[634]: 2026-09-15T15:21:08Z DBG Bind mount end what=/var/lib/k0s
Sep 15 15:21:08.488637 localhost immucore[634]: 2026-09-15T15:21:08Z DBG Bind mount start what=/var/lib/kairos
Sep 15 15:21:08.488512 localhost kairos-immucore[634]: 
[0;90m
[0;38:5:245m
[0;1;31m
[0;90m
[0;38:5:245mBind mount end
Sep 15 15:21:08.493558 localhost immucore[634]: 2026-09-15T15:21:08Z DBG Bind mount what=/sysroot/usr/local/.state/var-lib-kairos.bind where=/sysroot/var/lib/kairos
Sep 15 15:21:08.493558 localhost immucore[634]: 2026-09-15T15:21:08Z DBG Cleaning for sysroot new=/var/lib/kairos old=/var/lib/kairos
Sep 15 15:21:08.493558 localhost immucore[634]: 2026-09-15T15:21:08Z DBG Cleaning for sysroot new=/usr/local/.state/var-lib-kairos.bind old=/sysroot/usr/local/.state/var-lib-kairos.bind
Sep 15 15:21:08.488630 localhost kairos-immucore[634]: 
[0;90m
[0;38:5:245m
[0;1;31m
[0;90m
[0;38:5:245mBind mount start
Sep 15 15:21:08.488735 localhost kairos-immucore[634]: 
[0;90m
[0;38:5:245m
[0;1;31m
[0;90m
[0;38:5:245mBind mount
Sep 15 15:21:08.488910 localhost kairos-immucore[634]: 
[0;90m
[0;38:5:245m
[0;1;31m
[0;90m
[0;38:5:245mCleaning for sysroot
Sep 15 15:21:08.489035 localhost kairos-immucore[634]: 
[0;90m
[0;38:5:245m
[0;1;31m
[0;90m
[0;38:5:245mCleaning for sysroot
Sep 15 15:21:08.514457 localhost kairos-immucore[634]: 
[0;90m
[0;38:5:245m
[0;1;31m
[0;90m
[0;38:5:245mmount ready
Sep 15 15:21:08.514637 localhost immucore[634]: 2026-09-15T15:21:08Z DBG mount ready options=["bind"] type=overlay what=/sysroot/usr/local/.state/var-lib-kairos.bind where=/sysroot/var/lib/kairos
Sep 15 15:21:08.519535 localhost kairos-immucore[634]: 
[0;90m
[0;38:5:245m
[0;1;31m
[0;90m
[0;38:5:245mBind mount end
Sep 15 15:21:08.519607 localhost kairos-immucore[634]: 
[0;90m
[0;38:5:245m
[0;1;31m
[0;90m
[0;38:5:245mBind mount start
Sep 15 15:21:08.519666 localhost immucore[634]: 2026-09-15T15:21:08Z DBG Bind mount end what=/var/lib/kairos
Sep 15 15:21:08.519666 localhost immucore[634]: 2026-09-15T15:21:08Z DBG Bind mount start what=/var/lib/kubelet
Sep 15 15:21:08.519666 localhost immucore[634]: 2026-09-15T15:21:08Z DBG Bind mount what=/sysroot/usr/local/.state/var-lib-kubelet.bind where=/sysroot/var/lib/kubelet
Sep 15 15:21:08.519629 localhost kairos-immucore[634]: 
[0;90m
[0;38:5:245m
[0;1;31m
[0;90m
[0;38:5:245mBind mount
Sep 15 15:21:08.532703 localhost immucore[634]: 2026-09-15T15:21:08Z DBG Cleaning for sysroot new=/var/lib/kubelet old=/var/lib/kubelet
Sep 15 15:21:08.532703 localhost immucore[634]: 2026-09-15T15:21:08Z DBG Cleaning for sysroot new=/usr/local/.state/var-lib-kubelet.bind old=/sysroot/usr/local/.state/var-lib-kubelet.bind
Sep 15 15:21:08.519677 localhost kairos-immucore[634]: 
[0;90m
[0;38:5:245m
[0;1;31m
[0;90m
[0;38:5:245mCleaning for sysroot
Sep 15 15:21:08.519702 localhost kairos-immucore[634]: 
[0;90m
[0;38:5:245m
[0;1;31m
[0;90m
[0;38:5:245mCleaning for sysroot
Sep 15 15:21:08.563080 localhost kairos-immucore[634]: 
[0;90m
[0;38:5:245m
[0;1;31m
[0;90m
[0;38:5:245mmount ready
Sep 15 15:21:08.563609 localhost immucore[634]: 2026-09-15T15:21:08Z DBG mount ready options=["bind"] type=overlay what=/sysroot/usr/local/.state/var-lib-kubelet.bind where=/sysroot/var/lib/kubelet
Sep 15 15:21:08.569351 localhost kairos-immucore[634]: 
[0;90m
[0;38:5:245m
[0;1;31m
[0;90m
[0;38:5:245mBind mount end
Sep 15 15:21:08.569401 localhost kairos-immucore[634]: 
[0;90m
[0;38:5:245m
[0;1;31m
[0;90m
[0;38:5:245mBind mount start
Sep 15 15:21:08.569523 localhost immucore[634]: 2026-09-15T15:21:08Z DBG Bind mount end what=/var/lib/kubelet
Sep 15 15:21:08.569523 localhost immucore[634]: 2026-09-15T15:21:08Z DBG Bind mount start what=/var/lib/longhorn
Sep 15 15:21:08.569523 localhost immucore[634]: 2026-09-15T15:21:08Z DBG Bind mount what=/sysroot/usr/local/.state/var-lib-longhorn.bind where=/sysroot/var/lib/longhorn
Sep 15 15:21:08.569523 localhost immucore[634]: 2026-09-15T15:21:08Z DBG Cleaning for sysroot new=/var/lib/longhorn old=/var/lib/longhorn
Sep 15 15:21:08.569523 localhost immucore[634]: 2026-09-15T15:21:08Z DBG Cleaning for sysroot new=/usr/local/.state/var-lib-longhorn.bind old=/sysroot/usr/local/.state/var-lib-longhorn.bind
Sep 15 15:21:08.569422 localhost kairos-immucore[634]: 
[0;90m
[0;38:5:245m
[0;1;31m
[0;90m
[0;38:5:245mBind mount
Sep 15 15:21:08.569485 localhost kairos-immucore[634]: 
[0;90m
[0;38:5:245m
[0;1;31m
[0;90m
[0;38:5:245mCleaning for sysroot
Sep 15 15:21:08.569507 localhost kairos-immucore[634]: 
[0;90m
[0;38:5:245m
[0;1;31m
[0;90m
[0;38:5:245mCleaning for sysroot
Sep 15 15:21:08.612534 localhost kairos-immucore[634]: 
[0;90m
[0;38:5:245m
[0;1;31m
[0;90m
[0;38:5:245mmount ready
Sep 15 15:21:08.612808 localhost immucore[634]: 2026-09-15T15:21:08Z DBG mount ready options=["bind"] type=overlay what=/sysroot/usr/local/.state/var-lib-longhorn.bind where=/sysroot/var/lib/longhorn
Sep 15 15:21:08.617935 localhost kairos-immucore[634]: 
[0;90m
[0;38:5:245m
[0;1;31m
[0;90m
[0;38:5:245mBind mount end
Sep 15 15:21:08.618075 localhost immucore[634]: 2026-09-15T15:21:08Z DBG Bind mount end what=/var/lib/longhorn
Sep 15 15:21:08.618075 localhost immucore[634]: 2026-09-15T15:21:08Z DBG Bind mount start what=/var/lib/osd
Sep 15 15:21:08.618075 localhost immucore[634]: 2026-09-15T15:21:08Z DBG Bind mount what=/sysroot/usr/local/.state/var-lib-osd.bind where=/sysroot/var/lib/osd
Sep 15 15:21:08.618003 localhost kairos-immucore[634]: 
[0;90m
[0;38:5:245m
[0;1;31m
[0;90m
[0;38:5:245mBind mount start
Sep 15 15:21:08.626627 localhost immucore[634]: 2026-09-15T15:21:08Z DBG Cleaning for sysroot new=/var/lib/osd old=/var/lib/osd
Sep 15 15:21:08.626627 localhost immucore[634]: 2026-09-15T15:21:08Z DBG Cleaning for sysroot new=/usr/local/.state/var-lib-osd.bind old=/sysroot/usr/local/.state/var-lib-osd.bind
Sep 15 15:21:08.618027 localhost kairos-immucore[634]: 
[0;90m
[0;38:5:245m
[0;1;31m
[0;90m
[0;38:5:245mBind mount
Sep 15 15:21:08.618080 localhost kairos-immucore[634]: 
[0;90m
[0;38:5:245m
[0;1;31m
[0;90m
[0;38:5:245mCleaning for sysroot
Sep 15 15:21:08.618222 localhost kairos-immucore[634]: 
[0;90m
[0;38:5:245m
[0;1;31m
[0;90m
[0;38:5:245mCleaning for sysroot
Sep 15 15:21:08.661357 localhost kairos-immucore[634]: 
[0;90m
[0;38:5:245m
[0;1;31m
[0;90m
[0;38:5:245mmount ready
Sep 15 15:21:08.661661 localhost immucore[634]: 2026-09-15T15:21:08Z DBG mount ready options=["bind"] type=overlay what=/sysroot/usr/local/.state/var-lib-osd.bind where=/sysroot/var/lib/osd
Sep 15 15:21:08.666842 localhost kairos-immucore[634]: 
[0;90m
[0;38:5:245m
[0;1;31m
[0;90m
[0;38:5:245mBind mount end
Sep 15 15:21:08.666996 localhost immucore[634]: 2026-09-15T15:21:08Z DBG Bind mount end what=/var/lib/osd
Sep 15 15:21:08.666996 localhost immucore[634]: 2026-09-15T15:21:08Z DBG Bind mount start what=/var/lib/rancher
Sep 15 15:21:08.666996 localhost immucore[634]: 2026-09-15T15:21:08Z DBG Bind mount what=/sysroot/usr/local/.state/var-lib-rancher.bind where=/sysroot/var/lib/rancher
Sep 15 15:21:08.666996 localhost immucore[634]: 2026-09-15T15:21:08Z DBG Cleaning for sysroot new=/var/lib/rancher old=/var/lib/rancher
Sep 15 15:21:08.666996 localhost immucore[634]: 2026-09-15T15:21:08Z DBG Cleaning for sysroot new=/usr/local/.state/var-lib-rancher.bind old=/sysroot/usr/local/.state/var-lib-rancher.bind
Sep 15 15:21:08.666868 localhost kairos-immucore[634]: 
[0;90m
[0;38:5:245m
[0;1;31m
[0;90m
[0;38:5:245mBind mount start
Sep 15 15:21:08.666892 localhost kairos-immucore[634]: 
[0;90m
[0;38:5:245m
[0;1;31m
[0;90m
[0;38:5:245mBind mount
Sep 15 15:21:08.666922 localhost kairos-immucore[634]: 
[0;90m
[0;38:5:245m
[0;1;31m
[0;90m
[0;38:5:245mCleaning for sysroot
Sep 15 15:21:08.666940 localhost kairos-immucore[634]: 
[0;90m
[0;38:5:245m
[0;1;31m
[0;90m
[0;38:5:245mCleaning for sysroot
Sep 15 15:21:08.709377 localhost kairos-immucore[634]: 
[0;90m
[0;38:5:245m
[0;1;31m
[0;90m
[0;38:5:245mmount ready
Sep 15 15:21:08.709579 localhost immucore[634]: 2026-09-15T15:21:08Z DBG mount ready options=["bind"] type=overlay what=/sysroot/usr/local/.state/var-lib-rancher.bind where=/sysroot/var/lib/rancher
Sep 15 15:21:08.717577 localhost kairos-immucore[634]: 
[0;90m
[0;38:5:245m
[0;1;31m
[0;90m
[0;38:5:245mBind mount end
Sep 15 15:21:08.717861 localhost immucore[634]: 2026-09-15T15:21:08Z DBG Bind mount end what=/var/lib/rancher
Sep 15 15:21:08.721155 localhost immucore[634]: 2026-09-15T15:21:08Z DBG Bind mount start what=/var/lib/rook
Sep 15 15:21:08.721155 localhost immucore[634]: 2026-09-15T15:21:08Z DBG Bind mount what=/sysroot/usr/local/.state/var-lib-rook.bind where=/sysroot/var/lib/rook
Sep 15 15:21:08.721155 localhost immucore[634]: 2026-09-15T15:21:08Z DBG Cleaning for sysroot new=/var/lib/rook old=/var/lib/rook
Sep 15 15:21:08.721155 localhost immucore[634]: 2026-09-15T15:21:08Z DBG Cleaning for sysroot new=/usr/local/.state/var-lib-rook.bind old=/sysroot/usr/local/.state/var-lib-rook.bind
Sep 15 15:21:08.717929 localhost kairos-immucore[634]: 
[0;90m
[0;38:5:245m
[0;1;31m
[0;90m
[0;38:5:245mBind mount start
Sep 15 15:21:08.718065 localhost kairos-immucore[634]: 
[0;90m
[0;38:5:245m
[0;1;31m
[0;90m
[0;38:5:245mBind mount
Sep 15 15:21:08.718309 localhost kairos-immucore[634]: 
[0;90m
[0;38:5:245m
[0;1;31m
[0;90m
[0;38:5:245mCleaning for sysroot
Sep 15 15:21:08.718347 localhost kairos-immucore[634]: 
[0;90m
[0;38:5:245m
[0;1;31m
[0;90m
[0;38:5:245mCleaning for sysroot
Sep 15 15:21:08.741067 localhost kairos-immucore[634]: 
[0;90m
[0;38:5:245m
[0;1;31m
[0;90m
[0;38:5:245mmount ready
Sep 15 15:21:08.741380 localhost immucore[634]: 2026-09-15T15:21:08Z DBG mount ready options=["bind"] type=overlay what=/sysroot/usr/local/.state/var-lib-rook.bind where=/sysroot/var/lib/rook
Sep 15 15:21:08.745677 localhost immucore[634]: 2026-09-15T15:21:08Z DBG Bind mount end what=/var/lib/rook
Sep 15 15:21:08.745677 localhost immucore[634]: 2026-09-15T15:21:08Z DBG Bind mount start what=/var/lib/tailscale
Sep 15 15:21:08.745677 localhost immucore[634]: 2026-09-15T15:21:08Z DBG Bind mount what=/sysroot/usr/local/.state/var-lib-tailscale.bind where=/sysroot/var/lib/tailscale
Sep 15 15:21:08.745677 localhost immucore[634]: 2026-09-15T15:21:08Z DBG Cleaning for sysroot new=/var/lib/tailscale old=/var/lib/tailscale
Sep 15 15:21:08.745677 localhost immucore[634]: 2026-09-15T15:21:08Z DBG Cleaning for sysroot new=/usr/local/.state/var-lib-tailscale.bind old=/sysroot/usr/local/.state/var-lib-tailscale.bind
Sep 15 15:21:08.745174 localhost kairos-immucore[634]: 
[0;90m
[0;38:5:245m
[0;1;31m
[0;90m
[0;38:5:245mBind mount end
Sep 15 15:21:08.745227 localhost kairos-immucore[634]: 
[0;90m
[0;38:5:245m
[0;1;31m
[0;90m
[0;38:5:245mBind mount start
Sep 15 15:21:08.745246 localhost kairos-immucore[634]: 
[0;90m
[0;38:5:245m
[0;1;31m
[0;90m
[0;38:5:245mBind mount
Sep 15 15:21:08.745343 localhost kairos-immucore[634]: 
[0;90m
[0;38:5:245m
[0;1;31m
[0;90m
[0;38:5:245mCleaning for sysroot
Sep 15 15:21:08.745372 localhost kairos-immucore[634]: 
[0;90m
[0;38:5:245m
[0;1;31m
[0;90m
[0;38:5:245mCleaning for sysroot
Sep 15 15:21:08.789406 localhost kairos-immucore[634]: 
[0;90m
[0;38:5:245m
[0;1;31m
[0;90m
[0;38:5:245mmount ready
Sep 15 15:21:08.789584 localhost immucore[634]: 2026-09-15T15:21:08Z DBG mount ready options=["bind"] type=overlay what=/sysroot/usr/local/.state/var-lib-tailscale.bind where=/sysroot/var/lib/tailscale
Sep 15 15:21:08.793970 localhost immucore[634]: 2026-09-15T15:21:08Z DBG Bind mount end what=/var/lib/tailscale
Sep 15 15:21:08.793970 localhost immucore[634]: 2026-09-15T15:21:08Z DBG Bind mount start what=/var/lib/wicked
Sep 15 15:21:08.793746 localhost kairos-immucore[634]: 
[0;90m
[0;38:5:245m
[0;1;31m
[0;90m
[0;38:5:245mBind mount end
Sep 15 15:21:08.799202 localhost immucore[634]: 2026-09-15T15:21:08Z DBG Bind mount what=/sysroot/usr/local/.state/var-lib-wicked.bind where=/sysroot/var/lib/wicked
Sep 15 15:21:08.799202 localhost immucore[634]: 2026-09-15T15:21:08Z DBG Cleaning for sysroot new=/var/lib/wicked old=/var/lib/wicked
Sep 15 15:21:08.799202 localhost immucore[634]: 2026-09-15T15:21:08Z DBG Cleaning for sysroot new=/usr/local/.state/var-lib-wicked.bind old=/sysroot/usr/local/.state/var-lib-wicked.bind
Sep 15 15:21:08.793863 localhost kairos-immucore[634]: 
[0;90m
[0;38:5:245m
[0;1;31m
[0;90m
[0;38:5:245mBind mount start
Sep 15 15:21:08.793973 localhost kairos-immucore[634]: 
[0;90m
[0;38:5:245m
[0;1;31m
[0;90m
[0;38:5:245mBind mount
Sep 15 15:21:08.794166 localhost kairos-immucore[634]: 
[0;90m
[0;38:5:245m
[0;1;31m
[0;90m
[0;38:5:245mCleaning for sysroot
Sep 15 15:21:08.794320 localhost kairos-immucore[634]: 
[0;90m
[0;38:5:245m
[0;1;31m
[0;90m
[0;38:5:245mCleaning for sysroot
Sep 15 15:21:08.837469 localhost kairos-immucore[634]: 
[0;90m
[0;38:5:245m
[0;1;31m
[0;90m
[0;38:5:245mmount ready
Sep 15 15:21:08.837676 localhost immucore[634]: 2026-09-15T15:21:08Z DBG mount ready options=["bind"] type=overlay what=/sysroot/usr/local/.state/var-lib-wicked.bind where=/sysroot/var/lib/wicked
Sep 15 15:21:08.842836 localhost immucore[634]: 2026-09-15T15:21:08Z DBG Bind mount end what=/var/lib/wicked
Sep 15 15:21:08.842836 localhost immucore[634]: 2026-09-15T15:21:08Z WRN
Sep 15 15:21:08.842836 localhost immucore[634]: 2026-09-15T15:21:08Z DBG Adding line to fstab what="tmpfs /tmp tmpfs rw 0 0"
Sep 15 15:21:08.842836 localhost immucore[634]: 2026-09-15T15:21:08Z DBG Adding line to fstab what="/dev/vda1 /oem ext4 suid,dev,exec,async,rw 0 0"
Sep 15 15:21:08.842836 localhost immucore[634]: 2026-09-15T15:21:08Z DBG detecting boot state
Sep 15 15:21:08.842836 localhost immucore[634]: 2026-09-15T15:21:08Z DBG Detected in-RAM boot; classifying as Active
Sep 15 15:21:08.842836 localhost immucore[634]: 2026-09-15T15:21:08Z DBG Adding line to fstab what="tmpfs /run/overlay tmpfs size=25% 0 0"
Sep 15 15:21:08.842836 localhost immucore[634]: 2026-09-15T15:21:08Z DBG Adding line to fstab what="/dev/vda2 /usr/local ext4 rw 0 0"
Sep 15 15:21:08.842836 localhost immucore[634]: 2026-09-15T15:21:08Z DBG Adding line to fstab what="overlay /var overlay lowerdir=/sysroot/var,upperdir=/run/overlay/var/.overlay/upper,workdir=/run/overlay/var/.overlay/work 0 0"
Sep 15 15:21:08.842836 localhost immucore[634]: 2026-09-15T15:21:08Z DBG Adding line to fstab what="overlay /etc overlay lowerdir=/sysroot/etc,upperdir=/run/overlay/etc/.overlay/upper,workdir=/run/overlay/etc/.overlay/work 0 0"
Sep 15 15:21:08.842836 localhost immucore[634]: 2026-09-15T15:21:08Z DBG Adding line to fstab what="overlay /srv overlay lowerdir=/sysroot/srv,upperdir=/run/overlay/srv/.overlay/upper,workdir=/run/overlay/srv/.overlay/work 0 0"
Sep 15 15:21:08.842836 localhost immucore[634]: 2026-09-15T15:21:08Z DBG Adding line to fstab what="/usr/local/.state/home.bind /home overlay bind 0 0"
Sep 15 15:21:08.841170 localhost kairos-immucore[634]: 
[0;90m
[0;38:5:245m
[0;1;31m
[0;90m
[0;38:5:245mBind mount end
Sep 15 15:21:08.881003 localhost immucore[634]: 2026-09-15T15:21:08Z DBG Adding line to fstab what="/usr/local/.state/opt.bind /opt overlay bind 0 0"
Sep 15 15:21:08.881003 localhost immucore[634]: 2026-09-15T15:21:08Z DBG Adding line to fstab what="/usr/local/.state/root.bind /root overlay bind 0 0"
Sep 15 15:21:08.881003 localhost immucore[634]: 2026-09-15T15:21:08Z DBG Adding line to fstab what="/usr/local/.state/etc-cni.bind /etc/cni overlay bind 0 0"
Sep 15 15:21:08.881003 localhost immucore[634]: 2026-09-15T15:21:08Z DBG Adding line to fstab what="/usr/local/.state/var-cores.bind /var/cores overlay bind 0 0"
Sep 15 15:21:08.881003 localhost immucore[634]: 2026-09-15T15:21:08Z DBG Adding line to fstab what="/usr/local/.state/etc-init.d.bind /etc/init.d overlay bind 0 0"
Sep 15 15:21:08.881003 localhost immucore[634]: 2026-09-15T15:21:08Z DBG Adding line to fstab what="/usr/local/.state/etc-iscsi.bind /etc/iscsi overlay bind 0 0"
Sep 15 15:21:08.881003 localhost immucore[634]: 2026-09-15T15:21:08Z DBG Adding line to fstab what="/usr/local/.state/etc-k0s.bind /etc/k0s overlay bind 0 0"
Sep 15 15:21:08.881003 localhost immucore[634]: 2026-09-15T15:21:08Z DBG Adding line to fstab what="/usr/local/.state/etc-kubernetes.bind /etc/kubernetes overlay bind 0 0"
Sep 15 15:21:08.881003 localhost immucore[634]: 2026-09-15T15:21:08Z DBG Adding line to fstab what="/usr/local/.state/usr-libexec.bind /usr/libexec overlay bind 0 0"
Sep 15 15:21:08.881003 localhost immucore[634]: 2026-09-15T15:21:08Z DBG Adding line to fstab what="/usr/local/.state/var-log.bind /var/log overlay bind 0 0"
Sep 15 15:21:08.881003 localhost immucore[634]: 2026-09-15T15:21:08Z DBG Adding line to fstab what="/usr/local/.state/etc-modprobe.d.bind /etc/modprobe.d overlay bind 0 0"
Sep 15 15:21:08.881003 localhost immucore[634]: 2026-09-15T15:21:08Z DBG Adding line to fstab what="/usr/local/.state/etc-pwx.bind /etc/pwx overlay bind 0 0"
Sep 15 15:21:08.881003 localhost immucore[634]: 2026-09-15T15:21:08Z DBG Adding line to fstab what="/usr/local/.state/etc-rancher.bind /etc/rancher overlay bind 0 0"
Sep 15 15:21:08.881003 localhost immucore[634]: 2026-09-15T15:21:08Z DBG Adding line to fstab what="/usr/local/.state/etc-runlevels.bind /etc/runlevels overlay bind 0 0"
Sep 15 15:21:08.881003 localhost immucore[634]: 2026-09-15T15:21:08Z DBG Adding line to fstab what="/usr/local/.state/etc-ssh.bind /etc/ssh overlay bind 0 0"
Sep 15 15:21:08.841304 localhost kairos-immucore[634]: 
Sep 15 15:21:08.938026 localhost immucore[634]: 2026-09-15T15:21:08Z DBG Adding line to fstab what="/usr/local/.state/etc-sysconfig.bind /etc/sysconfig overlay bind 0 0"
Sep 15 15:21:08.938026 localhost immucore[634]: 2026-09-15T15:21:08Z DBG Adding line to fstab what="/usr/local/.state/etc-systemd.bind /etc/systemd overlay bind 0 0"
Sep 15 15:21:08.938026 localhost immucore[634]: 2026-09-15T15:21:08Z DBG Adding line to fstab what="/usr/local/.state/etc-zfs.bind /etc/zfs overlay bind 0 0"
Sep 15 15:21:08.938026 localhost immucore[634]: 2026-09-15T15:21:08Z DBG Adding line to fstab what="/usr/local/.state/var-lib-ca-certificates.bind /var/lib/ca-certificates overlay bind 0 0"
Sep 15 15:21:08.938026 localhost immucore[634]: 2026-09-15T15:21:08Z DBG Adding line to fstab what="/usr/local/.state/var-lib-calico.bind /var/lib/calico overlay bind 0 0"
Sep 15 15:21:08.938026 localhost immucore[634]: 2026-09-15T15:21:08Z DBG Adding line to fstab what="/usr/local/.state/etc-ssl-certs.bind /etc/ssl/certs overlay bind 0 0"
Sep 15 15:21:08.938026 localhost immucore[634]: 2026-09-15T15:21:08Z DBG Adding line to fstab what="/usr/local/.state/var-lib-cni.bind /var/lib/cni overlay bind 0 0"
Sep 15 15:21:08.938026 localhost immucore[634]: 2026-09-15T15:21:08Z DBG Adding line to fstab what="/usr/local/.state/var-lib-confexts.bind /var/lib/confexts overlay bind 0 0"
Sep 15 15:21:08.938026 localhost immucore[634]: 2026-09-15T15:21:08Z DBG Adding line to fstab what="/usr/local/.state/var-lib-containerd.bind /var/lib/containerd overlay bind 0 0"
Sep 15 15:21:08.938026 localhost immucore[634]: 2026-09-15T15:21:08Z DBG Adding line to fstab what="/usr/local/.state/var-lib-dbus.bind /var/lib/dbus overlay bind 0 0"
Sep 15 15:21:08.938026 localhost immucore[634]: 2026-09-15T15:21:08Z DBG Adding line to fstab what="/usr/local/.state/var-lib-etcd.bind /var/lib/etcd overlay bind 0 0"
Sep 15 15:21:08.938026 localhost immucore[634]: 2026-09-15T15:21:08Z DBG Adding line to fstab what="/usr/local/.state/var-lib-extensions.bind /var/lib/extensions overlay bind 0 0"
Sep 15 15:21:08.938026 localhost immucore[634]: 2026-09-15T15:21:08Z DBG Adding line to fstab what="/usr/local/.state/var-lib-k0s.bind /var/lib/k0s overlay bind 0 0"
Sep 15 15:21:08.938026 localhost immucore[634]: 2026-09-15T15:21:08Z DBG Adding line to fstab what="/usr/local/.state/var-lib-kairos.bind /var/lib/kairos overlay bind 0 0"
Sep 15 15:21:08.841673 localhost kairos-immucore[634]: 
[0;90m
[0;38:5:245m
[0;1;31m
[0;90m
[0;38:5:245mAdding line to fstab
Sep 15 15:21:09.006200 localhost immucore[634]: 2026-09-15T15:21:08Z DBG Adding line to fstab what="/usr/local/.state/var-lib-kubelet.bind /var/lib/kubelet overlay bind 0 0"
Sep 15 15:21:09.006200 localhost immucore[634]: 2026-09-15T15:21:08Z DBG Adding line to fstab what="/usr/local/.state/var-lib-longhorn.bind /var/lib/longhorn overlay bind 0 0"
Sep 15 15:21:09.006200 localhost immucore[634]: 2026-09-15T15:21:08Z DBG Adding line to fstab what="/usr/local/.state/var-lib-osd.bind /var/lib/osd overlay bind 0 0"
Sep 15 15:21:09.006200 localhost immucore[634]: 2026-09-15T15:21:08Z DBG Adding line to fstab what="/usr/local/.state/var-lib-rancher.bind /var/lib/rancher overlay bind 0 0"
Sep 15 15:21:09.006200 localhost immucore[634]: 2026-09-15T15:21:08Z DBG Adding line to fstab what="/usr/local/.state/var-lib-rook.bind /var/lib/rook overlay bind 0 0"
Sep 15 15:21:09.006200 localhost immucore[634]: 2026-09-15T15:21:08Z DBG Adding line to fstab what="/usr/local/.state/var-lib-tailscale.bind /var/lib/tailscale overlay bind 0 0"
Sep 15 15:21:09.006200 localhost immucore[634]: 2026-09-15T15:21:08Z DBG Adding line to fstab what="/usr/local/.state/var-lib-wicked.bind /var/lib/wicked overlay bind 0 0"
Sep 15 15:21:09.006200 localhost immucore[634]: 2026-09-15T15:21:08Z DBG Enabling system extensions
Sep 15 15:21:09.006200 localhost immucore[634]: 2026-09-15T15:21:08Z DBG detecting boot state
Sep 15 15:21:09.006200 localhost immucore[634]: 2026-09-15T15:21:08Z DBG Detected in-RAM boot; classifying as Active
Sep 15 15:21:09.006200 localhost immucore[634]: 2026-09-15T15:21:08Z DBG Enabling config extensions
Sep 15 15:21:09.006200 localhost immucore[634]: 2026-09-15T15:21:08Z INF Running initramfs stage
Sep 15 15:21:09.006200 localhost immucore[634]: 2026-09-15T15:21:08Z INF Running stage: initramfs.before
Sep 15 15:21:09.006200 localhost immucore[634]: 
Sep 15 15:21:09.006200 localhost immucore[634]: 2026-09-15T15:21:08Z DBG Generating op for stage 'Datasource handling.Move old datasource to new location'
Sep 15 15:21:09.006200 localhost immucore[634]: 2026-09-15T15:21:08Z DBG Generating op for stage 'Datasource handling.Remove old userdata'
Sep 15 15:21:09.006200 localhost immucore[634]: 2026-09-15T15:21:08Z DBG Generating op for stage 'Datasource handling.Pull data from provider'
Sep 15 15:21:09.006200 localhost immucore[634]: 2026-09-15T15:21:08Z DBG Generating op for stage 'Datasource handling.3'
Sep 15 15:21:09.006200 localhost immucore[634]: 2026-09-15T15:21:08Z DBG Generating op for stage 'RPI configs.Set a safe date before user creation for RPI without hardware clocks'
Sep 15 15:21:08.841805 localhost kairos-immucore[634]: 
[0;90m
[0;38:5:245m
[0;1;31m
[0;90m
[0;38:5:245mAdding line to fstab
Sep 15 15:21:09.081159 localhost immucore[634]: 2026-09-15T15:21:08Z DBG Generating op for stage '/system/oem/29_blacklist.yaml.Blacklist bpfilter on Alpine ( bug: https://github.com/kairos-io/kairos/issues/277 )'
Sep 15 15:21:09.081159 localhost immucore[634]: 2026-09-15T15:21:08Z DBG Generating op for stage 'L4T RootFS Prep for Orin NX.Apply NVIDIA binaries'
Sep 15 15:21:09.081159 localhost immucore[634]: 2026-09-15T15:21:08Z DBG Reading '/system/oem/29_blacklist.yaml'
Sep 15 15:21:09.081159 localhost immucore[634]: 2026-09-15T15:21:08Z DBG Executing stage '/system/oem/29_blacklist.yaml.Blacklist bpfilter on Alpine ( bug: https://github.com/kairos-io/kairos/issues/277 )'
Sep 15 15:21:09.081159 localhost immucore[634]: 2026-09-15T15:21:08Z DBG Reading '/system/oem/00_datasource.yaml'
Sep 15 15:21:09.081159 localhost immucore[634]: 2026-09-15T15:21:08Z DBG Executing stage 'Datasource handling.Move old datasource to new location'
Sep 15 15:21:09.081159 localhost immucore[634]: 2026-09-15T15:21:08Z DBG Reading '/system/oem/11_RPI.yaml'
Sep 15 15:21:09.081159 localhost immucore[634]: 2026-09-15T15:21:08Z DBG Executing stage 'RPI configs.Set a safe date before user creation for RPI without hardware clocks'
Sep 15 15:21:09.081159 localhost immucore[634]: 2026-09-15T15:21:08Z DBG Found systemd at /bin/systemctl
Sep 15 15:21:09.081159 localhost immucore[634]: 2026-09-15T15:21:08Z WRN (conditional) Skip 'service manager doesn't match openrc' stage name: /system/oem/29_blacklist.yaml.Blacklist bpfilter on Alpine ( bug: https://github.com/kairos-io/kairos/issues/277 )
Sep 15 15:21:09.081159 localhost immucore[634]: 2026-09-15T15:21:08Z WRN (conditional) Skip 'Skipping stage (if statement error: failed to run [ -d /oem/userdata ] && [ ! -d /oem/95_userdata ]: exit status 1)' stage name: Datasource handling.Move old datasource to new location
Sep 15 15:21:09.081159 localhost immucore[634]: 2026-09-15T15:21:08Z WRN (conditional) Skip 'Skipping stage (if statement error: failed to run [ -f "/proc/device-tree/model" ] && grep -i "Raspberry Pi" "/proc/device-tree/model": exit status 1)' stage name: RPI configs.Set a safe date before user creation for RPI without hardware clocks
Sep 15 15:21:09.081159 localhost immucore[634]: 2026-09-15T15:21:08Z DBG Reading '/system/oem/00_datasource.yaml'
Sep 15 15:21:09.081159 localhost immucore[634]: 2026-09-15T15:21:08Z DBG Executing stage 'Datasource handling.Remove old userdata'
Sep 15 15:21:09.081159 localhost immucore[634]: 2026-09-15T15:21:08Z DBG Reading '/system/oem/30-prepare-l4t-rootfs.yaml'
Sep 15 15:21:08.841813 localhost kairos-immucore[634]: 
[0;90m
[0;38:5:245m
[0;1;31m
[0;90m
[0;38:5:245mdetecting boot state
Sep 15 15:21:09.132325 localhost immucore[634]: 2026-09-15T15:21:08Z DBG Executing stage 'L4T RootFS Prep for Orin NX.Apply NVIDIA binaries'
Sep 15 15:21:09.132325 localhost immucore[634]: 2026-09-15T15:21:08Z WRN (conditional) Skip 'Skipping stage (if statement error: failed to run [ -d /oem/userdata ] && [ -d /oem/95_userdata ]: exit status 1)' stage name: Datasource handling.Remove old userdata
Sep 15 15:21:09.132325 localhost immucore[634]: 2026-09-15T15:21:08Z WRN (conditional) Skip 'Skipping stage (if statement error: failed to run [ -f "/proc/device-tree/model" ] && grep -i "Orin NX" "/proc/device-tree/model": exit status 1)' stage name: L4T RootFS Prep for Orin NX.Apply NVIDIA binaries
Sep 15 15:21:09.132325 localhost immucore[634]: 2026-09-15T15:21:08Z DBG Reading '/system/oem/00_datasource.yaml'
Sep 15 15:21:09.132325 localhost immucore[634]: 2026-09-15T15:21:08Z DBG Executing stage 'Datasource handling.Pull data from provider'
Sep 15 15:21:09.132325 localhost immucore[634]: 2026-09-15T15:21:08Z WRN (conditional) Skip 'Skipping stage (if statement error: failed to run [ ! -e /oem/95_userdata ] && ([ ! -f /run/cos/uki_boot_mode ] || grep -q "kairos.pull_datasources" /proc/cmdline ): exit status 1)' stage name: Datasource handling.Pull data from provider
Sep 15 15:21:09.132325 localhost immucore[634]: 2026-09-15T15:21:08Z DBG Reading '/system/oem/00_datasource.yaml'
Sep 15 15:21:09.132325 localhost immucore[634]: 2026-09-15T15:21:08Z DBG Executing stage 'Datasource handling.3'
Sep 15 15:21:09.132325 localhost immucore[634]: 2026-09-15T15:21:08Z WRN (conditional) Skip 'Skipping stage (if statement error: failed to run [ ! -e /oem/95_userdata ]: exit status 1)' stage name: Datasource handling.3
Sep 15 15:21:09.132325 localhost immucore[634]: 2026-09-15T15:21:08Z INF Done executing stage 'initramfs.before'
Sep 15 15:21:09.132325 localhost immucore[634]: 
Sep 15 15:21:09.132325 localhost immucore[634]: 2026-09-15T15:21:08Z INF Running stage: initramfs
Sep 15 15:21:09.132325 localhost immucore[634]: 
Sep 15 15:21:09.132325 localhost immucore[634]: 2026-09-15T15:21:08Z DBG Generating op for stage 'Rootfs Layout Settings.Create journalctl /var/log/journal dir'
Sep 15 15:21:09.132325 localhost immucore[634]: 2026-09-15T15:21:08Z DBG Generating op for stage 'Rootfs Layout Settings.Restore /etc/machine-id for systemd systems'
Sep 15 15:21:09.132325 localhost immucore[634]: 2026-09-15T15:21:08Z DBG Generating op for stage 'Rootfs Layout Settings.Ensure /etc/machine-id for systemd systems'
Sep 15 15:21:08.841840 localhost kairos-immucore[634]: 
[0;90m
[0;38:5:245m
[0;1;31m
[0;90m
[0;38:5:245mDetected in-RAM boot; classifying as Active
Sep 15 15:21:09.183810 localhost immucore[634]: 2026-09-15T15:21:08Z DBG Generating op for stage 'Rootfs Layout Settings.Ensure /etc/machine-id for openrc systems'
Sep 15 15:21:09.183810 localhost immucore[634]: 2026-09-15T15:21:08Z DBG Generating op for stage 'Start agent.0'
Sep 15 15:21:09.183810 localhost immucore[634]: 2026-09-15T15:21:08Z DBG Generating op for stage 'Notify Kairos Plugins of Elemental Events.0'
Sep 15 15:21:09.183810 localhost immucore[634]: 2026-09-15T15:21:08Z DBG Generating op for stage 'Default network configuration.Enable systemd-network config files for DHCP'
Sep 15 15:21:09.183810 localhost immucore[634]: 2026-09-15T15:21:08Z DBG Generating op for stage 'Default network configuration.Disable NetworkManager and wicked'
Sep 15 15:21:09.183810 localhost immucore[634]: 2026-09-15T15:21:08Z DBG Generating op for stage 'Default network configuration.Link /etc/resolv.conf to systemd resolv.conf'
Sep 15 15:21:09.183810 localhost immucore[634]: 2026-09-15T15:21:08Z DBG Generating op for stage 'Default network configuration.Enabled systemd-networkd on Red Hat if available'
Sep 15 15:21:09.183810 localhost immucore[634]: 2026-09-15T15:21:08Z DBG Generating op for stage 'Default network configuration.Enable systemd-resolved on Red Hat if available'
Sep 15 15:21:09.183810 localhost immucore[634]: 2026-09-15T15:21:08Z DBG Generating op for stage 'Enable EFI assessment.Override systemd-boot services to enable RW on /efi partition'
Sep 15 15:21:09.183810 localhost immucore[634]: 2026-09-15T15:21:08Z DBG Generating op for stage 'Enable EFI assessment.Enable boot assessment'
Sep 15 15:21:09.183810 localhost immucore[634]: 2026-09-15T15:21:08Z DBG Generating op for stage 'Default config.Generate host keys'
Sep 15 15:21:09.183810 localhost immucore[634]: 2026-09-15T15:21:08Z DBG Generating op for stage 'Create openrc services.Create OpenRC services'
Sep 15 15:21:09.183810 localhost immucore[634]: 2026-09-15T15:21:08Z DBG Generating op for stage 'Create openrc services.Enable OpenRC services'
Sep 15 15:21:09.183810 localhost immucore[634]: 2026-09-15T15:21:08Z DBG Generating op for stage 'Default config.Default systemd config'
Sep 15 15:21:09.183810 localhost immucore[634]: 2026-09-15T15:21:08Z DBG Generating op for stage 'Default config.Create systemd services'
Sep 15 15:21:09.183810 localhost immucore[634]: 2026-09-15T15:21:08Z DBG Generating op for stage 'Default config.Override systemd-tpm2-setup/systemd-pcrproduct with temporary RW under /efi'
Sep 15 15:21:09.183810 localhost immucore[634]: 2026-09-15T15:21:08Z DBG Generating op for stage 'Default config.Enable systemd services'
Sep 15 15:21:08.841914 localhost kairos-immucore[634]: 
[0;90m
[0;38:5:245m
[0;1;31m
[0;90m
[0;38:5:245mAdding line to fstab
Sep 15 15:21:09.236849 localhost immucore[634]: 2026-09-15T15:21:08Z DBG Generating op for stage 'Default user, permissions and serial login.Setup groups.0'
Sep 15 15:21:09.236849 localhost immucore[634]: 2026-09-15T15:21:08Z DBG Generating op for stage 'Default user, permissions and serial login.Setup users.1'
Sep 15 15:21:09.236849 localhost immucore[634]: 2026-09-15T15:21:08Z DBG Generating op for stage 'Default user, permissions and serial login.Set user password if running in live or uki.2'
Sep 15 15:21:09.236849 localhost immucore[634]: 2026-09-15T15:21:08Z DBG Generating op for stage 'Default user, permissions and serial login.Setup sudo.3'
Sep 15 15:21:09.236849 localhost immucore[634]: 2026-09-15T15:21:08Z DBG Generating op for stage 'Default user, permissions and serial login.Ensure runtime permission.4'
Sep 15 15:21:09.236849 localhost immucore[634]: 2026-09-15T15:21:08Z DBG Generating op for stage 'Default user, permissions and serial login.Ensure runtime permission.5'
Sep 15 15:21:09.236849 localhost immucore[634]: 2026-09-15T15:21:08Z DBG Generating op for stage 'Nvidia jetson specific files.Create files'
Sep 15 15:21:09.236849 localhost immucore[634]: 2026-09-15T15:21:08Z DBG Generating op for stage 'Root autologin.0'
Sep 15 15:21:09.236849 localhost immucore[634]: 2026-09-15T15:21:08Z DBG Generating op for stage 'Root autologin.Autologin on livecd for OpenRC'
Sep 15 15:21:09.236849 localhost immucore[634]: 2026-09-15T15:21:08Z DBG Generating op for stage 'SELinux.Relabelling'
Sep 15 15:21:09.236849 localhost immucore[634]: 2026-09-15T15:21:08Z DBG Generating op for stage '/system/oem/31_hosts.yaml.Ensure persistent hosts file'
Sep 15 15:21:09.236849 localhost immucore[634]: 2026-09-15T15:21:08Z DBG Generating op for stage '/system/oem/31_hosts.yaml.Ensure persistent /etc/ directory'
Sep 15 15:21:09.236849 localhost immucore[634]: 2026-09-15T15:21:08Z DBG Generating op for stage '/system/oem/31_hosts.yaml.Ensure persistent hostname'
Sep 15 15:21:09.236849 localhost immucore[634]: 2026-09-15T15:21:08Z DBG Generating op for stage 'Profile extensions.Set KUBECONFIG to access k9s and kubectl'
Sep 15 15:21:09.236849 localhost immucore[634]: 2026-09-15T15:21:08Z DBG Generating op for stage 'Start recovery on tty1.Starts kairos-recovery and generate a temporary pass'
Sep 15 15:21:09.236849 localhost immucore[634]: 2026-09-15T15:21:08Z DBG Generating op for stage 'Start recovery on tty1.Starts kairos-recovery for openRC based systems'
Sep 15 15:21:09.236849 localhost immucore[634]: 2026-09-15T15:21:08Z DBG Generating op for stage 'Start reset on tty1.Starts kairos-reset for systemd based systems'
Sep 15 15:21:08.842021 localhost kairos-immucore[634]: 
[0;90m
[0;38:5:245m
[0;1;31m
[0;90m
[0;38:5:245mAdding line to fstab
Sep 15 15:21:09.289830 localhost immucore[634]: 2026-09-15T15:21:08Z DBG Generating op for stage 'Start reset on tty1.Starts kairos-reset for openRC-based systems'
Sep 15 15:21:09.289830 localhost immucore[634]: 2026-09-15T15:21:08Z DBG Generating op for stage 'Start installer on tty1..0'
Sep 15 15:21:09.289830 localhost immucore[634]: 2026-09-15T15:21:08Z DBG Generating op for stage 'Start installer on tty1..1'
Sep 15 15:21:09.289830 localhost immucore[634]: 2026-09-15T15:21:08Z DBG Generating op for stage 'Start installer on tty1..2'
Sep 15 15:21:09.289830 localhost immucore[634]: 2026-09-15T15:21:08Z DBG Generating op for stage 'Start installer on tty1..3'
Sep 15 15:21:09.289830 localhost immucore[634]: 2026-09-15T15:21:08Z DBG Generating op for stage 'sysext and confext configuration.systemd-sysext/confext uki config'
Sep 15 15:21:09.289830 localhost immucore[634]: 2026-09-15T15:21:08Z DBG Generating op for stage 'sysext and confext configuration.systemd-sysext/confext config'
Sep 15 15:21:09.289830 localhost immucore[634]: 2026-09-15T15:21:08Z DBG Generating op for stage 'sysext and confext configuration.systemd-sysext set hierarchy system-wide'
Sep 15 15:21:09.289830 localhost immucore[634]: 2026-09-15T15:21:08Z DBG Generating op for stage 'sysext and confext configuration.systemd-sysext/confext initramfs settings'
Sep 15 15:21:09.289830 localhost immucore[634]: 2026-09-15T15:21:08Z DBG Reading '/system/oem/08_ssh.yaml'
Sep 15 15:21:09.289830 localhost immucore[634]: 2026-09-15T15:21:08Z DBG Executing stage 'Default config.Generate host keys'
Sep 15 15:21:09.289830 localhost immucore[634]: 2026-09-15T15:21:08Z INF Processing stage step 'Default config.Generate host keys'. ( commands: 2, files: 0, ... )
Sep 15 15:21:09.289830 localhost immucore[634]: 2026-09-15T15:21:08Z DBG Stage: schema.Stage{
Sep 15 15:21:09.289830 localhost immucore[634]:   Commands: []string{
Sep 15 15:21:09.289830 localhost immucore[634]:     "test -f /etc/ssh/ssh_host_rsa_key     || ssh-keygen -t rsa -b 4096 -f /etc/ssh/ssh_host_rsa_key -N ''",
Sep 15 15:21:09.289830 localhost immucore[634]:     "test -f /etc/ssh/ssh_host_ed25519_key || ssh-keygen -t ed25519 -f /etc/ssh/ssh_host_ed25519_key -N ''",
Sep 15 15:21:09.289830 localhost immucore[634]:   },
Sep 15 15:21:09.289830 localhost immucore[634]:   Name: "Generate host keys",
Sep 15 15:21:09.289830 localhost immucore[634]: }
Sep 15 15:21:09.289830 localhost immucore[634]: 2026-09-15T15:21:08Z DBG Reading '/system/oem/31_hosts.yaml'
Sep 15 15:21:09.289830 localhost immucore[634]: 2026-09-15T15:21:08Z DBG Executing stage '/system/oem/31_hosts.yaml.Ensure persistent hosts file'
Sep 15 15:21:09.289830 localhost immucore[634]: 2026-09-15T15:21:08Z DBG Reading '/system/oem/02_agent.yaml'
Sep 15 15:21:09.289830 localhost immucore[634]: 2026-09-15T15:21:08Z DBG Executing stage 'Start agent.0'
Sep 15 15:21:09.289830 localhost immucore[634]: 2026-09-15T15:21:08Z DBG If statement result
Sep 15 15:21:08.842161 localhost kairos-immucore[634]: 
[0;90m
[0;38:5:245m
[0;1;31m
[0;90m
[0;38:5:245mAdding line to fstab
Sep 15 15:21:09.361057 localhost immucore[634]: 2026-09-15T15:21:08Z DBG Found systemd at /bin/systemctl
Sep 15 15:21:09.361057 localhost immucore[634]: 2026-09-15T15:21:08Z INF Processing stage step 'Start agent.0'. ( commands: 1, files: 1, ... )
Sep 15 15:21:09.361057 localhost immucore[634]: 2026-09-15T15:21:08Z DBG Stage: schema.Stage{
Sep 15 15:21:09.361057 localhost immucore[634]:   Commands: []string{
Sep 15 15:21:09.361057 localhost immucore[634]:     "systemctl enable kairos-agent",
Sep 15 15:21:09.361057 localhost immucore[634]:   },
Sep 15 15:21:09.361057 localhost immucore[634]:   Files: []schema.File{
Sep 15 15:21:09.361057 localhost immucore[634]:     schema.File{
Sep 15 15:21:09.361057 localhost immucore[634]:       Path: "/etc/systemd/system/kairos-agent.service",
Sep 15 15:21:09.361057 localhost immucore[634]:       Permissions: 420,
Sep 15 15:21:09.361057 localhost immucore[634]:       Content: "[Unit]\nDescription=kairos agent\nAfter=cos-setup-network.service\nWants=network.target\n[Service]\nRestart=on-failure\nRestartSec=5s\nExecStart=/usr/bin/kairos-agent start\n[Install]\nWantedBy=multi-user.target\n",
Sep 15 15:21:09.361057 localhost immucore[634]:     },
Sep 15 15:21:09.361057 localhost immucore[634]:   },
Sep 15 15:21:09.361057 localhost immucore[634]:   If: "[ ! -f \"/run/cos/recovery_mode\" ]",
Sep 15 15:21:09.361057 localhost immucore[634]:   OnlyIfServiceManager: "systemd",
Sep 15 15:21:09.361057 localhost immucore[634]: }
Sep 15 15:21:09.361057 localhost immucore[634]: 2026-09-15T15:21:08Z DBG Creating file /etc/systemd/system/kairos-agent.service
Sep 15 15:21:09.361057 localhost immucore[634]: 2026-09-15T15:21:08Z DBG If statement result
Sep 15 15:21:09.361057 localhost immucore[634]: 2026-09-15T15:21:08Z INF Processing stage step '/system/oem/31_hosts.yaml.Ensure persistent hosts file'. ( commands: 2, files: 1, ... )
Sep 15 15:21:09.361057 localhost immucore[634]: 2026-09-15T15:21:08Z DBG Stage: schema.Stage{
Sep 15 15:21:09.361057 localhost immucore[634]:   Commands: []string{
Sep 15 15:21:09.361057 localhost immucore[634]:     "rm -f /etc/hosts",
Sep 15 15:21:09.361057 localhost immucore[634]:     "ln -sf /usr/local/etc/hosts /etc/hosts",
Sep 15 15:21:09.361057 localhost immucore[634]:   },
Sep 15 15:21:09.361057 localhost immucore[634]:   Files: []schema.File{
Sep 15 15:21:09.361057 localhost immucore[634]:     schema.File{
Sep 15 15:21:09.361057 localhost immucore[634]:       Path: "/usr/local/etc/hosts",
Sep 15 15:21:09.361057 localhost immucore[634]:       Permissions: 420,
Sep 15 15:21:09.361057 localhost immucore[634]:       Content: "127.0.0.1 localhost\n::1       localhost\n",
Sep 15 15:21:09.361057 localhost immucore[634]:     },
Sep 15 15:21:09.361057 localhost immucore[634]:   },
Sep 15 15:21:09.361057 localhost immucore[634]:   Directories: []schema.Directory{
Sep 15 15:21:09.361057 localhost immucore[634]:     schema.Directory{
Sep 15 15:21:09.361057 localhost immucore[634]:       Path: "/usr/local/etc/",
Sep 15 15:21:09.361057 localhost immucore[634]:       Permissions: 493,
Sep 15 15:21:09.361057 localhost immucore[634]:     },
Sep 15 15:21:09.361057 localhost immucore[634]:   },
Sep 15 15:21:09.361057 localhost immucore[634]:   If: "[ ! -f \"/run/cos/recovery_mode\" ] && [ ! -L \"/etc/hosts\" ]",
Sep 15 15:21:09.361057 localhost immucore[634]:   Name: "Ensure persistent hosts file",
Sep 15 15:21:09.361057 localhost immucore[634]: }
Sep 15 15:21:09.361057 localhost immucore[634]: 2026-09-15T15:21:08Z DBG Creating directory /usr/local/etc
Sep 15 15:21:09.361057 localhost immucore[634]: 2026-09-15T15:21:08Z DBG Creating directory /usr/local/etc/
Sep 15 15:21:09.361057 localhost immucore[634]: 2026-09-15T15:21:08Z ERR mkdir /usr/local/etc/: file exists
Sep 15 15:21:09.361057 localhost immucore[634]: 2026-09-15T15:21:08Z ERR Error on file /system/oem/31_hosts.yaml on stage Ensure persistent hosts file: 1 error occurred:
Sep 15 15:21:09.361057 localhost immucore[634]:         * mkdir /usr/local/etc/: file exists
Sep 15 15:21:09.361057 localhost immucore[634]: 
Sep 15 15:21:08.842308 localhost kairos-immucore[634]: 
[0;90m
[0;38:5:245m
[0;1;31m
[0;90m
[0;38:5:245mAdding line to fstab
Sep 15 15:21:09.458951 localhost immucore[634]: 2026-09-15T15:21:08Z DBG Creating file /usr/local/etc/hosts
Sep 15 15:21:09.458951 localhost immucore[634]: 2026-09-15T15:21:08Z DBG Reading '/system/oem/25_autologin.yaml'
Sep 15 15:21:09.458951 localhost immucore[634]: 2026-09-15T15:21:08Z DBG Executing stage 'Root autologin.0'
Sep 15 15:21:09.458951 localhost immucore[634]: 2026-09-15T15:21:08Z DBG Reading '/system/oem/05_network.yaml'
Sep 15 15:21:09.458951 localhost immucore[634]: 2026-09-15T15:21:08Z DBG Executing stage 'Default network configuration.Enable systemd-network config files for DHCP'
Sep 15 15:21:09.458951 localhost immucore[634]: 2026-09-15T15:21:08Z DBG Reading '/system/oem/12_nvidia.yaml'
Sep 15 15:21:09.458951 localhost immucore[634]: 2026-09-15T15:21:08Z DBG Executing stage 'Nvidia jetson specific files.Create files'
Sep 15 15:21:09.458951 localhost immucore[634]: 2026-09-15T15:21:08Z DBG Reading '/system/oem/00_rootfs.yaml'
Sep 15 15:21:09.458951 localhost immucore[634]: 2026-09-15T15:21:08Z DBG Executing stage 'Rootfs Layout Settings.Create journalctl /var/log/journal dir'
Sep 15 15:21:09.458951 localhost immucore[634]: 2026-09-15T15:21:08Z DBG Found systemd at /bin/systemctl
Sep 15 15:21:09.458951 localhost immucore[634]: 2026-09-15T15:21:08Z INF Processing stage step 'Rootfs Layout Settings.Create journalctl /var/log/journal dir'. ( commands: 0, files: 0, ... )
Sep 15 15:21:09.458951 localhost immucore[634]: 2026-09-15T15:21:08Z DBG Stage: schema.Stage{
Sep 15 15:21:09.458951 localhost immucore[634]:   Directories: []schema.Directory{
Sep 15 15:21:09.458951 localhost immucore[634]:     schema.Directory{
Sep 15 15:21:09.458951 localhost immucore[634]:       Path: "/var/log/journal",
Sep 15 15:21:09.458951 localhost immucore[634]:     },
Sep 15 15:21:09.458951 localhost immucore[634]:   },
Sep 15 15:21:09.458951 localhost immucore[634]:   Name: "Create journalctl /var/log/journal dir",
Sep 15 15:21:09.458951 localhost immucore[634]:   OnlyIfServiceManager: "systemd",
Sep 15 15:21:09.458951 localhost immucore[634]: }
Sep 15 15:21:09.458951 localhost immucore[634]: 2026-09-15T15:21:08Z INF Running layout plugin
Sep 15 15:21:09.458951 localhost immucore[634]: 2026-09-15T15:21:08Z DBG Device field empty, skipping layout plugin
Sep 15 15:21:09.458951 localhost immucore[634]: 2026-09-15T15:21:08Z WRN (conditional) Skip 'Skipping stage (if statement error: failed to run [ -f "/sys/firmware/devicetree/base/model" ] && grep -i jetson "/sys/firmware/devicetree/base/model"
Sep 15 15:21:09.458951 localhost immucore[634]: : exit status 1)' stage name: Nvidia jetson specific files.Create files
Sep 15 15:21:08.842433 localhost kairos-immucore[634]: 
[0;90m
[0;38:5:245m
[0;1;31m
[0;90m
[0;38:5:245mAdding line to fstab
Sep 15 15:21:08.842545 localhost kairos-immucore[634]: 
[0;90m
[0;38:5:245m
[0;1;31m
[0;90m
[0;38:5:245mAdding line to fstab
Sep 15 15:21:08.845080 localhost kairos-immucore[634]: 
[0;90m
[0;38:5:245m
[0;1;31m
[0;90m
[0;38:5:245mAdding line to fstab
Sep 15 15:21:08.845189 localhost kairos-immucore[634]: 
[0;90m
[0;38:5:245m
[0;1;31m
[0;90m
[0;38:5:245mAdding line to fstab
Sep 15 15:21:08.845215 localhost kairos-immucore[634]: 
[0;90m
[0;38:5:245m
[0;1;31m
[0;90m
[0;38:5:245mAdding line to fstab
Sep 15 15:21:08.845237 localhost kairos-immucore[634]: 
[0;90m
[0;38:5:245m
[0;1;31m
[0;90m
[0;38:5:245mAdding line to fstab
Sep 15 15:21:08.845311 localhost kairos-immucore[634]: 
[0;90m
[0;38:5:245m
[0;1;31m
[0;90m
[0;38:5:245mAdding line to fstab
Sep 15 15:21:08.845338 localhost kairos-immucore[634]: 
[0;90m
[0;38:5:245m
[0;1;31m
[0;90m
[0;38:5:245mAdding line to fstab
Sep 15 15:21:08.845358 localhost kairos-immucore[634]: 
[0;90m
[0;38:5:245m
[0;1;31m
[0;90m
[0;38:5:245mAdding line to fstab
Sep 15 15:21:08.845377 localhost kairos-immucore[634]: 
[0;90m
[0;38:5:245m
[0;1;31m
[0;90m
[0;38:5:245mAdding line to fstab
Sep 15 15:21:08.845401 localhost kairos-immucore[634]: 
[0;90m
[0;38:5:245m
[0;1;31m
[0;90m
[0;38:5:245mAdding line to fstab
Sep 15 15:21:08.845421 localhost kairos-immucore[634]: 
[0;90m
[0;38:5:245m
[0;1;31m
[0;90m
[0;38:5:245mAdding line to fstab
Sep 15 15:21:08.845444 localhost kairos-immucore[634]: 
[0;90m
[0;38:5:245m
[0;1;31m
[0;90m
[0;38:5:245mAdding line to fstab
Sep 15 15:21:08.845465 localhost kairos-immucore[634]: 
[0;90m
[0;38:5:245m
[0;1;31m
[0;90m
[0;38:5:245mAdding line to fstab
Sep 15 15:21:08.845486 localhost kairos-immucore[634]: 
[0;90m
[0;38:5:245m
[0;1;31m
[0;90m
[0;38:5:245mAdding line to fstab
Sep 15 15:21:08.845506 localhost kairos-immucore[634]: 
[0;90m
[0;38:5:245m
[0;1;31m
[0;90m
[0;38:5:245mAdding line to fstab
Sep 15 15:21:08.845527 localhost kairos-immucore[634]: 
[0;90m
[0;38:5:245m
[0;1;31m
[0;90m
[0;38:5:245mAdding line to fstab
Sep 15 15:21:08.845548 localhost kairos-immucore[634]: 
[0;90m
[0;38:5:245m
[0;1;31m
[0;90m
[0;38:5:245mAdding line to fstab
Sep 15 15:21:08.845567 localhost kairos-immucore[634]: 
[0;90m
[0;38:5:245m
[0;1;31m
[0;90m
[0;38:5:245mAdding line to fstab
Sep 15 15:21:08.845588 localhost kairos-immucore[634]: 
[0;90m
[0;38:5:245m
[0;1;31m
[0;90m
[0;38:5:245mAdding line to fstab
Sep 15 15:21:08.845608 localhost kairos-immucore[634]: 
[0;90m
[0;38:5:245m
[0;1;31m
[0;90m
[0;38:5:245mAdding line to fstab
Sep 15 15:21:08.845631 localhost kairos-immucore[634]: 
[0;90m
[0;38:5:245m
[0;1;31m
[0;90m
[0;38:5:245mAdding line to fstab
Sep 15 15:21:08.845653 localhost kairos-immucore[634]: 
[0;90m
[0;38:5:245m
[0;1;31m
[0;90m
[0;38:5:245mAdding line to fstab
Sep 15 15:21:08.845676 localhost kairos-immucore[634]: 
[0;90m
[0;38:5:245m
[0;1;31m
[0;90m
[0;38:5:245mAdding line to fstab
Sep 15 15:21:08.845696 localhost kairos-immucore[634]: 
[0;90m
[0;38:5:245m
[0;1;31m
[0;90m
[0;38:5:245mAdding line to fstab
Sep 15 15:21:08.845715 localhost kairos-immucore[634]: 
[0;90m
[0;38:5:245m
[0;1;31m
[0;90m
[0;38:5:245mAdding line to fstab
Sep 15 15:21:08.845737 localhost kairos-immucore[634]: 
[0;90m
[0;38:5:245m
[0;1;31m
[0;90m
[0;38:5:245mAdding line to fstab
Sep 15 15:21:08.845761 localhost kairos-immucore[634]: 
[0;90m
[0;38:5:245m
[0;1;31m
[0;90m
[0;38:5:245mAdding line to fstab
Sep 15 15:21:08.845782 localhost kairos-immucore[634]: 
[0;90m
[0;38:5:245m
[0;1;31m
[0;90m
[0;38:5:245mAdding line to fstab
Sep 15 15:21:08.845802 localhost kairos-immucore[634]: 
[0;90m
[0;38:5:245m
[0;1;31m
[0;90m
[0;38:5:245mAdding line to fstab
Sep 15 15:21:08.845824 localhost kairos-immucore[634]: 
[0;90m
[0;38:5:245m
[0;1;31m
[0;90m
[0;38:5:245mAdding line to fstab
Sep 15 15:21:08.845843 localhost kairos-immucore[634]: 
[0;90m
[0;38:5:245m
[0;1;31m
[0;90m
[0;38:5:245mAdding line to fstab
Sep 15 15:21:08.845866 localhost kairos-immucore[634]: 
[0;90m
[0;38:5:245m
[0;1;31m
[0;90m
[0;38:5:245mAdding line to fstab
Sep 15 15:21:08.845889 localhost kairos-immucore[634]: 
[0;90m
[0;38:5:245m
[0;1;31m
[0;90m
[0;38:5:245mAdding line to fstab
Sep 15 15:21:08.845911 localhost kairos-immucore[634]: 
[0;90m
[0;38:5:245m
[0;1;31m
[0;90m
[0;38:5:245mAdding line to fstab
Sep 15 15:21:08.845929 localhost kairos-immucore[634]: 
[0;90m
[0;38:5:245m
[0;1;31m
[0;90m
[0;38:5:245mAdding line to fstab
Sep 15 15:21:08.845947 localhost kairos-immucore[634]: 
[0;90m
[0;38:5:245m
[0;1;31m
[0;90m
[0;38:5:245mAdding line to fstab
Sep 15 15:21:08.845972 localhost kairos-immucore[634]: 
[0;90m
[0;38:5:245m
[0;1;31m
[0;90m
[0;38:5:245mAdding line to fstab
Sep 15 15:21:08.850546 localhost kairos-immucore[634]: 
[0;90m
[0;38:5:245m
[0;1;31m
[0;90m
[0;38:5:245mEnabling system extensions
Sep 15 15:21:08.850665 localhost kairos-immucore[634]: 
[0;90m
[0;38:5:245m
[0;1;31m
[0;90m
[0;38:5:245mdetecting boot state
Sep 15 15:21:08.850770 localhost kairos-immucore[634]: 
[0;90m
[0;38:5:245m
[0;1;31m
[0;90m
[0;38:5:245mDetected in-RAM boot; classifying as Active
Sep 15 15:21:08.856799 localhost kairos-immucore[634]: 
[0;90m
[0;38:5:245m
[0;1;31m
[0;90m
[0;38:5:245mEnabling config extensions
Sep 15 15:21:08.856978 localhost kairos-immucore[634]: Running initramfs stage
Sep 15 15:21:08.863561 localhost kairos-immucore[634]: Running stage: initramfs.before
Sep 15 15:21:08.863984 localhost kairos-immucore[634]: 
[0;90m
[0;38:5:245m
[0;1;31m
[0;90m
[0;38:5:245mGenerating op for stage 'Datasource handling.Move old datasource to new location'
Sep 15 15:21:08.864010 localhost kairos-immucore[634]: 
[0;90m
[0;38:5:245m
[0;1;31m
[0;90m
[0;38:5:245mGenerating op for stage 'Datasource handling.Remove old userdata'
Sep 15 15:21:08.864024 localhost kairos-immucore[634]: 
[0;90m
[0;38:5:245m
[0;1;31m
[0;90m
[0;38:5:245mGenerating op for stage 'Datasource handling.Pull data from provider'
Sep 15 15:21:08.864037 localhost kairos-immucore[634]: 
[0;90m
[0;38:5:245m
[0;1;31m
[0;90m
[0;38:5:245mGenerating op for stage 'Datasource handling.3'
Sep 15 15:21:08.867840 localhost kairos-immucore[634]: 
[0;90m
[0;38:5:245m
[0;1;31m
[0;90m
[0;38:5:245mGenerating op for stage 'RPI configs.Set a safe date before user creation for RPI without hardware clocks'
Sep 15 15:21:08.868443 localhost kairos-immucore[634]: 
[0;90m
[0;38:5:245m
[0;1;31m
[0;90m
[0;38:5:245mGenerating op for stage '/system/oem/29_blacklist.yaml.Blacklist bpfilter on Alpine ( bug: https://github.com/kairos-io/kairos/issues/277 )'
Sep 15 15:21:08.868510 localhost kairos-immucore[634]: 
[0;90m
[0;38:5:245m
[0;1;31m
[0;90m
[0;38:5:245mGenerating op for stage 'L4T RootFS Prep for Orin NX.Apply NVIDIA binaries'
Sep 15 15:21:08.869465 localhost kairos-immucore[634]: 
[0;90m
[0;38:5:245m
[0;1;31m
[0;90m
[0;38:5:245mReading '/system/oem/29_blacklist.yaml'
Sep 15 15:21:08.869509 localhost kairos-immucore[634]: 
[0;90m
[0;38:5:245m
[0;1;31m
[0;90m
[0;38:5:245mExecuting stage '/system/oem/29_blacklist.yaml.Blacklist bpfilter on Alpine ( bug: https://github.com/kairos-io/kairos/issues/277 )'
Sep 15 15:21:08.869646 localhost kairos-immucore[634]: 
[0;90m
[0;38:5:245m
[0;1;31m
[0;90m
[0;38:5:245mReading '/system/oem/00_datasource.yaml'
Sep 15 15:21:08.869688 localhost kairos-immucore[634]: 
[0;90m
[0;38:5:245m
[0;1;31m
[0;90m
[0;38:5:245mExecuting stage 'Datasource handling.Move old datasource to new location'
Sep 15 15:21:08.870387 localhost kairos-immucore[634]: 
[0;90m
[0;38:5:245m
[0;1;31m
[0;90m
[0;38:5:245mReading '/system/oem/11_RPI.yaml'
Sep 15 15:21:08.870416 localhost kairos-immucore[634]: 
[0;90m
[0;38:5:245m
[0;1;31m
[0;90m
[0;38:5:245mExecuting stage 'RPI configs.Set a safe date before user creation for RPI without hardware clocks'
Sep 15 15:21:08.889006 localhost kairos-immucore[634]: 
[0;90m
[0;38:5:245m
[0;1;31m
[0;90m
[0;38:5:245mFound systemd at /bin/systemctl
Sep 15 15:21:08.889585 localhost kairos-immucore[634]: 
[0;1;33m
[0;1;38:5:185m
[0;1;39m
[0;1;33m
[0;1;38:5:185m(conditional) Skip 'service manager doesn't match openrc' stage name: /system/oem/29_blacklist.yaml.Blacklist bpfilter on Alpine ( bug: https://github.com/kairos-io/kairos/issues/277 )
Sep 15 15:21:08.891934 localhost kairos-immucore[634]: 
[0;1;33m
[0;1;38:5:185m
[0;1;39m
[0;1;33m
[0;1;38:5:185m(conditional) Skip 'Skipping stage (if statement error: failed to run [ -d /oem/userdata ] && [ ! -d /oem/95_userdata ]: exit status 1)' stage name: Datasource handling.Move old datasource to new location
Sep 15 15:21:08.892159 localhost kairos-immucore[634]: 
[0;1;33m
[0;1;38:5:185m
[0;1;39m
[0;1;33m
[0;1;38:5:185m(conditional) Skip 'Skipping stage (if statement error: failed to run [ -f "/proc/device-tree/model" ] && grep -i "Raspberry Pi" "/proc/device-tree/model": exit status 1)' stage name: RPI configs.Set a safe date before user creation for RPI without hardware clocks
Sep 15 15:21:08.892229 localhost kairos-immucore[634]: 
[0;90m
[0;38:5:245m
[0;1;31m
[0;90m
[0;38:5:245mReading '/system/oem/00_datasource.yaml'
Sep 15 15:21:08.892273 localhost kairos-immucore[634]: 
[0;90m
[0;38:5:245m
[0;1;31m
[0;90m
[0;38:5:245mExecuting stage 'Datasource handling.Remove old userdata'
Sep 15 15:21:08.893190 localhost kairos-immucore[634]: 
[0;90m
[0;38:5:245m
[0;1;31m
[0;90m
[0;38:5:245mReading '/system/oem/30-prepare-l4t-rootfs.yaml'
Sep 15 15:21:08.893216 localhost kairos-immucore[634]: 
[0;90m
[0;38:5:245m
[0;1;31m
[0;90m
[0;38:5:245mExecuting stage 'L4T RootFS Prep for Orin NX.Apply NVIDIA binaries'
Sep 15 15:21:08.894302 localhost kairos-immucore[634]: 
[0;1;33m
[0;1;38:5:185m
[0;1;39m
[0;1;33m
[0;1;38:5:185m(conditional) Skip 'Skipping stage (if statement error: failed to run [ -d /oem/userdata ] && [ -d /oem/95_userdata ]: exit status 1)' stage name: Datasource handling.Remove old userdata
Sep 15 15:21:08.894688 localhost kairos-immucore[634]: 
[0;1;33m
[0;1;38:5:185m
[0;1;39m
[0;1;33m
[0;1;38:5:185m(conditional) Skip 'Skipping stage (if statement error: failed to run [ -f "/proc/device-tree/model" ] && grep -i "Orin NX" "/proc/device-tree/model": exit status 1)' stage name: L4T RootFS Prep for Orin NX.Apply NVIDIA binaries
Sep 15 15:21:08.894820 localhost kairos-immucore[634]: 
[0;90m
[0;38:5:245m
[0;1;31m
[0;90m
[0;38:5:245mReading '/system/oem/00_datasource.yaml'
Sep 15 15:21:08.894918 localhost kairos-immucore[634]: 
[0;90m
[0;38:5:245m
[0;1;31m
[0;90m
[0;38:5:245mExecuting stage 'Datasource handling.Pull data from provider'
Sep 15 15:21:08.896816 localhost kairos-immucore[634]: 
[0;1;33m
[0;1;38:5:185m
[0;1;39m
[0;1;33m
[0;1;38:5:185m(conditional) Skip 'Skipping stage (if statement error: failed to run [ ! -e /oem/95_userdata ] && ([ ! -f /run/cos/uki_boot_mode ] || grep -q "kairos.pull_datasources" /proc/cmdline ): exit status 1)' stage name: Datasource handling.Pull data from provider
Sep 15 15:21:08.897014 localhost kairos-immucore[634]: 
[0;90m
[0;38:5:245m
[0;1;31m
[0;90m
[0;38:5:245mReading '/system/oem/00_datasource.yaml'
Sep 15 15:21:08.897043 localhost kairos-immucore[634]: 
[0;90m
[0;38:5:245m
[0;1;31m
[0;90m
[0;38:5:245mExecuting stage 'Datasource handling.3'
Sep 15 15:21:08.898218 localhost kairos-immucore[634]: 
[0;1;33m
[0;1;38:5:185m
[0;1;39m
[0;1;33m
[0;1;38:5:185m(conditional) Skip 'Skipping stage (if statement error: failed to run [ ! -e /oem/95_userdata ]: exit status 1)' stage name: Datasource handling.3
Sep 15 15:21:08.899032 localhost kairos-immucore[634]: Done executing stage 'initramfs.before'
Sep 15 15:21:08.899056 localhost kairos-immucore[634]: Running stage: initramfs
Sep 15 15:21:08.900454 localhost kairos-immucore[634]: 
[0;90m
[0;38:5:245m
[0;1;31m
[0;90m
[0;38:5:245mGenerating op for stage 'Rootfs Layout Settings.Create journalctl /var/log/journal dir'
Sep 15 15:21:08.900479 localhost kairos-immucore[634]: 
[0;90m
[0;38:5:245m
[0;1;31m
[0;90m
[0;38:5:245mGenerating op for stage 'Rootfs Layout Settings.Restore /etc/machine-id for systemd systems'
Sep 15 15:21:08.900572 localhost kairos-immucore[634]: 
[0;90m
[0;38:5:245m
[0;1;31m
[0;90m
[0;38:5:245mGenerating op for stage 'Rootfs Layout Settings.Ensure /etc/machine-id for systemd systems'
Sep 15 15:21:08.900592 localhost kairos-immucore[634]: 
[0;90m
[0;38:5:245m
[0;1;31m
[0;90m
[0;38:5:245mGenerating op for stage 'Rootfs Layout Settings.Ensure /etc/machine-id for openrc systems'
Sep 15 15:21:08.901029 localhost kairos-immucore[634]: 
[0;90m
[0;38:5:245m
[0;1;31m
[0;90m
[0;38:5:245mGenerating op for stage 'Start agent.0'
Sep 15 15:21:08.901185 localhost kairos-immucore[634]: 
[0;90m
[0;38:5:245m
[0;1;31m
[0;90m
[0;38:5:245mGenerating op for stage 'Notify Kairos Plugins of Elemental Events.0'
Sep 15 15:21:08.901618 localhost kairos-immucore[634]: 
[0;90m
[0;38:5:245m
[0;1;31m
[0;90m
[0;38:5:245mGenerating op for stage 'Default network configuration.Enable systemd-network config files for DHCP'
Sep 15 15:21:08.901640 localhost kairos-immucore[634]: 
[0;90m
[0;38:5:245m
[0;1;31m
[0;90m
[0;38:5:245mGenerating op for stage 'Default network configuration.Disable NetworkManager and wicked'
Sep 15 15:21:08.901661 localhost kairos-immucore[634]: 
[0;90m
[0;38:5:245m
[0;1;31m
[0;90m
[0;38:5:245mGenerating op for stage 'Default network configuration.Link /etc/resolv.conf to systemd resolv.conf'
Sep 15 15:21:08.901706 localhost kairos-immucore[634]: 
[0;90m
[0;38:5:245m
[0;1;31m
[0;90m
[0;38:5:245mGenerating op for stage 'Default network configuration.Enabled systemd-networkd on Red Hat if available'
Sep 15 15:21:08.901722 localhost kairos-immucore[634]: 
[0;90m
[0;38:5:245m
[0;1;31m
[0;90m
[0;38:5:245mGenerating op for stage 'Default network configuration.Enable systemd-resolved on Red Hat if available'
Sep 15 15:21:08.901833 localhost kairos-immucore[634]: 
[0;90m
[0;38:5:245m
[0;1;31m
[0;90m
[0;38:5:245mGenerating op for stage 'Enable EFI assessment.Override systemd-boot services to enable RW on /efi partition'
Sep 15 15:21:08.901878 localhost kairos-immucore[634]: 
[0;90m
[0;38:5:245m
[0;1;31m
[0;90m
[0;38:5:245mGenerating op for stage 'Enable EFI assessment.Enable boot assessment'
Sep 15 15:21:08.902445 localhost kairos-immucore[634]: 
[0;90m
[0;38:5:245m
[0;1;31m
[0;90m
[0;38:5:245mGenerating op for stage 'Default config.Generate host keys'
Sep 15 15:21:08.902620 localhost kairos-immucore[634]: 
[0;90m
[0;38:5:245m
[0;1;31m
[0;90m
[0;38:5:245mGenerating op for stage 'Create openrc services.Create OpenRC services'
Sep 15 15:21:08.902640 localhost kairos-immucore[634]: 
[0;90m
[0;38:5:245m
[0;1;31m
[0;90m
[0;38:5:245mGenerating op for stage 'Create openrc services.Enable OpenRC services'
Sep 15 15:21:08.902888 localhost kairos-immucore[634]: 
[0;90m
[0;38:5:245m
[0;1;31m
[0;90m
[0;38:5:245mGenerating op for stage 'Default config.Default systemd config'
Sep 15 15:21:08.902908 localhost kairos-immucore[634]: 
[0;90m
[0;38:5:245m
[0;1;31m
[0;90m
[0;38:5:245mGenerating op for stage 'Default config.Create systemd services'
Sep 15 15:21:08.902920 localhost kairos-immucore[634]: 
[0;90m
[0;38:5:245m
[0;1;31m
[0;90m
[0;38:5:245mGenerating op for stage 'Default config.Override systemd-tpm2-setup/systemd-pcrproduct with temporary RW under /efi'
Sep 15 15:21:08.902932 localhost kairos-immucore[634]: 
[0;90m
[0;38:5:245m
[0;1;31m
[0;90m
[0;38:5:245mGenerating op for stage 'Default config.Enable systemd services'
Sep 15 15:21:08.903032 localhost kairos-immucore[634]: 
[0;90m
[0;38:5:245m
[0;1;31m
[0;90m
[0;38:5:245mGenerating op for stage 'Default user, permissions and serial login.Setup groups.0'
Sep 15 15:21:08.903043 localhost kairos-immucore[634]: 
[0;90m
[0;38:5:245m
[0;1;31m
[0;90m
[0;38:5:245mGenerating op for stage 'Default user, permissions and serial login.Setup users.1'
Sep 15 15:21:08.903055 localhost kairos-immucore[634]: 
[0;90m
[0;38:5:245m
[0;1;31m
[0;90m
[0;38:5:245mGenerating op for stage 'Default user, permissions and serial login.Set user password if running in live or uki.2'
Sep 15 15:21:08.903067 localhost kairos-immucore[634]: 
[0;90m
[0;38:5:245m
[0;1;31m
[0;90m
[0;38:5:245mGenerating op for stage 'Default user, permissions and serial login.Setup sudo.3'
Sep 15 15:21:08.903083 localhost kairos-immucore[634]: 
[0;90m
[0;38:5:245m
[0;1;31m
[0;90m
[0;38:5:245mGenerating op for stage 'Default user, permissions and serial login.Ensure runtime permission.4'
Sep 15 15:21:08.903170 localhost kairos-immucore[634]: 
[0;90m
[0;38:5:245m
[0;1;31m
[0;90m
[0;38:5:245mGenerating op for stage 'Default user, permissions and serial login.Ensure runtime permission.5'
Sep 15 15:21:08.903335 localhost kairos-immucore[634]: 
[0;90m
[0;38:5:245m
[0;1;31m
[0;90m
[0;38:5:245mGenerating op for stage 'Nvidia jetson specific files.Create files'
Sep 15 15:21:08.904052 localhost kairos-immucore[634]: 
[0;90m
[0;38:5:245m
[0;1;31m
[0;90m
[0;38:5:245mGenerating op for stage 'Root autologin.0'
Sep 15 15:21:08.904080 localhost kairos-immucore[634]: 
[0;90m
[0;38:5:245m
[0;1;31m
[0;90m
[0;38:5:245mGenerating op for stage 'Root autologin.Autologin on livecd for OpenRC'
Sep 15 15:21:08.905376 localhost kairos-immucore[634]: 
[0;90m
[0;38:5:245m
[0;1;31m
[0;90m
[0;38:5:245mGenerating op for stage 'SELinux.Relabelling'
Sep 15 15:21:08.905679 localhost kairos-immucore[634]: 
[0;90m
[0;38:5:245m
[0;1;31m
[0;90m
[0;38:5:245mGenerating op for stage '/system/oem/31_hosts.yaml.Ensure persistent hosts file'
Sep 15 15:21:08.905707 localhost kairos-immucore[634]: 
[0;90m
[0;38:5:245m
[0;1;31m
[0;90m
[0;38:5:245mGenerating op for stage '/system/oem/31_hosts.yaml.Ensure persistent /etc/ directory'
Sep 15 15:21:08.905732 localhost kairos-immucore[634]: 
[0;90m
[0;38:5:245m
[0;1;31m
[0;90m
[0;38:5:245mGenerating op for stage '/system/oem/31_hosts.yaml.Ensure persistent hostname'
Sep 15 15:21:08.905787 localhost kairos-immucore[634]: 
[0;90m
[0;38:5:245m
[0;1;31m
[0;90m
[0;38:5:245mGenerating op for stage 'Profile extensions.Set KUBECONFIG to access k9s and kubectl'
Sep 15 15:21:08.905873 localhost kairos-immucore[634]: 
[0;90m
[0;38:5:245m
[0;1;31m
[0;90m
[0;38:5:245mGenerating op for stage 'Start recovery on tty1.Starts kairos-recovery and generate a temporary pass'
Sep 15 15:21:08.905888 localhost kairos-immucore[634]: 
[0;90m
[0;38:5:245m
[0;1;31m
[0;90m
[0;38:5:245mGenerating op for stage 'Start recovery on tty1.Starts kairos-recovery for openRC based systems'
Sep 15 15:21:08.905962 localhost kairos-immucore[634]: 
[0;90m
[0;38:5:245m
[0;1;31m
[0;90m
[0;38:5:245mGenerating op for stage 'Start reset on tty1.Starts kairos-reset for systemd based systems'
Sep 15 15:21:08.905975 localhost kairos-immucore[634]: 
[0;90m
[0;38:5:245m
[0;1;31m
[0;90m
[0;38:5:245mGenerating op for stage 'Start reset on tty1.Starts kairos-reset for openRC-based systems'
Sep 15 15:21:08.906283 localhost kairos-immucore[634]: 
[0;90m
[0;38:5:245m
[0;1;31m
[0;90m
[0;38:5:245mGenerating op for stage 'Start installer on tty1..0'
Sep 15 15:21:08.906316 localhost kairos-immucore[634]: 
[0;90m
[0;38:5:245m
[0;1;31m
[0;90m
[0;38:5:245mGenerating op for stage 'Start installer on tty1..1'
Sep 15 15:21:08.906404 localhost kairos-immucore[634]: 
[0;90m
[0;38:5:245m
[0;1;31m
[0;90m
[0;38:5:245mGenerating op for stage 'Start installer on tty1..2'
Sep 15 15:21:08.906425 localhost kairos-immucore[634]: 
[0;90m
[0;38:5:245m
[0;1;31m
[0;90m
[0;38:5:245mGenerating op for stage 'Start installer on tty1..3'
Sep 15 15:21:08.906628 localhost kairos-immucore[634]: 
[0;90m
[0;38:5:245m
[0;1;31m
[0;90m
[0;38:5:245mGenerating op for stage 'sysext and confext configuration.systemd-sysext/confext uki config'
Sep 15 15:21:08.906646 localhost kairos-immucore[634]: 
[0;90m
[0;38:5:245m
[0;1;31m
[0;90m
[0;38:5:245mGenerating op for stage 'sysext and confext configuration.systemd-sysext/confext config'
Sep 15 15:21:08.906663 localhost kairos-immucore[634]: 
[0;90m
[0;38:5:245m
[0;1;31m
[0;90m
[0;38:5:245mGenerating op for stage 'sysext and confext configuration.systemd-sysext set hierarchy system-wide'
Sep 15 15:21:08.906684 localhost kairos-immucore[634]: 
[0;90m
[0;38:5:245m
[0;1;31m
[0;90m
[0;38:5:245mGenerating op for stage 'sysext and confext configuration.systemd-sysext/confext initramfs settings'
Sep 15 15:21:08.907157 localhost kairos-immucore[634]: 
[0;90m
[0;38:5:245m
[0;1;31m
[0;90m
[0;38:5:245mReading '/system/oem/08_ssh.yaml'
Sep 15 15:21:08.907188 localhost kairos-immucore[634]: 
[0;90m
[0;38:5:245m
[0;1;31m
[0;90m
[0;38:5:245mExecuting stage 'Default config.Generate host keys'
Sep 15 15:21:08.907215 localhost kairos-immucore[634]: Processing stage step 'Default config.Generate host keys'. ( commands: 2, files: 0, ... )
Sep 15 15:21:08.907311 localhost kairos-immucore[634]: 
[0;90m
[0;38:5:245m
[0;1;31m
[0;90m
[0;38:5:245mStage: schema.Stage{
                                                       
[0;90m
[0;38:5:245m  Commands: []string{
                                                       
[0;90m
[0;38:5:245m    "test -f /etc/ssh/ssh_host_rsa_key     || ssh-keygen -t rsa -b 4096 -f /etc/ssh/ssh_host_rsa_key -N ''",
                                                       
[0;90m
[0;38:5:245m    "test -f /etc/ssh/ssh_host_ed25519_key || ssh-keygen -t ed25519 -f /etc/ssh/ssh_host_ed25519_key -N ''",
                                                       
[0;90m
[0;38:5:245m  },
                                                       
[0;90m
[0;38:5:245m  Name: "Generate host keys",
                                                       
[0;90m
[0;38:5:245m}
Sep 15 15:21:08.908407 localhost kairos-immucore[634]: 
[0;90m
[0;38:5:245m
[0;1;31m
[0;90m
[0;38:5:245mReading '/system/oem/31_hosts.yaml'
Sep 15 15:21:08.908429 localhost kairos-immucore[634]: 
[0;90m
[0;38:5:245m
[0;1;31m
[0;90m
[0;38:5:245mExecuting stage '/system/oem/31_hosts.yaml.Ensure persistent hosts file'
Sep 15 15:21:08.908972 localhost kairos-immucore[634]: 
[0;90m
[0;38:5:245m
[0;1;31m
[0;90m
[0;38:5:245mReading '/system/oem/02_agent.yaml'
Sep 15 15:21:08.908992 localhost kairos-immucore[634]: 
[0;90m
[0;38:5:245m
[0;1;31m
[0;90m
[0;38:5:245mExecuting stage 'Start agent.0'
Sep 15 15:21:08.911223 localhost kairos-immucore[634]: 
[0;90m
[0;38:5:245m
[0;1;31m
[0;90m
[0;38:5:245mIf statement result 
Sep 15 15:21:08.911290 localhost kairos-immucore[634]: 
[0;90m
[0;38:5:245m
[0;1;31m
[0;90m
[0;38:5:245mFound systemd at /bin/systemctl
Sep 15 15:21:08.911358 localhost kairos-immucore[634]: Processing stage step 'Start agent.0'. ( commands: 1, files: 1, ... )
Sep 15 15:21:08.911423 localhost kairos-immucore[634]: 
[0;90m
[0;38:5:245m
[0;1;31m
[0;90m
[0;38:5:245mStage: schema.Stage{
                                                       
[0;90m
[0;38:5:245m  Commands: []string{
                                                       
[0;90m
[0;38:5:245m    "systemctl enable kairos-agent",
                                                       
[0;90m
[0;38:5:245m  },
                                                       
[0;90m
[0;38:5:245m  Files: []schema.File{
                                                       
[0;90m
[0;38:5:245m    schema.File{
                                                       
[0;90m
[0;38:5:245m      Path: "/etc/systemd/system/kairos-agent.service",
                                                       
[0;90m
[0;38:5:245m      Permissions: 420,
                                                       
[0;90m
[0;38:5:245m      Content: "[Unit]\nDescription=kairos agent\nAfter=cos-setup-network.service\nWants=network.target\n[Service]\nRestart=on-failure\nRestartSec=5s\nExecStart=/usr/bin/kairos-agent start\n[Install]\nWantedBy=multi-user.target\n",
                                                       
[0;90m
[0;38:5:245m    },
                                                       
[0;90m
[0;38:5:245m  },
                                                       
[0;90m
[0;38:5:245m  If: "[ ! -f \"/run/cos/recovery_mode\" ]",
                                                       
[0;90m
[0;38:5:245m  OnlyIfServiceManager: "systemd",
                                                       
[0;90m
[0;38:5:245m}
Sep 15 15:21:08.911454 localhost kairos-immucore[634]: 
[0;90m
[0;38:5:245m
[0;1;31m
[0;90m
[0;38:5:245mCreating file /etc/systemd/system/kairos-agent.service
Sep 15 15:21:09.519621 localhost immucore[634]: 2026-09-15T15:21:08Z WRN (conditional) Skip 'Skipping stage (if statement error: failed to run (grep -qv "interactive-install" /proc/cmdline || grep -qv "install-mode-interactive" /proc/cmdline ) && \
Sep 15 15:21:09.519621 localhost immucore[634]: ([ -f /run/cos/live_mode ] || [ -f /run/cos/uki_install_mode ])
Sep 15 15:21:09.519621 localhost immucore[634]: : exit status 1)' stage name: Root autologin.0
Sep 15 15:21:09.519621 localhost immucore[634]: 2026-09-15T15:21:08Z DBG Empty command output
Sep 15 15:21:08.920801 localhost kairos-immucore[634]: 
[0;90m
[0;38:5:245m
[0;1;31m
[0;90m
[0;38:5:245mIf statement result 
Sep 15 15:21:09.533062 localhost immucore[634]: 2026-09-15T15:21:08Z DBG running stage (OnlyIfOs regex (Ubuntu.*|Debian.*|Fedora.*|CentOS.*|Rocky.*|AlmaLinux.*|Oracle.*Linux.*|SUSE.*|[Oo]penSUSE.*|Hadron.*|Red.*Hat.*) matches os name 'Hadron Linux
Sep 15 15:21:09.533062 localhost immucore[634]: 2026-09-15T15:21:09Z DBG Found systemd at /bin/systemctl
Sep 15 15:21:09.533062 localhost immucore[634]: 2026-09-15T15:21:09Z INF Processing stage step 'Default network configuration.Enable systemd-network config files for DHCP'. ( commands: 1, files: 2, ... )
Sep 15 15:21:09.533062 localhost immucore[634]: 2026-09-15T15:21:09Z DBG Stage: schema.Stage{
Sep 15 15:21:09.533062 localhost immucore[634]:   Commands: []string{
Sep 15 15:21:09.533062 localhost immucore[634]:     "networkctl reload",
Sep 15 15:21:09.533062 localhost immucore[634]:   },
Sep 15 15:21:09.533062 localhost immucore[634]:   Files: []schema.File{
Sep 15 15:21:09.533062 localhost immucore[634]:     schema.File{
Sep 15 15:21:09.533062 localhost immucore[634]:       Path: "/etc/systemd/network/20-dhcp.network",
Sep 15 15:21:09.533062 localhost immucore[634]:       Permissions: 420,
Sep 15 15:21:09.533062 localhost immucore[634]:       Content: "[Match]\nName=en*\n[Network]\nDHCP=yes\n[DHCP]\nClientIdentifier=mac\n",
Sep 15 15:21:09.533062 localhost immucore[634]:     },
Sep 15 15:21:09.533062 localhost immucore[634]:     schema.File{
Sep 15 15:21:09.533062 localhost immucore[634]:       Path: "/etc/systemd/network/20-dhcp-legacy.network",
Sep 15 15:21:09.533062 localhost immucore[634]:       Permissions: 420,
Sep 15 15:21:09.533062 localhost immucore[634]:       Content: "[Match]\nName=eth*\n[Network]\nDHCP=yes\n[DHCP]\nClientIdentifier=mac\n",
Sep 15 15:21:09.533062 localhost immucore[634]:     },
Sep 15 15:21:09.533062 localhost immucore[634]:   },
Sep 15 15:21:09.533062 localhost immucore[634]:   Name: "Enable systemd-network config files for DHCP",
Sep 15 15:21:09.533062 localhost immucore[634]:   OnlyIfOs: "Ubuntu.*|Debian.*|Fedora.*|CentOS.*|Rocky.*|AlmaLinux.*|Oracle.*Linux.*|SUSE.*|[Oo]penSUSE.*|Hadron.*|Red.*Hat.*",
Sep 15 15:21:09.533062 localhost immucore[634]:   OnlyIfServiceManager: "systemd",
Sep 15 15:21:09.533062 localhost immucore[634]: }
Sep 15 15:21:09.533062 localhost immucore[634]: 2026-09-15T15:21:09Z DBG Creating file /etc/systemd/network/20-dhcp.network
Sep 15 15:21:09.533062 localhost immucore[634]: 2026-09-15T15:21:09Z DBG Creating file /etc/systemd/network/20-dhcp-legacy.network
Sep 15 15:21:09.533062 localhost immucore[634]: 2026-09-15T15:21:09Z DBG Command output: Created symlink '/etc/systemd/system/multi-user.target.wants/kairos-agent.service' 
 '/etc/systemd/system/kairos-agent.service'.
Sep 15 15:21:09.533062 localhost immucore[634]: 2026-09-15T15:21:09Z INF Running layout plugin
Sep 15 15:21:09.533062 localhost immucore[634]: 2026-09-15T15:21:09Z DBG Device field empty, skipping layout plugin
Sep 15 15:21:09.533062 localhost immucore[634]: 2026-09-15T15:21:09Z DBG Command output: Generating public/private rsa key pair.
Sep 15 15:21:09.533062 localhost immucore[634]: Your identification has been saved in /etc/ssh/ssh_host_rsa_key
Sep 15 15:21:09.533062 localhost immucore[634]: Your public key has been saved in /etc/ssh/ssh_host_rsa_key.pub
Sep 15 15:21:09.533062 localhost immucore[634]: The key fingerprint is:
Sep 15 15:21:09.533062 localhost immucore[634]: SHA256:IvL+n90CwYVxOeIqR2Cb5yF+wV4XKOYlMxus+OWr54U root@localhost
Sep 15 15:21:09.533062 localhost immucore[634]: The key's randomart image is:
Sep 15 15:21:08.920851 localhost kairos-immucore[634]: Processing stage step '/system/oem/31_hosts.yaml.Ensure persistent hosts file'. ( commands: 2, files: 1, ... )
Sep 15 15:21:09.619649 localhost immucore[634]: +---[RSA 4096]----+
Sep 15 15:21:09.619649 localhost immucore[634]: |     .  .+..     |
Sep 15 15:21:09.619649 localhost immucore[634]: |    o O =.=      |
Sep 15 15:21:09.619649 localhost immucore[634]: |   o O @ o o     |
Sep 15 15:21:09.619649 localhost immucore[634]: |  . = X = .      |
Sep 15 15:21:09.619649 localhost immucore[634]: |  .o.O.=So       |
Sep 15 15:21:09.619649 localhost immucore[634]: |   o+.Bo.        |
Sep 15 15:21:09.619649 localhost immucore[634]: |    .+E...       |
Sep 15 15:21:09.619649 localhost immucore[634]: |   .  o. o..     |
Sep 15 15:21:09.619649 localhost immucore[634]: |    o=o.o ...    |
Sep 15 15:21:09.619649 localhost immucore[634]: +----[SHA256]-----+
Sep 15 15:21:09.619649 localhost immucore[634]: 2026-09-15T15:21:09Z DBG Empty command output
Sep 15 15:21:09.619649 localhost immucore[634]: 2026-09-15T15:21:09Z INF Running layout plugin
Sep 15 15:21:09.619649 localhost immucore[634]: 2026-09-15T15:21:09Z DBG Device field empty, skipping layout plugin
Sep 15 15:21:09.619649 localhost immucore[634]: 2026-09-15T15:21:09Z DBG Command output: Running in chroot, ignoring command 'reload'
Sep 15 15:21:09.619649 localhost immucore[634]: 2026-09-15T15:21:09Z INF Running layout plugin
Sep 15 15:21:09.619649 localhost immucore[634]: 2026-09-15T15:21:09Z DBG Device field empty, skipping layout plugin
Sep 15 15:21:09.619649 localhost immucore[634]: 2026-09-15T15:21:09Z DBG Command output: Generating public/private ed25519 key pair.
Sep 15 15:21:09.619649 localhost immucore[634]: Your identification has been saved in /etc/ssh/ssh_host_ed25519_key
Sep 15 15:21:09.619649 localhost immucore[634]: Your public key has been saved in /etc/ssh/ssh_host_ed25519_key.pub
Sep 15 15:21:09.619649 localhost immucore[634]: The key fingerprint is:
Sep 15 15:21:09.619649 localhost immucore[634]: SHA256:h5yov1PvUNiwTUZdy5AygNWTuIDg/mkY2XpUQQ3vmmk root@localhost
Sep 15 15:21:09.619649 localhost immucore[634]: The key's randomart image is:
Sep 15 15:21:09.619649 localhost immucore[634]: +--[ED25519 256]--+
Sep 15 15:21:09.619649 localhost immucore[634]: |  .. o+=o+.o.o.  |
Sep 15 15:21:09.619649 localhost immucore[634]: | .  . ooo.* oo . |
Sep 15 15:21:09.619649 localhost immucore[634]: |  .   ..o.o+  o  |
Sep 15 15:21:09.619649 localhost immucore[634]: | . o . +.@       |
Sep 15 15:21:09.619649 localhost immucore[634]: |  + o . S =      |
Sep 15 15:21:09.619649 localhost immucore[634]: |   * o +.o       |
Sep 15 15:21:09.619649 localhost immucore[634]: |  o * E...       |
Sep 15 15:21:09.619649 localhost immucore[634]: |   o o.  ..      |
Sep 15 15:21:09.619649 localhost immucore[634]: |      oo ..      |
Sep 15 15:21:09.619649 localhost immucore[634]: +----[SHA256]-----+
Sep 15 15:21:09.619649 localhost immucore[634]: 2026-09-15T15:21:09Z INF Running layout plugin
Sep 15 15:21:09.619649 localhost immucore[634]: 2026-09-15T15:21:09Z DBG Device field empty, skipping layout plugin
Sep 15 15:21:09.619649 localhost immucore[634]: 2026-09-15T15:21:09Z DBG Reading '/system/oem/02_notify.yaml'
Sep 15 15:21:09.619649 localhost immucore[634]: 2026-09-15T15:21:09Z DBG Executing stage 'Notify Kairos Plugins of Elemental Events.0'
Sep 15 15:21:09.619649 localhost immucore[634]: 2026-09-15T15:21:09Z DBG Reading '/system/oem/25_autologin.yaml'
Sep 15 15:21:09.619649 localhost immucore[634]: 2026-09-15T15:21:09Z DBG Executing stage 'Root autologin.Autologin on livecd for OpenRC'
Sep 15 15:21:09.619649 localhost immucore[634]: 2026-09-15T15:21:09Z DBG Reading '/system/oem/31_hosts.yaml'
Sep 15 15:21:09.619649 localhost immucore[634]: 2026-09-15T15:21:09Z DBG Executing stage '/system/oem/31_hosts.yaml.Ensure persistent /etc/ directory'
Sep 15 15:21:09.619649 localhost immucore[634]: 2026-09-15T15:21:09Z DBG Reading '/system/oem/05_network.yaml'
Sep 15 15:21:08.920930 localhost kairos-immucore[634]: 
[0;90m
[0;38:5:245m
[0;1;31m
[0;90m
[0;38:5:245mStage: schema.Stage{
                                                       
[0;90m
[0;38:5:245m  Commands: []string{
                                                       
[0;90m
[0;38:5:245m    "rm -f /etc/hosts",
                                                       
[0;90m
[0;38:5:245m    "ln -sf /usr/local/etc/hosts /etc/hosts",
                                                       
[0;90m
[0;38:5:245m  },
                                                       
[0;90m
[0;38:5:245m  Files: []schema.File{
                                                       
[0;90m
[0;38:5:245m    schema.File{
                                                       
[0;90m
[0;38:5:245m      Path: "/usr/local/etc/hosts",
                                                       
[0;90m
[0;38:5:245m      Permissions: 420,
                                                       
[0;90m
[0;38:5:245m      Content: "127.0.0.1 localhost\n::1       localhost\n",
                                                       
[0;90m
[0;38:5:245m    },
                                                       
[0;90m
[0;38:5:245m  },
                                                       
[0;90m
[0;38:5:245m  Directories: []schema.Directory{
                                                       
[0;90m
[0;38:5:245m    schema.Directory{
                                                       
[0;90m
[0;38:5:245m      Path: "/usr/local/etc/",
                                                       
[0;90m
[0;38:5:245m      Permissions: 493,
                                                       
[0;90m
[0;38:5:245m    },
                                                       
[0;90m
[0;38:5:245m  },
                                                       
[0;90m
[0;38:5:245m  If: "[ ! -f \"/run/cos/recovery_mode\" ] && [ ! -L \"/etc/hosts\" ]",
                                                       
[0;90m
[0;38:5:245m  Name: "Ensure persistent hosts file",
                                                       
[0;90m
[0;38:5:245m}
Sep 15 15:21:09.711652 localhost immucore[634]: 2026-09-15T15:21:09Z DBG Executing stage 'Default network configuration.Disable NetworkManager and wicked'
Sep 15 15:21:09.711652 localhost immucore[634]: 2026-09-15T15:21:09Z WRN (conditional) Skip 'OnlyIfOs regex ([Oo]penSUSE.*|SUSE.*) doesn't match os name Hadron Linux' stage name: Default network configuration.Disable NetworkManager and wicked
Sep 15 15:21:09.711652 localhost immucore[634]: 2026-09-15T15:21:09Z DBG Reading '/system/oem/00_rootfs.yaml'
Sep 15 15:21:09.711652 localhost immucore[634]: 2026-09-15T15:21:09Z DBG Executing stage 'Rootfs Layout Settings.Restore /etc/machine-id for systemd systems'
Sep 15 15:21:09.711652 localhost immucore[634]: 2026-09-15T15:21:09Z DBG Reading '/system/oem/09_openrc_services.yaml'
Sep 15 15:21:09.711652 localhost immucore[634]: 2026-09-15T15:21:09Z DBG Executing stage 'Create openrc services.Create OpenRC services'
Sep 15 15:21:09.711652 localhost immucore[634]: 2026-09-15T15:21:09Z DBG Found systemd at /bin/systemctl
Sep 15 15:21:09.711652 localhost immucore[634]: 2026-09-15T15:21:09Z WRN (conditional) Skip 'service manager doesn't match openrc' stage name: Create openrc services.Create OpenRC services
Sep 15 15:21:09.711652 localhost immucore[634]: 2026-09-15T15:21:09Z WRN (conditional) Skip 'Skipping stage (if statement error: failed to run [ ! -f "/run/cos/recovery_mode" ] && [ -s /usr/local/etc/machine-id ]: exit status 1)' stage name: Rootfs Layout Settings.Restore /etc/machine-id for systemd systems
Sep 15 15:21:09.711652 localhost immucore[634]: 2026-09-15T15:21:09Z WRN (conditional) Skip 'Skipping stage (if statement error: failed to run (grep -qv "interactive-install" /proc/cmdline || grep -qv "install-mode-interactive" /proc/cmdline) && \
Sep 15 15:21:09.711652 localhost immucore[634]: [ -f /run/cos/live_mode ]
Sep 15 15:21:09.711652 localhost immucore[634]: : exit status 1)' stage name: Root autologin.Autologin on livecd for OpenRC
Sep 15 15:21:09.711652 localhost immucore[634]: 2026-09-15T15:21:09Z WRN (conditional) Skip 'Skipping stage (if statement error: failed to run [ ! -f "/run/cos/recovery_mode" ] && [ ! -d /usr/local/etc ]: exit status 1)' stage name: /system/oem/31_hosts.yaml.Ensure persistent /etc/ directory
Sep 15 15:21:09.711652 localhost immucore[634]: 2026-09-15T15:21:09Z DBG If statement result
Sep 15 15:21:09.711652 localhost immucore[634]: 2026-09-15T15:21:09Z INF Processing stage step 'Notify Kairos Plugins of Elemental Events.0'. ( commands: 1, files: 0, ... )
Sep 15 15:21:08.920979 localhost kairos-immucore[634]: 
[0;90m
[0;38:5:245m
[0;1;31m
[0;90m
[0;38:5:245mCreating directory /usr/local/etc
Sep 15 15:21:09.762756 localhost immucore[634]: 2026-09-15T15:21:09Z DBG Stage: schema.Stage{
Sep 15 15:21:09.762756 localhost immucore[634]:   Commands: []string{
Sep 15 15:21:09.762756 localhost immucore[634]:     "kairos-agent notify agent.boot",
Sep 15 15:21:09.762756 localhost immucore[634]:   },
Sep 15 15:21:09.762756 localhost immucore[634]:   If: "[ ! -f \"/run/cos/recovery_mode\" ] && [ ! -f \"/run/cos/live_mode\" ]",
Sep 15 15:21:09.762756 localhost immucore[634]: }
Sep 15 15:21:08.921595 localhost kairos-immucore[634]: 
[0;90m
[0;38:5:245m
[0;1;31m
[0;90m
[0;38:5:245mCreating directory /usr/local/etc/
Sep 15 15:21:08.921630 localhost kairos-immucore[634]: 
[0;1;31m
[0;1;39m
[0;1;31mmkdir /usr/local/etc/: file exists
Sep 15 15:21:08.921661 localhost kairos-immucore[634]: 
[0;1;31m
[0;1;39m
[0;1;31mError on file /system/oem/31_hosts.yaml on stage Ensure persistent hosts file: 1 error occurred:
                                                       
[0;1;31m        * mkdir /usr/local/etc/: file exists
                                                       
[0;1;31m
Sep 15 15:21:08.921682 localhost kairos-immucore[634]: 
[0;90m
[0;38:5:245m
[0;1;31m
[0;90m
[0;38:5:245mCreating file /usr/local/etc/hosts
Sep 15 15:21:08.928647 localhost kairos-immucore[634]: 
[0;90m
[0;38:5:245m
[0;1;31m
[0;90m
[0;38:5:245mReading '/system/oem/25_autologin.yaml'
Sep 15 15:21:08.928685 localhost kairos-immucore[634]: 
[0;90m
[0;38:5:245m
[0;1;31m
[0;90m
[0;38:5:245mExecuting stage 'Root autologin.0'
Sep 15 15:21:08.929572 localhost kairos-immucore[634]: 
[0;90m
[0;38:5:245m
[0;1;31m
[0;90m
[0;38:5:245mReading '/system/oem/05_network.yaml'
Sep 15 15:21:08.929604 localhost kairos-immucore[634]: 
[0;90m
[0;38:5:245m
[0;1;31m
[0;90m
[0;38:5:245mExecuting stage 'Default network configuration.Enable systemd-network config files for DHCP'
Sep 15 15:21:08.934508 localhost kairos-immucore[634]: 
[0;90m
[0;38:5:245m
[0;1;31m
[0;90m
[0;38:5:245mReading '/system/oem/12_nvidia.yaml'
Sep 15 15:21:08.934875 localhost kairos-immucore[634]: 
[0;90m
[0;38:5:245m
[0;1;31m
[0;90m
[0;38:5:245mExecuting stage 'Nvidia jetson specific files.Create files'
Sep 15 15:21:08.936210 localhost kairos-immucore[634]: 
[0;90m
[0;38:5:245m
[0;1;31m
[0;90m
[0;38:5:245mReading '/system/oem/00_rootfs.yaml'
Sep 15 15:21:08.936278 localhost kairos-immucore[634]: 
[0;90m
[0;38:5:245m
[0;1;31m
[0;90m
[0;38:5:245mExecuting stage 'Rootfs Layout Settings.Create journalctl /var/log/journal dir'
Sep 15 15:21:08.936313 localhost kairos-immucore[634]: 
[0;90m
[0;38:5:245m
[0;1;31m
[0;90m
[0;38:5:245mFound systemd at /bin/systemctl
Sep 15 15:21:08.936361 localhost kairos-immucore[634]: Processing stage step 'Rootfs Layout Settings.Create journalctl /var/log/journal dir'. ( commands: 0, files: 0, ... )
Sep 15 15:21:08.936423 localhost kairos-immucore[634]: 
[0;90m
[0;38:5:245m
[0;1;31m
[0;90m
[0;38:5:245mStage: schema.Stage{
                                                       
[0;90m
[0;38:5:245m  Directories: []schema.Directory{
                                                       
[0;90m
[0;38:5:245m    schema.Directory{
                                                       
[0;90m
[0;38:5:245m      Path: "/var/log/journal",
                                                       
[0;90m
[0;38:5:245m    },
                                                       
[0;90m
[0;38:5:245m  },
                                                       
[0;90m
[0;38:5:245m  Name: "Create journalctl /var/log/journal dir",
                                                       
[0;90m
[0;38:5:245m  OnlyIfServiceManager: "systemd",
                                                       
[0;90m
[0;38:5:245m}
Sep 15 15:21:08.936484 localhost kairos-immucore[634]: Running layout plugin
Sep 15 15:21:08.936495 localhost kairos-immucore[634]: 
[0;90m
[0;38:5:245m
[0;1;31m
[0;90m
[0;38:5:245mDevice field empty, skipping layout plugin
Sep 15 15:21:08.939308 localhost kairos-immucore[634]: 
[0;1;33m
[0;1;38:5:185m
[0;1;39m
[0;1;33m
[0;1;38:5:185m(conditional) Skip 'Skipping stage (if statement error: failed to run [ -f "/sys/firmware/devicetree/base/model" ] && grep -i jetson "/sys/firmware/devicetree/base/model"
                                                       
[0;1;33m
[0;1;38:5:185m: exit status 1)' stage name: Nvidia jetson specific files.Create files
Sep 15 15:21:09.519288 localhost kairos-immucore[634]: 
[0;90m
[0;38:5:245m
[0;1;31m
[0;90m
[0;38:5:245mrunning stage (OnlyIfOs regex (Ubuntu.*|Debian.*|Fedora.*|CentOS.*|Rocky.*|AlmaLinux.*|Oracle.*Linux.*|SUSE.*|[Oo]penSUSE.*|Hadron.*|Red.*Hat.*) matches os name 'Hadron Linux
Sep 15 15:21:09.519405 localhost kairos-immucore[634]: 
[0;1;33m
[0;1;38:5:185m
[0;1;39m
[0;1;33m
[0;1;38:5:185m(conditional) Skip 'Skipping stage (if statement error: failed to run (grep -qv "interactive-install" /proc/cmdline || grep -qv "install-mode-interactive" /proc/cmdline ) && \
                                                       
[0;1;33m
[0;1;38:5:185m([ -f /run/cos/live_mode ] || [ -f /run/cos/uki_install_mode ])
                                                       
[0;1;33m
[0;1;38:5:185m: exit status 1)' stage name: Root autologin.0
Sep 15 15:21:09.519473 localhost kairos-immucore[634]: 
[0;90m
[0;38:5:245m
[0;1;31m
[0;90m
[0;38:5:245mEmpty command output
Sep 15 15:21:09.520774 localhost kairos-immucore[634]: 
[0;90m
[0;38:5:245m
[0;1;31m
[0;90m
[0;38:5:245mFound systemd at /bin/systemctl
Sep 15 15:21:09.520802 localhost kairos-immucore[634]: Processing stage step 'Default network configuration.Enable systemd-network config files for DHCP'. ( commands: 1, files: 2, ... )
Sep 15 15:21:09.520869 localhost kairos-immucore[634]: 
[0;90m
[0;38:5:245m
[0;1;31m
[0;90m
[0;38:5:245mStage: schema.Stage{
                                                       
[0;90m
[0;38:5:245m  Commands: []string{
                                                       
[0;90m
[0;38:5:245m    "networkctl reload",
                                                       
[0;90m
[0;38:5:245m  },
                                                       
[0;90m
[0;38:5:245m  Files: []schema.File{
                                                       
[0;90m
[0;38:5:245m    schema.File{
                                                       
[0;90m
[0;38:5:245m      Path: "/etc/systemd/network/20-dhcp.network",
                                                       
[0;90m
[0;38:5:245m      Permissions: 420,
                                                       
[0;90m
[0;38:5:245m      Content: "[Match]\nName=en*\n[Network]\nDHCP=yes\n[DHCP]\nClientIdentifier=mac\n",
                                                       
[0;90m
[0;38:5:245m    },
                                                       
[0;90m
[0;38:5:245m    schema.File{
                                                       
[0;90m
[0;38:5:245m      Path: "/etc/systemd/network/20-dhcp-legacy.network",
                                                       
[0;90m
[0;38:5:245m      Permissions: 420,
                                                       
[0;90m
[0;38:5:245m      Content: "[Match]\nName=eth*\n[Network]\nDHCP=yes\n[DHCP]\nClientIdentifier=mac\n",
                                                       
[0;90m
[0;38:5:245m    },
                                                       
[0;90m
[0;38:5:245m  },
                                                       
[0;90m
[0;38:5:245m  Name: "Enable systemd-network config files for DHCP",
                                                       
[0;90m
[0;38:5:245m  OnlyIfOs: "Ubuntu.*|Debian.*|Fedora.*|CentOS.*|Rocky.*|AlmaLinux.*|Oracle.*Linux.*|SUSE.*|[Oo]penSUSE.*|Hadron.*|Red.*Hat.*",
                                                       
[0;90m
[0;38:5:245m  OnlyIfServiceManager: "systemd",
                                                       
[0;90m
[0;38:5:245m}
Sep 15 15:21:09.520904 localhost kairos-immucore[634]: 
[0;90m
[0;38:5:245m
[0;1;31m
[0;90m
[0;38:5:245mCreating file /etc/systemd/network/20-dhcp.network
Sep 15 15:21:09.521184 localhost kairos-immucore[634]: 
[0;90m
[0;38:5:245m
[0;1;31m
[0;90m
[0;38:5:245mCreating file /etc/systemd/network/20-dhcp-legacy.network
Sep 15 15:21:09.522784 localhost kairos-immucore[634]: 
[0;90m
[0;38:5:245m
[0;1;31m
[0;90m
[0;38:5:245mCommand output: Created symlink '/etc/systemd/system/multi-user.target.wants/kairos-agent.service' 
 '/etc/systemd/system/kairos-agent.service'.
Sep 15 15:21:09.522852 localhost kairos-immucore[634]: Running layout plugin
Sep 15 15:21:09.522868 localhost kairos-immucore[634]: 
[0;90m
[0;38:5:245m
[0;1;31m
[0;90m
[0;38:5:245mDevice field empty, skipping layout plugin
Sep 15 15:21:09.522903 localhost kairos-immucore[634]: 
[0;90m
[0;38:5:245m
[0;1;31m
[0;90m
[0;38:5:245mCommand output: Generating public/private rsa key pair.
                                                       
[0;90m
[0;38:5:245mYour identification has been saved in /etc/ssh/ssh_host_rsa_key
                                                       
[0;90m
[0;38:5:245mYour public key has been saved in /etc/ssh/ssh_host_rsa_key.pub
                                                       
[0;90m
[0;38:5:245mThe key fingerprint is:
                                                       
[0;90m
[0;38:5:245mSHA256:IvL+n90CwYVxOeIqR2Cb5yF+wV4XKOYlMxus+OWr54U root@localhost
                                                       
[0;90m
[0;38:5:245mThe key's randomart image is:
                                                       
[0;90m
[0;38:5:245m+---[RSA 4096]----+
                                                       
[0;90m
[0;38:5:245m|     .  .+..     |
                                                       
[0;90m
[0;38:5:245m|    o O =.=      |
                                                       
[0;90m
[0;38:5:245m|   o O @ o o     |
                                                       
[0;90m
[0;38:5:245m|  . = X = .      |
                                                       
[0;90m
[0;38:5:245m|  .o.O.=So       |
                                                       
[0;90m
[0;38:5:245m|   o+.Bo.        |
                                                       
[0;90m
[0;38:5:245m|    .+E...       |
                                                       
[0;90m
[0;38:5:245m|   .  o. o..     |
                                                       
[0;90m
[0;38:5:245m|    o=o.o ...    |
                                                       
[0;90m
[0;38:5:245m+----[SHA256]-----+
Sep 15 15:21:09.530970 localhost kairos-immucore[634]: 
[0;90m
[0;38:5:245m
[0;1;31m
[0;90m
[0;38:5:245mEmpty command output
Sep 15 15:21:09.531067 localhost kairos-immucore[634]: Running layout plugin
Sep 15 15:21:09.531155 localhost kairos-immucore[634]: 
[0;90m
[0;38:5:245m
[0;1;31m
[0;90m
[0;38:5:245mDevice field empty, skipping layout plugin
Sep 15 15:21:09.532327 localhost kairos-immucore[634]: 
[0;90m
[0;38:5:245m
[0;1;31m
[0;90m
[0;38:5:245mCommand output: Running in chroot, ignoring command 'reload'
Sep 15 15:21:09.532376 localhost kairos-immucore[634]: Running layout plugin
Sep 15 15:21:09.532388 localhost kairos-immucore[634]: 
[0;90m
[0;38:5:245m
[0;1;31m
[0;90m
[0;38:5:245mDevice field empty, skipping layout plugin
Sep 15 15:21:09.533938 localhost kairos-immucore[634]: 
[0;90m
[0;38:5:245m
[0;1;31m
[0;90m
[0;38:5:245mCommand output: Generating public/private ed25519 key pair.
                                                       
[0;90m
[0;38:5:245mYour identification has been saved in /etc/ssh/ssh_host_ed25519_key
                                                       
[0;90m
[0;38:5:245mYour public key has been saved in /etc/ssh/ssh_host_ed25519_key.pub
                                                       
[0;90m
[0;38:5:245mThe key fingerprint is:
                                                       
[0;90m
[0;38:5:245mSHA256:h5yov1PvUNiwTUZdy5AygNWTuIDg/mkY2XpUQQ3vmmk root@localhost
                                                       
[0;90m
[0;38:5:245mThe key's randomart image is:
                                                       
[0;90m
[0;38:5:245m+--[ED25519 256]--+
                                                       
[0;90m
[0;38:5:245m|  .. o+=o+.o.o.  |
                                                       
[0;90m
[0;38:5:245m| .  . ooo.* oo . |
                                                       
[0;90m
[0;38:5:245m|  .   ..o.o+  o  |
                                                       
[0;90m
[0;38:5:245m| . o . +.@       |
                                                       
[0;90m
[0;38:5:245m|  + o . S =      |
                                                       
[0;90m
[0;38:5:245m|   * o +.o       |
                                                       
[0;90m
[0;38:5:245m|  o * E...       |
                                                       
[0;90m
[0;38:5:245m|   o o.  ..      |
                                                       
[0;90m
[0;38:5:245m|      oo ..      |
                                                       
[0;90m
[0;38:5:245m+----[SHA256]-----+
Sep 15 15:21:09.534150 localhost kairos-immucore[634]: Running layout plugin
Sep 15 15:21:09.534189 localhost kairos-immucore[634]: 
[0;90m
[0;38:5:245m
[0;1;31m
[0;90m
[0;38:5:245mDevice field empty, skipping layout plugin
Sep 15 15:21:09.534375 localhost kairos-immucore[634]: 
[0;90m
[0;38:5:245m
[0;1;31m
[0;90m
[0;38:5:245mReading '/system/oem/02_notify.yaml'
Sep 15 15:21:09.534401 localhost kairos-immucore[634]: 
[0;90m
[0;38:5:245m
[0;1;31m
[0;90m
[0;38:5:245mExecuting stage 'Notify Kairos Plugins of Elemental Events.0'
Sep 15 15:21:09.536213 localhost kairos-immucore[634]: 
[0;90m
[0;38:5:245m
[0;1;31m
[0;90m
[0;38:5:245mReading '/system/oem/25_autologin.yaml'
Sep 15 15:21:09.536283 localhost kairos-immucore[634]: 
[0;90m
[0;38:5:245m
[0;1;31m
[0;90m
[0;38:5:245mExecuting stage 'Root autologin.Autologin on livecd for OpenRC'
Sep 15 15:21:09.538017 localhost kairos-immucore[634]: 
[0;90m
[0;38:5:245m
[0;1;31m
[0;90m
[0;38:5:245mReading '/system/oem/31_hosts.yaml'
Sep 15 15:21:09.538042 localhost kairos-immucore[634]: 
[0;90m
[0;38:5:245m
[0;1;31m
[0;90m
[0;38:5:245mExecuting stage '/system/oem/31_hosts.yaml.Ensure persistent /etc/ directory'
Sep 15 15:21:09.539208 localhost kairos-immucore[634]: 
[0;90m
[0;38:5:245m
[0;1;31m
[0;90m
[0;38:5:245mReading '/system/oem/05_network.yaml'
Sep 15 15:21:09.539310 localhost kairos-immucore[634]: 
[0;90m
[0;38:5:245m
[0;1;31m
[0;90m
[0;38:5:245mExecuting stage 'Default network configuration.Disable NetworkManager and wicked'
Sep 15 15:21:09.539910 localhost kairos-immucore[634]: 
[0;1;33m
[0;1;38:5:185m
[0;1;39m
[0;1;33m
[0;1;38:5:185m(conditional) Skip 'OnlyIfOs regex ([Oo]penSUSE.*|SUSE.*) doesn't match os name Hadron Linux' stage name: Default network configuration.Disable NetworkManager and wicked
Sep 15 15:21:09.539945 localhost kairos-immucore[634]: 
[0;90m
[0;38:5:245m
[0;1;31m
[0;90m
[0;38:5:245mReading '/system/oem/00_rootfs.yaml'
Sep 15 15:21:09.539963 localhost kairos-immucore[634]: 
[0;90m
[0;38:5:245m
[0;1;31m
[0;90m
[0;38:5:245mExecuting stage 'Rootfs Layout Settings.Restore /etc/machine-id for systemd systems'
Sep 15 15:21:09.541059 localhost kairos-immucore[634]: 
[0;90m
[0;38:5:245m
[0;1;31m
[0;90m
[0;38:5:245mReading '/system/oem/09_openrc_services.yaml'
Sep 15 15:21:09.541137 localhost kairos-immucore[634]: 
[0;90m
[0;38:5:245m
[0;1;31m
[0;90m
[0;38:5:245mExecuting stage 'Create openrc services.Create OpenRC services'
Sep 15 15:21:09.541186 localhost kairos-immucore[634]: 
[0;90m
[0;38:5:245m
[0;1;31m
[0;90m
[0;38:5:245mFound systemd at /bin/systemctl
Sep 15 15:21:09.541260 localhost kairos-immucore[634]: 
[0;1;33m
[0;1;38:5:185m
[0;1;39m
[0;1;33m
[0;1;38:5:185m(conditional) Skip 'service manager doesn't match openrc' stage name: Create openrc services.Create OpenRC services
Sep 15 15:21:09.541840 localhost kairos-immucore[634]: 
[0;1;33m
[0;1;38:5:185m
[0;1;39m
[0;1;33m
[0;1;38:5:185m(conditional) Skip 'Skipping stage (if statement error: failed to run [ ! -f "/run/cos/recovery_mode" ] && [ -s /usr/local/etc/machine-id ]: exit status 1)' stage name: Rootfs Layout Settings.Restore /etc/machine-id for systemd systems
Sep 15 15:21:09.541893 localhost kairos-immucore[634]: 
[0;1;33m
[0;1;38:5:185m
[0;1;39m
[0;1;33m
[0;1;38:5:185m(conditional) Skip 'Skipping stage (if statement error: failed to run (grep -qv "interactive-install" /proc/cmdline || grep -qv "install-mode-interactive" /proc/cmdline) && \
                                                       
[0;1;33m
[0;1;38:5:185m[ -f /run/cos/live_mode ]
                                                       
[0;1;33m
[0;1;38:5:185m: exit status 1)' stage name: Root autologin.Autologin on livecd for OpenRC
Sep 15 15:21:09.542250 localhost kairos-immucore[634]: 
[0;1;33m
[0;1;38:5:185m
[0;1;39m
[0;1;33m
[0;1;38:5:185m(conditional) Skip 'Skipping stage (if statement error: failed to run [ ! -f "/run/cos/recovery_mode" ] && [ ! -d /usr/local/etc ]: exit status 1)' stage name: /system/oem/31_hosts.yaml.Ensure persistent /etc/ directory
Sep 15 15:21:09.542356 localhost kairos-immucore[634]: 
[0;90m
[0;38:5:245m
[0;1;31m
[0;90m
[0;38:5:245mIf statement result 
Sep 15 15:21:09.542378 localhost kairos-immucore[634]: Processing stage step 'Notify Kairos Plugins of Elemental Events.0'. ( commands: 1, files: 0, ... )
Sep 15 15:21:09.542428 localhost kairos-immucore[634]: 
[0;90m
[0;38:5:245m
[0;1;31m
[0;90m
[0;38:5:245mStage: schema.Stage{
                                                       
[0;90m
[0;38:5:245m  Commands: []string{
                                                       
[0;90m
[0;38:5:245m    "kairos-agent notify agent.boot",
                                                       
[0;90m
[0;38:5:245m  },
                                                       
[0;90m
[0;38:5:245m  If: "[ ! -f \"/run/cos/recovery_mode\" ] && [ ! -f \"/run/cos/live_mode\" ]",
                                                       
[0;90m
[0;38:5:245m}
Sep 15 15:21:09.802665 localhost kairos-agent[1080]: Kairos Agent
Sep 15 15:21:09.822656 localhost kairos-agent[1080]: Boot Mode
Sep 15 15:21:09.822772 localhost kairos-agent[1080]: Boot in uki mode
Sep 15 15:21:10.188886 localhost kairos-immucore[634]: 
[0;90m
[0;38:5:245m
[0;1;31m
[0;90m
[0;38:5:245mCommand output: warning: skipping /oem/95_userdata/userdata (extension).
                                                       
[0;90m
[0;38:5:245mWARNING: jsonschema: '' does not validate with file:///schema.json#/required: missing properties: 'users'
                                                       
[0;90m
[0;38:5:245m2026-09-15T15:21:09Z INF Kairos Agent version=v4.3.0-rc3-5-g3b0005495
                                                       
[0;90m
[0;38:5:245m2026-09-15T15:21:09Z INF Boot Mode boot_mode=active_boot
                                                       
[0;90m
[0;38:5:245m2026-09-15T15:21:09Z INF Boot in uki mode result=false
Sep 15 15:21:10.189217 localhost kairos-immucore[634]: Running layout plugin
Sep 15 15:21:10.190177 localhost immucore[634]: 2026-09-15T15:21:10Z DBG Command output: warning: skipping /oem/95_userdata/userdata (extension).
Sep 15 15:21:10.190177 localhost immucore[634]: WARNING: jsonschema: '' does not validate with file:///schema.json#/required: missing properties: 'users'
Sep 15 15:21:10.190177 localhost immucore[634]: 2026-09-15T15:21:09Z INF Kairos Agent version=v4.3.0-rc3-5-g3b0005495
Sep 15 15:21:10.190177 localhost immucore[634]: 2026-09-15T15:21:09Z INF Boot Mode boot_mode=active_boot
Sep 15 15:21:10.190177 localhost immucore[634]: 2026-09-15T15:21:09Z INF Boot in uki mode result=false
Sep 15 15:21:10.190177 localhost immucore[634]: 2026-09-15T15:21:10Z INF Running layout plugin
Sep 15 15:21:10.190177 localhost immucore[634]: 2026-09-15T15:21:10Z DBG Device field empty, skipping layout plugin
Sep 15 15:21:10.190177 localhost immucore[634]: 2026-09-15T15:21:10Z DBG Reading '/system/oem/00_rootfs.yaml'
Sep 15 15:21:10.190177 localhost immucore[634]: 2026-09-15T15:21:10Z DBG Executing stage 'Rootfs Layout Settings.Ensure /etc/machine-id for systemd systems'
Sep 15 15:21:10.190177 localhost immucore[634]: 2026-09-15T15:21:10Z DBG Found systemd at /bin/systemctl
Sep 15 15:21:10.190177 localhost immucore[634]: 2026-09-15T15:21:10Z INF Processing stage step 'Rootfs Layout Settings.Ensure /etc/machine-id for systemd systems'. ( commands: 1, files: 0, ... )
Sep 15 15:21:10.190177 localhost immucore[634]: 2026-09-15T15:21:10Z DBG Stage: schema.Stage{
Sep 15 15:21:10.190177 localhost immucore[634]:   Commands: []string{
Sep 15 15:21:10.190177 localhost immucore[634]:     "systemd-machine-id-setup",
Sep 15 15:21:10.190177 localhost immucore[634]:   },
Sep 15 15:21:10.190177 localhost immucore[634]:   Name: "Ensure /etc/machine-id for systemd systems",
Sep 15 15:21:10.190177 localhost immucore[634]:   OnlyIfServiceManager: "systemd",
Sep 15 15:21:10.190177 localhost immucore[634]: }
Sep 15 15:21:10.189316 kairos-ab8b kairos-immucore[634]: 
[0;90m
[0;38:5:245m
[0;1;31m
[0;90m
[0;38:5:245mDevice field empty, skipping layout plugin
Sep 15 15:21:10.242934 kairos-ab8b kernel: evm: overlay not supported
Sep 15 15:21:10.242960 kairos-ab8b immucore[634]: 2026-09-15T15:21:10Z DBG Reading '/system/oem/26_selinux.yaml'
Sep 15 15:21:10.242960 kairos-ab8b immucore[634]: 2026-09-15T15:21:10Z DBG Executing stage 'SELinux.Relabelling'
Sep 15 15:21:10.242960 kairos-ab8b immucore[634]: 2026-09-15T15:21:10Z DBG Reading '/system/oem/05_network.yaml'
Sep 15 15:21:10.242960 kairos-ab8b immucore[634]: 2026-09-15T15:21:10Z DBG Executing stage 'Default network configuration.Link /etc/resolv.conf to systemd resolv.conf'
Sep 15 15:21:10.242960 kairos-ab8b immucore[634]: 2026-09-15T15:21:10Z DBG Reading '/system/oem/09_openrc_services.yaml'
Sep 15 15:21:10.242960 kairos-ab8b immucore[634]: 2026-09-15T15:21:10Z DBG Executing stage 'Create openrc services.Enable OpenRC services'
Sep 15 15:21:10.242960 kairos-ab8b immucore[634]: 2026-09-15T15:21:10Z DBG Found systemd at /bin/systemctl
Sep 15 15:21:10.242960 kairos-ab8b immucore[634]: 2026-09-15T15:21:10Z WRN (conditional) Skip 'service manager doesn't match openrc' stage name: Create openrc services.Enable OpenRC services
Sep 15 15:21:10.242960 kairos-ab8b immucore[634]: 2026-09-15T15:21:10Z DBG Reading '/system/oem/31_hosts.yaml'
Sep 15 15:21:10.242960 kairos-ab8b immucore[634]: 2026-09-15T15:21:10Z DBG Executing stage '/system/oem/31_hosts.yaml.Ensure persistent hostname'
Sep 15 15:21:10.242960 kairos-ab8b immucore[634]: 2026-09-15T15:21:10Z DBG If statement result
Sep 15 15:21:10.242960 kairos-ab8b immucore[634]: 2026-09-15T15:21:10Z DBG Found systemd at /bin/systemctl
Sep 15 15:21:10.242960 kairos-ab8b immucore[634]: 2026-09-15T15:21:10Z INF Processing stage step 'Default network configuration.Link /etc/resolv.conf to systemd resolv.conf'. ( commands: 2, files: 0, ... )
Sep 15 15:21:10.242960 kairos-ab8b immucore[634]: 2026-09-15T15:21:10Z DBG Stage: schema.Stage{
Sep 15 15:21:10.242960 kairos-ab8b immucore[634]:   Commands: []string{
Sep 15 15:21:10.242960 kairos-ab8b immucore[634]:     "rm /etc/resolv.conf",
Sep 15 15:21:10.242960 kairos-ab8b immucore[634]:     "ln -s /run/systemd/resolve/resolv.conf /etc/resolv.conf",
Sep 15 15:21:10.242960 kairos-ab8b immucore[634]:   },
Sep 15 15:21:10.242960 kairos-ab8b immucore[634]:   If: "[ -f /etc/hosts ]",
Sep 15 15:21:10.242960 kairos-ab8b immucore[634]:   Name: "Link /etc/resolv.conf to systemd resolv.conf",
Sep 15 15:21:10.242960 kairos-ab8b immucore[634]:   OnlyIfServiceManager: "systemd",
Sep 15 15:21:10.242960 kairos-ab8b immucore[634]: }
Sep 15 15:21:10.242960 kairos-ab8b immucore[634]: 2026-09-15T15:21:10Z WRN (conditional) Skip 'Skipping stage (if statement error: failed to run cat /proc/cmdline | grep "selinux=1"
Sep 15 15:21:10.242960 kairos-ab8b immucore[634]: : exit status 1)' stage name: SELinux.Relabelling
Sep 15 15:21:10.242960 kairos-ab8b immucore[634]: 2026-09-15T15:21:10Z DBG If statement result
Sep 15 15:21:10.242960 kairos-ab8b immucore[634]: 2026-09-15T15:21:10Z INF Processing stage step '/system/oem/31_hosts.yaml.Ensure persistent hostname'. ( commands: 2, files: 1, ... )
Sep 15 15:21:10.242960 kairos-ab8b immucore[634]: 2026-09-15T15:21:10Z DBG Stage: schema.Stage{
Sep 15 15:21:10.242960 kairos-ab8b immucore[634]:   Commands: []string{
Sep 15 15:21:10.189474 kairos-ab8b kairos-immucore[634]: 
[0;90m
[0;38:5:245m
[0;1;31m
[0;90m
[0;38:5:245mReading '/system/oem/00_rootfs.yaml'
Sep 15 15:21:10.307886 kairos-ab8b passwd[1134]: password for 'root' changed by 'root'
Sep 15 15:21:10.324794 kairos-ab8b immucore[634]:     "rm -f /etc/hostname",
Sep 15 15:21:10.324794 kairos-ab8b immucore[634]:     "ln -sf /usr/local/etc/hostname /etc/hostname",
Sep 15 15:21:10.324794 kairos-ab8b immucore[634]:   },
Sep 15 15:21:10.324794 kairos-ab8b immucore[634]:   Files: []schema.File{
Sep 15 15:21:10.324794 kairos-ab8b immucore[634]:     schema.File{
Sep 15 15:21:10.324794 kairos-ab8b immucore[634]:       Path: "/usr/local/etc/hostname",
Sep 15 15:21:10.324794 kairos-ab8b immucore[634]:       Permissions: 420,
Sep 15 15:21:10.324794 kairos-ab8b immucore[634]:     },
Sep 15 15:21:10.324794 kairos-ab8b immucore[634]:   },
Sep 15 15:21:10.324794 kairos-ab8b immucore[634]:   If: "[ ! -f \"/run/cos/recovery_mode\" ] && [ ! -L \"/etc/hostname\" ]",
Sep 15 15:21:10.324794 kairos-ab8b immucore[634]:   Hostname: "kairos-{{ trunc 4 .MachineID }}",
Sep 15 15:21:10.324794 kairos-ab8b immucore[634]:   Name: "Ensure persistent hostname",
Sep 15 15:21:10.324794 kairos-ab8b immucore[634]: }
Sep 15 15:21:10.324794 kairos-ab8b immucore[634]: 2026-09-15T15:21:10Z DBG Creating file /usr/local/etc/hostname
Sep 15 15:21:10.324794 kairos-ab8b immucore[634]: 2026-09-15T15:21:10Z DBG Empty command output
Sep 15 15:21:10.324794 kairos-ab8b immucore[634]: 2026-09-15T15:21:10Z ERR Error on file /system/oem/05_network.yaml on stage Link /etc/resolv.conf to systemd resolv.conf: 1 error occurred:
Sep 15 15:21:10.324794 kairos-ab8b immucore[634]:         * failed to run rm /etc/resolv.conf: exit status 1
Sep 15 15:21:10.324794 kairos-ab8b immucore[634]: command output:
Sep 15 15:21:10.324794 kairos-ab8b immucore[634]: rm: cannot remove '/etc/resolv.conf': No such file or directory
Sep 15 15:21:10.324794 kairos-ab8b immucore[634]: 
Sep 15 15:21:10.324794 kairos-ab8b immucore[634]: 2026-09-15T15:21:10Z INF Running layout plugin
Sep 15 15:21:10.324794 kairos-ab8b immucore[634]: 2026-09-15T15:21:10Z DBG Device field empty, skipping layout plugin
Sep 15 15:21:10.324794 kairos-ab8b immucore[634]: 2026-09-15T15:21:10Z DBG Command output: Initializing machine ID from random generator.
Sep 15 15:21:10.324794 kairos-ab8b immucore[634]: 2026-09-15T15:21:10Z DBG Empty command output
Sep 15 15:21:10.324794 kairos-ab8b immucore[634]: 2026-09-15T15:21:10Z INF Running layout plugin
Sep 15 15:21:10.324794 kairos-ab8b immucore[634]: 2026-09-15T15:21:10Z DBG Device field empty, skipping layout plugin
Sep 15 15:21:10.324794 kairos-ab8b immucore[634]: 2026-09-15T15:21:10Z DBG Empty command output
Sep 15 15:21:10.324794 kairos-ab8b immucore[634]: 2026-09-15T15:21:10Z INF Running layout plugin
Sep 15 15:21:10.324794 kairos-ab8b immucore[634]: 2026-09-15T15:21:10Z DBG Device field empty, skipping layout plugin
Sep 15 15:21:10.324794 kairos-ab8b immucore[634]: 2026-09-15T15:21:10Z DBG Reading '/system/oem/32_profile.yaml'
Sep 15 15:21:10.324794 kairos-ab8b immucore[634]: 2026-09-15T15:21:10Z DBG Executing stage 'Profile extensions.Set KUBECONFIG to access k9s and kubectl'
Sep 15 15:21:10.324794 kairos-ab8b immucore[634]: 2026-09-15T15:21:10Z INF Processing stage step 'Profile extensions.Set KUBECONFIG to access k9s and kubectl'. ( commands: 0, files: 1, ... )
Sep 15 15:21:10.324794 kairos-ab8b immucore[634]: 2026-09-15T15:21:10Z DBG Stage: schema.Stage{
Sep 15 15:21:10.324794 kairos-ab8b immucore[634]:   Files: []schema.File{
Sep 15 15:21:10.324794 kairos-ab8b immucore[634]:     schema.File{
Sep 15 15:21:10.324794 kairos-ab8b immucore[634]:       Path: "/etc/profile.d/kairos.sh",
Sep 15 15:21:10.324794 kairos-ab8b immucore[634]:       Permissions: 420,
Sep 15 15:21:10.189499 kairos-ab8b kairos-immucore[634]: 
[0;90m
[0;38:5:245m
[0;1;31m
[0;90m
[0;38:5:245mExecuting stage 'Rootfs Layout Settings.Ensure /etc/machine-id for systemd systems'
Sep 15 15:21:10.405531 kairos-ab8b immucore[634]:       Content: "if [ -z \"$KUBECONFIG\" ]; then\n    if [ -e /etc/rancher/k3s/k3s.yaml ]; then\n        export KUBECONFIG=\"/etc/rancher/k3s/k3s.yaml\"\n    fi\nfi\n",
Sep 15 15:21:10.405531 kairos-ab8b immucore[634]:     },
Sep 15 15:21:10.405531 kairos-ab8b immucore[634]:   },
Sep 15 15:21:10.405531 kairos-ab8b immucore[634]:   Name: "Set KUBECONFIG to access k9s and kubectl",
Sep 15 15:21:10.405531 kairos-ab8b immucore[634]: }
Sep 15 15:21:10.405531 kairos-ab8b immucore[634]: 2026-09-15T15:21:10Z DBG Creating file /etc/profile.d/kairos.sh
Sep 15 15:21:10.405531 kairos-ab8b immucore[634]: 2026-09-15T15:21:10Z INF Running layout plugin
Sep 15 15:21:10.405531 kairos-ab8b immucore[634]: 2026-09-15T15:21:10Z DBG Device field empty, skipping layout plugin
Sep 15 15:21:10.405531 kairos-ab8b immucore[634]: 2026-09-15T15:21:10Z DBG Reading '/system/oem/05_network.yaml'
Sep 15 15:21:10.405531 kairos-ab8b immucore[634]: 2026-09-15T15:21:10Z DBG Executing stage 'Default network configuration.Enabled systemd-networkd on Red Hat if available'
Sep 15 15:21:10.405531 kairos-ab8b immucore[634]: 2026-09-15T15:21:10Z DBG Reading '/system/oem/00_rootfs.yaml'
Sep 15 15:21:10.405531 kairos-ab8b immucore[634]: 2026-09-15T15:21:10Z DBG Executing stage 'Rootfs Layout Settings.Ensure /etc/machine-id for openrc systems'
Sep 15 15:21:10.405531 kairos-ab8b immucore[634]: 2026-09-15T15:21:10Z DBG Found systemd at /bin/systemctl
Sep 15 15:21:10.405531 kairos-ab8b immucore[634]: 2026-09-15T15:21:10Z WRN (conditional) Skip 'service manager doesn't match openrc' stage name: Rootfs Layout Settings.Ensure /etc/machine-id for openrc systems
Sep 15 15:21:10.405531 kairos-ab8b immucore[634]: 2026-09-15T15:21:10Z DBG Reading '/system/oem/09_systemd_services.yaml'
Sep 15 15:21:10.405531 kairos-ab8b immucore[634]: 2026-09-15T15:21:10Z DBG Executing stage 'Default config.Default systemd config'
Sep 15 15:21:10.405531 kairos-ab8b immucore[634]: 2026-09-15T15:21:10Z DBG Found systemd at /bin/systemctl
Sep 15 15:21:10.405531 kairos-ab8b immucore[634]: 2026-09-15T15:21:10Z INF Processing stage step 'Default config.Default systemd config'. ( commands: 1, files: 0, ... )
Sep 15 15:21:10.405531 kairos-ab8b immucore[634]: 2026-09-15T15:21:10Z DBG Stage: schema.Stage{
Sep 15 15:21:10.405531 kairos-ab8b immucore[634]:   Commands: []string{
Sep 15 15:21:10.405531 kairos-ab8b immucore[634]:     "systemctl set-default multi-user.target",
Sep 15 15:21:10.405531 kairos-ab8b immucore[634]:   },
Sep 15 15:21:10.405531 kairos-ab8b immucore[634]:   Name: "Default systemd config",
Sep 15 15:21:10.405531 kairos-ab8b immucore[634]:   Systemctl: schema.Systemctl{
Sep 15 15:21:10.405531 kairos-ab8b immucore[634]:     Enable: []string{
Sep 15 15:21:10.405531 kairos-ab8b immucore[634]:       "multi-user.target",
Sep 15 15:21:10.405531 kairos-ab8b immucore[634]:       "getty@tty1",
Sep 15 15:21:10.405531 kairos-ab8b immucore[634]:       "iscsid",
Sep 15 15:21:10.405531 kairos-ab8b immucore[634]:       "logrotate.timer",
Sep 15 15:21:10.405531 kairos-ab8b immucore[634]:     },
Sep 15 15:21:10.405531 kairos-ab8b immucore[634]:     Mask: []string{
Sep 15 15:21:10.405531 kairos-ab8b immucore[634]:       "purge-kernels",
Sep 15 15:21:10.405531 kairos-ab8b immucore[634]:     },
Sep 15 15:21:10.405531 kairos-ab8b immucore[634]:   },
Sep 15 15:21:10.405531 kairos-ab8b immucore[634]:   OnlyIfServiceManager: "systemd",
Sep 15 15:21:10.405531 kairos-ab8b immucore[634]: }
Sep 15 15:21:10.405531 kairos-ab8b immucore[634]: 2026-09-15T15:21:10Z DBG If statement result
Sep 15 15:21:10.189534 kairos-ab8b kairos-immucore[634]: 
[0;90m
[0;38:5:245m
[0;1;31m
[0;90m
[0;38:5:245mFound systemd at /bin/systemctl
Sep 15 15:21:10.490282 kairos-ab8b immucore[634]: 2026-09-15T15:21:10Z WRN (conditional) Skip 'OnlyIfOs regex (Red.*Hat.*) doesn't match os name Hadron Linux' stage name: Default network configuration.Enabled systemd-networkd on Red Hat if available
Sep 15 15:21:10.490282 kairos-ab8b immucore[634]: 2026-09-15T15:21:10Z DBG Command output: Created symlink '/etc/systemd/system/default.target' 
 '/usr/lib/systemd/system/multi-user.target'.
Sep 15 15:21:10.490282 kairos-ab8b immucore[634]: 2026-09-15T15:21:10Z DBG Run template output="Failed to enable unit: Unit logrotate.timer does not exist\n"
Sep 15 15:21:10.490282 kairos-ab8b immucore[634]: 2026-09-15T15:21:10Z ERR Error on file /system/oem/09_systemd_services.yaml on stage Default systemd config: 1 error occurred:
Sep 15 15:21:10.490282 kairos-ab8b immucore[634]:         * failed to run systemctl enable logrotate.timer: exit status 1
Sep 15 15:21:10.490282 kairos-ab8b immucore[634]: 
Sep 15 15:21:10.490282 kairos-ab8b immucore[634]: 2026-09-15T15:21:10Z INF Running layout plugin
Sep 15 15:21:10.490282 kairos-ab8b immucore[634]: 2026-09-15T15:21:10Z DBG Device field empty, skipping layout plugin
Sep 15 15:21:10.490282 kairos-ab8b immucore[634]: 2026-09-15T15:21:10Z DBG Reading '/system/oem/50_recovery.yaml'
Sep 15 15:21:10.490282 kairos-ab8b immucore[634]: 2026-09-15T15:21:10Z DBG Executing stage 'Start recovery on tty1.Starts kairos-recovery and generate a temporary pass'
Sep 15 15:21:10.490282 kairos-ab8b immucore[634]: 2026-09-15T15:21:10Z DBG Reading '/system/oem/09_systemd_services.yaml'
Sep 15 15:21:10.490282 kairos-ab8b immucore[634]: 2026-09-15T15:21:10Z DBG Executing stage 'Default config.Create systemd services'
Sep 15 15:21:10.490282 kairos-ab8b immucore[634]: 2026-09-15T15:21:10Z DBG Found systemd at /bin/systemctl
Sep 15 15:21:10.490282 kairos-ab8b immucore[634]: 2026-09-15T15:21:10Z INF Processing stage step 'Default config.Create systemd services'. ( commands: 0, files: 5, ... )
Sep 15 15:21:10.490282 kairos-ab8b immucore[634]: 2026-09-15T15:21:10Z DBG Stage: schema.Stage{
Sep 15 15:21:10.490282 kairos-ab8b immucore[634]:   Files: []schema.File{
Sep 15 15:21:10.490282 kairos-ab8b immucore[634]:     schema.File{
Sep 15 15:21:10.490282 kairos-ab8b immucore[634]:       Path: "/etc/systemd/system/cos-setup-boot.service",
Sep 15 15:21:10.490282 kairos-ab8b immucore[634]:       Permissions: 420,
Sep 15 15:21:10.490282 kairos-ab8b immucore[634]:       Content: "[Unit]\nDescription=cOS system configuration\nBefore=getty.target\n\n[Service]\nType=oneshot\nRemainAfterExit=yes\nExecStart=/usr/bin/kairos-agent run-stage boot\n\n[Install]\nWantedBy=multi-user.target\n",
Sep 15 15:21:10.490282 kairos-ab8b immucore[634]:     },
Sep 15 15:21:10.490282 kairos-ab8b immucore[634]:     schema.File{
Sep 15 15:21:10.490282 kairos-ab8b immucore[634]:       Path: "/etc/systemd/system/cos-setup-fs.service",
Sep 15 15:21:10.490282 kairos-ab8b immucore[634]:       Permissions: 420,
Sep 15 15:21:10.189565 kairos-ab8b kairos-immucore[634]: Processing stage step 'Rootfs Layout Settings.Ensure /etc/machine-id for systemd systems'. ( commands: 1, files: 0, ... )
Sep 15 15:21:10.553472 kairos-ab8b immucore[634]:       Content: "[Unit]\nDescription=cOS system after FS setup\nDefaultDependencies=no\nAfter=local-fs.target\nWants=local-fs.target\nBefore=sysinit.target\n\n[Service]\nType=oneshot\nRemainAfterExit=yes\nExecStart=/usr/bin/kairos-agent run-stage fs\n# Belt-and-suspenders for the sysinit.target ordering: this\n# service is Before=sysinit.target, so if it hangs, every\n# later target (basic, multi-user) hangs with it and sshd\n# never comes up. run-stage fs pulls in config_url fetches\n# against a network that is not yet up at this ordering\n# point, and any silent stall inside kairos-agent (an\n# unbounded http.Get in old sdk/collector builds, a wedged\n# DNS resolver, a slow yip stage) becomes an invisible boot\n# hang. Cap the whole stage so a stall fails cleanly and\n# boot proceeds instead of dying at the login prompt.\nTimeoutStartSec=90\n\n[Install]\nWantedBy=sysinit.target\n",
Sep 15 15:21:10.553472 kairos-ab8b immucore[634]:     },
Sep 15 15:21:10.553472 kairos-ab8b immucore[634]:     schema.File{
Sep 15 15:21:10.553472 kairos-ab8b immucore[634]:       Path: "/etc/systemd/system/cos-setup-network.service",
Sep 15 15:21:10.553472 kairos-ab8b immucore[634]:       Permissions: 420,
Sep 15 15:21:10.553472 kairos-ab8b immucore[634]:       Content: "[Unit]\nDescription=cOS setup after network\nAfter=network-online.target\n\n[Service]\nType=oneshot\nRemainAfterExit=yes\nExecStart=/usr/bin/kairos-agent run-stage network\n\n[Install]\nWantedBy=multi-user.target\n",
Sep 15 15:21:10.553472 kairos-ab8b immucore[634]:     },
Sep 15 15:21:10.553472 kairos-ab8b immucore[634]:     schema.File{
Sep 15 15:21:10.553472 kairos-ab8b immucore[634]:       Path: "/etc/systemd/system/cos-setup-reconcile.service",
Sep 15 15:21:10.553472 kairos-ab8b immucore[634]:       Permissions: 420,
Sep 15 15:21:10.553472 kairos-ab8b immucore[634]:       Content: "[Unit]\nDescription=cOS setup reconciler\n\n[Service]\nNice=19\nIOSchedulingClass=2\nIOSchedulingPriority=7\nType=oneshot\nExecStart=/bin/bash -c \"systemd-inhibit /usr/bin/kairos-agent run-stage reconcile\"\nTimeoutStopSec=180\nKillMode=process\nKillSignal=SIGINT\n\n[Install]\nWantedBy=multi-user.target\n",
Sep 15 15:21:10.553472 kairos-ab8b immucore[634]:     },
Sep 15 15:21:10.553472 kairos-ab8b immucore[634]:     schema.File{
Sep 15 15:21:10.553472 kairos-ab8b immucore[634]:       Path: "/etc/systemd/system/cos-setup-reconcile.timer",
Sep 15 15:21:10.553472 kairos-ab8b immucore[634]:       Permissions: 420,
Sep 15 15:21:10.553472 kairos-ab8b immucore[634]:       Content: "[Unit]\nDescription=cOS setup reconciler\n\n[Timer]\nOnBootSec=5min\nOnUnitActiveSec=60min\nUnit=cos-setup-reconcile.service\n\n[Install]\nWantedBy=multi-user.target\n",
Sep 15 15:21:10.553472 kairos-ab8b immucore[634]:     },
Sep 15 15:21:10.553472 kairos-ab8b immucore[634]:   },
Sep 15 15:21:10.553472 kairos-ab8b immucore[634]:   Name: "Create systemd services",
Sep 15 15:21:10.189629 kairos-ab8b kairos-immucore[634]: 
[0;90m
[0;38:5:245m
[0;1;31m
[0;90m
[0;38:5:245mStage: schema.Stage{
                                                         
[0;90m
[0;38:5:245m  Commands: []string{
                                                         
[0;90m
[0;38:5:245m    "systemd-machine-id-setup",
                                                         
[0;90m
[0;38:5:245m  },
                                                         
[0;90m
[0;38:5:245m  Name: "Ensure /etc/machine-id for systemd systems",
                                                         
[0;90m
[0;38:5:245m  OnlyIfServiceManager: "systemd",
                                                         
[0;90m
[0;38:5:245m}
Sep 15 15:21:10.617930 kairos-ab8b immucore[634]:   OnlyIfServiceManager: "systemd",
Sep 15 15:21:10.617930 kairos-ab8b immucore[634]: }
Sep 15 15:21:10.617930 kairos-ab8b immucore[634]: 2026-09-15T15:21:10Z DBG Creating file /etc/systemd/system/cos-setup-boot.service
Sep 15 15:21:10.617930 kairos-ab8b immucore[634]: 2026-09-15T15:21:10Z DBG Creating file /etc/systemd/system/cos-setup-fs.service
Sep 15 15:21:10.617930 kairos-ab8b immucore[634]: 2026-09-15T15:21:10Z DBG Creating file /etc/systemd/system/cos-setup-network.service
Sep 15 15:21:10.617930 kairos-ab8b immucore[634]: 2026-09-15T15:21:10Z DBG Creating file /etc/systemd/system/cos-setup-reconcile.service
Sep 15 15:21:10.617930 kairos-ab8b immucore[634]: 2026-09-15T15:21:10Z DBG Creating file /etc/systemd/system/cos-setup-reconcile.timer
Sep 15 15:21:10.617930 kairos-ab8b immucore[634]: 2026-09-15T15:21:10Z INF Running layout plugin
Sep 15 15:21:10.617930 kairos-ab8b immucore[634]: 2026-09-15T15:21:10Z DBG Device field empty, skipping layout plugin
Sep 15 15:21:10.617930 kairos-ab8b immucore[634]: 2026-09-15T15:21:10Z DBG Reading '/system/oem/05_network.yaml'
Sep 15 15:21:10.617930 kairos-ab8b immucore[634]: 2026-09-15T15:21:10Z DBG Executing stage 'Default network configuration.Enable systemd-resolved on Red Hat if available'
Sep 15 15:21:10.617930 kairos-ab8b immucore[634]: 2026-09-15T15:21:10Z WRN (conditional) Skip 'Skipping stage (if statement error: failed to run grep -q "kairos.remote_recovery_mode" /proc/cmdline
Sep 15 15:21:10.617930 kairos-ab8b immucore[634]: : exit status 1)' stage name: Start recovery on tty1.Starts kairos-recovery and generate a temporary pass
Sep 15 15:21:10.617930 kairos-ab8b immucore[634]: 2026-09-15T15:21:10Z DBG If statement result
Sep 15 15:21:10.617930 kairos-ab8b immucore[634]: 2026-09-15T15:21:10Z WRN (conditional) Skip 'OnlyIfOs regex (Red.*Hat.*) doesn't match os name Hadron Linux' stage name: Default network configuration.Enable systemd-resolved on Red Hat if available
Sep 15 15:21:10.617930 kairos-ab8b immucore[634]: 2026-09-15T15:21:10Z DBG Reading '/system/oem/09_systemd_services.yaml'
Sep 15 15:21:10.617930 kairos-ab8b immucore[634]: 2026-09-15T15:21:10Z DBG Executing stage 'Default config.Override systemd-tpm2-setup/systemd-pcrproduct with temporary RW under /efi'
Sep 15 15:21:10.617930 kairos-ab8b immucore[634]: 2026-09-15T15:21:10Z DBG Reading '/system/oem/50_recovery.yaml'
Sep 15 15:21:10.617930 kairos-ab8b immucore[634]: 2026-09-15T15:21:10Z DBG Executing stage 'Start recovery on tty1.Starts kairos-recovery for openRC based systems'
Sep 15 15:21:10.190190 kairos-ab8b kairos-immucore[634]: 
[0;90m
[0;38:5:245m
[0;1;31m
[0;90m
[0;38:5:245mReading '/system/oem/26_selinux.yaml'
Sep 15 15:21:10.671805 kairos-ab8b immucore[634]: 2026-09-15T15:21:10Z WRN (conditional) Skip 'Skipping stage (if statement error: failed to run grep -q "kairos.remote_recovery_mode" /proc/cmdline: exit status 1)' stage name: Start recovery on tty1.Starts kairos-recovery for openRC based systems
Sep 15 15:21:10.671805 kairos-ab8b immucore[634]: 2026-09-15T15:21:10Z DBG Reading '/system/oem/08_efi_assessment.yaml'
Sep 15 15:21:10.671805 kairos-ab8b immucore[634]: 2026-09-15T15:21:10Z DBG Executing stage 'Enable EFI assessment.Override systemd-boot services to enable RW on /efi partition'
Sep 15 15:21:10.671805 kairos-ab8b immucore[634]: 2026-09-15T15:21:10Z WRN (conditional) Skip 'Skipping stage (if statement error: failed to run [ -e "/run/cos/uki_boot_mode" ]: exit status 1)' stage name: Default config.Override systemd-tpm2-setup/systemd-pcrproduct with temporary RW under /efi
Sep 15 15:21:10.671805 kairos-ab8b immucore[634]: 2026-09-15T15:21:10Z WRN (conditional) Skip 'Skipping stage (if statement error: failed to run [ -e "/run/cos/uki_boot_mode" ]: exit status 1)' stage name: Enable EFI assessment.Override systemd-boot services to enable RW on /efi partition
Sep 15 15:21:10.671805 kairos-ab8b immucore[634]: 2026-09-15T15:21:10Z DBG Reading '/system/oem/08_efi_assessment.yaml'
Sep 15 15:21:10.671805 kairos-ab8b immucore[634]: 2026-09-15T15:21:10Z DBG Executing stage 'Enable EFI assessment.Enable boot assessment'
Sep 15 15:21:10.671805 kairos-ab8b immucore[634]: 2026-09-15T15:21:10Z DBG Reading '/system/oem/51_reset.yaml'
Sep 15 15:21:10.671805 kairos-ab8b immucore[634]: 2026-09-15T15:21:10Z DBG Executing stage 'Start reset on tty1.Starts kairos-reset for systemd based systems'
Sep 15 15:21:10.671805 kairos-ab8b immucore[634]: 2026-09-15T15:21:10Z DBG Reading '/system/oem/09_systemd_services.yaml'
Sep 15 15:21:10.671805 kairos-ab8b immucore[634]: 2026-09-15T15:21:10Z DBG Executing stage 'Default config.Enable systemd services'
Sep 15 15:21:10.671805 kairos-ab8b immucore[634]: 2026-09-15T15:21:10Z DBG Found systemd at /bin/systemctl
Sep 15 15:21:10.671805 kairos-ab8b immucore[634]: 2026-09-15T15:21:10Z INF Processing stage step 'Default config.Enable systemd services'. ( commands: 4, files: 0, ... )
Sep 15 15:21:10.671805 kairos-ab8b immucore[634]: 2026-09-15T15:21:10Z DBG Stage: schema.Stage{
Sep 15 15:21:10.671805 kairos-ab8b immucore[634]:   Commands: []string{
Sep 15 15:21:10.671805 kairos-ab8b immucore[634]:     "ln -sf /etc/systemd/system/cos-setup-reconcile.timer /etc/systemd/system/multi-user.target.wants/cos-setup-reconcile.timer",
Sep 15 15:21:10.190251 kairos-ab8b kairos-immucore[634]: 
[0;90m
[0;38:5:245m
[0;1;31m
[0;90m
[0;38:5:245mExecuting stage 'SELinux.Relabelling'
Sep 15 15:21:10.723410 kairos-ab8b immucore[634]:     "ln -sf /etc/systemd/system/cos-setup-fs.service /etc/systemd/system/sysinit.target.wants/cos-setup-fs.service",
Sep 15 15:21:10.723410 kairos-ab8b immucore[634]:     "ln -sf /etc/systemd/system/cos-setup-boot.service /etc/systemd/system/multi-user.target.wants/cos-setup-boot.service",
Sep 15 15:21:10.723410 kairos-ab8b immucore[634]:     "ln -sf /etc/systemd/system/cos-setup-network.service /etc/systemd/system/multi-user.target.wants/cos-setup-network.service",
Sep 15 15:21:10.723410 kairos-ab8b immucore[634]:   },
Sep 15 15:21:10.723410 kairos-ab8b immucore[634]:   Name: "Enable systemd services",
Sep 15 15:21:10.723410 kairos-ab8b immucore[634]:   OnlyIfServiceManager: "systemd",
Sep 15 15:21:10.723410 kairos-ab8b immucore[634]: }
Sep 15 15:21:10.723410 kairos-ab8b immucore[634]: 2026-09-15T15:21:10Z WRN (conditional) Skip 'Skipping stage (if statement error: failed to run [ -e "/run/cos/uki_boot_mode" ]: exit status 1)' stage name: Enable EFI assessment.Enable boot assessment
Sep 15 15:21:10.723410 kairos-ab8b immucore[634]: 2026-09-15T15:21:10Z WRN (conditional) Skip 'Skipping stage (if statement error: failed to run (grep -q "kairos.reset" /proc/cmdline || [ -f /run/cos/autoreset_mode ])
Sep 15 15:21:10.723410 kairos-ab8b immucore[634]: : exit status 1)' stage name: Start reset on tty1.Starts kairos-reset for systemd based systems
Sep 15 15:21:10.723410 kairos-ab8b immucore[634]: 2026-09-15T15:21:10Z DBG Empty command output
Sep 15 15:21:10.723410 kairos-ab8b immucore[634]: 2026-09-15T15:21:10Z DBG Empty command output
Sep 15 15:21:10.723410 kairos-ab8b immucore[634]: 2026-09-15T15:21:10Z DBG Empty command output
Sep 15 15:21:10.723410 kairos-ab8b immucore[634]: 2026-09-15T15:21:10Z DBG Empty command output
Sep 15 15:21:10.723410 kairos-ab8b immucore[634]: 2026-09-15T15:21:10Z INF Running layout plugin
Sep 15 15:21:10.723410 kairos-ab8b immucore[634]: 2026-09-15T15:21:10Z DBG Device field empty, skipping layout plugin
Sep 15 15:21:10.723410 kairos-ab8b immucore[634]: 2026-09-15T15:21:10Z DBG Reading '/system/oem/10_accounting.yaml'
Sep 15 15:21:10.723410 kairos-ab8b immucore[634]: 2026-09-15T15:21:10Z DBG Executing stage 'Default user, permissions and serial login.Setup groups.0'
Sep 15 15:21:10.723410 kairos-ab8b immucore[634]: 2026-09-15T15:21:10Z INF Processing stage step 'Default user, permissions and serial login.Setup groups.0'. ( commands: 0, files: 0, ... )
Sep 15 15:21:10.723410 kairos-ab8b immucore[634]: 2026-09-15T15:21:10Z DBG Stage: schema.Stage{
Sep 15 15:21:10.723410 kairos-ab8b immucore[634]:   EnsureEntities: []schema.YipEntity{
Sep 15 15:21:10.723410 kairos-ab8b immucore[634]:     schema.YipEntity{
Sep 15 15:21:10.723410 kairos-ab8b immucore[634]:       Entity: "kind: \"group\"\ngroup_name: \"admin\"\npassword: \"x\"\ngid: 900\n",
Sep 15 15:21:10.723410 kairos-ab8b immucore[634]:     },
Sep 15 15:21:10.723410 kairos-ab8b immucore[634]:   },
Sep 15 15:21:10.723410 kairos-ab8b immucore[634]:   Name: "Setup groups",
Sep 15 15:21:10.723410 kairos-ab8b immucore[634]: }
Sep 15 15:21:10.723410 kairos-ab8b immucore[634]: 2026-09-15T15:21:10Z DBG Reading '/system/oem/51_reset.yaml'
Sep 15 15:21:10.192556 kairos-ab8b kairos-immucore[634]: 
[0;90m
[0;38:5:245m
[0;1;31m
[0;90m
[0;38:5:245mReading '/system/oem/05_network.yaml'
Sep 15 15:21:10.791997 kairos-ab8b immucore[634]: 2026-09-15T15:21:10Z DBG Executing stage 'Start reset on tty1.Starts kairos-reset for openRC-based systems'
Sep 15 15:21:10.791997 kairos-ab8b immucore[634]: 2026-09-15T15:21:10Z INF Running layout plugin
Sep 15 15:21:10.791997 kairos-ab8b immucore[634]: 2026-09-15T15:21:10Z DBG Device field empty, skipping layout plugin
Sep 15 15:21:10.791997 kairos-ab8b immucore[634]: 2026-09-15T15:21:10Z WRN (conditional) Skip 'Skipping stage (if statement error: failed to run grep -q "kairos.reset" /proc/cmdline: exit status 1)' stage name: Start reset on tty1.Starts kairos-reset for openRC-based systems
Sep 15 15:21:10.791997 kairos-ab8b immucore[634]: 2026-09-15T15:21:10Z DBG Reading '/system/oem/10_accounting.yaml'
Sep 15 15:21:10.791997 kairos-ab8b immucore[634]: 2026-09-15T15:21:10Z DBG Executing stage 'Default user, permissions and serial login.Setup users.1'
Sep 15 15:21:10.791997 kairos-ab8b immucore[634]: 2026-09-15T15:21:10Z INF Processing stage step 'Default user, permissions and serial login.Setup users.1'. ( commands: 0, files: 0, ... )
Sep 15 15:21:10.791997 kairos-ab8b immucore[634]: 2026-09-15T15:21:10Z DBG Stage: schema.Stage{
Sep 15 15:21:10.791997 kairos-ab8b immucore[634]:   Name: "Setup users",
Sep 15 15:21:10.791997 kairos-ab8b immucore[634]:   Users: map[string]schema.User{
Sep 15 15:21:10.791997 kairos-ab8b immucore[634]:     "kairos": schema.User{
Sep 15 15:21:10.791997 kairos-ab8b immucore[634]:       PasswordHash: "!",
Sep 15 15:21:10.791997 kairos-ab8b immucore[634]:       Homedir: "/home/kairos",
Sep 15 15:21:10.791997 kairos-ab8b immucore[634]:       Groups: []string{
Sep 15 15:21:10.791997 kairos-ab8b immucore[634]:         "admin",
Sep 15 15:21:10.791997 kairos-ab8b immucore[634]:       },
Sep 15 15:21:10.791997 kairos-ab8b immucore[634]:       Shell: "/bin/bash",
Sep 15 15:21:10.791997 kairos-ab8b immucore[634]:     },
Sep 15 15:21:10.791997 kairos-ab8b immucore[634]:   },
Sep 15 15:21:10.791997 kairos-ab8b immucore[634]: }
Sep 15 15:21:10.791997 kairos-ab8b immucore[634]: 2026-09-15T15:21:10Z INF Running layout plugin
Sep 15 15:21:10.791997 kairos-ab8b immucore[634]: 2026-09-15T15:21:10Z DBG Reading '/system/oem/52_installer.yaml'
Sep 15 15:21:10.791997 kairos-ab8b immucore[634]: 2026-09-15T15:21:10Z DBG Executing stage 'Start installer on tty1..0'
Sep 15 15:21:10.791997 kairos-ab8b immucore[634]: 2026-09-15T15:21:10Z DBG Device field empty, skipping layout plugin
Sep 15 15:21:10.791997 kairos-ab8b immucore[634]: 2026-09-15T15:21:10Z WRN (conditional) Skip 'Skipping stage (if statement error: failed to run (grep -q "install-mode" /proc/cmdline || grep -q "nodepair.enable" /proc/cmdline ) && \
Sep 15 15:21:10.791997 kairos-ab8b immucore[634]: ([ -f /run/cos/live_mode ] || [ -f /run/cos/uki_install_mode ])
Sep 15 15:21:10.791997 kairos-ab8b immucore[634]: : exit status 1)' stage name: Start installer on tty1..0
Sep 15 15:21:10.791997 kairos-ab8b immucore[634]: 2026-09-15T15:21:10Z DBG Reading '/system/oem/52_installer.yaml'
Sep 15 15:21:10.791997 kairos-ab8b immucore[634]: 2026-09-15T15:21:10Z DBG Executing stage 'Start installer on tty1..1'
Sep 15 15:21:10.791997 kairos-ab8b immucore[634]: 2026-09-15T15:21:10Z DBG Reading '/system/oem/10_accounting.yaml'
Sep 15 15:21:10.192588 kairos-ab8b kairos-immucore[634]: 
[0;90m
[0;38:5:245m
[0;1;31m
[0;90m
[0;38:5:245mExecuting stage 'Default network configuration.Link /etc/resolv.conf to systemd resolv.conf'
Sep 15 15:21:10.866990 kairos-ab8b immucore[634]: 2026-09-15T15:21:10Z DBG Executing stage 'Default user, permissions and serial login.Set user password if running in live or uki.2'
Sep 15 15:21:10.866990 kairos-ab8b immucore[634]: 2026-09-15T15:21:10Z WRN (conditional) Skip 'Skipping stage (if statement error: failed to run [ -e /run/cos/live_mode ] || [ -e /run/cos/uki_install_mode ]: exit status 1)' stage name: Default user, permissions and serial login.Set user password if running in live or uki.2
Sep 15 15:21:10.866990 kairos-ab8b immucore[634]: 2026-09-15T15:21:10Z WRN (conditional) Skip 'Skipping stage (if statement error: failed to run (grep -q "install-mode" /proc/cmdline || grep -q "nodepair.enable" /proc/cmdline ) && \
Sep 15 15:21:10.866990 kairos-ab8b immucore[634]: ([ -f /run/cos/live_mode ] || [ -f /run/cos/uki_install_mode ])
Sep 15 15:21:10.866990 kairos-ab8b immucore[634]: : exit status 1)' stage name: Start installer on tty1..1
Sep 15 15:21:10.866990 kairos-ab8b immucore[634]: 2026-09-15T15:21:10Z DBG Reading '/system/oem/10_accounting.yaml'
Sep 15 15:21:10.866990 kairos-ab8b immucore[634]: 2026-09-15T15:21:10Z DBG Executing stage 'Default user, permissions and serial login.Setup sudo.3'
Sep 15 15:21:10.866990 kairos-ab8b immucore[634]: 2026-09-15T15:21:10Z DBG Reading '/system/oem/52_installer.yaml'
Sep 15 15:21:10.866990 kairos-ab8b immucore[634]: 2026-09-15T15:21:10Z DBG Executing stage 'Start installer on tty1..2'
Sep 15 15:21:10.866990 kairos-ab8b immucore[634]: 2026-09-15T15:21:10Z INF Processing stage step 'Default user, permissions and serial login.Setup sudo.3'. ( commands: 1, files: 1, ... )
Sep 15 15:21:10.866990 kairos-ab8b immucore[634]: 2026-09-15T15:21:10Z DBG Stage: schema.Stage{
Sep 15 15:21:10.866990 kairos-ab8b immucore[634]:   Commands: []string{
Sep 15 15:21:10.866990 kairos-ab8b immucore[634]:     "passwd -l root",
Sep 15 15:21:10.866990 kairos-ab8b immucore[634]:   },
Sep 15 15:21:10.866990 kairos-ab8b immucore[634]:   Files: []schema.File{
Sep 15 15:21:10.866990 kairos-ab8b immucore[634]:     schema.File{
Sep 15 15:21:10.866990 kairos-ab8b immucore[634]:       Path: "/etc/sudoers",
Sep 15 15:21:10.866990 kairos-ab8b immucore[634]:       Content: "Defaults always_set_home\nDefaults secure_path=\"/usr/sbin:/usr/bin:/sbin:/bin:/usr/local/bin:/usr/local/sbin\"\nDefaults env_reset\nDefaults env_keep = \"LANG LC_ADDRESS LC_CTYPE LC_COLLATE LC_IDENTIFICATION LC_MEASUREMENT LC_MESSAGES LC_MONETARY LC_NAME LC_NUMERIC LC_PAPER LC_TELEPHONE LC_ATIME LC_ALL LANGUAGE LINGUAS XDG_SESSION_COOKIE\"\nDefaults !insults\nroot ALL=(ALL) ALL\n%admin ALL=(ALL) NOPASSWD: ALL\n#includedir /etc/sudoers.d\n",
Sep 15 15:21:10.866990 kairos-ab8b immucore[634]:     },
Sep 15 15:21:10.866990 kairos-ab8b immucore[634]:   },
Sep 15 15:21:10.866990 kairos-ab8b immucore[634]:   Name: "Setup sudo",
Sep 15 15:21:10.866990 kairos-ab8b immucore[634]: }
Sep 15 15:21:10.866990 kairos-ab8b immucore[634]: 2026-09-15T15:21:10Z DBG Creating file /etc/sudoers
Sep 15 15:21:10.192620 kairos-ab8b kairos-immucore[634]: 
[0;90m
[0;38:5:245m
[0;1;31m
[0;90m
[0;38:5:245mReading '/system/oem/09_openrc_services.yaml'
Sep 15 15:21:10.929532 kairos-ab8b immucore[634]: 2026-09-15T15:21:10Z WRN (conditional) Skip 'Skipping stage (if statement error: failed to run (grep -q "interactive-install" /proc/cmdline || grep -q "install-mode-interactive" /proc/cmdline) && \
Sep 15 15:21:10.929532 kairos-ab8b immucore[634]: ([ -f /run/cos/live_mode ] || [ -f /run/cos/uki_install_mode ])
Sep 15 15:21:10.929532 kairos-ab8b immucore[634]: : exit status 1)' stage name: Start installer on tty1..2
Sep 15 15:21:10.929532 kairos-ab8b immucore[634]: 2026-09-15T15:21:10Z DBG Command output: passwd: password changed.
Sep 15 15:21:10.929532 kairos-ab8b immucore[634]: 2026-09-15T15:21:10Z INF Running layout plugin
Sep 15 15:21:10.929532 kairos-ab8b immucore[634]: 2026-09-15T15:21:10Z DBG Device field empty, skipping layout plugin
Sep 15 15:21:10.929532 kairos-ab8b immucore[634]: 2026-09-15T15:21:10Z DBG Reading '/system/oem/52_installer.yaml'
Sep 15 15:21:10.929532 kairos-ab8b immucore[634]: 2026-09-15T15:21:10Z DBG Executing stage 'Start installer on tty1..3'
Sep 15 15:21:10.929532 kairos-ab8b immucore[634]: 2026-09-15T15:21:10Z DBG Reading '/system/oem/10_accounting.yaml'
Sep 15 15:21:10.929532 kairos-ab8b immucore[634]: 2026-09-15T15:21:10Z DBG Executing stage 'Default user, permissions and serial login.Ensure runtime permission.4'
Sep 15 15:21:10.929532 kairos-ab8b immucore[634]: 2026-09-15T15:21:10Z DBG If statement result
Sep 15 15:21:10.929532 kairos-ab8b immucore[634]: 2026-09-15T15:21:10Z INF Processing stage step 'Default user, permissions and serial login.Ensure runtime permission.4'. ( commands: 2, files: 0, ... )
Sep 15 15:21:10.929532 kairos-ab8b immucore[634]: 2026-09-15T15:21:10Z DBG Stage: schema.Stage{
Sep 15 15:21:10.929532 kairos-ab8b immucore[634]:   Commands: []string{
Sep 15 15:21:10.929532 kairos-ab8b immucore[634]:     "chown -R root:admin /oem",
Sep 15 15:21:10.929532 kairos-ab8b immucore[634]:     "chmod 770 /oem",
Sep 15 15:21:10.929532 kairos-ab8b immucore[634]:   },
Sep 15 15:21:10.929532 kairos-ab8b immucore[634]:   If: "[ -e \"/oem\" ]",
Sep 15 15:21:10.929532 kairos-ab8b immucore[634]:   Name: "Ensure runtime permission",
Sep 15 15:21:10.929532 kairos-ab8b immucore[634]: }
Sep 15 15:21:10.929532 kairos-ab8b immucore[634]: 2026-09-15T15:21:10Z WRN (conditional) Skip 'Skipping stage (if statement error: failed to run (grep -q "interactive-install" /proc/cmdline || grep -q "install-mode-interactive" /proc/cmdline) && \
Sep 15 15:21:10.929532 kairos-ab8b immucore[634]: ([ -f /run/cos/live_mode ] || [ -f /run/cos/uki_install_mode ])
Sep 15 15:21:10.929532 kairos-ab8b immucore[634]: : exit status 1)' stage name: Start installer on tty1..3
Sep 15 15:21:10.929532 kairos-ab8b immucore[634]: 2026-09-15T15:21:10Z DBG Empty command output
Sep 15 15:21:10.929532 kairos-ab8b immucore[634]: 2026-09-15T15:21:10Z DBG Empty command output
Sep 15 15:21:10.929532 kairos-ab8b immucore[634]: 2026-09-15T15:21:10Z INF Running layout plugin
Sep 15 15:21:10.929532 kairos-ab8b immucore[634]: 2026-09-15T15:21:10Z DBG Device field empty, skipping layout plugin
Sep 15 15:21:10.929532 kairos-ab8b immucore[634]: 2026-09-15T15:21:10Z DBG Reading '/system/oem/10_accounting.yaml'
Sep 15 15:21:10.192694 kairos-ab8b kairos-immucore[634]: 
[0;90m
[0;38:5:245m
[0;1;31m
[0;90m
[0;38:5:245mExecuting stage 'Create openrc services.Enable OpenRC services'
Sep 15 15:21:10.192732 kairos-ab8b kairos-immucore[634]: 
[0;90m
[0;38:5:245m
[0;1;31m
[0;90m
[0;38:5:245mFound systemd at /bin/systemctl
Sep 15 15:21:10.192763 kairos-ab8b kairos-immucore[634]: 
[0;1;33m
[0;1;38:5:185m
[0;1;39m
[0;1;33m
[0;1;38:5:185m(conditional) Skip 'service manager doesn't match openrc' stage name: Create openrc services.Enable OpenRC services
Sep 15 15:21:10.192799 kairos-ab8b kairos-immucore[634]: 
[0;90m
[0;38:5:245m
[0;1;31m
[0;90m
[0;38:5:245mReading '/system/oem/31_hosts.yaml'
Sep 15 15:21:10.192814 kairos-ab8b kairos-immucore[634]: 
[0;90m
[0;38:5:245m
[0;1;31m
[0;90m
[0;38:5:245mExecuting stage '/system/oem/31_hosts.yaml.Ensure persistent hostname'
Sep 15 15:21:10.195335 kairos-ab8b kairos-immucore[634]: 
[0;90m
[0;38:5:245m
[0;1;31m
[0;90m
[0;38:5:245mIf statement result 
Sep 15 15:21:10.195364 kairos-ab8b kairos-immucore[634]: 
[0;90m
[0;38:5:245m
[0;1;31m
[0;90m
[0;38:5:245mFound systemd at /bin/systemctl
Sep 15 15:21:10.195402 kairos-ab8b kairos-immucore[634]: Processing stage step 'Default network configuration.Link /etc/resolv.conf to systemd resolv.conf'. ( commands: 2, files: 0, ... )
Sep 15 15:21:10.195451 kairos-ab8b kairos-immucore[634]: 
[0;90m
[0;38:5:245m
[0;1;31m
[0;90m
[0;38:5:245mStage: schema.Stage{
                                                         
[0;90m
[0;38:5:245m  Commands: []string{
                                                         
[0;90m
[0;38:5:245m    "rm /etc/resolv.conf",
                                                         
[0;90m
[0;38:5:245m    "ln -s /run/systemd/resolve/resolv.conf /etc/resolv.conf",
                                                         
[0;90m
[0;38:5:245m  },
                                                         
[0;90m
[0;38:5:245m  If: "[ -f /etc/hosts ]",
                                                         
[0;90m
[0;38:5:245m  Name: "Link /etc/resolv.conf to systemd resolv.conf",
                                                         
[0;90m
[0;38:5:245m  OnlyIfServiceManager: "systemd",
                                                         
[0;90m
[0;38:5:245m}
Sep 15 15:21:10.196608 kairos-ab8b kairos-immucore[634]: 
[0;1;33m
[0;1;38:5:185m
[0;1;39m
[0;1;33m
[0;1;38:5:185m(conditional) Skip 'Skipping stage (if statement error: failed to run cat /proc/cmdline | grep "selinux=1"
                                                         
[0;1;33m
[0;1;38:5:185m: exit status 1)' stage name: SELinux.Relabelling
Sep 15 15:21:10.202306 kairos-ab8b kairos-immucore[634]: 
[0;90m
[0;38:5:245m
[0;1;31m
[0;90m
[0;38:5:245mIf statement result 
Sep 15 15:21:10.202345 kairos-ab8b kairos-immucore[634]: Processing stage step '/system/oem/31_hosts.yaml.Ensure persistent hostname'. ( commands: 2, files: 1, ... )
Sep 15 15:21:10.202415 kairos-ab8b kairos-immucore[634]: 
[0;90m
[0;38:5:245m
[0;1;31m
[0;90m
[0;38:5:245mStage: schema.Stage{
                                                         
[0;90m
[0;38:5:245m  Commands: []string{
                                                         
[0;90m
[0;38:5:245m    "rm -f /etc/hostname",
                                                         
[0;90m
[0;38:5:245m    "ln -sf /usr/local/etc/hostname /etc/hostname",
                                                         
[0;90m
[0;38:5:245m  },
                                                         
[0;90m
[0;38:5:245m  Files: []schema.File{
                                                         
[0;90m
[0;38:5:245m    schema.File{
                                                         
[0;90m
[0;38:5:245m      Path: "/usr/local/etc/hostname",
                                                         
[0;90m
[0;38:5:245m      Permissions: 420,
                                                         
[0;90m
[0;38:5:245m    },
                                                         
[0;90m
[0;38:5:245m  },
                                                         
[0;90m
[0;38:5:245m  If: "[ ! -f \"/run/cos/recovery_mode\" ] && [ ! -L \"/etc/hostname\" ]",
                                                         
[0;90m
[0;38:5:245m  Hostname: "kairos-{{ trunc 4 .MachineID }}",
                                                         
[0;90m
[0;38:5:245m  Name: "Ensure persistent hostname",
                                                         
[0;90m
[0;38:5:245m}
Sep 15 15:21:10.202477 kairos-ab8b kairos-immucore[634]: 
[0;90m
[0;38:5:245m
[0;1;31m
[0;90m
[0;38:5:245mCreating file /usr/local/etc/hostname
Sep 15 15:21:10.204074 kairos-ab8b kairos-immucore[634]: 
[0;90m
[0;38:5:245m
[0;1;31m
[0;90m
[0;38:5:245mEmpty command output
Sep 15 15:21:10.204188 kairos-ab8b kairos-immucore[634]: 
[0;1;31m
[0;1;39m
[0;1;31mError on file /system/oem/05_network.yaml on stage Link /etc/resolv.conf to systemd resolv.conf: 1 error occurred:
                                                         
[0;1;31m        * failed to run rm /etc/resolv.conf: exit status 1
                                                         
[0;1;31mcommand output:
                                                         
[0;1;31mrm: cannot remove '/etc/resolv.conf': No such file or directory
                                                         
[0;1;31m
                                                         
[0;1;31m
Sep 15 15:21:10.204273 kairos-ab8b kairos-immucore[634]: Running layout plugin
Sep 15 15:21:10.204292 kairos-ab8b kairos-immucore[634]: 
[0;90m
[0;38:5:245m
[0;1;31m
[0;90m
[0;38:5:245mDevice field empty, skipping layout plugin
Sep 15 15:21:10.209063 kairos-ab8b kairos-immucore[634]: 
[0;90m
[0;38:5:245m
[0;1;31m
[0;90m
[0;38:5:245mCommand output: Initializing machine ID from random generator.
Sep 15 15:21:10.209304 kairos-ab8b kairos-immucore[634]: 
[0;90m
[0;38:5:245m
[0;1;31m
[0;90m
[0;38:5:245mEmpty command output
Sep 15 15:21:10.210898 kairos-ab8b kairos-immucore[634]: Running layout plugin
Sep 15 15:21:10.211136 kairos-ab8b kairos-immucore[634]: 
[0;90m
[0;38:5:245m
[0;1;31m
[0;90m
[0;38:5:245mDevice field empty, skipping layout plugin
Sep 15 15:21:10.212552 kairos-ab8b kairos-immucore[634]: 
[0;90m
[0;38:5:245m
[0;1;31m
[0;90m
[0;38:5:245mEmpty command output
Sep 15 15:21:10.213186 kairos-ab8b systemd-resolved[357]: System hostname changed to 'kairos-ab8b'.
Sep 15 15:21:10.213866 kairos-ab8b kairos-immucore[634]: Running layout plugin
Sep 15 15:21:10.213979 kairos-ab8b kairos-immucore[634]: 
[0;90m
[0;38:5:245m
[0;1;31m
[0;90m
[0;38:5:245mDevice field empty, skipping layout plugin
Sep 15 15:21:10.214242 kairos-ab8b kairos-immucore[634]: 
[0;90m
[0;38:5:245m
[0;1;31m
[0;90m
[0;38:5:245mReading '/system/oem/32_profile.yaml'
Sep 15 15:21:10.214274 kairos-ab8b kairos-immucore[634]: 
[0;90m
[0;38:5:245m
[0;1;31m
[0;90m
[0;38:5:245mExecuting stage 'Profile extensions.Set KUBECONFIG to access k9s and kubectl'
Sep 15 15:21:10.214340 kairos-ab8b kairos-immucore[634]: Processing stage step 'Profile extensions.Set KUBECONFIG to access k9s and kubectl'. ( commands: 0, files: 1, ... )
Sep 15 15:21:10.214462 kairos-ab8b kairos-immucore[634]: 
[0;90m
[0;38:5:245m
[0;1;31m
[0;90m
[0;38:5:245mStage: schema.Stage{
                                                         
[0;90m
[0;38:5:245m  Files: []schema.File{
                                                         
[0;90m
[0;38:5:245m    schema.File{
                                                         
[0;90m
[0;38:5:245m      Path: "/etc/profile.d/kairos.sh",
                                                         
[0;90m
[0;38:5:245m      Permissions: 420,
                                                         
[0;90m
[0;38:5:245m      Content: "if [ -z \"$KUBECONFIG\" ]; then\n    if [ -e /etc/rancher/k3s/k3s.yaml ]; then\n        export KUBECONFIG=\"/etc/rancher/k3s/k3s.yaml\"\n    fi\nfi\n",
                                                         
[0;90m
[0;38:5:245m    },
                                                         
[0;90m
[0;38:5:245m  },
                                                         
[0;90m
[0;38:5:245m  Name: "Set KUBECONFIG to access k9s and kubectl",
                                                         
[0;90m
[0;38:5:245m}
Sep 15 15:21:10.214508 kairos-ab8b kairos-immucore[634]: 
[0;90m
[0;38:5:245m
[0;1;31m
[0;90m
[0;38:5:245mCreating file /etc/profile.d/kairos.sh
Sep 15 15:21:10.214824 kairos-ab8b kairos-immucore[634]: Running layout plugin
Sep 15 15:21:10.214842 kairos-ab8b kairos-immucore[634]: 
[0;90m
[0;38:5:245m
[0;1;31m
[0;90m
[0;38:5:245mDevice field empty, skipping layout plugin
Sep 15 15:21:10.214868 kairos-ab8b kairos-immucore[634]: 
[0;90m
[0;38:5:245m
[0;1;31m
[0;90m
[0;38:5:245mReading '/system/oem/05_network.yaml'
Sep 15 15:21:10.214881 kairos-ab8b kairos-immucore[634]: 
[0;90m
[0;38:5:245m
[0;1;31m
[0;90m
[0;38:5:245mExecuting stage 'Default network configuration.Enabled systemd-networkd on Red Hat if available'
Sep 15 15:21:10.215036 kairos-ab8b kairos-immucore[634]: 
[0;90m
[0;38:5:245m
[0;1;31m
[0;90m
[0;38:5:245mReading '/system/oem/00_rootfs.yaml'
Sep 15 15:21:10.215052 kairos-ab8b kairos-immucore[634]: 
[0;90m
[0;38:5:245m
[0;1;31m
[0;90m
[0;38:5:245mExecuting stage 'Rootfs Layout Settings.Ensure /etc/machine-id for openrc systems'
Sep 15 15:21:10.215075 kairos-ab8b kairos-immucore[634]: 
[0;90m
[0;38:5:245m
[0;1;31m
[0;90m
[0;38:5:245mFound systemd at /bin/systemctl
Sep 15 15:21:10.215951 kairos-ab8b kairos-immucore[634]: 
[0;1;33m
[0;1;38:5:185m
[0;1;39m
[0;1;33m
[0;1;38:5:185m(conditional) Skip 'service manager doesn't match openrc' stage name: Rootfs Layout Settings.Ensure /etc/machine-id for openrc systems
Sep 15 15:21:10.216030 kairos-ab8b kairos-immucore[634]: 
[0;90m
[0;38:5:245m
[0;1;31m
[0;90m
[0;38:5:245mReading '/system/oem/09_systemd_services.yaml'
Sep 15 15:21:10.216064 kairos-ab8b kairos-immucore[634]: 
[0;90m
[0;38:5:245m
[0;1;31m
[0;90m
[0;38:5:245mExecuting stage 'Default config.Default systemd config'
Sep 15 15:21:10.216186 kairos-ab8b kairos-immucore[634]: 
[0;90m
[0;38:5:245m
[0;1;31m
[0;90m
[0;38:5:245mFound systemd at /bin/systemctl
Sep 15 15:21:10.216507 kairos-ab8b kairos-immucore[634]: Processing stage step 'Default config.Default systemd config'. ( commands: 1, files: 0, ... )
Sep 15 15:21:10.216748 kairos-ab8b kairos-immucore[634]: 
[0;90m
[0;38:5:245m
[0;1;31m
[0;90m
[0;38:5:245mStage: schema.Stage{
                                                         
[0;90m
[0;38:5:245m  Commands: []string{
                                                         
[0;90m
[0;38:5:245m    "systemctl set-default multi-user.target",
                                                         
[0;90m
[0;38:5:245m  },
                                                         
[0;90m
[0;38:5:245m  Name: "Default systemd config",
                                                         
[0;90m
[0;38:5:245m  Systemctl: schema.Systemctl{
                                                         
[0;90m
[0;38:5:245m    Enable: []string{
                                                         
[0;90m
[0;38:5:245m      "multi-user.target",
                                                         
[0;90m
[0;38:5:245m      "getty@tty1",
                                                         
[0;90m
[0;38:5:245m      "iscsid",
                                                         
[0;90m
[0;38:5:245m      "logrotate.timer",
                                                         
[0;90m
[0;38:5:245m    },
                                                         
[0;90m
[0;38:5:245m    Mask: []string{
                                                         
[0;90m
[0;38:5:245m      "purge-kernels",
                                                         
[0;90m
[0;38:5:245m    },
                                                         
[0;90m
[0;38:5:245m  },
                                                         
[0;90m
[0;38:5:245m  OnlyIfServiceManager: "systemd",
                                                         
[0;90m
[0;38:5:245m}
Sep 15 15:21:10.219748 kairos-ab8b kairos-immucore[634]: 
[0;90m
[0;38:5:245m
[0;1;31m
[0;90m
[0;38:5:245mIf statement result 
Sep 15 15:21:10.223256 kairos-ab8b kairos-immucore[634]: 
[0;1;33m
[0;1;38:5:185m
[0;1;39m
[0;1;33m
[0;1;38:5:185m(conditional) Skip 'OnlyIfOs regex (Red.*Hat.*) doesn't match os name Hadron Linux' stage name: Default network configuration.Enabled systemd-networkd on Red Hat if available
Sep 15 15:21:10.226820 kairos-ab8b kairos-immucore[634]: 
[0;90m
[0;38:5:245m
[0;1;31m
[0;90m
[0;38:5:245mCommand output: Created symlink '/etc/systemd/system/default.target' 
 '/usr/lib/systemd/system/multi-user.target'.
Sep 15 15:21:10.249582 kairos-ab8b kairos-immucore[634]: 
[0;90m
[0;38:5:245m
[0;1;31m
[0;90m
[0;38:5:245mRun template
Sep 15 15:21:10.251387 kairos-ab8b kairos-immucore[634]: 
[0;1;31m
[0;1;39m
[0;1;31mError on file /system/oem/09_systemd_services.yaml on stage Default systemd config: 1 error occurred:
                                                         
[0;1;31m        * failed to run systemctl enable logrotate.timer: exit status 1
                                                         
[0;1;31m
Sep 15 15:21:10.251559 kairos-ab8b kairos-immucore[634]: Running layout plugin
Sep 15 15:21:10.251667 kairos-ab8b kairos-immucore[634]: 
[0;90m
[0;38:5:245m
[0;1;31m
[0;90m
[0;38:5:245mDevice field empty, skipping layout plugin
Sep 15 15:21:10.251841 kairos-ab8b kairos-immucore[634]: 
[0;90m
[0;38:5:245m
[0;1;31m
[0;90m
[0;38:5:245mReading '/system/oem/50_recovery.yaml'
Sep 15 15:21:10.251863 kairos-ab8b kairos-immucore[634]: 
[0;90m
[0;38:5:245m
[0;1;31m
[0;90m
[0;38:5:245mExecuting stage 'Start recovery on tty1.Starts kairos-recovery and generate a temporary pass'
Sep 15 15:21:10.252179 kairos-ab8b kairos-immucore[634]: 
[0;90m
[0;38:5:245m
[0;1;31m
[0;90m
[0;38:5:245mReading '/system/oem/09_systemd_services.yaml'
Sep 15 15:21:10.252239 kairos-ab8b kairos-immucore[634]: 
[0;90m
[0;38:5:245m
[0;1;31m
[0;90m
[0;38:5:245mExecuting stage 'Default config.Create systemd services'
Sep 15 15:21:10.252267 kairos-ab8b kairos-immucore[634]: 
[0;90m
[0;38:5:245m
[0;1;31m
[0;90m
[0;38:5:245mFound systemd at /bin/systemctl
Sep 15 15:21:10.252332 kairos-ab8b kairos-immucore[634]: Processing stage step 'Default config.Create systemd services'. ( commands: 0, files: 5, ... )
Sep 15 15:21:10.252434 kairos-ab8b kairos-immucore[634]: 
[0;90m
[0;38:5:245m
[0;1;31m
[0;90m
[0;38:5:245mStage: schema.Stage{
                                                         
[0;90m
[0;38:5:245m  Files: []schema.File{
                                                         
[0;90m
[0;38:5:245m    schema.File{
                                                         
[0;90m
[0;38:5:245m      Path: "/etc/systemd/system/cos-setup-boot.service",
                                                         
[0;90m
[0;38:5:245m      Permissions: 420,
                                                         
[0;90m
[0;38:5:245m      Content: "[Unit]\nDescription=cOS system configuration\nBefore=getty.target\n\n[Service]\nType=oneshot\nRemainAfterExit=yes\nExecStart=/usr/bin/kairos-agent run-stage boot\n\n[Install]\nWantedBy=multi-user.target\n",
                                                         
[0;90m
[0;38:5:245m    },
                                                         
[0;90m
[0;38:5:245m    schema.File{
                                                         
[0;90m
[0;38:5:245m      Path: "/etc/systemd/system/cos-setup-fs.service",
                                                         
[0;90m
[0;38:5:245m      Permissions: 420,
                                                         
[0;90m
[0;38:5:245m      Content: "[Unit]\nDescription=cOS system after FS setup\nDefaultDependencies=no\nAfter=local-fs.target\nWants=local-fs.target\nBefore=sysinit.target\n\n[Service]\nType=oneshot\nRemainAfterExit=yes\nExecStart=/usr/bin/kairos-agent run-stage fs\n# Belt-and-suspenders for the sysinit.target ordering: this\n# service is Before=sysinit.target, so if it hangs, every\n# later target (basic, multi-user) hangs with it and sshd\n# never comes up. run-stage fs pulls in config_url fetches\n# against a network that is not yet up at this ordering\n# point, and any silent stall inside kairos-agent (an\n# unbounded http.Get in old sdk/collector builds, a wedged\n# DNS resolver, a slow yip stage) becomes an invisible boot\n# hang. Cap the whole stage so a stall fails cleanly and\n# boot proceeds instead of dying at the login prompt.\nTimeoutStartSec=90\n\n[Install]\nWantedBy=sysinit.target\n",
                                                         
[0;90m
[0;38:5:245m    },
                                                         
[0;90m
[0;38:5:245m    schema.File{
                                                         
[0;90m
[0;38:5:245m      Path: "/etc/systemd/system/cos-setup-network.service",
                                                         
[0;90m
[0;38:5:245m      Permissions: 420,
                                                         
[0;90m
[0;38:5:245m      Content: "[Unit]\nDescription=cOS setup after network\nAfter=network-online.target\n\n[Service]\nType=oneshot\nRemainAfterExit=yes\nExecStart=/usr/bin/kairos-agent run-stage network\n\n[Install]\nWantedBy=multi-user.target\n",
                                                         
[0;90m
[0;38:5:245m    },
                                                         
[0;90m
[0;38:5:245m    schema.File{
                                                         
[0;90m
[0;38:5:245m      Path: "/etc/systemd/system/cos-setup-reconcile.service",
                                                         
[0;90m
[0;38:5:245m      Permissions: 420,
                                                         
[0;90m
[0;38:5:245m      Content: "[Unit]\nDescription=cOS setup reconciler\n\n[Service]\nNice=19\nIOSchedulingClass=2\nIOSchedulingPriority=7\nType=oneshot\nExecStart=/bin/bash -c \"systemd-inhibit /usr/bin/kairos-agent run-stage reconcile\"\nTimeoutStopSec=180\nKillMode=process\nKillSignal=SIGINT\n\n[Install]\nWantedBy=multi-user.target\n",
                                                         
[0;90m
[0;38:5:245m    },
                                                         
[0;90m
[0;38:5:245m    schema.File{
                                                         
[0;90m
[0;38:5:245m      Path: "/etc/systemd/system/cos-setup-reconcile.timer",
                                                         
[0;90m
[0;38:5:245m      Permissions: 420,
                                                         
[0;90m
[0;38:5:245m      Content: "[Unit]\nDescription=cOS setup reconciler\n\n[Timer]\nOnBootSec=5min\nOnUnitActiveSec=60min\nUnit=cos-setup-reconcile.service\n\n[Install]\nWantedBy=multi-user.target\n",
                                                         
[0;90m
[0;38:5:245m    },
                                                         
[0;90m
[0;38:5:245m  },
                                                         
[0;90m
[0;38:5:245m  Name: "Create systemd services",
                                                         
[0;90m
[0;38:5:245m  OnlyIfServiceManager: "systemd",
                                                         
[0;90m
[0;38:5:245m}
Sep 15 15:21:10.252487 kairos-ab8b kairos-immucore[634]: 
[0;90m
[0;38:5:245m
[0;1;31m
[0;90m
[0;38:5:245mCreating file /etc/systemd/system/cos-setup-boot.service
Sep 15 15:21:10.252676 kairos-ab8b kairos-immucore[634]: 
[0;90m
[0;38:5:245m
[0;1;31m
[0;90m
[0;38:5:245mCreating file /etc/systemd/system/cos-setup-fs.service
Sep 15 15:21:10.252856 kairos-ab8b kairos-immucore[634]: 
[0;90m
[0;38:5:245m
[0;1;31m
[0;90m
[0;38:5:245mCreating file /etc/systemd/system/cos-setup-network.service
Sep 15 15:21:10.252979 kairos-ab8b kairos-immucore[634]: 
[0;90m
[0;38:5:245m
[0;1;31m
[0;90m
[0;38:5:245mCreating file /etc/systemd/system/cos-setup-reconcile.service
Sep 15 15:21:10.253079 kairos-ab8b kairos-immucore[634]: 
[0;90m
[0;38:5:245m
[0;1;31m
[0;90m
[0;38:5:245mCreating file /etc/systemd/system/cos-setup-reconcile.timer
Sep 15 15:21:10.253352 kairos-ab8b kairos-immucore[634]: Running layout plugin
Sep 15 15:21:10.253370 kairos-ab8b kairos-immucore[634]: 
[0;90m
[0;38:5:245m
[0;1;31m
[0;90m
[0;38:5:245mDevice field empty, skipping layout plugin
Sep 15 15:21:10.253424 kairos-ab8b kairos-immucore[634]: 
[0;90m
[0;38:5:245m
[0;1;31m
[0;90m
[0;38:5:245mReading '/system/oem/05_network.yaml'
Sep 15 15:21:10.253437 kairos-ab8b kairos-immucore[634]: 
[0;90m
[0;38:5:245m
[0;1;31m
[0;90m
[0;38:5:245mExecuting stage 'Default network configuration.Enable systemd-resolved on Red Hat if available'
Sep 15 15:21:10.254785 kairos-ab8b kairos-immucore[634]: 
[0;1;33m
[0;1;38:5:185m
[0;1;39m
[0;1;33m
[0;1;38:5:185m(conditional) Skip 'Skipping stage (if statement error: failed to run grep -q "kairos.remote_recovery_mode" /proc/cmdline
                                                         
[0;1;33m
[0;1;38:5:185m: exit status 1)' stage name: Start recovery on tty1.Starts kairos-recovery and generate a temporary pass
Sep 15 15:21:10.255510 kairos-ab8b kairos-immucore[634]: 
[0;90m
[0;38:5:245m
[0;1;31m
[0;90m
[0;38:5:245mIf statement result 
Sep 15 15:21:10.256067 kairos-ab8b kairos-immucore[634]: 
[0;1;33m
[0;1;38:5:185m
[0;1;39m
[0;1;33m
[0;1;38:5:185m(conditional) Skip 'OnlyIfOs regex (Red.*Hat.*) doesn't match os name Hadron Linux' stage name: Default network configuration.Enable systemd-resolved on Red Hat if available
Sep 15 15:21:10.256232 kairos-ab8b kairos-immucore[634]: 
[0;90m
[0;38:5:245m
[0;1;31m
[0;90m
[0;38:5:245mReading '/system/oem/09_systemd_services.yaml'
Sep 15 15:21:10.256368 kairos-ab8b kairos-immucore[634]: 
[0;90m
[0;38:5:245m
[0;1;31m
[0;90m
[0;38:5:245mExecuting stage 'Default config.Override systemd-tpm2-setup/systemd-pcrproduct with temporary RW under /efi'
Sep 15 15:21:10.256478 kairos-ab8b kairos-immucore[634]: 
[0;90m
[0;38:5:245m
[0;1;31m
[0;90m
[0;38:5:245mReading '/system/oem/50_recovery.yaml'
Sep 15 15:21:10.256506 kairos-ab8b kairos-immucore[634]: 
[0;90m
[0;38:5:245m
[0;1;31m
[0;90m
[0;38:5:245mExecuting stage 'Start recovery on tty1.Starts kairos-recovery for openRC based systems'
Sep 15 15:21:10.257983 kairos-ab8b kairos-immucore[634]: 
[0;1;33m
[0;1;38:5:185m
[0;1;39m
[0;1;33m
[0;1;38:5:185m(conditional) Skip 'Skipping stage (if statement error: failed to run grep -q "kairos.remote_recovery_mode" /proc/cmdline: exit status 1)' stage name: Start recovery on tty1.Starts kairos-recovery for openRC based systems
Sep 15 15:21:10.258002 kairos-ab8b kairos-immucore[634]: 
[0;90m
[0;38:5:245m
[0;1;31m
[0;90m
[0;38:5:245mReading '/system/oem/08_efi_assessment.yaml'
Sep 15 15:21:10.258019 kairos-ab8b kairos-immucore[634]: 
[0;90m
[0;38:5:245m
[0;1;31m
[0;90m
[0;38:5:245mExecuting stage 'Enable EFI assessment.Override systemd-boot services to enable RW on /efi partition'
Sep 15 15:21:10.258349 kairos-ab8b kairos-immucore[634]: 
[0;1;33m
[0;1;38:5:185m
[0;1;39m
[0;1;33m
[0;1;38:5:185m(conditional) Skip 'Skipping stage (if statement error: failed to run [ -e "/run/cos/uki_boot_mode" ]: exit status 1)' stage name: Default config.Override systemd-tpm2-setup/systemd-pcrproduct with temporary RW under /efi
Sep 15 15:21:10.258873 kairos-ab8b kairos-immucore[634]: 
[0;1;33m
[0;1;38:5:185m
[0;1;39m
[0;1;33m
[0;1;38:5:185m(conditional) Skip 'Skipping stage (if statement error: failed to run [ -e "/run/cos/uki_boot_mode" ]: exit status 1)' stage name: Enable EFI assessment.Override systemd-boot services to enable RW on /efi partition
Sep 15 15:21:10.258992 kairos-ab8b kairos-immucore[634]: 
[0;90m
[0;38:5:245m
[0;1;31m
[0;90m
[0;38:5:245mReading '/system/oem/08_efi_assessment.yaml'
Sep 15 15:21:10.259700 kairos-ab8b kairos-immucore[634]: 
[0;90m
[0;38:5:245m
[0;1;31m
[0;90m
[0;38:5:245mExecuting stage 'Enable EFI assessment.Enable boot assessment'
Sep 15 15:21:10.260549 kairos-ab8b kairos-immucore[634]: 
[0;90m
[0;38:5:245m
[0;1;31m
[0;90m
[0;38:5:245mReading '/system/oem/51_reset.yaml'
Sep 15 15:21:10.260583 kairos-ab8b kairos-immucore[634]: 
[0;90m
[0;38:5:245m
[0;1;31m
[0;90m
[0;38:5:245mExecuting stage 'Start reset on tty1.Starts kairos-reset for systemd based systems'
Sep 15 15:21:10.262703 kairos-ab8b kairos-immucore[634]: 
[0;90m
[0;38:5:245m
[0;1;31m
[0;90m
[0;38:5:245mReading '/system/oem/09_systemd_services.yaml'
Sep 15 15:21:10.262796 kairos-ab8b kairos-immucore[634]: 
[0;90m
[0;38:5:245m
[0;1;31m
[0;90m
[0;38:5:245mExecuting stage 'Default config.Enable systemd services'
Sep 15 15:21:10.262852 kairos-ab8b kairos-immucore[634]: 
[0;90m
[0;38:5:245m
[0;1;31m
[0;90m
[0;38:5:245mFound systemd at /bin/systemctl
Sep 15 15:21:10.262920 kairos-ab8b kairos-immucore[634]: Processing stage step 'Default config.Enable systemd services'. ( commands: 4, files: 0, ... )
Sep 15 15:21:10.263004 kairos-ab8b kairos-immucore[634]: 
[0;90m
[0;38:5:245m
[0;1;31m
[0;90m
[0;38:5:245mStage: schema.Stage{
                                                         
[0;90m
[0;38:5:245m  Commands: []string{
                                                         
[0;90m
[0;38:5:245m    "ln -sf /etc/systemd/system/cos-setup-reconcile.timer /etc/systemd/system/multi-user.target.wants/cos-setup-reconcile.timer",
                                                         
[0;90m
[0;38:5:245m    "ln -sf /etc/systemd/system/cos-setup-fs.service /etc/systemd/system/sysinit.target.wants/cos-setup-fs.service",
                                                         
[0;90m
[0;38:5:245m    "ln -sf /etc/systemd/system/cos-setup-boot.service /etc/systemd/system/multi-user.target.wants/cos-setup-boot.service",
                                                         
[0;90m
[0;38:5:245m    "ln -sf /etc/systemd/system/cos-setup-network.service /etc/systemd/system/multi-user.target.wants/cos-setup-network.service",
                                                         
[0;90m
[0;38:5:245m  },
                                                         
[0;90m
[0;38:5:245m  Name: "Enable systemd services",
                                                         
[0;90m
[0;38:5:245m  OnlyIfServiceManager: "systemd",
                                                         
[0;90m
[0;38:5:245m}
Sep 15 15:21:10.265384 kairos-ab8b kairos-immucore[634]: 
[0;1;33m
[0;1;38:5:185m
[0;1;39m
[0;1;33m
[0;1;38:5:185m(conditional) Skip 'Skipping stage (if statement error: failed to run [ -e "/run/cos/uki_boot_mode" ]: exit status 1)' stage name: Enable EFI assessment.Enable boot assessment
Sep 15 15:21:10.265478 kairos-ab8b kairos-immucore[634]: 
[0;1;33m
[0;1;38:5:185m
[0;1;39m
[0;1;33m
[0;1;38:5:185m(conditional) Skip 'Skipping stage (if statement error: failed to run (grep -q "kairos.reset" /proc/cmdline || [ -f /run/cos/autoreset_mode ])
                                                         
[0;1;33m
[0;1;38:5:185m: exit status 1)' stage name: Start reset on tty1.Starts kairos-reset for systemd based systems
Sep 15 15:21:10.266557 kairos-ab8b kairos-immucore[634]: 
[0;90m
[0;38:5:245m
[0;1;31m
[0;90m
[0;38:5:245mEmpty command output
Sep 15 15:21:10.268297 kairos-ab8b kairos-immucore[634]: 
[0;90m
[0;38:5:245m
[0;1;31m
[0;90m
[0;38:5:245mEmpty command output
Sep 15 15:21:10.269781 kairos-ab8b kairos-immucore[634]: 
[0;90m
[0;38:5:245m
[0;1;31m
[0;90m
[0;38:5:245mEmpty command output
Sep 15 15:21:10.271322 kairos-ab8b kairos-immucore[634]: 
[0;90m
[0;38:5:245m
[0;1;31m
[0;90m
[0;38:5:245mEmpty command output
Sep 15 15:21:10.271746 kairos-ab8b kairos-immucore[634]: Running layout plugin
Sep 15 15:21:10.271829 kairos-ab8b kairos-immucore[634]: 
[0;90m
[0;38:5:245m
[0;1;31m
[0;90m
[0;38:5:245mDevice field empty, skipping layout plugin
Sep 15 15:21:10.272190 kairos-ab8b kairos-immucore[634]: 
[0;90m
[0;38:5:245m
[0;1;31m
[0;90m
[0;38:5:245mReading '/system/oem/10_accounting.yaml'
Sep 15 15:21:10.272255 kairos-ab8b kairos-immucore[634]: 
[0;90m
[0;38:5:245m
[0;1;31m
[0;90m
[0;38:5:245mExecuting stage 'Default user, permissions and serial login.Setup groups.0'
Sep 15 15:21:10.272272 kairos-ab8b kairos-immucore[634]: Processing stage step 'Default user, permissions and serial login.Setup groups.0'. ( commands: 0, files: 0, ... )
Sep 15 15:21:10.272332 kairos-ab8b kairos-immucore[634]: 
[0;90m
[0;38:5:245m
[0;1;31m
[0;90m
[0;38:5:245mStage: schema.Stage{
                                                         
[0;90m
[0;38:5:245m  EnsureEntities: []schema.YipEntity{
                                                         
[0;90m
[0;38:5:245m    schema.YipEntity{
                                                         
[0;90m
[0;38:5:245m      Entity: "kind: \"group\"\ngroup_name: \"admin\"\npassword: \"x\"\ngid: 900\n",
                                                         
[0;90m
[0;38:5:245m    },
                                                         
[0;90m
[0;38:5:245m  },
                                                         
[0;90m
[0;38:5:245m  Name: "Setup groups",
                                                         
[0;90m
[0;38:5:245m}
Sep 15 15:21:10.273660 kairos-ab8b kairos-immucore[634]: 
[0;90m
[0;38:5:245m
[0;1;31m
[0;90m
[0;38:5:245mReading '/system/oem/51_reset.yaml'
Sep 15 15:21:10.273686 kairos-ab8b kairos-immucore[634]: 
[0;90m
[0;38:5:245m
[0;1;31m
[0;90m
[0;38:5:245mExecuting stage 'Start reset on tty1.Starts kairos-reset for openRC-based systems'
Sep 15 15:21:10.276732 kairos-ab8b kairos-immucore[634]: Running layout plugin
Sep 15 15:21:10.276755 kairos-ab8b kairos-immucore[634]: 
[0;90m
[0;38:5:245m
[0;1;31m
[0;90m
[0;38:5:245mDevice field empty, skipping layout plugin
Sep 15 15:21:10.278356 kairos-ab8b kairos-immucore[634]: 
[0;1;33m
[0;1;38:5:185m
[0;1;39m
[0;1;33m
[0;1;38:5:185m(conditional) Skip 'Skipping stage (if statement error: failed to run grep -q "kairos.reset" /proc/cmdline: exit status 1)' stage name: Start reset on tty1.Starts kairos-reset for openRC-based systems
Sep 15 15:21:10.278406 kairos-ab8b kairos-immucore[634]: 
[0;90m
[0;38:5:245m
[0;1;31m
[0;90m
[0;38:5:245mReading '/system/oem/10_accounting.yaml'
Sep 15 15:21:10.278421 kairos-ab8b kairos-immucore[634]: 
[0;90m
[0;38:5:245m
[0;1;31m
[0;90m
[0;38:5:245mExecuting stage 'Default user, permissions and serial login.Setup users.1'
Sep 15 15:21:10.278438 kairos-ab8b kairos-immucore[634]: Processing stage step 'Default user, permissions and serial login.Setup users.1'. ( commands: 0, files: 0, ... )
Sep 15 15:21:10.278492 kairos-ab8b kairos-immucore[634]: 
[0;90m
[0;38:5:245m
[0;1;31m
[0;90m
[0;38:5:245mStage: schema.Stage{
                                                         
[0;90m
[0;38:5:245m  Name: "Setup users",
                                                         
[0;90m
[0;38:5:245m  Users: map[string]schema.User{
                                                         
[0;90m
[0;38:5:245m    "kairos": schema.User{
                                                         
[0;90m
[0;38:5:245m      PasswordHash: "!",
                                                         
[0;90m
[0;38:5:245m      Homedir: "/home/kairos",
                                                         
[0;90m
[0;38:5:245m      Groups: []string{
                                                         
[0;90m
[0;38:5:245m        "admin",
                                                         
[0;90m
[0;38:5:245m      },
                                                         
[0;90m
[0;38:5:245m      Shell: "/bin/bash",
                                                         
[0;90m
[0;38:5:245m    },
                                                         
[0;90m
[0;38:5:245m  },
                                                         
[0;90m
[0;38:5:245m}
Sep 15 15:21:10.279070 kairos-ab8b kairos-immucore[634]: Running layout plugin
Sep 15 15:21:10.281142 kairos-ab8b kairos-immucore[634]: 
[0;90m
[0;38:5:245m
[0;1;31m
[0;90m
[0;38:5:245mReading '/system/oem/52_installer.yaml'
Sep 15 15:21:10.281287 kairos-ab8b kairos-immucore[634]: 
[0;90m
[0;38:5:245m
[0;1;31m
[0;90m
[0;38:5:245mDevice field empty, skipping layout plugin
Sep 15 15:21:10.281353 kairos-ab8b kairos-immucore[634]: 
[0;90m
[0;38:5:245m
[0;1;31m
[0;90m
[0;38:5:245mExecuting stage 'Start installer on tty1..0'
Sep 15 15:21:10.287529 kairos-ab8b kairos-immucore[634]: 
[0;1;33m
[0;1;38:5:185m
[0;1;39m
[0;1;33m
[0;1;38:5:185m(conditional) Skip 'Skipping stage (if statement error: failed to run (grep -q "install-mode" /proc/cmdline || grep -q "nodepair.enable" /proc/cmdline ) && \
                                                         
[0;1;33m
[0;1;38:5:185m([ -f /run/cos/live_mode ] || [ -f /run/cos/uki_install_mode ])
                                                         
[0;1;33m
[0;1;38:5:185m: exit status 1)' stage name: Start installer on tty1..0
Sep 15 15:21:10.287802 kairos-ab8b kairos-immucore[634]: 
[0;90m
[0;38:5:245m
[0;1;31m
[0;90m
[0;38:5:245mReading '/system/oem/52_installer.yaml'
Sep 15 15:21:10.287829 kairos-ab8b kairos-immucore[634]: 
[0;90m
[0;38:5:245m
[0;1;31m
[0;90m
[0;38:5:245mExecuting stage 'Start installer on tty1..1'
Sep 15 15:21:10.288349 kairos-ab8b kairos-immucore[634]: 
[0;90m
[0;38:5:245m
[0;1;31m
[0;90m
[0;38:5:245mReading '/system/oem/10_accounting.yaml'
Sep 15 15:21:10.288451 kairos-ab8b kairos-immucore[634]: 
[0;90m
[0;38:5:245m
[0;1;31m
[0;90m
[0;38:5:245mExecuting stage 'Default user, permissions and serial login.Set user password if running in live or uki.2'
Sep 15 15:21:10.290055 kairos-ab8b kairos-immucore[634]: 
[0;1;33m
[0;1;38:5:185m
[0;1;39m
[0;1;33m
[0;1;38:5:185m(conditional) Skip 'Skipping stage (if statement error: failed to run [ -e /run/cos/live_mode ] || [ -e /run/cos/uki_install_mode ]: exit status 1)' stage name: Default user, permissions and serial login.Set user password if running in live or uki.2
Sep 15 15:21:10.290888 kairos-ab8b kairos-immucore[634]: 
[0;1;33m
[0;1;38:5:185m
[0;1;39m
[0;1;33m
[0;1;38:5:185m(conditional) Skip 'Skipping stage (if statement error: failed to run (grep -q "install-mode" /proc/cmdline || grep -q "nodepair.enable" /proc/cmdline ) && \
                                                         
[0;1;33m
[0;1;38:5:185m([ -f /run/cos/live_mode ] || [ -f /run/cos/uki_install_mode ])
                                                         
[0;1;33m
[0;1;38:5:185m: exit status 1)' stage name: Start installer on tty1..1
Sep 15 15:21:11.000008 kairos-ab8b immucore[634]: 2026-09-15T15:21:10Z DBG Reading '/system/oem/99_sysext.yaml'
Sep 15 15:21:10.291008 kairos-ab8b kairos-immucore[634]: 
[0;90m
[0;38:5:245m
[0;1;31m
[0;90m
[0;38:5:245mReading '/system/oem/10_accounting.yaml'
Sep 15 15:21:11.002482 kairos-ab8b immucore[634]: 2026-09-15T15:21:11Z DBG Executing stage 'sysext and confext configuration.systemd-sysext/confext uki config'
Sep 15 15:21:11.002482 kairos-ab8b immucore[634]: 2026-09-15T15:21:10Z DBG Executing stage 'Default user, permissions and serial login.Ensure runtime permission.5'
Sep 15 15:21:11.002482 kairos-ab8b immucore[634]: 2026-09-15T15:21:11Z WRN (conditional) Skip 'Skipping stage (if statement error: failed to run [ -e "/usr/local/cloud-config" ]: exit status 1)' stage name: Default user, permissions and serial login.Ensure runtime permission.5
Sep 15 15:21:11.002482 kairos-ab8b immucore[634]: 2026-09-15T15:21:11Z WRN (conditional) Skip 'Skipping stage (if statement error: failed to run [ -e "/run/cos/uki_boot_mode" ] && [ ! -e "/run/cos/recovery_mode" ] && [ ! -e "/run/cos/autoreset_mode" ]: exit status 1)' stage name: sysext and confext configuration.systemd-sysext/confext uki config
Sep 15 15:21:10.291239 kairos-ab8b kairos-immucore[634]: 
[0;90m
[0;38:5:245m
[0;1;31m
[0;90m
[0;38:5:245mExecuting stage 'Default user, permissions and serial login.Setup sudo.3'
Sep 15 15:21:11.019903 kairos-ab8b immucore[634]: 2026-09-15T15:21:11Z DBG Reading '/system/oem/99_sysext.yaml'
Sep 15 15:21:11.019903 kairos-ab8b immucore[634]: 2026-09-15T15:21:11Z DBG Executing stage 'sysext and confext configuration.systemd-sysext/confext config'
Sep 15 15:21:11.019903 kairos-ab8b immucore[634]: 2026-09-15T15:21:11Z DBG If statement result
Sep 15 15:21:11.019903 kairos-ab8b immucore[634]: 2026-09-15T15:21:11Z DBG Found systemd at /bin/systemctl
Sep 15 15:21:11.019903 kairos-ab8b immucore[634]: 2026-09-15T15:21:11Z INF Processing stage step 'sysext and confext configuration.systemd-sysext/confext config'. ( commands: 0, files: 2, ... )
Sep 15 15:21:11.019903 kairos-ab8b immucore[634]: 2026-09-15T15:21:11Z DBG Stage: schema.Stage{
Sep 15 15:21:11.019903 kairos-ab8b immucore[634]:   Files: []schema.File{
Sep 15 15:21:11.019903 kairos-ab8b immucore[634]:     schema.File{
Sep 15 15:21:11.019903 kairos-ab8b immucore[634]:       Path: "/etc/systemd/system/systemd-sysext.service.d/kairos.conf",
Sep 15 15:21:11.019903 kairos-ab8b immucore[634]:       Permissions: 420,
Sep 15 15:21:11.019903 kairos-ab8b immucore[634]:       Content: "[Service]\n# Make it timeout early to avoid blocking boot if keys are not in there to unlock sysext\nTimeoutStartSec=10\n# override exec and reload to set the image policy\nExecStart=\nExecStart=systemd-sysext refresh --image-policy=\"root=verity+absent:usr=verity+absent\"\nExecReload=\nExecReload=systemd-sysext refresh --image-policy=\"root=verity+absent:usr=verity+absent\"\n# set the sysext hierarchies so we dont overwrite our mount at /usr/local\n# set them very specifically instead of a generic /usr/local as systemd <= 255 mounts the overlay as RO\n# and we dont want the full /usr/local to be RO as we store state in there\n# on systemd 256 we can control if they are mutable or not\nEnvironment=\"SYSTEMD_SYSEXT_HIERARCHIES=/usr/local/bin:/usr/local/sbin:/usr/local/include:/usr/local/lib:/usr/local/share:/usr/local/src:/usr/bin:/usr/share:/usr/lib:/usr/include:/usr/src:/usr/sbin\"\n[Unit]\n# Make it timeout early to avoid blocking boot if keys are not in there to unlock sysext\nJobRunningTimeoutSec=5\n",
Sep 15 15:21:11.019903 kairos-ab8b immucore[634]:     },
Sep 15 15:21:11.019903 kairos-ab8b immucore[634]:     schema.File{
Sep 15 15:21:11.019903 kairos-ab8b immucore[634]:       Path: "/etc/systemd/system/systemd-confext.service.d/kairos.conf",
Sep 15 15:21:11.019903 kairos-ab8b immucore[634]:       Permissions: 420,
Sep 15 15:21:10.291306 kairos-ab8b kairos-immucore[634]: Processing stage step 'Default user, permissions and serial login.Setup sudo.3'. ( commands: 1, files: 1, ... )
Sep 15 15:21:11.084989 kairos-ab8b immucore[634]:       Content: "[Service]\n# Make it timeout early to avoid blocking boot if keys are not in there to unlock sysext\nTimeoutStartSec=10\n# override exec and reload to set the image policy\nExecStart=\nExecStart=systemd-confext refresh --image-policy=\"root=verity+absent:usr=verity+absent\"\nExecReload=\nExecReload=systemd-confext refresh --image-policy=\"root=verity+absent:usr=verity+absent\"\n[Unit]\n# Make it timeout early to avoid blocking boot if keys are not in there to unlock sysext\nJobRunningTimeoutSec=5\n",
Sep 15 15:21:11.084989 kairos-ab8b immucore[634]:     },
Sep 15 15:21:11.084989 kairos-ab8b immucore[634]:   },
Sep 15 15:21:11.084989 kairos-ab8b immucore[634]:   If: "[ ! -e \"/run/cos/uki_boot_mode\" ] && [ ! -e \"/run/cos/recovery_mode\" ] && [ ! -e \"/run/cos/autoreset_mode\" ]",
Sep 15 15:21:11.084989 kairos-ab8b immucore[634]:   Name: "systemd-sysext/confext config",
Sep 15 15:21:11.084989 kairos-ab8b immucore[634]:   OnlyIfServiceManager: "systemd",
Sep 15 15:21:11.084989 kairos-ab8b immucore[634]: }
Sep 15 15:21:11.084989 kairos-ab8b immucore[634]: 2026-09-15T15:21:11Z DBG Creating file /etc/systemd/system/systemd-sysext.service.d/kairos.conf
Sep 15 15:21:11.084989 kairos-ab8b immucore[634]: 2026-09-15T15:21:11Z DBG Creating parent directories
Sep 15 15:21:11.084989 kairos-ab8b immucore[634]: 2026-09-15T15:21:11Z DBG Adding execution bit to parent directory
Sep 15 15:21:11.084989 kairos-ab8b immucore[634]: 2026-09-15T15:21:11Z DBG Creating directory /etc/systemd/system/systemd-sysext.service.d
Sep 15 15:21:11.084989 kairos-ab8b immucore[634]: 2026-09-15T15:21:11Z DBG Creating file /etc/systemd/system/systemd-confext.service.d/kairos.conf
Sep 15 15:21:11.084989 kairos-ab8b immucore[634]: 2026-09-15T15:21:11Z DBG Creating parent directories
Sep 15 15:21:11.084989 kairos-ab8b immucore[634]: 2026-09-15T15:21:11Z DBG Adding execution bit to parent directory
Sep 15 15:21:11.084989 kairos-ab8b immucore[634]: 2026-09-15T15:21:11Z DBG Creating directory /etc/systemd/system/systemd-confext.service.d
Sep 15 15:21:11.084989 kairos-ab8b immucore[634]: 2026-09-15T15:21:11Z INF Running layout plugin
Sep 15 15:21:11.084989 kairos-ab8b immucore[634]: 2026-09-15T15:21:11Z DBG Device field empty, skipping layout plugin
Sep 15 15:21:11.084989 kairos-ab8b immucore[634]: 2026-09-15T15:21:11Z DBG Reading '/system/oem/99_sysext.yaml'
Sep 15 15:21:11.084989 kairos-ab8b immucore[634]: 2026-09-15T15:21:11Z DBG Executing stage 'sysext and confext configuration.systemd-sysext set hierarchy system-wide'
Sep 15 15:21:11.084989 kairos-ab8b immucore[634]: 2026-09-15T15:21:11Z DBG If statement result
Sep 15 15:21:11.084989 kairos-ab8b immucore[634]: 2026-09-15T15:21:11Z DBG Found systemd at /bin/systemctl
Sep 15 15:21:10.291360 kairos-ab8b kairos-immucore[634]: 
[0;90m
[0;38:5:245m
[0;1;31m
[0;90m
[0;38:5:245mReading '/system/oem/52_installer.yaml'
Sep 15 15:21:11.170304 kairos-ab8b dracut-pre-pivot[1153]: Using tmpfs overlay (changes will not persist across reboots)
Sep 15 15:21:11.170467 kairos-ab8b immucore[634]: 2026-09-15T15:21:11Z INF Processing stage step 'sysext and confext configuration.systemd-sysext set hierarchy system-wide'. ( commands: 0, files: 1, ... )
Sep 15 15:21:11.170467 kairos-ab8b immucore[634]: 2026-09-15T15:21:11Z DBG Stage: schema.Stage{
Sep 15 15:21:11.170467 kairos-ab8b immucore[634]:   Files: []schema.File{
Sep 15 15:21:11.170467 kairos-ab8b immucore[634]:     schema.File{
Sep 15 15:21:11.170467 kairos-ab8b immucore[634]:       Path: "/etc/profile.d/systemd-sysext.sh",
Sep 15 15:21:11.170467 kairos-ab8b immucore[634]:       Permissions: 420,
Sep 15 15:21:11.170467 kairos-ab8b immucore[634]:       Content: "export SYSTEMD_SYSEXT_HIERARCHIES=\"/usr/local/bin:/usr/local/sbin:/usr/local/include:/usr/local/lib:/usr/local/share:/usr/local/src:/usr/bin:/usr/share:/usr/lib:/usr/include:/usr/src:/usr/sbin\"\n",
Sep 15 15:21:11.170467 kairos-ab8b immucore[634]:     },
Sep 15 15:21:11.170467 kairos-ab8b immucore[634]:   },
Sep 15 15:21:11.170467 kairos-ab8b immucore[634]:   If: "[ ! -e \"/run/cos/recovery_mode\" ] && [ ! -e \"/run/cos/autoreset_mode\" ]",
Sep 15 15:21:11.170467 kairos-ab8b immucore[634]:   Name: "systemd-sysext set hierarchy system-wide",
Sep 15 15:21:11.170467 kairos-ab8b immucore[634]:   OnlyIfServiceManager: "systemd",
Sep 15 15:21:11.170467 kairos-ab8b immucore[634]: }
Sep 15 15:21:11.170467 kairos-ab8b immucore[634]: 2026-09-15T15:21:11Z DBG Creating file /etc/profile.d/systemd-sysext.sh
Sep 15 15:21:11.170467 kairos-ab8b immucore[634]: 2026-09-15T15:21:11Z INF Running layout plugin
Sep 15 15:21:11.170467 kairos-ab8b immucore[634]: 2026-09-15T15:21:11Z DBG Device field empty, skipping layout plugin
Sep 15 15:21:11.170467 kairos-ab8b immucore[634]: 2026-09-15T15:21:11Z DBG Reading '/system/oem/99_sysext.yaml'
Sep 15 15:21:11.170467 kairos-ab8b immucore[634]: 2026-09-15T15:21:11Z DBG Executing stage 'sysext and confext configuration.systemd-sysext/confext initramfs settings'
Sep 15 15:21:11.170467 kairos-ab8b immucore[634]: 2026-09-15T15:21:11Z DBG Found systemd at /bin/systemctl
Sep 15 15:21:11.170467 kairos-ab8b immucore[634]: 2026-09-15T15:21:11Z INF Processing stage step 'sysext and confext configuration.systemd-sysext/confext initramfs settings'. ( commands: 0, files: 0, ... )
Sep 15 15:21:11.170467 kairos-ab8b immucore[634]: 2026-09-15T15:21:11Z DBG Stage: schema.Stage{
Sep 15 15:21:11.170467 kairos-ab8b immucore[634]:   Name: "systemd-sysext/confext initramfs settings",
Sep 15 15:21:11.170467 kairos-ab8b immucore[634]:   Systemctl: schema.Systemctl{
Sep 15 15:21:11.170467 kairos-ab8b immucore[634]:     Enable: []string{
Sep 15 15:21:11.170467 kairos-ab8b immucore[634]:       "systemd-sysext",
Sep 15 15:21:11.170467 kairos-ab8b immucore[634]:       "systemd-confext",
Sep 15 15:21:11.170467 kairos-ab8b immucore[634]:     },
Sep 15 15:21:11.170467 kairos-ab8b immucore[634]:   },
Sep 15 15:21:11.170467 kairos-ab8b immucore[634]:   OnlyIfServiceManager: "systemd",
Sep 15 15:21:11.170467 kairos-ab8b immucore[634]: }
Sep 15 15:21:11.170467 kairos-ab8b immucore[634]: 2026-09-15T15:21:11Z INF Running layout plugin
Sep 15 15:21:11.170467 kairos-ab8b immucore[634]: 2026-09-15T15:21:11Z DBG Device field empty, skipping layout plugin
Sep 15 15:21:11.170467 kairos-ab8b immucore[634]: 2026-09-15T15:21:11Z DBG Generating op for stage '/oem/95_userdata/userdata.yaml.0'
Sep 15 15:21:11.170467 kairos-ab8b immucore[634]: 2026-09-15T15:21:11Z DBG Generating op for stage '/oem/95_userdata/userdata.yaml.Set user and password'
Sep 15 15:21:10.291387 kairos-ab8b kairos-immucore[634]: 
[0;90m
[0;38:5:245m
[0;1;31m
[0;90m
[0;38:5:245mExecuting stage 'Start installer on tty1..2'
Sep 15 15:21:11.305026 kairos-ab8b immucore[634]: 2026-09-15T15:21:11Z DBG Reading '/oem/95_userdata/userdata.yaml'
Sep 15 15:21:11.305026 kairos-ab8b immucore[634]: 2026-09-15T15:21:11Z DBG Executing stage '/oem/95_userdata/userdata.yaml.0'
Sep 15 15:21:11.305026 kairos-ab8b immucore[634]: 2026-09-15T15:21:11Z INF Processing stage step '/oem/95_userdata/userdata.yaml.0'. ( commands: 0, files: 0, ... )
Sep 15 15:21:11.305026 kairos-ab8b immucore[634]: 2026-09-15T15:21:11Z DBG Stage: schema.Stage{}
Sep 15 15:21:11.305026 kairos-ab8b immucore[634]: 2026-09-15T15:21:11Z INF Running layout plugin
Sep 15 15:21:11.305026 kairos-ab8b immucore[634]: 2026-09-15T15:21:11Z DBG Device field empty, skipping layout plugin
Sep 15 15:21:11.305026 kairos-ab8b immucore[634]: 2026-09-15T15:21:11Z DBG Reading '/oem/95_userdata/userdata.yaml'
Sep 15 15:21:11.305026 kairos-ab8b immucore[634]: 2026-09-15T15:21:11Z DBG Executing stage '/oem/95_userdata/userdata.yaml.Set user and password'
Sep 15 15:21:11.305026 kairos-ab8b immucore[634]: 2026-09-15T15:21:11Z INF Processing stage step '/oem/95_userdata/userdata.yaml.Set user and password'. ( commands: 0, files: 0, ... )
Sep 15 15:21:11.305026 kairos-ab8b immucore[634]: 2026-09-15T15:21:11Z DBG Stage: schema.Stage{
Sep 15 15:21:11.305026 kairos-ab8b immucore[634]:   Name: "Set user and password",
Sep 15 15:21:11.305026 kairos-ab8b immucore[634]:   Users: map[string]schema.User{
Sep 15 15:21:11.305026 kairos-ab8b immucore[634]:     "kairos": schema.User{
Sep 15 15:21:11.305026 kairos-ab8b immucore[634]:       PasswordHash: "kairos",
Sep 15 15:21:11.305026 kairos-ab8b immucore[634]:       Groups: []string{
Sep 15 15:21:11.305026 kairos-ab8b immucore[634]:         "admin",
Sep 15 15:21:11.305026 kairos-ab8b immucore[634]:       },
Sep 15 15:21:11.305026 kairos-ab8b immucore[634]:     },
Sep 15 15:21:11.305026 kairos-ab8b immucore[634]:   },
Sep 15 15:21:11.305026 kairos-ab8b immucore[634]: }
Sep 15 15:21:11.305026 kairos-ab8b immucore[634]: 2026-09-15T15:21:11Z INF Running layout plugin
Sep 15 15:21:11.305026 kairos-ab8b immucore[634]: 2026-09-15T15:21:11Z DBG Device field empty, skipping layout plugin
Sep 15 15:21:11.305026 kairos-ab8b immucore[634]: 2026-09-15T15:21:11Z INF Done executing stage 'initramfs'
Sep 15 15:21:11.305026 kairos-ab8b immucore[634]: 
Sep 15 15:21:11.305026 kairos-ab8b immucore[634]: 2026-09-15T15:21:11Z INF Running stage: initramfs.after
Sep 15 15:21:11.305026 kairos-ab8b immucore[634]: 
Sep 15 15:21:11.305026 kairos-ab8b immucore[634]: 2026-09-15T15:21:11Z DBG Generating op for stage 'Fonts fix for ubuntu QR code display.setup console fonts'
Sep 15 15:21:11.305026 kairos-ab8b immucore[634]: 2026-09-15T15:21:11Z DBG Generating op for stage 'Default user, permissions and serial login.Enable serial login for alpine'
Sep 15 15:21:11.305026 kairos-ab8b immucore[634]: 2026-09-15T15:21:11Z DBG Reading '/system/oem/03-setupcon.yaml'
Sep 15 15:21:11.305026 kairos-ab8b immucore[634]: 2026-09-15T15:21:11Z DBG Executing stage 'Fonts fix for ubuntu QR code display.setup console fonts'
Sep 15 15:21:11.305026 kairos-ab8b immucore[634]: 2026-09-15T15:21:11Z DBG Reading '/system/oem/10_accounting.yaml'
Sep 15 15:21:11.305026 kairos-ab8b immucore[634]: 2026-09-15T15:21:11Z DBG Executing stage 'Default user, permissions and serial login.Enable serial login for alpine'
Sep 15 15:21:11.417920 kairos-ab8b multipathd[347]: multipathd: shut down
Sep 15 15:21:10.291701 kairos-ab8b kairos-immucore[634]: 
[0;90m
[0;38:5:245m
[0;1;31m
[0;90m
[0;38:5:245mStage: schema.Stage{
                                                         
[0;90m
[0;38:5:245m  Commands: []string{
                                                         
[0;90m
[0;38:5:245m    "passwd -l root",
                                                         
[0;90m
[0;38:5:245m  },
                                                         
[0;90m
[0;38:5:245m  Files: []schema.File{
                                                         
[0;90m
[0;38:5:245m    schema.File{
                                                         
[0;90m
[0;38:5:245m      Path: "/etc/sudoers",
                                                         
[0;90m
[0;38:5:245m      Content: "Defaults always_set_home\nDefaults secure_path=\"/usr/sbin:/usr/bin:/sbin:/bin:/usr/local/bin:/usr/local/sbin\"\nDefaults env_reset\nDefaults env_keep = \"LANG LC_ADDRESS LC_CTYPE LC_COLLATE LC_IDENTIFICATION LC_MEASUREMENT LC_MESSAGES LC_MONETARY LC_NAME LC_NUMERIC LC_PAPER LC_TELEPHONE LC_ATIME LC_ALL LANGUAGE LINGUAS XDG_SESSION_COOKIE\"\nDefaults !insults\nroot ALL=(ALL) ALL\n%admin ALL=(ALL) NOPASSWD: ALL\n#includedir /etc/sudoers.d\n",
                                                         
[0;90m
[0;38:5:245m    },
                                                         
[0;90m
[0;38:5:245m  },
                                                         
[0;90m
[0;38:5:245m  Name: "Setup sudo",
                                                         
[0;90m
[0;38:5:245m}
Sep 15 15:21:11.418561 kairos-ab8b dracut-pre-pivot[1190]: 14.728584 | A dynamic linking error occurred: (Symbol not found: __epoll_pwait2_time64)
Sep 15 15:21:11.430323 kairos-ab8b immucore[634]: 2026-09-15T15:21:11Z DBG Found systemd at /bin/systemctl
Sep 15 15:21:11.430323 kairos-ab8b immucore[634]: 2026-09-15T15:21:11Z WRN (conditional) Skip 'service manager doesn't match openrc' stage name: Default user, permissions and serial login.Enable serial login for alpine
Sep 15 15:21:11.430323 kairos-ab8b immucore[634]: 2026-09-15T15:21:11Z WRN (conditional) Skip 'OnlyIfOs regex (Ubuntu.*|Debian.*) doesn't match os name Hadron Linux' stage name: Fonts fix for ubuntu QR code display.setup console fonts
Sep 15 15:21:11.430323 kairos-ab8b immucore[634]: 2026-09-15T15:21:11Z INF Done executing stage 'initramfs.after'
Sep 15 15:21:11.430323 kairos-ab8b immucore[634]: 
Sep 15 15:21:11.430323 kairos-ab8b immucore[634]: 2026-09-15T15:21:11Z INF Running stage: initramfs.before
Sep 15 15:21:11.430323 kairos-ab8b immucore[634]: 
Sep 15 15:21:11.430323 kairos-ab8b immucore[634]: 2026-09-15T15:21:11Z INF Done executing stage 'initramfs.before'
Sep 15 15:21:11.430323 kairos-ab8b immucore[634]: 
Sep 15 15:21:11.430323 kairos-ab8b immucore[634]: 2026-09-15T15:21:11Z INF Running stage: initramfs
Sep 15 15:21:11.430323 kairos-ab8b immucore[634]: 
Sep 15 15:21:11.430323 kairos-ab8b immucore[634]: 2026-09-15T15:21:11Z INF Done executing stage 'initramfs'
Sep 15 15:21:11.430323 kairos-ab8b immucore[634]: 
Sep 15 15:21:11.430323 kairos-ab8b immucore[634]: 2026-09-15T15:21:11Z INF Running stage: initramfs.after
Sep 15 15:21:11.430323 kairos-ab8b immucore[634]: 
Sep 15 15:21:11.430323 kairos-ab8b immucore[634]: 2026-09-15T15:21:11Z INF Done executing stage 'initramfs.after'
Sep 15 15:21:11.430323 kairos-ab8b immucore[634]: 
Sep 15 15:21:11.430323 kairos-ab8b immucore[634]: 2026-09-15T15:21:11Z DBG Closing chroot activeMounts=["/sysroot/sys","/sysroot/dev","/sysroot/dev/pts","/sysroot/dev/shm","/sysroot/proc","/sysroot/tmp","/sysroot/run/rootfsbase","/sysroot/run/initramfs/live","/sysroot/run"]
Sep 15 15:21:11.430323 kairos-ab8b immucore[634]: 2026-09-15T15:21:11Z DBG Unmounting from chroot what=/sysroot/run
Sep 15 15:21:11.430323 kairos-ab8b immucore[634]: 2026-09-15T15:21:11Z DBG Unmounting from chroot what=/sysroot/run/initramfs/live
Sep 15 15:21:11.430323 kairos-ab8b immucore[634]: 2026-09-15T15:21:11Z DBG Unmounting from chroot what=/sysroot/run/rootfsbase
Sep 15 15:21:11.430323 kairos-ab8b immucore[634]: 2026-09-15T15:21:11Z DBG Unmounting from chroot what=/sysroot/tmp
Sep 15 15:21:11.430323 kairos-ab8b immucore[634]: 2026-09-15T15:21:11Z DBG Unmounting from chroot what=/sysroot/proc
Sep 15 15:21:11.430323 kairos-ab8b immucore[634]: 2026-09-15T15:21:11Z DBG Unmounting from chroot what=/sysroot/dev/shm
Sep 15 15:21:11.430323 kairos-ab8b immucore[634]: 2026-09-15T15:21:11Z DBG Unmounting from chroot what=/sysroot/dev/pts
Sep 15 15:21:11.430323 kairos-ab8b immucore[634]: 2026-09-15T15:21:11Z DBG Unmounting from chroot what=/sysroot/dev
Sep 15 15:21:10.291818 kairos-ab8b kairos-immucore[634]: 
[0;90m
[0;38:5:245m
[0;1;31m
[0;90m
[0;38:5:245mCreating file /etc/sudoers
Sep 15 15:21:11.491705 kairos-ab8b immucore[634]: 2026-09-15T15:21:11Z DBG Unmounting from chroot what=/sysroot/sys
Sep 15 15:21:11.491705 kairos-ab8b immucore[634]: 2026-09-15T15:21:11Z INF 1.
Sep 15 15:21:11.491705 kairos-ab8b immucore[634]:  <init> (background: false) (weak: false) (run: false)
Sep 15 15:21:11.491705 kairos-ab8b immucore[634]: 2.
Sep 15 15:21:11.491705 kairos-ab8b immucore[634]:  <mount-tmpfs> (background: false) (weak: false) (run: true)
Sep 15 15:21:11.491705 kairos-ab8b immucore[634]:  <wait-for-sysroot> (background: false) (weak: false) (run: true)
Sep 15 15:21:11.491705 kairos-ab8b immucore[634]:  <create-sentinel> (background: false) (weak: false) (run: true)
Sep 15 15:21:11.491705 kairos-ab8b immucore[634]: 3.
Sep 15 15:21:11.491705 kairos-ab8b immucore[634]:  <ensure-partitions> (background: false) (weak: false) (run: true)
Sep 15 15:21:11.491705 kairos-ab8b immucore[634]: 4.
Sep 15 15:21:11.491705 kairos-ab8b immucore[634]:  <mount-oem> (background: false) (weak: false) (run: true)
Sep 15 15:21:11.491705 kairos-ab8b immucore[634]:  <upgrade-kcrypt> (background: false) (weak: false) (run: true)
Sep 15 15:21:11.491705 kairos-ab8b immucore[634]: 5.
Sep 15 15:21:11.491705 kairos-ab8b immucore[634]:  <rootfs-hook> (background: false) (weak: false) (run: true)
Sep 15 15:21:11.491705 kairos-ab8b immucore[634]:  <unlock-all> (background: false) (weak: false) (run: true)
Sep 15 15:21:11.491705 kairos-ab8b immucore[634]: 6.
Sep 15 15:21:11.491705 kairos-ab8b immucore[634]:  <load-config> (background: false) (weak: false) (run: true)
Sep 15 15:21:11.491705 kairos-ab8b immucore[634]: 7.
Sep 15 15:21:11.491705 kairos-ab8b immucore[634]:  <custom-mount> (background: false) (weak: false) (run: true)
Sep 15 15:21:11.491705 kairos-ab8b immucore[634]:  <mount-base-overlay> (background: false) (weak: false) (run: true)
Sep 15 15:21:11.491705 kairos-ab8b immucore[634]: 8.
Sep 15 15:21:11.491705 kairos-ab8b immucore[634]:  <overlay-mount> (background: false) (weak: false) (run: true)
Sep 15 15:21:11.491705 kairos-ab8b immucore[634]: 9.
Sep 15 15:21:11.491705 kairos-ab8b immucore[634]:  <mount-bind> (background: false) (weak: false) (run: true)
Sep 15 15:21:11.491705 kairos-ab8b immucore[634]: 10.
Sep 15 15:21:11.491705 kairos-ab8b immucore[634]:  <enable-sysext-confext> (background: false) (weak: false) (run: true)
Sep 15 15:21:11.491705 kairos-ab8b immucore[634]:  <write-fstab> (background: false) (weak: false) (run: true)
Sep 15 15:21:11.491705 kairos-ab8b immucore[634]: 11.
Sep 15 15:21:11.491705 kairos-ab8b immucore[634]:  <initramfs-hook> (background: false) (weak: false) (run: true)
Sep 15 15:21:11.491705 kairos-ab8b immucore[634]: 
Sep 15 15:21:11.491705 kairos-ab8b immucore[634]: 2026-09-15T15:21:11Z INF Boot timeline (slowest first):
Sep 15 15:21:11.491705 kairos-ab8b immucore[634]: 1. <initramfs-hook> 2.182s (ok)
Sep 15 15:21:11.491705 kairos-ab8b immucore[634]: 2. <wait-for-sysroot> 2.001s (ok)
Sep 15 15:21:11.491705 kairos-ab8b immucore[634]: 3. <mount-bind> 1.639s (ok)
Sep 15 15:21:11.491705 kairos-ab8b immucore[634]: 4. <custom-mount> 1.065s (ok)
Sep 15 15:21:11.491705 kairos-ab8b immucore[634]: 5. <mount-oem> 1.057s (ok)
Sep 15 15:21:11.491705 kairos-ab8b immucore[634]: 6. <mount-tmpfs> 1.001s (ok)
Sep 15 15:21:11.491705 kairos-ab8b immucore[634]: 7. <ensure-partitions> 935ms (ok)
Sep 15 15:21:11.491705 kairos-ab8b immucore[634]: 8. <rootfs-hook> 641ms (ok)
Sep 15 15:21:11.491705 kairos-ab8b immucore[634]: 9. <enable-sysext-confext> 15ms (ok)
Sep 15 15:21:11.491705 kairos-ab8b immucore[634]: 10. <mount-base-overlay> 9ms (ok)
Sep 15 15:21:11.491705 kairos-ab8b immucore[634]: 11. <create-sentinel> 8ms (ok)
Sep 15 15:21:11.491705 kairos-ab8b immucore[634]: 12. <overlay-mount> 7ms (ok)
Sep 15 15:21:11.491705 kairos-ab8b immucore[634]: 13. <write-fstab> 5ms (ok)
Sep 15 15:21:11.491705 kairos-ab8b immucore[634]: 14. <unlock-all> 3ms (ok)
Sep 15 15:21:11.491705 kairos-ab8b immucore[634]: 15. <upgrade-kcrypt> 0s (ok)
Sep 15 15:21:11.491705 kairos-ab8b immucore[634]: 16. <load-config> 0s (ok)
Sep 15 15:21:11.491705 kairos-ab8b immucore[634]: 
Sep 15 15:21:11.491705 kairos-ab8b immucore[634]: 2026-09-15T15:21:11Z INF Boot timeline step duration=2182.386487 rank=1 step=initramfs-hook
Sep 15 15:21:11.587391 kairos-ab8b systemd-journald[335]: Received SIGTERM from PID 1 (systemd).
Sep 15 15:21:10.295723 kairos-ab8b kairos-immucore[634]: 
[0;1;33m
[0;1;38:5:185m
[0;1;39m
[0;1;33m
[0;1;38:5:185m(conditional) Skip 'Skipping stage (if statement error: failed to run (grep -q "interactive-install" /proc/cmdline || grep -q "install-mode-interactive" /proc/cmdline) && \
                                                         
[0;1;33m
[0;1;38:5:185m([ -f /run/cos/live_mode ] || [ -f /run/cos/uki_install_mode ])
                                                         
[0;1;33m
[0;1;38:5:185m: exit status 1)' stage name: Start installer on tty1..2
Sep 15 15:21:11.587611 kairos-ab8b immucore[634]: 2026-09-15T15:21:11Z INF Boot timeline step duration=2001.118992 rank=2 step=wait-for-sysroot
Sep 15 15:21:11.587611 kairos-ab8b immucore[634]: 2026-09-15T15:21:11Z INF Boot timeline step duration=1638.892778 rank=3 step=mount-bind
Sep 15 15:21:11.587611 kairos-ab8b immucore[634]: 2026-09-15T15:21:11Z INF Boot timeline step duration=1064.963732 rank=4 step=custom-mount
Sep 15 15:21:11.587611 kairos-ab8b immucore[634]: 2026-09-15T15:21:11Z INF Boot timeline step duration=1056.821113 rank=5 step=mount-oem
Sep 15 15:21:11.587611 kairos-ab8b immucore[634]: 2026-09-15T15:21:11Z INF Boot timeline step duration=1000.948653 rank=6 step=mount-tmpfs
Sep 15 15:21:11.587611 kairos-ab8b immucore[634]: 2026-09-15T15:21:11Z INF Boot timeline step duration=935.427984 rank=7 step=ensure-partitions
Sep 15 15:21:11.587611 kairos-ab8b immucore[634]: 2026-09-15T15:21:11Z INF Boot timeline step duration=641.023885 rank=8 step=rootfs-hook
Sep 15 15:21:11.587611 kairos-ab8b immucore[634]: 2026-09-15T15:21:11Z INF Boot timeline step duration=15.123902 rank=9 step=enable-sysext-confext
Sep 15 15:21:11.587611 kairos-ab8b immucore[634]: 2026-09-15T15:21:11Z INF Boot timeline step duration=8.711778 rank=10 step=mount-base-overlay
Sep 15 15:21:11.587611 kairos-ab8b immucore[634]: 2026-09-15T15:21:11Z INF Boot timeline step duration=8.010197 rank=11 step=create-sentinel
Sep 15 15:21:11.587611 kairos-ab8b immucore[634]: 2026-09-15T15:21:11Z INF Boot timeline step duration=7.416454 rank=12 step=overlay-mount
Sep 15 15:21:11.587611 kairos-ab8b immucore[634]: 2026-09-15T15:21:11Z INF Boot timeline step duration=4.563809 rank=13 step=write-fstab
Sep 15 15:21:11.587611 kairos-ab8b immucore[634]: 2026-09-15T15:21:11Z INF Boot timeline step duration=3.461598 rank=14 step=unlock-all
Sep 15 15:21:11.587611 kairos-ab8b immucore[634]: 2026-09-15T15:21:11Z INF Boot timeline step duration=0.458631 rank=15 step=upgrade-kcrypt
Sep 15 15:21:11.623966 kairos-ab8b kernel: NET: Registered PF_VSOCK protocol family
Sep 15 15:21:10.308065 kairos-ab8b kairos-immucore[634]: 
[0;90m
[0;38:5:245m
[0;1;31m
[0;90m
[0;38:5:245mCommand output: passwd: password changed.
Sep 15 15:21:11.624180 kairos-ab8b immucore[634]: 2026-09-15T15:21:11Z INF Boot timeline step duration=0.423897 rank=16 step=load-config
Sep 15 15:21:11.624180 kairos-ab8b immucore[634]: 2026-09-15T15:21:11Z INF Wrote boot timeline trace path=/run/immucore/boot-timeline.json
Sep 15 15:21:10.308189 kairos-ab8b kairos-immucore[634]: Running layout plugin
Sep 15 15:21:10.308395 kairos-ab8b kairos-immucore[634]: 
[0;90m
[0;38:5:245m
[0;1;31m
[0;90m
[0;38:5:245mDevice field empty, skipping layout plugin
Sep 15 15:21:10.308531 kairos-ab8b kairos-immucore[634]: 
[0;90m
[0;38:5:245m
[0;1;31m
[0;90m
[0;38:5:245mReading '/system/oem/52_installer.yaml'
Sep 15 15:21:10.308601 kairos-ab8b kairos-immucore[634]: 
[0;90m
[0;38:5:245m
[0;1;31m
[0;90m
[0;38:5:245mExecuting stage 'Start installer on tty1..3'
Sep 15 15:21:10.309562 kairos-ab8b kairos-immucore[634]: 
[0;90m
[0;38:5:245m
[0;1;31m
[0;90m
[0;38:5:245mReading '/system/oem/10_accounting.yaml'
Sep 15 15:21:10.310273 kairos-ab8b kairos-immucore[634]: 
[0;90m
[0;38:5:245m
[0;1;31m
[0;90m
[0;38:5:245mExecuting stage 'Default user, permissions and serial login.Ensure runtime permission.4'
Sep 15 15:21:10.315068 kairos-ab8b kairos-immucore[634]: 
[0;90m
[0;38:5:245m
[0;1;31m
[0;90m
[0;38:5:245mIf statement result 
Sep 15 15:21:10.315280 kairos-ab8b kairos-immucore[634]: Processing stage step 'Default user, permissions and serial login.Ensure runtime permission.4'. ( commands: 2, files: 0, ... )
Sep 15 15:21:10.315355 kairos-ab8b kairos-immucore[634]: 
[0;90m
[0;38:5:245m
[0;1;31m
[0;90m
[0;38:5:245mStage: schema.Stage{
                                                         
[0;90m
[0;38:5:245m  Commands: []string{
                                                         
[0;90m
[0;38:5:245m    "chown -R root:admin /oem",
                                                         
[0;90m
[0;38:5:245m    "chmod 770 /oem",
                                                         
[0;90m
[0;38:5:245m  },
                                                         
[0;90m
[0;38:5:245m  If: "[ -e \"/oem\" ]",
                                                         
[0;90m
[0;38:5:245m  Name: "Ensure runtime permission",
                                                         
[0;90m
[0;38:5:245m}
Sep 15 15:21:10.318691 kairos-ab8b kairos-immucore[634]: 
[0;1;33m
[0;1;38:5:185m
[0;1;39m
[0;1;33m
[0;1;38:5:185m(conditional) Skip 'Skipping stage (if statement error: failed to run (grep -q "interactive-install" /proc/cmdline || grep -q "install-mode-interactive" /proc/cmdline) && \
                                                         
[0;1;33m
[0;1;38:5:185m([ -f /run/cos/live_mode ] || [ -f /run/cos/uki_install_mode ])
                                                         
[0;1;33m
[0;1;38:5:185m: exit status 1)' stage name: Start installer on tty1..3
Sep 15 15:21:10.319364 kairos-ab8b kairos-immucore[634]: 
[0;90m
[0;38:5:245m
[0;1;31m
[0;90m
[0;38:5:245mEmpty command output
Sep 15 15:21:10.323533 kairos-ab8b kairos-immucore[634]: 
[0;90m
[0;38:5:245m
[0;1;31m
[0;90m
[0;38:5:245mEmpty command output
Sep 15 15:21:10.323764 kairos-ab8b kairos-immucore[634]: Running layout plugin
Sep 15 15:21:10.323880 kairos-ab8b kairos-immucore[634]: 
[0;90m
[0;38:5:245m
[0;1;31m
[0;90m
[0;38:5:245mDevice field empty, skipping layout plugin
Sep 15 15:21:10.324177 kairos-ab8b kairos-immucore[634]: 
[0;90m
[0;38:5:245m
[0;1;31m
[0;90m
[0;38:5:245mReading '/system/oem/10_accounting.yaml'
Sep 15 15:21:10.999920 kairos-ab8b kairos-immucore[634]: 
[0;90m
[0;38:5:245m
[0;1;31m
[0;90m
[0;38:5:245mReading '/system/oem/99_sysext.yaml'
Sep 15 15:21:11.000020 kairos-ab8b kairos-immucore[634]: 
[0;90m
[0;38:5:245m
[0;1;31m
[0;90m
[0;38:5:245mExecuting stage 'sysext and confext configuration.systemd-sysext/confext uki config'
Sep 15 15:21:11.001265 kairos-ab8b kairos-immucore[634]: 
[0;90m
[0;38:5:245m
[0;1;31m
[0;90m
[0;38:5:245mExecuting stage 'Default user, permissions and serial login.Ensure runtime permission.5'
Sep 15 15:21:11.002083 kairos-ab8b kairos-immucore[634]: 
[0;1;33m
[0;1;38:5:185m
[0;1;39m
[0;1;33m
[0;1;38:5:185m(conditional) Skip 'Skipping stage (if statement error: failed to run [ -e "/usr/local/cloud-config" ]: exit status 1)' stage name: Default user, permissions and serial login.Ensure runtime permission.5
Sep 15 15:21:11.002464 kairos-ab8b kairos-immucore[634]: 
[0;1;33m
[0;1;38:5:185m
[0;1;39m
[0;1;33m
[0;1;38:5:185m(conditional) Skip 'Skipping stage (if statement error: failed to run [ -e "/run/cos/uki_boot_mode" ] && [ ! -e "/run/cos/recovery_mode" ] && [ ! -e "/run/cos/autoreset_mode" ]: exit status 1)' stage name: sysext and confext configuration.systemd-sysext/confext uki config
Sep 15 15:21:11.002595 kairos-ab8b kairos-immucore[634]: 
[0;90m
[0;38:5:245m
[0;1;31m
[0;90m
[0;38:5:245mReading '/system/oem/99_sysext.yaml'
Sep 15 15:21:11.002618 kairos-ab8b kairos-immucore[634]: 
[0;90m
[0;38:5:245m
[0;1;31m
[0;90m
[0;38:5:245mExecuting stage 'sysext and confext configuration.systemd-sysext/confext config'
Sep 15 15:21:11.003899 kairos-ab8b kairos-immucore[634]: 
[0;90m
[0;38:5:245m
[0;1;31m
[0;90m
[0;38:5:245mIf statement result 
Sep 15 15:21:11.004012 kairos-ab8b kairos-immucore[634]: 
[0;90m
[0;38:5:245m
[0;1;31m
[0;90m
[0;38:5:245mFound systemd at /bin/systemctl
Sep 15 15:21:11.004260 kairos-ab8b kairos-immucore[634]: Processing stage step 'sysext and confext configuration.systemd-sysext/confext config'. ( commands: 0, files: 2, ... )
Sep 15 15:21:11.004500 kairos-ab8b kairos-immucore[634]: 
[0;90m
[0;38:5:245m
[0;1;31m
[0;90m
[0;38:5:245mStage: schema.Stage{
                                                         
[0;90m
[0;38:5:245m  Files: []schema.File{
                                                         
[0;90m
[0;38:5:245m    schema.File{
                                                         
[0;90m
[0;38:5:245m      Path: "/etc/systemd/system/systemd-sysext.service.d/kairos.conf",
                                                         
[0;90m
[0;38:5:245m      Permissions: 420,
                                                         
[0;90m
[0;38:5:245m      Content: "[Service]\n# Make it timeout early to avoid blocking boot if keys are not in there to unlock sysext\nTimeoutStartSec=10\n# override exec and reload to set the image policy\nExecStart=\nExecStart=systemd-sysext refresh --image-policy=\"root=verity+absent:usr=verity+absent\"\nExecReload=\nExecReload=systemd-sysext refresh --image-policy=\"root=verity+absent:usr=verity+absent\"\n# set the sysext hierarchies so we dont overwrite our mount at /usr/local\n# set them very specifically instead of a generic /usr/local as systemd <= 255 mounts the overlay as RO\n# and we dont want the full /usr/local to be RO as we store state in there\n# on systemd 256 we can control if they are mutable or not\nEnvironment=\"SYSTEMD_SYSEXT_HIERARCHIES=/usr/local/bin:/usr/local/sbin:/usr/local/include:/usr/local/lib:/usr/local/share:/usr/local/src:/usr/bin:/usr/share:/usr/lib:/usr/include:/usr/src:/usr/sbin\"\n[Unit]\n# Make it timeout early to avoid blocking boot if keys are not in there to unlock sysext\nJobRunningTimeoutSec=5\n",
                                                         
[0;90m
[0;38:5:245m    },
                                                         
[0;90m
[0;38:5:245m    schema.File{
                                                         
[0;90m
[0;38:5:245m      Path: "/etc/systemd/system/systemd-confext.service.d/kairos.conf",
                                                         
[0;90m
[0;38:5:245m      Permissions: 420,
                                                         
[0;90m
[0;38:5:245m      Content: "[Service]\n# Make it timeout early to avoid blocking boot if keys are not in there to unlock sysext\nTimeoutStartSec=10\n# override exec and reload to set the image policy\nExecStart=\nExecStart=systemd-confext refresh --image-policy=\"root=verity+absent:usr=verity+absent\"\nExecReload=\nExecReload=systemd-confext refresh --image-policy=\"root=verity+absent:usr=verity+absent\"\n[Unit]\n# Make it timeout early to avoid blocking boot if keys are not in there to unlock sysext\nJobRunningTimeoutSec=5\n",
                                                         
[0;90m
[0;38:5:245m    },
                                                         
[0;90m
[0;38:5:245m  },
                                                         
[0;90m
[0;38:5:245m  If: "[ ! -e \"/run/cos/uki_boot_mode\" ] && [ ! -e \"/run/cos/recovery_mode\" ] && [ ! -e \"/run/cos/autoreset_mode\" ]",
                                                         
[0;90m
[0;38:5:245m  Name: "systemd-sysext/confext config",
                                                         
[0;90m
[0;38:5:245m  OnlyIfServiceManager: "systemd",
                                                         
[0;90m
[0;38:5:245m}
Sep 15 15:21:11.004636 kairos-ab8b kairos-immucore[634]: 
[0;90m
[0;38:5:245m
[0;1;31m
[0;90m
[0;38:5:245mCreating file /etc/systemd/system/systemd-sysext.service.d/kairos.conf
Sep 15 15:21:11.004827 kairos-ab8b kairos-immucore[634]: 
[0;90m
[0;38:5:245m
[0;1;31m
[0;90m
[0;38:5:245mCreating parent directories
Sep 15 15:21:11.004854 kairos-ab8b kairos-immucore[634]: 
[0;90m
[0;38:5:245m
[0;1;31m
[0;90m
[0;38:5:245mAdding execution bit to parent directory
Sep 15 15:21:11.004869 kairos-ab8b kairos-immucore[634]: 
[0;90m
[0;38:5:245m
[0;1;31m
[0;90m
[0;38:5:245mCreating directory /etc/systemd/system/systemd-sysext.service.d
Sep 15 15:21:11.005523 kairos-ab8b kairos-immucore[634]: 
[0;90m
[0;38:5:245m
[0;1;31m
[0;90m
[0;38:5:245mCreating file /etc/systemd/system/systemd-confext.service.d/kairos.conf
Sep 15 15:21:11.005617 kairos-ab8b kairos-immucore[634]: 
[0;90m
[0;38:5:245m
[0;1;31m
[0;90m
[0;38:5:245mCreating parent directories
Sep 15 15:21:11.005638 kairos-ab8b kairos-immucore[634]: 
[0;90m
[0;38:5:245m
[0;1;31m
[0;90m
[0;38:5:245mAdding execution bit to parent directory
Sep 15 15:21:11.005653 kairos-ab8b kairos-immucore[634]: 
[0;90m
[0;38:5:245m
[0;1;31m
[0;90m
[0;38:5:245mCreating directory /etc/systemd/system/systemd-confext.service.d
Sep 15 15:21:11.006310 kairos-ab8b kairos-immucore[634]: Running layout plugin
Sep 15 15:21:11.006413 kairos-ab8b kairos-immucore[634]: 
[0;90m
[0;38:5:245m
[0;1;31m
[0;90m
[0;38:5:245mDevice field empty, skipping layout plugin
Sep 15 15:21:11.006537 kairos-ab8b kairos-immucore[634]: 
[0;90m
[0;38:5:245m
[0;1;31m
[0;90m
[0;38:5:245mReading '/system/oem/99_sysext.yaml'
Sep 15 15:21:11.006637 kairos-ab8b kairos-immucore[634]: 
[0;90m
[0;38:5:245m
[0;1;31m
[0;90m
[0;38:5:245mExecuting stage 'sysext and confext configuration.systemd-sysext set hierarchy system-wide'
Sep 15 15:21:11.008460 kairos-ab8b kairos-immucore[634]: 
[0;90m
[0;38:5:245m
[0;1;31m
[0;90m
[0;38:5:245mIf statement result 
Sep 15 15:21:11.008571 kairos-ab8b kairos-immucore[634]: 
[0;90m
[0;38:5:245m
[0;1;31m
[0;90m
[0;38:5:245mFound systemd at /bin/systemctl
Sep 15 15:21:11.008682 kairos-ab8b kairos-immucore[634]: Processing stage step 'sysext and confext configuration.systemd-sysext set hierarchy system-wide'. ( commands: 0, files: 1, ... )
Sep 15 15:21:11.008892 kairos-ab8b kairos-immucore[634]: 
[0;90m
[0;38:5:245m
[0;1;31m
[0;90m
[0;38:5:245mStage: schema.Stage{
                                                         
[0;90m
[0;38:5:245m  Files: []schema.File{
                                                         
[0;90m
[0;38:5:245m    schema.File{
                                                         
[0;90m
[0;38:5:245m      Path: "/etc/profile.d/systemd-sysext.sh",
                                                         
[0;90m
[0;38:5:245m      Permissions: 420,
                                                         
[0;90m
[0;38:5:245m      Content: "export SYSTEMD_SYSEXT_HIERARCHIES=\"/usr/local/bin:/usr/local/sbin:/usr/local/include:/usr/local/lib:/usr/local/share:/usr/local/src:/usr/bin:/usr/share:/usr/lib:/usr/include:/usr/src:/usr/sbin\"\n",
                                                         
[0;90m
[0;38:5:245m    },
                                                         
[0;90m
[0;38:5:245m  },
                                                         
[0;90m
[0;38:5:245m  If: "[ ! -e \"/run/cos/recovery_mode\" ] && [ ! -e \"/run/cos/autoreset_mode\" ]",
                                                         
[0;90m
[0;38:5:245m  Name: "systemd-sysext set hierarchy system-wide",
                                                         
[0;90m
[0;38:5:245m  OnlyIfServiceManager: "systemd",
                                                         
[0;90m
[0;38:5:245m}
Sep 15 15:21:11.008938 kairos-ab8b kairos-immucore[634]: 
[0;90m
[0;38:5:245m
[0;1;31m
[0;90m
[0;38:5:245mCreating file /etc/profile.d/systemd-sysext.sh
Sep 15 15:21:11.009388 kairos-ab8b kairos-immucore[634]: Running layout plugin
Sep 15 15:21:11.009542 kairos-ab8b kairos-immucore[634]: 
[0;90m
[0;38:5:245m
[0;1;31m
[0;90m
[0;38:5:245mDevice field empty, skipping layout plugin
Sep 15 15:21:11.009671 kairos-ab8b kairos-immucore[634]: 
[0;90m
[0;38:5:245m
[0;1;31m
[0;90m
[0;38:5:245mReading '/system/oem/99_sysext.yaml'
Sep 15 15:21:11.009734 kairos-ab8b kairos-immucore[634]: 
[0;90m
[0;38:5:245m
[0;1;31m
[0;90m
[0;38:5:245mExecuting stage 'sysext and confext configuration.systemd-sysext/confext initramfs settings'
Sep 15 15:21:11.009774 kairos-ab8b kairos-immucore[634]: 
[0;90m
[0;38:5:245m
[0;1;31m
[0;90m
[0;38:5:245mFound systemd at /bin/systemctl
Sep 15 15:21:11.009803 kairos-ab8b kairos-immucore[634]: Processing stage step 'sysext and confext configuration.systemd-sysext/confext initramfs settings'. ( commands: 0, files: 0, ... )
Sep 15 15:21:11.009833 kairos-ab8b kairos-immucore[634]: 
[0;90m
[0;38:5:245m
[0;1;31m
[0;90m
[0;38:5:245mStage: schema.Stage{
                                                         
[0;90m
[0;38:5:245m  Name: "systemd-sysext/confext initramfs settings",
                                                         
[0;90m
[0;38:5:245m  Systemctl: schema.Systemctl{
                                                         
[0;90m
[0;38:5:245m    Enable: []string{
                                                         
[0;90m
[0;38:5:245m      "systemd-sysext",
                                                         
[0;90m
[0;38:5:245m      "systemd-confext",
                                                         
[0;90m
[0;38:5:245m    },
                                                         
[0;90m
[0;38:5:245m  },
                                                         
[0;90m
[0;38:5:245m  OnlyIfServiceManager: "systemd",
                                                         
[0;90m
[0;38:5:245m}
Sep 15 15:21:11.018904 kairos-ab8b kairos-immucore[634]: Running layout plugin
Sep 15 15:21:11.019004 kairos-ab8b kairos-immucore[634]: 
[0;90m
[0;38:5:245m
[0;1;31m
[0;90m
[0;38:5:245mDevice field empty, skipping layout plugin
Sep 15 15:21:11.019448 kairos-ab8b kairos-immucore[634]: 
[0;90m
[0;38:5:245m
[0;1;31m
[0;90m
[0;38:5:245mGenerating op for stage '/oem/95_userdata/userdata.yaml.0'
Sep 15 15:21:11.019472 kairos-ab8b kairos-immucore[634]: 
[0;90m
[0;38:5:245m
[0;1;31m
[0;90m
[0;38:5:245mGenerating op for stage '/oem/95_userdata/userdata.yaml.Set user and password'
Sep 15 15:21:11.019608 kairos-ab8b kairos-immucore[634]: 
[0;90m
[0;38:5:245m
[0;1;31m
[0;90m
[0;38:5:245mReading '/oem/95_userdata/userdata.yaml'
Sep 15 15:21:11.019643 kairos-ab8b kairos-immucore[634]: 
[0;90m
[0;38:5:245m
[0;1;31m
[0;90m
[0;38:5:245mExecuting stage '/oem/95_userdata/userdata.yaml.0'
Sep 15 15:21:11.019661 kairos-ab8b kairos-immucore[634]: Processing stage step '/oem/95_userdata/userdata.yaml.0'. ( commands: 0, files: 0, ... )
Sep 15 15:21:11.019694 kairos-ab8b kairos-immucore[634]: 
[0;90m
[0;38:5:245m
[0;1;31m
[0;90m
[0;38:5:245mStage: schema.Stage{}
Sep 15 15:21:11.019847 kairos-ab8b kairos-immucore[634]: Running layout plugin
Sep 15 15:21:11.019948 kairos-ab8b kairos-immucore[634]: 
[0;90m
[0;38:5:245m
[0;1;31m
[0;90m
[0;38:5:245mDevice field empty, skipping layout plugin
Sep 15 15:21:11.020053 kairos-ab8b kairos-immucore[634]: 
[0;90m
[0;38:5:245m
[0;1;31m
[0;90m
[0;38:5:245mReading '/oem/95_userdata/userdata.yaml'
Sep 15 15:21:11.020204 kairos-ab8b kairos-immucore[634]: 
[0;90m
[0;38:5:245m
[0;1;31m
[0;90m
[0;38:5:245mExecuting stage '/oem/95_userdata/userdata.yaml.Set user and password'
Sep 15 15:21:11.020229 kairos-ab8b kairos-immucore[634]: Processing stage step '/oem/95_userdata/userdata.yaml.Set user and password'. ( commands: 0, files: 0, ... )
Sep 15 15:21:11.020275 kairos-ab8b kairos-immucore[634]: 
[0;90m
[0;38:5:245m
[0;1;31m
[0;90m
[0;38:5:245mStage: schema.Stage{
                                                         
[0;90m
[0;38:5:245m  Name: "Set user and password",
                                                         
[0;90m
[0;38:5:245m  Users: map[string]schema.User{
                                                         
[0;90m
[0;38:5:245m    "kairos": schema.User{
                                                         
[0;90m
[0;38:5:245m      PasswordHash: "kairos",
                                                         
[0;90m
[0;38:5:245m      Groups: []string{
                                                         
[0;90m
[0;38:5:245m        "admin",
                                                         
[0;90m
[0;38:5:245m      },
                                                         
[0;90m
[0;38:5:245m    },
                                                         
[0;90m
[0;38:5:245m  },
                                                         
[0;90m
[0;38:5:245m}
Sep 15 15:21:11.021869 kairos-ab8b kairos-immucore[634]: Running layout plugin
Sep 15 15:21:11.021895 kairos-ab8b kairos-immucore[634]: 
[0;90m
[0;38:5:245m
[0;1;31m
[0;90m
[0;38:5:245mDevice field empty, skipping layout plugin
Sep 15 15:21:11.021964 kairos-ab8b kairos-immucore[634]: Done executing stage 'initramfs'
Sep 15 15:21:11.021982 kairos-ab8b kairos-immucore[634]: Running stage: initramfs.after
Sep 15 15:21:11.023934 kairos-ab8b kairos-immucore[634]: 
[0;90m
[0;38:5:245m
[0;1;31m
[0;90m
[0;38:5:245mGenerating op for stage 'Fonts fix for ubuntu QR code display.setup console fonts'
Sep 15 15:21:11.025026 kairos-ab8b kairos-immucore[634]: 
[0;90m
[0;38:5:245m
[0;1;31m
[0;90m
[0;38:5:245mGenerating op for stage 'Default user, permissions and serial login.Enable serial login for alpine'
Sep 15 15:21:11.026008 kairos-ab8b kairos-immucore[634]: 
[0;90m
[0;38:5:245m
[0;1;31m
[0;90m
[0;38:5:245mReading '/system/oem/03-setupcon.yaml'
Sep 15 15:21:11.026029 kairos-ab8b kairos-immucore[634]: 
[0;90m
[0;38:5:245m
[0;1;31m
[0;90m
[0;38:5:245mExecuting stage 'Fonts fix for ubuntu QR code display.setup console fonts'
Sep 15 15:21:11.026158 kairos-ab8b kairos-immucore[634]: 
[0;90m
[0;38:5:245m
[0;1;31m
[0;90m
[0;38:5:245mReading '/system/oem/10_accounting.yaml'
Sep 15 15:21:11.026215 kairos-ab8b kairos-immucore[634]: 
[0;90m
[0;38:5:245m
[0;1;31m
[0;90m
[0;38:5:245mExecuting stage 'Default user, permissions and serial login.Enable serial login for alpine'
Sep 15 15:21:11.026239 kairos-ab8b kairos-immucore[634]: 
[0;90m
[0;38:5:245m
[0;1;31m
[0;90m
[0;38:5:245mFound systemd at /bin/systemctl
Sep 15 15:21:11.026274 kairos-ab8b kairos-immucore[634]: 
[0;1;33m
[0;1;38:5:185m
[0;1;39m
[0;1;33m
[0;1;38:5:185m(conditional) Skip 'service manager doesn't match openrc' stage name: Default user, permissions and serial login.Enable serial login for alpine
Sep 15 15:21:11.026866 kairos-ab8b kairos-immucore[634]: 
[0;1;33m
[0;1;38:5:185m
[0;1;39m
[0;1;33m
[0;1;38:5:185m(conditional) Skip 'OnlyIfOs regex (Ubuntu.*|Debian.*) doesn't match os name Hadron Linux' stage name: Fonts fix for ubuntu QR code display.setup console fonts
Sep 15 15:21:11.027215 kairos-ab8b kairos-immucore[634]: Done executing stage 'initramfs.after'
Sep 15 15:21:11.027296 kairos-ab8b kairos-immucore[634]: Running stage: initramfs.before
Sep 15 15:21:11.027971 kairos-ab8b kairos-immucore[634]: Done executing stage 'initramfs.before'
Sep 15 15:21:11.028054 kairos-ab8b kairos-immucore[634]: Running stage: initramfs
Sep 15 15:21:11.029124 kairos-ab8b kairos-immucore[634]: Done executing stage 'initramfs'
Sep 15 15:21:11.029192 kairos-ab8b kairos-immucore[634]: Running stage: initramfs.after
Sep 15 15:21:11.029366 kairos-ab8b kairos-immucore[634]: Done executing stage 'initramfs.after'
Sep 15 15:21:11.029405 kairos-ab8b kairos-immucore[634]: 
[0;90m
[0;38:5:245m
[0;1;31m
[0;90m
[0;38:5:245mClosing chroot
Sep 15 15:21:11.029435 kairos-ab8b kairos-immucore[634]: 
[0;90m
[0;38:5:245m
[0;1;31m
[0;90m
[0;38:5:245mUnmounting from chroot
Sep 15 15:21:11.030228 kairos-ab8b kairos-immucore[634]: 
[0;90m
[0;38:5:245m
[0;1;31m
[0;90m
[0;38:5:245mUnmounting from chroot
Sep 15 15:21:11.032355 kairos-ab8b systemd[1]: sysroot-run.mount: Deactivated successfully.
Sep 15 15:21:11.033638 kairos-ab8b kairos-immucore[634]: 
[0;90m
[0;38:5:245m
[0;1;31m
[0;90m
[0;38:5:245mUnmounting from chroot
Sep 15 15:21:11.034018 kairos-ab8b kairos-immucore[634]: 
[0;90m
[0;38:5:245m
[0;1;31m
[0;90m
[0;38:5:245mUnmounting from chroot
Sep 15 15:21:11.034603 kairos-ab8b systemd[1]: sysroot-run-initramfs-live.mount: Deactivated successfully.
Sep 15 15:21:11.035185 kairos-ab8b kairos-immucore[634]: 
[0;90m
[0;38:5:245m
[0;1;31m
[0;90m
[0;38:5:245mUnmounting from chroot
Sep 15 15:21:11.036071 kairos-ab8b systemd[1]: sysroot-run-rootfsbase.mount: Deactivated successfully.
Sep 15 15:21:11.036244 kairos-ab8b systemd[1]: sysroot-tmp.mount: Deactivated successfully.
Sep 15 15:21:11.036280 kairos-ab8b systemd[1]: sysroot-proc.mount: Deactivated successfully.
Sep 15 15:21:11.037611 kairos-ab8b kairos-immucore[634]: 
[0;90m
[0;38:5:245m
[0;1;31m
[0;90m
[0;38:5:245mUnmounting from chroot
Sep 15 15:21:11.038067 kairos-ab8b kairos-immucore[634]: 
[0;90m
[0;38:5:245m
[0;1;31m
[0;90m
[0;38:5:245mUnmounting from chroot
Sep 15 15:21:11.038725 kairos-ab8b systemd[1]: sysroot-dev-shm.mount: Deactivated successfully.
Sep 15 15:21:11.039013 kairos-ab8b kairos-immucore[634]: 
[0;90m
[0;38:5:245m
[0;1;31m
[0;90m
[0;38:5:245mUnmounting from chroot
Sep 15 15:21:11.039150 kairos-ab8b kairos-immucore[634]: 
[0;90m
[0;38:5:245m
[0;1;31m
[0;90m
[0;38:5:245mUnmounting from chroot
Sep 15 15:21:11.039389 kairos-ab8b kairos-immucore[634]: 1.
                                                          <init> (background: false) (weak: false) (run: false)
                                                         2.
                                                          <mount-tmpfs> (background: false) (weak: false) (run: true)
                                                          <wait-for-sysroot> (background: false) (weak: false) (run: true)
                                                          <create-sentinel> (background: false) (weak: false) (run: true)
                                                         3.
                                                          <ensure-partitions> (background: false) (weak: false) (run: true)
                                                         4.
                                                          <mount-oem> (background: false) (weak: false) (run: true)
                                                          <upgrade-kcrypt> (background: false) (weak: false) (run: true)
                                                         5.
                                                          <rootfs-hook> (background: false) (weak: false) (run: true)
                                                          <unlock-all> (background: false) (weak: false) (run: true)
                                                         6.
                                                          <load-config> (background: false) (weak: false) (run: true)
                                                         7.
                                                          <custom-mount> (background: false) (weak: false) (run: true)
                                                          <mount-base-overlay> (background: false) (weak: false) (run: true)
                                                         8.
                                                          <overlay-mount> (background: false) (weak: false) (run: true)
                                                         9.
                                                          <mount-bind> (background: false) (weak: false) (run: true)
                                                         10.
                                                          <enable-sysext-confext> (background: false) (weak: false) (run: true)
                                                          <write-fstab> (background: false) (weak: false) (run: true)
                                                         11.
                                                          <initramfs-hook> (background: false) (weak: false) (run: true)
Sep 15 15:21:11.039449 kairos-ab8b kairos-immucore[634]: Boot timeline (slowest first):
                                                         1. <initramfs-hook> 2.182s (ok)
                                                         2. <wait-for-sysroot> 2.001s (ok)
                                                         3. <mount-bind> 1.639s (ok)
                                                         4. <custom-mount> 1.065s (ok)
                                                         5. <mount-oem> 1.057s (ok)
                                                         6. <mount-tmpfs> 1.001s (ok)
                                                         7. <ensure-partitions> 935ms (ok)
                                                         8. <rootfs-hook> 641ms (ok)
                                                         9. <enable-sysext-confext> 15ms (ok)
                                                         10. <mount-base-overlay> 9ms (ok)
                                                         11. <create-sentinel> 8ms (ok)
                                                         12. <overlay-mount> 7ms (ok)
                                                         13. <write-fstab> 5ms (ok)
                                                         14. <unlock-all> 3ms (ok)
                                                         15. <upgrade-kcrypt> 0s (ok)
                                                         16. <load-config> 0s (ok)
Sep 15 15:21:11.039487 kairos-ab8b kairos-immucore[634]: Boot timeline step
Sep 15 15:21:11.039506 kairos-ab8b kairos-immucore[634]: Boot timeline step
Sep 15 15:21:11.039522 kairos-ab8b kairos-immucore[634]: Boot timeline step
Sep 15 15:21:11.039536 kairos-ab8b kairos-immucore[634]: Boot timeline step
Sep 15 15:21:11.039551 kairos-ab8b kairos-immucore[634]: Boot timeline step
Sep 15 15:21:11.039567 kairos-ab8b kairos-immucore[634]: Boot timeline step
Sep 15 15:21:11.039585 kairos-ab8b kairos-immucore[634]: Boot timeline step
Sep 15 15:21:11.039600 kairos-ab8b kairos-immucore[634]: Boot timeline step
Sep 15 15:21:11.039613 kairos-ab8b kairos-immucore[634]: Boot timeline step
Sep 15 15:21:11.039629 kairos-ab8b kairos-immucore[634]: Boot timeline step
Sep 15 15:21:11.039649 kairos-ab8b kairos-immucore[634]: Boot timeline step
Sep 15 15:21:11.039663 kairos-ab8b kairos-immucore[634]: Boot timeline step
Sep 15 15:21:11.039677 kairos-ab8b kairos-immucore[634]: Boot timeline step
Sep 15 15:21:11.039696 kairos-ab8b kairos-immucore[634]: Boot timeline step
Sep 15 15:21:11.039710 kairos-ab8b kairos-immucore[634]: Boot timeline step
Sep 15 15:21:11.039724 kairos-ab8b kairos-immucore[634]: Boot timeline step
Sep 15 15:21:11.039862 kairos-ab8b kairos-immucore[634]: Wrote boot timeline trace
Sep 15 15:21:11.044995 kairos-ab8b systemd[1]: Finished immucore.
Sep 15 15:21:11.052789 kairos-ab8b systemd[1]: Reached target Initrd File Systems.
Sep 15 15:21:11.055731 kairos-ab8b systemd[1]: Reached target Initrd Default Target.
Sep 15 15:21:11.077321 kairos-ab8b systemd[1]: Starting dracut pre-pivot and cleanup hook...
Sep 15 15:21:11.107131 kairos-ab8b systemd[1]: Finished dracut pre-pivot and cleanup hook.
Sep 15 15:21:11.115531 kairos-ab8b systemd[1]: Starting Cleaning Up and Shutting Down Daemons...
Sep 15 15:21:11.125799 kairos-ab8b systemd[1]: Stopped target Network.
Sep 15 15:21:11.128494 kairos-ab8b systemd[1]: Stopped target Host and Network Name Lookups.
Sep 15 15:21:11.133906 kairos-ab8b systemd[1]: Stopped target Remote Encrypted Volumes.
Sep 15 15:21:11.138357 kairos-ab8b systemd[1]: Stopped target Remote Verity Protected Volumes.
Sep 15 15:21:11.142622 kairos-ab8b systemd[1]: Stopped target Timer Units.
Sep 15 15:21:11.147492 kairos-ab8b systemd[1]: dracut-pre-pivot.service: Deactivated successfully.
Sep 15 15:21:11.147645 kairos-ab8b systemd[1]: Stopped dracut pre-pivot and cleanup hook.
Sep 15 15:21:11.151590 kairos-ab8b systemd[1]: Stopped target Initrd Default Target.
Sep 15 15:21:11.155881 kairos-ab8b systemd[1]: Stopped target Basic System.
Sep 15 15:21:11.159761 kairos-ab8b systemd[1]: Stopped target Initrd Root Device.
Sep 15 15:21:11.164499 kairos-ab8b systemd[1]: Stopped target Initrd /usr File System.
Sep 15 15:21:11.168304 kairos-ab8b systemd[1]: Stopped target Path Units.
Sep 15 15:21:11.171973 kairos-ab8b systemd[1]: Stopped target Remote File Systems.
Sep 15 15:21:11.179475 kairos-ab8b systemd[1]: Stopped target Preparation for Remote File Systems.
Sep 15 15:21:11.182984 kairos-ab8b systemd[1]: Stopped target Slice Units.
Sep 15 15:21:11.188285 kairos-ab8b systemd[1]: Stopped target Socket Units.
Sep 15 15:21:11.191710 kairos-ab8b systemd[1]: Stopped target System Initialization.
Sep 15 15:21:11.199010 kairos-ab8b systemd[1]: Stopped target Swaps.
Sep 15 15:21:11.201883 kairos-ab8b systemd[1]: Stopped target Local Verity Protected Volumes.
Sep 15 15:21:11.205389 kairos-ab8b systemd[1]: iscsid.socket: Deactivated successfully.
Sep 15 15:21:11.205524 kairos-ab8b systemd[1]: Closed Open-iSCSI iscsid Socket.
Sep 15 15:21:11.209819 kairos-ab8b systemd[1]: iscsiuio.socket: Deactivated successfully.
Sep 15 15:21:11.209909 kairos-ab8b systemd[1]: Closed Open-iSCSI iscsiuio Socket.
Sep 15 15:21:11.213876 kairos-ab8b systemd[1]: dracut-mount.service: Deactivated successfully.
Sep 15 15:21:11.213977 kairos-ab8b systemd[1]: Stopped dracut mount hook.
Sep 15 15:21:11.217463 kairos-ab8b systemd[1]: dracut-pre-mount.service: Deactivated successfully.
Sep 15 15:21:11.217578 kairos-ab8b systemd[1]: Stopped dracut pre-mount hook.
Sep 15 15:21:11.220628 kairos-ab8b systemd[1]: Stopped target Local Encrypted Volumes.
Sep 15 15:21:11.224886 kairos-ab8b systemd[1]: systemd-ask-password-console.path: Deactivated successfully.
Sep 15 15:21:11.225275 kairos-ab8b systemd[1]: Stopped Dispatch Password Requests to Console Directory Watch.
Sep 15 15:21:11.229533 kairos-ab8b systemd[1]: Stopped target Local Encrypted Volumes (Pre).
Sep 15 15:21:11.234224 kairos-ab8b systemd[1]: dracut-initqueue.service: Deactivated successfully.
Sep 15 15:21:11.234491 kairos-ab8b systemd[1]: Stopped dracut initqueue hook.
Sep 15 15:21:11.238460 kairos-ab8b systemd[1]: immucore.service: Deactivated successfully.
Sep 15 15:21:11.238581 kairos-ab8b systemd[1]: Stopped immucore.
Sep 15 15:21:11.243032 kairos-ab8b systemd[1]: immucore.service: Consumed 1.594s CPU time over 9.772s wall clock time, 156.3M memory peak.
Sep 15 15:21:11.243451 kairos-ab8b systemd[1]: Stopping Network Management...
Sep 15 15:21:11.248739 kairos-ab8b systemd[1]: Stopping Network Name Resolution...
Sep 15 15:21:11.254604 kairos-ab8b systemd[1]: systemd-tmpfiles-setup.service: Deactivated successfully.
Sep 15 15:21:11.254791 kairos-ab8b systemd[1]: Stopped Create System Files and Directories.
Sep 15 15:21:11.258950 kairos-ab8b systemd[1]: Stopped target Local File Systems.
Sep 15 15:21:11.263458 kairos-ab8b systemd[1]: Stopped target Preparation for Local File Systems.
Sep 15 15:21:11.266308 kairos-ab8b systemd[1]: Stopping Device-Mapper Multipath Device Controller...
Sep 15 15:21:11.270788 kairos-ab8b systemd[1]: systemd-udev-settle.service: Deactivated successfully.
Sep 15 15:21:11.270958 kairos-ab8b systemd[1]: Stopped Wait for udev To Complete Device Initialization.
Sep 15 15:21:11.274972 kairos-ab8b systemd[1]: systemd-udev-trigger.service: Deactivated successfully.
Sep 15 15:21:11.275187 kairos-ab8b systemd[1]: Stopped Coldplug All udev Devices.
Sep 15 15:21:11.278505 kairos-ab8b systemd[1]: dracut-pre-trigger.service: Deactivated successfully.
Sep 15 15:21:11.278609 kairos-ab8b systemd[1]: Stopped dracut pre-trigger hook.
Sep 15 15:21:11.281753 kairos-ab8b systemd[1]: systemd-vconsole-setup.service: Deactivated successfully.
Sep 15 15:21:11.281852 kairos-ab8b systemd[1]: Stopped Virtual Console Setup.
Sep 15 15:21:11.286920 kairos-ab8b systemd[1]: systemd-resolved.service: Deactivated successfully.
Sep 15 15:21:11.287081 kairos-ab8b systemd[1]: Stopped Network Name Resolution.
Sep 15 15:21:11.290510 kairos-ab8b systemd[1]: systemd-networkd.service: Deactivated successfully.
Sep 15 15:21:11.290716 kairos-ab8b systemd[1]: Stopped Network Management.
Sep 15 15:21:11.295366 kairos-ab8b systemd[1]: multipathd.service: Deactivated successfully.
Sep 15 15:21:11.295494 kairos-ab8b systemd[1]: Stopped Device-Mapper Multipath Device Controller.
Sep 15 15:21:11.301759 kairos-ab8b systemd[1]: initrd-cleanup.service: Deactivated successfully.
Sep 15 15:21:11.301947 kairos-ab8b systemd[1]: Finished Cleaning Up and Shutting Down Daemons.
Sep 15 15:21:11.307216 kairos-ab8b systemd[1]: systemd-networkd-resolve-hook.socket: Deactivated successfully.
Sep 15 15:21:11.307274 kairos-ab8b systemd[1]: Closed Network Management Resolve Hook Socket.
Sep 15 15:21:11.311380 kairos-ab8b systemd[1]: Stopped target Preparation for Network.
Sep 15 15:21:11.315773 kairos-ab8b systemd[1]: systemd-networkd.socket: Deactivated successfully.
Sep 15 15:21:11.315821 kairos-ab8b systemd[1]: Closed Network Management Netlink Socket.
Sep 15 15:21:11.320957 kairos-ab8b systemd[1]: systemd-sysctl.service: Deactivated successfully.
Sep 15 15:21:11.321037 kairos-ab8b systemd[1]: Stopped Apply Kernel Variables.
Sep 15 15:21:11.325488 kairos-ab8b systemd[1]: Stopping Rule-based Manager for Device Events and Files...
Sep 15 15:21:11.331134 kairos-ab8b systemd[1]: systemd-udevd.service: Deactivated successfully.
Sep 15 15:21:11.331471 kairos-ab8b systemd[1]: Stopped Rule-based Manager for Device Events and Files.
Sep 15 15:21:11.333836 kairos-ab8b systemd[1]: systemd-udevd.service: Consumed 1.238s CPU time over 10.816s wall clock time, 18.6M memory peak.
Sep 15 15:21:11.333961 kairos-ab8b systemd[1]: systemd-udevd-control.socket: Deactivated successfully.
Sep 15 15:21:11.333997 kairos-ab8b systemd[1]: Closed udev Control Socket.
Sep 15 15:21:11.338347 kairos-ab8b systemd[1]: dracut-pre-udev.service: Deactivated successfully.
Sep 15 15:21:11.338386 kairos-ab8b systemd[1]: Stopped dracut pre-udev hook.
Sep 15 15:21:11.343026 kairos-ab8b systemd[1]: dracut-cmdline.service: Deactivated successfully.
Sep 15 15:21:11.343074 kairos-ab8b systemd[1]: Stopped dracut cmdline hook.
Sep 15 15:21:11.352847 kairos-ab8b systemd[1]: Starting Cleanup udev Database...
Sep 15 15:21:11.357937 kairos-ab8b systemd[1]: systemd-network-generator.service: Deactivated successfully.
Sep 15 15:21:11.358023 kairos-ab8b systemd[1]: Stopped Generate Network Units from Kernel Command Line.
Sep 15 15:21:11.362071 kairos-ab8b systemd[1]: systemd-tmpfiles-setup-dev.service: Deactivated successfully.
Sep 15 15:21:11.362242 kairos-ab8b systemd[1]: Stopped Create Static Device Nodes in /dev.
Sep 15 15:21:11.365991 kairos-ab8b systemd[1]: systemd-tmpfiles-setup-dev-early.service: Deactivated successfully.
Sep 15 15:21:11.366028 kairos-ab8b systemd[1]: Stopped Create Static Device Nodes in /dev gracefully.
Sep 15 15:21:11.369819 kairos-ab8b systemd[1]: kmod-static-nodes.service: Deactivated successfully.
Sep 15 15:21:11.369869 kairos-ab8b systemd[1]: Stopped Create List of Static Device Nodes.
Sep 15 15:21:11.373612 kairos-ab8b systemd[1]: initrd-udevadm-cleanup-db.service: Deactivated successfully.
Sep 15 15:21:11.373814 kairos-ab8b systemd[1]: Finished Cleanup udev Database.
Sep 15 15:21:11.376751 kairos-ab8b systemd[1]: Reached target Switch Root.
Sep 15 15:21:11.384205 kairos-ab8b systemd[1]: Starting Switch Root...
Sep 15 15:21:11.391383 kairos-ab8b systemd[1]: 
[0;1;39m
[0;1;31m
[0;1;39mSwitching root.
Sep 15 15:21:11.633445 kairos-ab8b systemd-journald[335]: Journal stopped
Sep 15 15:21:12.537210 kairos-ab8b systemd[1]: systemd 261.1 running in system mode (+PAM -AUDIT -SELINUX -APPARMOR +IMA +IPE +SMACK +SECCOMP -GCRYPT -GNUTLS +OPENSSL +ACL +BLKID -CURL -ELFUTILS -FIDO2 -IDN2 +KMOD +LIBCRYPTSETUP +LIBCRYPTSETUP_PLUGINS +LIBFDISK -PCRE2 -PWQUALITY -P11KIT -QRENCODE +TPM2 -BZIP2 +LZ4 +XZ +ZLIB +ZSTD -BPF_FRAMEWORK -BTF -XKBCOMMON -UTMP -LIBARCHIVE)
Sep 15 15:21:12.537253 kairos-ab8b systemd[1]: Detected virtualization kvm.
Sep 15 15:21:12.537263 kairos-ab8b systemd[1]: Detected architecture x86-64.
Sep 15 15:21:12.537271 kairos-ab8b systemd[1]: initrd-switch-root.service: Deactivated successfully.
Sep 15 15:21:12.537277 kairos-ab8b systemd[1]: Stopped Switch Root.
Sep 15 15:21:12.537284 kairos-ab8b systemd[1]: systemd-journald.service: Scheduled restart job, restart counter is at 1.
Sep 15 15:21:12.537292 kairos-ab8b systemd[1]: Created slice Slice /system/getty.
Sep 15 15:21:12.537299 kairos-ab8b systemd[1]: Created slice Slice /system/serial-getty.
Sep 15 15:21:12.537313 kairos-ab8b systemd[1]: Created slice User and Session Slice.
Sep 15 15:21:12.537319 kairos-ab8b systemd[1]: Started Dispatch Password Requests to Console Directory Watch.
Sep 15 15:21:12.537326 kairos-ab8b systemd[1]: Started Forward Password Requests to Wall Directory Watch.
Sep 15 15:21:12.537332 kairos-ab8b systemd[1]: Set up automount Arbitrary Executable File Formats File System Automount Point.
Sep 15 15:21:12.537338 kairos-ab8b systemd[1]: Expecting device /dev/ttyS0...
Sep 15 15:21:12.537344 kairos-ab8b systemd[1]: Stopped target Switch Root.
Sep 15 15:21:12.537353 kairos-ab8b systemd[1]: Stopped target Initrd File Systems.
Sep 15 15:21:12.537359 kairos-ab8b systemd[1]: Stopped target Initrd Root File System.
Sep 15 15:21:12.537365 kairos-ab8b systemd[1]: Reached target Local Integrity Protected Volumes.
Sep 15 15:21:12.537371 kairos-ab8b systemd[1]: Reached target Path Units.
Sep 15 15:21:12.537377 kairos-ab8b systemd[1]: Reached target Slice Units.
Sep 15 15:21:12.537383 kairos-ab8b systemd[1]: Reached target Swaps.
Sep 15 15:21:12.537390 kairos-ab8b systemd[1]: Reached target Local Verity Protected Volumes.
Sep 15 15:21:12.537396 kairos-ab8b systemd[1]: Listening on Query the User Interactively for a Password.
Sep 15 15:21:12.537402 kairos-ab8b systemd[1]: Listening on Credential Encryption/Decryption.
Sep 15 15:21:12.537408 kairos-ab8b systemd[1]: Listening on Factory Reset Management.
Sep 15 15:21:12.537413 kairos-ab8b systemd[1]: Listening on Hostname Service Socket.
Sep 15 15:21:12.537420 kairos-ab8b systemd[1]: Journal Audit Socket skipped, unmet condition check ConditionSecurity=audit
Sep 15 15:21:12.537426 kairos-ab8b systemd[1]: Listening on DDI File System Mounter Socket.
Sep 15 15:21:12.537432 kairos-ab8b systemd[1]: Listening on Console Output Muting Service Socket.
Sep 15 15:21:12.537438 kairos-ab8b systemd[1]: Listening on Network Management Metrics Varlink Socket.
Sep 15 15:21:12.537445 kairos-ab8b systemd[1]: Listening on Network Management Varlink Socket.
Sep 15 15:21:12.537450 kairos-ab8b systemd[1]: Listening on Network Management Netlink Socket.
Sep 15 15:21:12.537456 kairos-ab8b systemd[1]: Listening on Userspace Out-Of-Memory (OOM) Killer Socket.
Sep 15 15:21:12.537462 kairos-ab8b systemd[1]: TPM PCR Measurements skipped, unmet condition check ConditionSecurity=measured-os
Sep 15 15:21:12.537468 kairos-ab8b systemd[1]: Make TPM PCR Policy skipped, unmet condition check ConditionSecurity=measured-uki
Sep 15 15:21:12.537474 kairos-ab8b systemd[1]: Listening on Report System Basic Metrics Socket.
Sep 15 15:21:12.537480 kairos-ab8b systemd[1]: Listening on CGroup Report Varlink Socket.
Sep 15 15:21:12.537486 kairos-ab8b systemd[1]: Listening on Resolve Monitor Varlink Socket.
Sep 15 15:21:12.537492 kairos-ab8b systemd[1]: Listening on Resolve Service Varlink Socket.
Sep 15 15:21:12.537498 kairos-ab8b systemd[1]: Listening on Simple Block Device Backed Storage Provider.
Sep 15 15:21:12.537505 kairos-ab8b systemd[1]: Listening on Simple File System Backed Storage Provider.
Sep 15 15:21:12.537513 kairos-ab8b systemd[1]: Listening on udev Control Socket.
Sep 15 15:21:12.537519 kairos-ab8b systemd[1]: Listening on udev Varlink Socket.
Sep 15 15:21:12.537525 kairos-ab8b systemd[1]: Mounting Huge Pages File System...
Sep 15 15:21:12.537531 kairos-ab8b systemd[1]: Mounting POSIX Message Queue File System...
Sep 15 15:21:12.537537 kairos-ab8b systemd[1]: Mounting Kernel Debug File System...
Sep 15 15:21:12.537543 kairos-ab8b systemd[1]: Mounting Kernel Trace File System...
Sep 15 15:21:12.537548 kairos-ab8b systemd[1]: Starting Create List of Static Device Nodes...
Sep 15 15:21:12.537554 kairos-ab8b systemd[1]: Load Kernel Module configfs skipped, unmet condition check ConditionKernelModuleLoaded=!configfs
Sep 15 15:21:12.537561 kairos-ab8b systemd[1]: Load Kernel Module dm_multipath skipped, unmet condition check ConditionKernelModuleLoaded=!dm_multipath
Sep 15 15:21:12.537568 kairos-ab8b systemd[1]: Load Kernel Module drm skipped, unmet condition check ConditionKernelModuleLoaded=!drm
Sep 15 15:21:12.537574 kairos-ab8b systemd[1]: Load Kernel Module fuse skipped, unmet condition check ConditionKernelModuleLoaded=!fuse
Sep 15 15:21:12.537580 kairos-ab8b systemd[1]: Mounting FUSE Control File System...
Sep 15 15:21:12.537589 kairos-ab8b systemd[1]: Clear SysFail Entry If The Boot Is Successful skipped, unmet condition check ConditionPathExists=/sys/firmware/efi/efivars/LoaderEntrySysFail-4a67b082-0a4c-41cf-b6c7-440b29bb8c4f
Sep 15 15:21:12.537599 kairos-ab8b systemd[1]: Clear Stale Hibernate Storage Info skipped, unmet condition check ConditionPathExists=/sys/firmware/efi/efivars/HibernateLocation-8cf2644b-4b0b-428f-9387-6d876050dc67
Sep 15 15:21:12.537606 kairos-ab8b systemd[1]: Starting Journal Service...
Sep 15 15:21:12.537612 kairos-ab8b systemd[1]: Load Kernel Modules skipped, no trigger condition checks were met.
Sep 15 15:21:12.537619 kairos-ab8b systemd[1]: Starting Generate Network Units from Kernel Command Line...
Sep 15 15:21:12.537625 kairos-ab8b systemd[1]: TPM PCR Machine ID Measurement skipped, unmet condition check ConditionSecurity=measured-os
Sep 15 15:21:12.537631 kairos-ab8b systemd[1]: TPM PCR OS Separator skipped, unmet condition check ConditionSecurity=measured-os
Sep 15 15:21:12.537660 kairos-ab8b systemd-journald[1236]: Collecting audit messages is disabled.
Sep 15 15:21:12.537680 kairos-ab8b systemd-journald[1236]: Journal started
Sep 15 15:21:12.537705 kairos-ab8b systemd-journald[1236]: Runtime Journal (/run/log/journal/ab8bce68098d46bfa3a0e0beecd5b927) is 7.4M, max 59.3M, 51.8M free.
Sep 15 15:21:12.069236 kairos-ab8b systemd[1]: Queued start job for default target Multi-User System.
Sep 15 15:21:12.071476 kairos-ab8b systemd[1]: Unnecessary job was removed for /dev/vda1.
Sep 15 15:21:12.071490 kairos-ab8b systemd[1]: Unnecessary job was removed for /dev/vda2.
Sep 15 15:21:12.071995 kairos-ab8b systemd[1]: systemd-journald.service: Deactivated successfully.
Sep 15 15:21:12.072288 kairos-ab8b systemd[1]: systemd-journald.service: Consumed 3.925s CPU time over 11.925s wall clock time, 8.9M memory peak.
Sep 15 15:21:12.545189 kairos-ab8b systemd[1]: Starting Remount Root and Kernel File Systems...
Sep 15 15:21:12.552204 kairos-ab8b systemd[1]: Starting Apply Kernel Variables...
Sep 15 15:21:12.563196 kairos-ab8b systemd[1]: Early TPM SRK Setup skipped, unmet condition check ConditionSecurity=measured-os
Sep 15 15:21:12.563260 kairos-ab8b systemd[1]: TPM PCR NvPCR Initialization Separator skipped, unmet condition check ConditionPathExists=/etc/initrd-release
Sep 15 15:21:12.578678 kairos-ab8b systemd[1]: Reached target Local Encrypted Volumes.
Sep 15 15:21:12.578745 kairos-ab8b systemd[1]: TPM NvPCR Product ID Measurement skipped, unmet condition check ConditionSecurity=measured-os
Sep 15 15:21:12.603262 kairos-ab8b systemd[1]: Starting Load udev Rules from Credentials...
Sep 15 15:21:12.610207 kairos-ab8b systemd[1]: Starting Coldplug All udev Devices...
Sep 15 15:21:12.618235 kairos-ab8b systemd[1]: Started Journal Service.
Sep 15 15:21:12.619447 kairos-ab8b systemd[1]: Mounted Huge Pages File System.
Sep 15 15:21:12.621307 kairos-ab8b systemd[1]: Mounted POSIX Message Queue File System.
Sep 15 15:21:12.623362 kairos-ab8b systemd[1]: Mounted Kernel Debug File System.
Sep 15 15:21:12.625459 kairos-ab8b systemd[1]: Mounted Kernel Trace File System.
Sep 15 15:21:12.627503 kairos-ab8b systemd[1]: Finished Create List of Static Device Nodes.
Sep 15 15:21:12.629474 kairos-ab8b systemd[1]: Mounted FUSE Control File System.
Sep 15 15:21:12.631607 kairos-ab8b systemd[1]: Finished Generate Network Units from Kernel Command Line.
Sep 15 15:21:12.634773 kairos-ab8b systemd[1]: Finished Remount Root and Kernel File Systems.
Sep 15 15:21:12.637319 kairos-ab8b systemd[1]: Finished Apply Kernel Variables.
Sep 15 15:21:12.639910 kairos-ab8b systemd[1]: Finished Load udev Rules from Credentials.
Sep 15 15:21:12.644609 kairos-ab8b systemd[1]: Reached target Preparation for Network.
Sep 15 15:21:12.647750 kairos-ab8b systemd[1]: Listening on Network Management Resolve Hook Socket.
Sep 15 15:21:12.655749 kairos-ab8b systemd[1]: Starting Device-Mapper Multipath Device Controller...
Sep 15 15:21:12.658372 kairos-ab8b systemd[1]: One time configuration for iscsi.service skipped, unmet condition check ConditionPathExists=!/etc/iscsi/initiatorname.iscsi
Sep 15 15:21:12.675488 kairos-ab8b systemd[1]: Starting Rebuild Hardware Database...
Sep 15 15:21:12.683339 kairos-ab8b systemd[1]: Starting Flush Journal to Persistent Storage...
Sep 15 15:21:12.688027 kairos-ab8b systemd[1]: Lock File Systems to TPM PCR Policy skipped, unmet condition check ConditionSecurity=measured-uki
Sep 15 15:21:12.688076 kairos-ab8b systemd[1]: Lock Machine ID to TPM PCR Policy skipped, unmet condition check ConditionSecurity=measured-uki
Sep 15 15:21:12.691572 kairos-ab8b systemd[1]: Starting Load/Save OS Random Seed...
Sep 15 15:21:12.695287 kairos-ab8b systemd[1]: Starting Create Static Device Nodes in /dev gracefully...
Sep 15 15:21:12.700734 kairos-ab8b multipathd[1253]: multipathd v0.14.3: start up
Sep 15 15:21:12.697860 kairos-ab8b systemd[1]: TPM SRK Setup skipped, unmet condition check ConditionSecurity=measured-os
Sep 15 15:21:12.697891 kairos-ab8b systemd[1]: Lock Firmware Code to TPM PCR Policy skipped, unmet condition check ConditionSecurity=measured-uki
Sep 15 15:21:12.697906 kairos-ab8b systemd[1]: Lock Firmware Configuration to TPM PCR Policy skipped, unmet condition check ConditionSecurity=measured-uki
Sep 15 15:21:12.697918 kairos-ab8b systemd[1]: Lock UEFI SecureBoot Authority to TPM PCR Policy skipped, unmet condition check ConditionSecurity=measured-uki
Sep 15 15:21:12.697929 kairos-ab8b systemd[1]: Lock UEFI SecureBoot Policy to TPM PCR Policy skipped, unmet condition check ConditionSecurity=measured-uki
Sep 15 15:21:12.698478 kairos-ab8b systemd[1]: Finished Coldplug All udev Devices.
Sep 15 15:21:12.704228 kairos-ab8b systemd[1]: Finished Load/Save OS Random Seed.
Sep 15 15:21:12.706474 kairos-ab8b multipathd[1253]: A dynamic linking error occurred: (Symbol not found: __epoll_pwait2_time64)
Sep 15 15:21:12.706882 kairos-ab8b multipathd[1253]: Could not set SCHED_RR at priority 10
Sep 15 15:21:12.708215 kairos-ab8b multipathd[1253]: reconfigure: setting up paths and maps
Sep 15 15:21:12.708215 kairos-ab8b multipathd[1253]: _check_bindings_file: failed to read header from /etc/multipath/bindings
Sep 15 15:21:12.708215 kairos-ab8b multipathd[1253]: updated bindings file /etc/multipath/bindings
Sep 15 15:21:12.710455 kairos-ab8b systemd[1]: Started Device-Mapper Multipath Device Controller.
Sep 15 15:21:12.712839 kairos-ab8b systemd[1]: First Boot Complete skipped, unmet condition check ConditionFirstBoot=yes
Sep 15 15:21:12.714339 kairos-ab8b systemd-journald[1236]: Time spent on flushing to /var/log/journal/ab8bce68098d46bfa3a0e0beecd5b927 is 30.271ms for 3193 entries.
Sep 15 15:21:12.714339 kairos-ab8b systemd-journald[1236]: System Journal (/var/log/journal/ab8bce68098d46bfa3a0e0beecd5b927) is 8M, max 388.6M, 380.6M free.
Sep 15 15:21:12.763463 kairos-ab8b systemd-journald[1236]: Received client request to flush runtime journal.
Sep 15 15:21:12.734075 kairos-ab8b systemd[1]: Finished Create Static Device Nodes in /dev gracefully.
Sep 15 15:21:12.745327 kairos-ab8b systemd[1]: Starting Create System Users...
Sep 15 15:21:12.764674 kairos-ab8b systemd[1]: Finished Flush Journal to Persistent Storage.
Sep 15 15:21:12.767663 kairos-ab8b systemd[1]: Finished Create System Users.
Sep 15 15:21:12.774768 kairos-ab8b systemd[1]: Starting Journal Log Access Socket...
Sep 15 15:21:12.780614 kairos-ab8b systemd[1]: Starting Userspace Out-Of-Memory (OOM) Killer...
Sep 15 15:21:12.786058 kairos-ab8b systemd[1]: Starting Network Name Resolution...
Sep 15 15:21:12.798207 kairos-ab8b systemd[1]: Starting Network Time Synchronization...
Sep 15 15:21:12.802431 kairos-ab8b systemd[1]: Starting Create Static Device Nodes in /dev...
Sep 15 15:21:12.807941 kairos-ab8b systemd[1]: Listening on Journal Log Access Socket.
Sep 15 15:21:12.810492 kairos-ab8b systemd[1]: proc-sys-fs-binfmt_misc.automount: Got automount request for /proc/sys/fs/binfmt_misc, triggered by 1275 ((systemd-oomd))
Sep 15 15:21:12.815645 kairos-ab8b systemd[1]: Finished Create Static Device Nodes in /dev.
Sep 15 15:21:12.818459 kairos-ab8b systemd[1]: Reached target Preparation for Local File Systems.
Sep 15 15:21:13.078574 kairos-ab8b systemd[1]: Mounting Arbitrary Executable File Formats File System...
Sep 15 15:21:13.085012 kairos-ab8b systemd[1]: Mounting /tmp...
Sep 15 15:21:13.092798 kairos-ab8b systemd[1]: Virtual Machine and Container Storage (Compatibility) skipped, unmet condition check ConditionPathExists=/var/lib/machines.raw
Sep 15 15:21:13.092906 kairos-ab8b systemd[1]: Reached target Virtual Machines and Containers.
Sep 15 15:21:13.097544 kairos-ab8b systemd[1]: Mounted Arbitrary Executable File Formats File System.
Sep 15 15:21:13.099894 kairos-ab8b systemd[1]: Mounted /tmp.
Sep 15 15:21:13.103819 kairos-ab8b systemd[1]: Reached target Local File Systems.
Sep 15 15:21:13.111268 kairos-ab8b systemd[1]: Listening on Boot Loader Control Service Socket.
Sep 15 15:21:13.114807 kairos-ab8b systemd[1]: Listening on System Extension Image Management.
Sep 15 15:21:13.122146 kairos-ab8b systemd[1]: Starting cOS system after FS setup...
Sep 15 15:21:13.127282 kairos-ab8b systemd[1]: Set Up Additional Binary Formats skipped, no trigger condition checks were met.
Sep 15 15:21:13.127335 kairos-ab8b systemd[1]: Update Boot Loader Random Seed skipped, no trigger condition checks were met.
Sep 15 15:21:13.130028 kairos-ab8b systemd[1]: Starting Automatic Boot Loader Update...
Sep 15 15:21:13.133904 kairos-ab8b systemd[1]: Merge System Configuration Images into /etc/ skipped, no trigger condition checks were met.
Sep 15 15:21:13.133951 kairos-ab8b systemd[1]: Save Transient machine-id to Disk skipped, unmet condition check ConditionPathIsMountPoint=/etc/machine-id
Sep 15 15:21:13.134068 kairos-ab8b systemd[1]: Merge System Extension Images into /usr/ and /opt/ skipped, no trigger condition checks were met.
Sep 15 15:21:13.138265 kairos-ab8b systemd[1]: Starting Create System Files and Directories...
Sep 15 15:21:13.153394 kairos-ab8b bootctl[1292]: Couldn't find EFI system partition, skipping.
Sep 15 15:21:13.155684 kairos-ab8b systemd[1]: Finished Automatic Boot Loader Update.
Sep 15 15:21:13.223263 kairos-ab8b systemd[1]: Finished Create System Files and Directories.
Sep 15 15:21:13.234269 kairos-ab8b systemd[1]: Starting Rebuild Journal Catalog...
Sep 15 15:21:13.248346 kairos-ab8b systemd[1]: Finished Rebuild Hardware Database.
Sep 15 15:21:13.254618 kairos-ab8b systemd[1]: Starting Rule-based Manager for Device Events and Files...
Sep 15 15:21:13.258944 kairos-ab8b systemd-oomd[1275]: 
[0;1;33m
[0;1;38:5:185m
[0;1;39m
[0;1;33m
[0;1;38:5:185mNo swap; memory pressure usage will be degraded
Sep 15 15:21:13.260850 kairos-ab8b systemd[1]: Started Userspace Out-Of-Memory (OOM) Killer.
Sep 15 15:21:13.267655 kairos-ab8b systemd-resolved[1276]: Positive Trust Anchors:
Sep 15 15:21:13.268934 kairos-ab8b systemd-resolved[1276]: . IN DS 20326 8 2 e06d44b80b8f1d39a95c0b0d7c65d08458e880409bbc683457104237c7f8ec8d
Sep 15 15:21:13.268942 kairos-ab8b systemd-resolved[1276]: . IN DS 38696 8 2 683d2d0acb8c9b712a1948b27f741219298d0a450d612c483af444a4c0fb2b16
Sep 15 15:21:13.268981 kairos-ab8b systemd-resolved[1276]: Negative trust anchors: home.arpa 10.in-addr.arpa 16.172.in-addr.arpa 17.172.in-addr.arpa 18.172.in-addr.arpa 19.172.in-addr.arpa 20.172.in-addr.arpa 21.172.in-addr.arpa 22.172.in-addr.arpa 23.172.in-addr.arpa 24.172.in-addr.arpa 25.172.in-addr.arpa 26.172.in-addr.arpa 27.172.in-addr.arpa 28.172.in-addr.arpa 29.172.in-addr.arpa 30.172.in-addr.arpa 31.172.in-addr.arpa 170.0.0.192.in-addr.arpa 171.0.0.192.in-addr.arpa 168.192.in-addr.arpa d.f.ip6.arpa ipv4only.arpa resolver.arpa corp home internal intranet lan local private test
Sep 15 15:21:13.278780 kairos-ab8b kairos-agent[1288]: Kairos Agent
Sep 15 15:21:13.280584 kairos-ab8b kairos-agent[1288]: 2026-09-15T15:21:13Z INF Kairos Agent version=v4.3.0-rc3-5-g3b0005495
Sep 15 15:21:13.304389 kairos-ab8b systemd[1]: Finished Rebuild Journal Catalog.
Sep 15 15:21:13.308268 kairos-ab8b systemd[1]: Started Network Time Synchronization.
Sep 15 15:21:13.311774 kairos-ab8b systemd-resolved[1276]: Using system hostname 'kairos-ab8b'.
Sep 15 15:21:13.312006 kairos-ab8b systemd[1]: Reached target System Time Set.
Sep 15 15:21:13.327588 kairos-ab8b systemd[1]: Starting Update is Completed...
Sep 15 15:21:13.327853 kairos-ab8b kairos-agent[1288]: Boot Mode
Sep 15 15:21:13.327946 kairos-ab8b kairos-agent[1288]: 2026-09-15T15:21:13Z INF Boot Mode boot_mode=active_boot
Sep 15 15:21:13.328042 kairos-ab8b kairos-agent[1288]: Boot in uki mode
Sep 15 15:21:13.328198 kairos-ab8b kairos-agent[1288]: 2026-09-15T15:21:13Z INF Boot in uki mode result=false
Sep 15 15:21:13.328525 kairos-ab8b kairos-agent[1288]: Running stage: fs.before
Sep 15 15:21:13.329148 kairos-ab8b kairos-agent[1288]: 2026-09-15T15:21:13Z INF Running stage: fs.before
Sep 15 15:21:13.329148 kairos-ab8b kairos-agent[1288]: 
Sep 15 15:21:13.331221 kairos-ab8b kairos-agent[1288]: Done executing stage 'fs.before'
Sep 15 15:21:13.331301 kairos-ab8b kairos-agent[1288]: 2026-09-15T15:21:13Z INF Done executing stage 'fs.before'
Sep 15 15:21:13.331301 kairos-ab8b kairos-agent[1288]: 
Sep 15 15:21:13.331337 kairos-ab8b kairos-agent[1288]: Running stage: fs
Sep 15 15:21:13.331374 kairos-ab8b kairos-agent[1288]: 2026-09-15T15:21:13Z INF Running stage: fs
Sep 15 15:21:13.331374 kairos-ab8b kairos-agent[1288]: 
Sep 15 15:21:13.331403 kairos-ab8b systemd[1]: Started Network Name Resolution.
Sep 15 15:21:13.334528 kairos-ab8b systemd[1]: Reached target Host and Network Name Lookups.
Sep 15 15:21:13.342072 kairos-ab8b systemd[1]: Finished Update is Completed.
Sep 15 15:21:13.342295 kairos-ab8b kairos-agent[1288]: Processing stage step 'Rootfs Layout Settings.Save /etc/machine-id for systemd systems'. ( commands: 1, files: 0, ... )
Sep 15 15:21:13.342521 kairos-ab8b kairos-agent[1288]: 2026-09-15T15:21:13Z INF Processing stage step 'Rootfs Layout Settings.Save /etc/machine-id for systemd systems'. ( commands: 1, files: 0, ... )
Sep 15 15:21:13.345607 kairos-ab8b systemd-udevd[1301]: Using default interface naming scheme 'v261'.
Sep 15 15:21:13.349939 kairos-ab8b kairos-agent[1288]: Running layout plugin
Sep 15 15:21:13.350201 kairos-ab8b kairos-agent[1288]: 2026-09-15T15:21:13Z INF Running layout plugin
Sep 15 15:21:13.351196 kairos-ab8b kairos-agent[1288]: 
[0;1;33m
[0;1;38:5:185m
[0;1;39m
[0;1;33m
[0;1;38:5:185m(conditional) Skip 'Skipping stage (if statement error: failed to run [ ! -f "/run/cos/recovery_mode" ] && [ ! -s /var/lib/dbus/machine-id ]: exit status 1)' stage name: Rootfs Layout Settings.Save /etc/machine-id for openrc systems
Sep 15 15:21:13.352640 kairos-ab8b kairos-agent[1288]: 2026-09-15T15:21:13Z WRN (conditional) Skip 'Skipping stage (if statement error: failed to run [ ! -f "/run/cos/recovery_mode" ] && [ ! -s /var/lib/dbus/machine-id ]: exit status 1)' stage name: Rootfs Layout Settings.Save /etc/machine-id for openrc systems
Sep 15 15:21:13.352640 kairos-ab8b kairos-agent[1288]: 2026-09-15T15:21:13Z INF Done executing stage 'fs'
Sep 15 15:21:13.352640 kairos-ab8b kairos-agent[1288]: 
Sep 15 15:21:13.352640 kairos-ab8b kairos-agent[1288]: 2026-09-15T15:21:13Z INF Running stage: fs.after
Sep 15 15:21:13.352640 kairos-ab8b kairos-agent[1288]: 
Sep 15 15:21:13.351393 kairos-ab8b kairos-agent[1288]: Done executing stage 'fs'
Sep 15 15:21:13.351410 kairos-ab8b kairos-agent[1288]: Running stage: fs.after
Sep 15 15:21:13.355690 kairos-ab8b kairos-agent[1288]: Processing stage step 'sysext and confext configuration.Default sysext/confext extensions dirs'. ( commands: 0, files: 0, ... )
Sep 15 15:21:13.355798 kairos-ab8b kairos-agent[1288]: 2026-09-15T15:21:13Z INF Processing stage step 'sysext and confext configuration.Default sysext/confext extensions dirs'. ( commands: 0, files: 0, ... )
Sep 15 15:21:13.358674 kairos-ab8b kairos-agent[1288]: Running layout plugin
Sep 15 15:21:13.358892 kairos-ab8b kairos-agent[1288]: 2026-09-15T15:21:13Z INF Running layout plugin
Sep 15 15:21:13.359047 kairos-ab8b kairos-agent[1288]: 
[0;1;33m
[0;1;38:5:185m
[0;1;39m
[0;1;33m
[0;1;38:5:185m(conditional) Skip 'Skipping stage (if statement error: failed to run [ ! -d /usr/local/cloud-config ]: exit status 1)' stage name: Rootfs Layout Settings.Ensure /usr/local/cloud-config exists
Sep 15 15:21:13.359192 kairos-ab8b kairos-agent[1288]: 2026-09-15T15:21:13Z WRN (conditional) Skip 'Skipping stage (if statement error: failed to run [ ! -d /usr/local/cloud-config ]: exit status 1)' stage name: Rootfs Layout Settings.Ensure /usr/local/cloud-config exists
Sep 15 15:21:13.360125 kairos-ab8b kairos-agent[1288]: 
[0;1;33m
[0;1;38:5:185m
[0;1;39m
[0;1;33m
[0;1;38:5:185m(conditional) Skip 'Skipping stage (if statement error: failed to run [ -d "/usr/local/.c3os" ]: exit status 1)' stage name: c3os sentinel migration.Rename sentinel dir
Sep 15 15:21:13.360217 kairos-ab8b kairos-agent[1288]: 2026-09-15T15:21:13Z WRN (conditional) Skip 'Skipping stage (if statement error: failed to run [ -d "/usr/local/.c3os" ]: exit status 1)' stage name: c3os sentinel migration.Rename sentinel dir
Sep 15 15:21:13.360479 kairos-ab8b kairos-agent[1288]: Done executing stage 'fs.after'
Sep 15 15:21:13.360552 kairos-ab8b kairos-agent[1288]: 2026-09-15T15:21:13Z INF Done executing stage 'fs.after'
Sep 15 15:21:13.360552 kairos-ab8b kairos-agent[1288]: 
Sep 15 15:21:13.360586 kairos-ab8b kairos-agent[1288]: Running stage: fs.before
Sep 15 15:21:13.360622 kairos-ab8b kairos-agent[1288]: 2026-09-15T15:21:13Z INF Running stage: fs.before
Sep 15 15:21:13.360622 kairos-ab8b kairos-agent[1288]: 
Sep 15 15:21:13.360806 kairos-ab8b kairos-agent[1288]: Done executing stage 'fs.before'
Sep 15 15:21:13.360841 kairos-ab8b kairos-agent[1288]: 2026-09-15T15:21:13Z INF Done executing stage 'fs.before'
Sep 15 15:21:13.360841 kairos-ab8b kairos-agent[1288]: 
Sep 15 15:21:13.360866 kairos-ab8b kairos-agent[1288]: Running stage: fs
Sep 15 15:21:13.360890 kairos-ab8b kairos-agent[1288]: 2026-09-15T15:21:13Z INF Running stage: fs
Sep 15 15:21:13.360890 kairos-ab8b kairos-agent[1288]: 
Sep 15 15:21:13.361049 kairos-ab8b kairos-agent[1288]: Done executing stage 'fs'
Sep 15 15:21:13.361192 kairos-ab8b kairos-agent[1288]: 2026-09-15T15:21:13Z INF Done executing stage 'fs'
Sep 15 15:21:13.361192 kairos-ab8b kairos-agent[1288]: 
Sep 15 15:21:13.361242 kairos-ab8b kairos-agent[1288]: Running stage: fs.after
Sep 15 15:21:13.361278 kairos-ab8b kairos-agent[1288]: 2026-09-15T15:21:13Z INF Running stage: fs.after
Sep 15 15:21:13.361278 kairos-ab8b kairos-agent[1288]: 
Sep 15 15:21:13.361430 kairos-ab8b kairos-agent[1288]: Done executing stage 'fs.after'
Sep 15 15:21:13.361461 kairos-ab8b kairos-agent[1288]: 2026-09-15T15:21:13Z INF Done executing stage 'fs.after'
Sep 15 15:21:13.361461 kairos-ab8b kairos-agent[1288]: 
Sep 15 15:21:13.362840 kairos-ab8b systemd[1]: Finished cOS system after FS setup.
Sep 15 15:21:13.369757 kairos-ab8b systemd-udevd[1301]: 
[0;1;31m
[0;1;39m
[0;1;31m/usr/lib/udev/rules.d/tpm-udev.rules:3 Failed to resolve user 'tss', ignoring: Unknown user
Sep 15 15:21:13.370142 kairos-ab8b systemd-udevd[1301]: 
[0;1;31m
[0;1;39m
[0;1;31m/usr/lib/udev/rules.d/tpm-udev.rules:4 Failed to resolve group 'tss', ignoring: Unknown group
Sep 15 15:21:13.370442 kairos-ab8b systemd[1]: Started Rule-based Manager for Device Events and Files.
Sep 15 15:21:13.373833 kairos-ab8b systemd[1]: Reached target System Initialization.
Sep 15 15:21:13.375852 kairos-ab8b systemd[1]: Started cOS setup reconciler.
Sep 15 15:21:13.377559 kairos-ab8b systemd[1]: Started Daily Cleanup of Temporary Directories.
Sep 15 15:21:13.379565 kairos-ab8b systemd[1]: Reached target Timer Units.
Sep 15 15:21:13.381786 kairos-ab8b systemd[1]: Listening on D-Bus System Message Bus Socket.
Sep 15 15:21:13.383888 kairos-ab8b systemd[1]: Listening on Open-iSCSI iscsid Socket.
Sep 15 15:21:13.385774 kairos-ab8b systemd[1]: Listening on Open-iSCSI iscsiuio Socket.
Sep 15 15:21:13.388778 kairos-ab8b systemd[1]: Listening on OpenSSH Server Socket (systemd-ssh-generator, AF_UNIX Local).
Sep 15 15:21:13.391158 kairos-ab8b systemd[1]: Listening on User Login Management Varlink Socket.
Sep 15 15:21:13.393236 kairos-ab8b systemd[1]: Listening on Virtual Machine and Container Registration Service Socket.
Sep 15 15:21:13.396056 kairos-ab8b systemd[1]: Reached target Socket Units.
Sep 15 15:21:13.403527 kairos-ab8b systemd[1]: Starting Network Management...
Sep 15 15:21:13.405927 kairos-ab8b systemd[1]: TPM PCR Barrier (Initialization) skipped, unmet condition check ConditionSecurity=measured-os
Sep 15 15:21:13.405966 kairos-ab8b systemd[1]: Reached target Basic System.
Sep 15 15:21:13.409688 kairos-ab8b systemd[1]: Starting cOS system configuration...
Sep 15 15:21:13.417245 kairos-ab8b systemd[1]: Starting D-Bus System Message Bus...
Sep 15 15:21:13.421233 kairos-ab8b systemd[1]: Starting Restore /run/initramfs on shutdown...
Sep 15 15:21:13.428444 kairos-ab8b systemd[1]: Starting SSH Key Generation...
Sep 15 15:21:13.433992 kairos-ab8b systemd[1]: Starting User Login Management...
Sep 15 15:21:13.439218 kairos-ab8b systemd[1]: Load Kernel Module configfs skipped, unmet condition check ConditionKernelModuleLoaded=!configfs
Sep 15 15:21:13.439246 kairos-ab8b systemd[1]: Load Kernel Module fuse skipped, unmet condition check ConditionKernelModuleLoaded=!fuse
Sep 15 15:21:13.445878 kairos-ab8b systemd[1]: Finished Restore /run/initramfs on shutdown.
Sep 15 15:21:13.448735 kairos-ab8b ssh-keygen[1342]: ssh-keygen: generating new host keys: ECDSA
Sep 15 15:21:13.450811 kairos-ab8b systemd[1]: sshkeygen.service: Deactivated successfully.
Sep 15 15:21:13.451003 kairos-ab8b systemd[1]: Finished SSH Key Generation.
Sep 15 15:21:13.476422 kairos-ab8b dbus-daemon[1340]: 
[0;1;33m
[0;1;38:5:185m
[0;1;39m
[0;1;33m
[0;1;38:5:185mFailed to drop supplementary groups: Operation not permitted
Sep 15 15:21:13.477233 kairos-ab8b systemd[1]: Started D-Bus System Message Bus.
Sep 15 15:21:13.535028 kairos-ab8b systemd-networkd[1337]: 
[0;1;33m
[0;1;38:5:185m
[0;1;39m
[0;1;33m
[0;1;38:5:185mFailed to chase and open directory '/usr/local/lib//systemd/networkd.conf.d', ignoring: Permission denied
Sep 15 15:21:13.535922 kairos-ab8b systemd-networkd[1337]: 
[0;1;33m
[0;1;38:5:185m
[0;1;39m
[0;1;33m
[0;1;38:5:185mFailed to chase and open directory '/usr/local/lib/systemd/network', ignoring: Permission denied
Sep 15 15:21:13.536312 kairos-ab8b systemd-networkd[1337]: 
[0;1;33m
[0;1;38:5:185m
[0;1;39m
[0;1;33m
[0;1;38:5:185mFailed to chase and open directory '/usr/local/lib/systemd/network', ignoring: Permission denied
Sep 15 15:21:13.536630 kairos-ab8b systemd-networkd[1337]: 
[0;1;33m
[0;1;38:5:185m
[0;1;39m
[0;1;33m
[0;1;38:5:185mFailed to chase and open directory '/usr/local/lib/systemd/network/20-dhcp-legacy.network.d', ignoring: Permission denied
Sep 15 15:21:13.536762 kairos-ab8b systemd-networkd[1337]: 
[0;1;33m
[0;1;38:5:185m
[0;1;39m
[0;1;33m
[0;1;38:5:185mFailed to chase and open directory '/usr/local/lib/systemd/network/20-dhcp.network.d', ignoring: Permission denied
Sep 15 15:21:13.536831 kairos-ab8b systemd-networkd[1337]: 
[0;1;33m
[0;1;38:5:185m
[0;1;39m
[0;1;33m
[0;1;38:5:185mFailed to chase and open directory '/usr/local/lib/systemd/network/80-6rd-tunnel.network.d', ignoring: Permission denied
Sep 15 15:21:13.542750 kairos-ab8b systemd-networkd[1337]: 
[0;1;33m
[0;1;38:5:185m
[0;1;39m
[0;1;33m
[0;1;38:5:185mFailed to chase and open directory '/usr/local/lib/systemd/network/80-container-host0-tun.network.d', ignoring: Permission denied
Sep 15 15:21:13.543266 kairos-ab8b systemd-networkd[1337]: 
[0;1;33m
[0;1;38:5:185m
[0;1;39m
[0;1;33m
[0;1;38:5:185mFailed to chase and open directory '/usr/local/lib/systemd/network/80-container-host0.network.d', ignoring: Permission denied
Sep 15 15:21:13.543548 kairos-ab8b systemd-networkd[1337]: 
[0;1;33m
[0;1;38:5:185m
[0;1;39m
[0;1;33m
[0;1;38:5:185mFailed to chase and open directory '/usr/local/lib/systemd/network/80-container-vb.network.d', ignoring: Permission denied
Sep 15 15:21:13.544642 kairos-ab8b systemd-networkd[1337]: 
[0;1;33m
[0;1;38:5:185m
[0;1;39m
[0;1;33m
[0;1;38:5:185mFailed to chase and open directory '/usr/local/lib/systemd/network/80-container-ve.network.d', ignoring: Permission denied
Sep 15 15:21:13.545017 kairos-ab8b systemd-networkd[1337]: 
[0;1;33m
[0;1;38:5:185m
[0;1;39m
[0;1;33m
[0;1;38:5:185mFailed to chase and open directory '/usr/local/lib/systemd/network/80-container-vz.network.d', ignoring: Permission denied
Sep 15 15:21:13.545635 kairos-ab8b kairos-agent[1339]: Kairos Agent
Sep 15 15:21:13.545892 kairos-ab8b kairos-agent[1339]: 2026-09-15T15:21:13Z INF Kairos Agent version=v4.3.0-rc3-5-g3b0005495
Sep 15 15:21:13.546292 kairos-ab8b systemd-networkd[1337]: 
[0;1;33m
[0;1;38:5:185m
[0;1;39m
[0;1;33m
[0;1;38:5:185mFailed to chase and open directory '/usr/local/lib/systemd/network/80-namespace-ns-tun.network.d', ignoring: Permission denied
Sep 15 15:21:13.546527 kairos-ab8b systemd-networkd[1337]: 
[0;1;33m
[0;1;38:5:185m
[0;1;39m
[0;1;33m
[0;1;38:5:185mFailed to chase and open directory '/usr/local/lib/systemd/network/80-namespace-ns.network.d', ignoring: Permission denied
Sep 15 15:21:13.546711 kairos-ab8b systemd-networkd[1337]: 
[0;1;33m
[0;1;38:5:185m
[0;1;39m
[0;1;33m
[0;1;38:5:185mFailed to chase and open directory '/usr/local/lib/systemd/network/80-vm-vt.network.d', ignoring: Permission denied
Sep 15 15:21:13.546885 kairos-ab8b systemd-networkd[1337]: 
[0;1;33m
[0;1;38:5:185m
[0;1;39m
[0;1;33m
[0;1;38:5:185mFailed to chase and open directory '/usr/local/lib/systemd/network/80-wifi-adhoc.network.d', ignoring: Permission denied
Sep 15 15:21:13.547343 kairos-ab8b systemd-networkd[1337]: 
[0;1;33m
[0;1;38:5:185m
[0;1;39m
[0;1;33m
[0;1;38:5:185mFailed to chase and open directory '/usr/local/lib/systemd/network/zzzz-dracut-default.network.d', ignoring: Permission denied
Sep 15 15:21:13.547628 kairos-ab8b systemd-networkd[1337]: lo: Link UP
Sep 15 15:21:13.547685 kairos-ab8b systemd-networkd[1337]: lo: Gained carrier
Sep 15 15:21:13.547716 kairos-ab8b systemd-networkd[1337]: ens3: Link UP
Sep 15 15:21:13.547733 kairos-ab8b systemd-networkd[1337]: ens3: Gained carrier
Sep 15 15:21:13.547880 kairos-ab8b systemd-networkd[1337]: ens3: Gained IPv6LL
Sep 15 15:21:13.550852 kairos-ab8b systemd-networkd[1337]: ens3: Configuring with /etc/systemd/network/20-dhcp.network.
Sep 15 15:21:13.551015 kairos-ab8b systemd[1]: Started Network Management.
Sep 15 15:21:13.555439 kairos-ab8b systemd[1]: Reached target Network.
Sep 15 15:21:13.565723 kairos-ab8b systemd[1]: Starting iSCSI UserSpace I/O driver...
Sep 15 15:21:13.570488 kairos-ab8b systemd[1]: Starting OpenSSH Daemon...
Sep 15 15:21:13.574858 kairos-ab8b systemd[1]: Starting Enable Persistent Storage in systemd-networkd...
Sep 15 15:21:13.582213 kairos-ab8b systemd[1]: Starting Wait for Network to be Online...
Sep 15 15:21:13.584523 kairos-ab8b systemd[1]: Condition check resulted in /dev/ttyS0 being skipped.
Sep 15 15:21:13.585337 kairos-ab8b systemd-logind[1346]: New seat seat0.
Sep 15 15:21:13.586912 kairos-ab8b systemd[1]: Started User Login Management.
Sep 15 15:21:13.631149 kairos-ab8b iscsiuio[1363]: INFO Started iSCSI uio stack: Ver 0.7.8.8
Sep 15 15:21:13.629934 kairos-ab8b systemd[1]: Started iSCSI UserSpace I/O driver.
Sep 15 15:21:13.668291 kairos-ab8b kairos-agent[1339]: Boot Mode
Sep 15 15:21:13.668592 kairos-ab8b kairos-agent[1339]: 2026-09-15T15:21:13Z INF Boot Mode boot_mode=active_boot
Sep 15 15:21:13.668592 kairos-ab8b kairos-agent[1339]: 2026-09-15T15:21:13Z INF Boot in uki mode result=false
Sep 15 15:21:13.668592 kairos-ab8b kairos-agent[1339]: 2026-09-15T15:21:13Z INF Running stage: boot.before
Sep 15 15:21:13.668592 kairos-ab8b kairos-agent[1339]: 
Sep 15 15:21:13.668375 kairos-ab8b kairos-agent[1339]: Boot in uki mode
Sep 15 15:21:13.668580 kairos-ab8b kairos-agent[1339]: Running stage: boot.before
Sep 15 15:21:13.674309 kairos-ab8b systemd[1]: Finished Enable Persistent Storage in systemd-networkd.
Sep 15 15:21:13.678733 kairos-ab8b systemd-logind[1346]: Watching system buttons on /dev/input/event1 (AT Translated Set 2 keyboard)
Sep 15 15:21:13.689649 kairos-ab8b sshd[1364]: Server listening on 0.0.0.0 port 22.
Sep 15 15:21:13.689669 kairos-ab8b sshd[1364]: Server listening on :: port 22.
Sep 15 15:21:13.689851 kairos-ab8b systemd[1]: Started OpenSSH Daemon.
Sep 15 15:21:13.693720 kairos-ab8b systemd[1]: Reached target SSH Access Available.
Sep 15 15:21:13.701436 kairos-ab8b kairos-agent[1339]: 
[0;1;33m
[0;1;38:5:185m
[0;1;39m
[0;1;33m
[0;1;38:5:185m(conditional) Skip 'service manager doesn't match openrc' stage name: /system/oem/30_ulimit.yaml.Setup higher limit for open files
Sep 15 15:21:13.702004 kairos-ab8b kairos-agent[1339]: 2026-09-15T15:21:13Z WRN (conditional) Skip 'service manager doesn't match openrc' stage name: /system/oem/30_ulimit.yaml.Setup higher limit for open files
Sep 15 15:21:13.718372 kairos-ab8b kairos-agent[1339]: 
[0;1;33m
[0;1;38:5:185m
[0;1;39m
[0;1;33m
[0;1;38:5:185m(conditional) Skip 'Skipping stage (if statement error: failed to run cat /proc/cmdline | grep -q "active.img" && grep -vq "rd.immucore.uki" /proc/cmdline
                                                       
[0;1;33m
[0;1;38:5:185m: exit status 1)' stage name: Boot assessment and branding.Remove GRUB sentinels
Sep 15 15:21:13.719384 kairos-ab8b kairos-agent[1339]: 2026-09-15T15:21:13Z WRN (conditional) Skip 'Skipping stage (if statement error: failed to run cat /proc/cmdline | grep -q "active.img" && grep -vq "rd.immucore.uki" /proc/cmdline
Sep 15 15:21:13.719384 kairos-ab8b kairos-agent[1339]: : exit status 1)' stage name: Boot assessment and branding.Remove GRUB sentinels
Sep 15 15:21:13.764220 kairos-ab8b kairos-agent[1339]: 
[0;1;33m
[0;1;38:5:185m
[0;1;39m
[0;1;33m
[0;1;38:5:185m(conditional) Skip 'Skipping stage (if statement error: failed to run [[ $(kairos-agent state get kairos.flavor) =~ ^alpine ]]: exit status 1)' stage name: Rootfs Layout Settings.Mount tmp on alpine
Sep 15 15:21:13.765268 kairos-ab8b kairos-agent[1339]: 2026-09-15T15:21:13Z WRN (conditional) Skip 'Skipping stage (if statement error: failed to run [[ $(kairos-agent state get kairos.flavor) =~ ^alpine ]]: exit status 1)' stage name: Rootfs Layout Settings.Mount tmp on alpine
Sep 15 15:21:13.774515 kairos-ab8b kernel: piix4_smbus 0000:00:01.3: SMBus Host Controller at 0x700, revision 0
Sep 15 15:21:13.777996 kairos-ab8b systemd-logind[1346]: Watching system buttons on /dev/input/event0 (Power Button)
Sep 15 15:21:13.780555 kairos-ab8b kairos-agent[1339]: 2026-09-15T15:21:13Z WRN (conditional) Skip 'Skipping stage (if statement error: failed to run cat /proc/cmdline | grep -q "upgrade_failure" && grep -vq "rd.immucore.uki" /proc/cmdline
Sep 15 15:21:13.780555 kairos-ab8b kairos-agent[1339]: : exit status 1)' stage name: Boot assessment and branding.Create upgrade failure sentinel if necessary
Sep 15 15:21:13.778547 kairos-ab8b kairos-agent[1339]: 
[0;1;33m
[0;1;38:5:185m
[0;1;39m
[0;1;33m
[0;1;38:5:185m(conditional) Skip 'Skipping stage (if statement error: failed to run cat /proc/cmdline | grep -q "upgrade_failure" && grep -vq "rd.immucore.uki" /proc/cmdline
                                                       
[0;1;33m
[0;1;38:5:185m: exit status 1)' stage name: Boot assessment and branding.Create upgrade failure sentinel if necessary
Sep 15 15:21:13.807770 kairos-ab8b kernel: i2c i2c-0: Memory type 0x07 not supported yet, not instantiating SPD
Sep 15 15:21:13.808149 kairos-ab8b kernel: parport_pc 00:03: reported by Plug and Play ACPI
Sep 15 15:21:13.814372 kairos-ab8b kernel: parport0: PC-style at 0x378, irq 7 [PCSPP,TRISTATE]
Sep 15 15:21:13.820693 kairos-ab8b kairos-agent[1339]: 
[0;1;33m
[0;1;38:5:185m
[0;1;39m
[0;1;33m
[0;1;38:5:185m(conditional) Skip 'Skipping stage (if statement error: failed to run [[ $(kairos-agent state get kairos.flavor) =~ ^alpine ]]: exit status 1)' stage name: Rootfs Layout Settings.Mount BPF on Alpine systems
Sep 15 15:21:13.821234 kairos-ab8b kairos-agent[1339]: 2026-09-15T15:21:13Z WRN (conditional) Skip 'Skipping stage (if statement error: failed to run [[ $(kairos-agent state get kairos.flavor) =~ ^alpine ]]: exit status 1)' stage name: Rootfs Layout Settings.Mount BPF on Alpine systems
Sep 15 15:21:13.821645 kairos-ab8b kairos-agent[1339]: Done executing stage 'boot.before'
Sep 15 15:21:13.821760 kairos-ab8b kairos-agent[1339]: 2026-09-15T15:21:13Z INF Done executing stage 'boot.before'
Sep 15 15:21:13.821760 kairos-ab8b kairos-agent[1339]: 
Sep 15 15:21:13.821760 kairos-ab8b kairos-agent[1339]: 2026-09-15T15:21:13Z INF Running stage: boot
Sep 15 15:21:13.821760 kairos-ab8b kairos-agent[1339]: 
Sep 15 15:21:13.821681 kairos-ab8b kairos-agent[1339]: Running stage: boot
Sep 15 15:21:13.838550 kairos-ab8b kairos-agent[1339]: Processing stage step 'Start agent.0'. ( commands: 2, files: 1, ... )
Sep 15 15:21:13.839391 kairos-ab8b kairos-agent[1339]: 2026-09-15T15:21:13Z INF Processing stage step 'Start agent.0'. ( commands: 2, files: 1, ... )
Sep 15 15:21:13.839391 kairos-ab8b kairos-agent[1339]: 2026-09-15T15:21:13Z WRN (conditional) Skip 'Skipping stage (if statement error: failed to run ([ -f /run/cos/live_mode ] || [ -f /run/cos/uki_install_mode ])
Sep 15 15:21:13.839391 kairos-ab8b kairos-agent[1339]: : exit status 1)' stage name: Start installer on tty1..0
Sep 15 15:21:13.839391 kairos-ab8b kairos-agent[1339]: 2026-09-15T15:21:13Z WRN (conditional) Skip 'Skipping stage (if statement error: failed to run [ -f "/run/cos/recovery_mode" ]: exit status 1)' stage name: Start recovery on tty1.Recovery
Sep 15 15:21:13.839391 kairos-ab8b kairos-agent[1339]: 2026-09-15T15:21:13Z INF Processing stage step 'Default config.Default sysctl settings'. ( commands: 0, files: 0, ... )
Sep 15 15:21:13.838965 kairos-ab8b kairos-agent[1339]: 
[0;1;33m
[0;1;38:5:185m
[0;1;39m
[0;1;33m
[0;1;38:5:185m(conditional) Skip 'Skipping stage (if statement error: failed to run ([ -f /run/cos/live_mode ] || [ -f /run/cos/uki_install_mode ])
                                                       
[0;1;33m
[0;1;38:5:185m: exit status 1)' stage name: Start installer on tty1..0
Sep 15 15:21:13.839033 kairos-ab8b kairos-agent[1339]: 
[0;1;33m
[0;1;38:5:185m
[0;1;39m
[0;1;33m
[0;1;38:5:185m(conditional) Skip 'Skipping stage (if statement error: failed to run [ -f "/run/cos/recovery_mode" ]: exit status 1)' stage name: Start recovery on tty1.Recovery
Sep 15 15:21:13.839241 kairos-ab8b kairos-agent[1339]: Processing stage step 'Default config.Default sysctl settings'. ( commands: 0, files: 0, ... )
Sep 15 15:21:13.840722 kairos-ab8b kairos-agent[1339]: 
[0;1;33m
[0;1;38:5:185m
[0;1;39m
[0;1;33m
[0;1;38:5:185m(conditional) Skip 'service manager doesn't match openrc' stage name: Enable QEMU tools.Enable QEMU.0
Sep 15 15:21:13.841056 kairos-ab8b kairos-agent[1339]: 2026-09-15T15:21:13Z WRN (conditional) Skip 'service manager doesn't match openrc' stage name: Enable QEMU tools.Enable QEMU.0
Sep 15 15:21:13.841234 kairos-ab8b kairos-agent[1339]: Running layout plugin
Sep 15 15:21:13.841914 kairos-ab8b kairos-agent[1339]: 2026-09-15T15:21:13Z INF Running layout plugin
Sep 15 15:21:13.845253 kairos-ab8b kernel: input: PC Speaker as /devices/platform/pcspkr/input/input5
Sep 15 15:21:13.848345 kairos-ab8b nfsrahead[1406]: skipping non-NFS device 11:0
Sep 15 15:21:13.849688 kairos-ab8b nfsrahead[1409]: skipping non-NFS device 2:0
Sep 15 15:21:13.849980 kairos-ab8b nfsrahead[1408]: skipping non-NFS device 11:2
Sep 15 15:21:13.850913 kairos-ab8b nfsrahead[1410]: skipping non-NFS device 253:0
Sep 15 15:21:13.851990 kairos-ab8b nfsrahead[1407]: skipping non-NFS device 11:1
Sep 15 15:21:13.853032 kairos-ab8b nfsrahead[1411]: skipping non-NFS device 7:0
Sep 15 15:21:13.888304 kairos-ab8b systemd[1]: Condition check resulted in /sys/devices/virtual/misc/rfkill being skipped.
Sep 15 15:21:13.892854 kairos-ab8b systemd[1]: 
[0;1;39m
[0;1;31m
[0;1;39mReload requested from client PID 1413 ('systemctl') (unit cos-setup-boot.service)...
Sep 15 15:21:13.892874 kairos-ab8b systemd[1]: Reloading...
Sep 15 15:21:14.008150 kairos-ab8b kernel: ppdev: user-space parallel port driver
Sep 15 15:21:14.032632 kairos-ab8b kernel: kvm_amd: TSC scaling supported
Sep 15 15:21:14.032691 kairos-ab8b kernel: 
[0;1;31m
[0;1;39m
[0;1;31mError: Driver 'pcspkr' is already registered, aborting...
Sep 15 15:21:14.032720 kairos-ab8b kernel: kvm_amd: Nested Virtualization enabled
Sep 15 15:21:14.037257 kairos-ab8b kernel: kvm_amd: Nested Paging enabled
Sep 15 15:21:14.040777 kairos-ab8b kernel: kvm_amd: LBR virtualization supported
Sep 15 15:21:14.041129 kairos-ab8b kernel: kvm_amd: Virtual VMLOAD VMSAVE supported
Sep 15 15:21:14.041154 kairos-ab8b kernel: kvm_amd: Virtual GIF supported
Sep 15 15:21:14.041183 kairos-ab8b kernel: kvm_amd: Virtual NMI enabled
Sep 15 15:21:14.229824 kairos-ab8b systemd[1]: Reloading finished in 336 ms.
Sep 15 15:21:14.263494 kairos-ab8b kairos-agent[1339]: Running layout plugin
Sep 15 15:21:14.263763 kairos-ab8b kairos-agent[1339]: 2026-09-15T15:21:14Z INF Running layout plugin
Sep 15 15:21:14.268927 kairos-ab8b kairos-agent[1339]: 
[0;1;33m
[0;1;38:5:185m
[0;1;39m
[0;1;33m
[0;1;38:5:185m(conditional) Skip 'Skipping stage (if statement error: failed to run ([ -f /run/cos/live_mode ] || [ -f /run/cos/uki_install_mode ])
                                                       
[0;1;33m
[0;1;38:5:185m: exit status 1)' stage name: Start installer on tty1..1
Sep 15 15:21:14.269278 kairos-ab8b kairos-agent[1339]: 2026-09-15T15:21:14Z WRN (conditional) Skip 'Skipping stage (if statement error: failed to run ([ -f /run/cos/live_mode ] || [ -f /run/cos/uki_install_mode ])
Sep 15 15:21:14.269278 kairos-ab8b kairos-agent[1339]: : exit status 1)' stage name: Start installer on tty1..1
Sep 15 15:21:14.269344 kairos-ab8b kairos-agent[1339]: Processing stage step 'Enable QEMU tools.Enable QEMU.1'. ( commands: 1, files: 0, ... )
Sep 15 15:21:14.270016 kairos-ab8b kairos-agent[1339]: 2026-09-15T15:21:14Z INF Processing stage step 'Enable QEMU tools.Enable QEMU.1'. ( commands: 1, files: 0, ... )
Sep 15 15:21:14.273463 kairos-ab8b systemd[1]: Listening on Load/Save RF Kill Switch Status /dev/rfkill Watch.
Sep 15 15:21:14.282610 kairos-ab8b systemd[1]: Starting Virtual Console Setup...
Sep 15 15:21:14.291199 kairos-ab8b kairos-agent[1339]: 
[0;1;31m
[0;1;39m
[0;1;31mError on file /system/oem/26_vm.yaml on stage Enable QEMU: 1 error occurred:
                                                       
[0;1;31m        * failed to run systemctl start qemu-guest-agent: exit status 5
                                                       
[0;1;31mcommand output:
                                                       
[0;1;31mFailed to start qemu-guest-agent.service: Unit qemu-guest-agent.service not found.
                                                       
[0;1;31m
                                                       
[0;1;31m
Sep 15 15:21:14.291444 kairos-ab8b kairos-agent[1339]: 2026-09-15T15:21:14Z ERR Error on file /system/oem/26_vm.yaml on stage Enable QEMU: 1 error occurred:
Sep 15 15:21:14.291444 kairos-ab8b kairos-agent[1339]:         * failed to run systemctl start qemu-guest-agent: exit status 5
Sep 15 15:21:14.291444 kairos-ab8b kairos-agent[1339]: command output:
Sep 15 15:21:14.291444 kairos-ab8b kairos-agent[1339]: Failed to start qemu-guest-agent.service: Unit qemu-guest-agent.service not found.
Sep 15 15:21:14.291444 kairos-ab8b kairos-agent[1339]: 
Sep 15 15:21:14.291888 kairos-ab8b kairos-agent[1339]: Running layout plugin
Sep 15 15:21:14.292258 kairos-ab8b kairos-agent[1339]: 2026-09-15T15:21:14Z INF Running layout plugin
Sep 15 15:21:14.295824 kairos-ab8b kairos-agent[1339]: 
[0;1;33m
[0;1;38:5:185m
[0;1;39m
[0;1;33m
[0;1;38:5:185m(conditional) Skip 'Skipping stage (if statement error: failed to run grep -iE "Virtualbox" /sys/class/dmi/id/product_name
                                                       
[0;1;33m
[0;1;38:5:185m: exit status 1)' stage name: Enable QEMU tools.Enable VBOX.2
Sep 15 15:21:14.296078 kairos-ab8b kairos-agent[1339]: 2026-09-15T15:21:14Z WRN (conditional) Skip 'Skipping stage (if statement error: failed to run grep -iE "Virtualbox" /sys/class/dmi/id/product_name
Sep 15 15:21:14.296078 kairos-ab8b kairos-agent[1339]: : exit status 1)' stage name: Enable QEMU tools.Enable VBOX.2
Sep 15 15:21:14.298199 kairos-ab8b kairos-agent[1339]: 
[0;1;33m
[0;1;38:5:185m
[0;1;39m
[0;1;33m
[0;1;38:5:185m(conditional) Skip 'Skipping stage (if statement error: failed to run grep -iE "Virtualbox" /sys/class/dmi/id/product_name
                                                       
[0;1;33m
[0;1;38:5:185m: exit status 1)' stage name: Enable QEMU tools.Enable VBOX.3
Sep 15 15:21:14.300363 kairos-ab8b kairos-agent[1339]: 2026-09-15T15:21:14Z WRN (conditional) Skip 'Skipping stage (if statement error: failed to run grep -iE "Virtualbox" /sys/class/dmi/id/product_name
Sep 15 15:21:14.300363 kairos-ab8b kairos-agent[1339]: : exit status 1)' stage name: Enable QEMU tools.Enable VBOX.3
Sep 15 15:21:14.300363 kairos-ab8b kairos-agent[1339]: 2026-09-15T15:21:14Z WRN (conditional) Skip 'Skipping stage (if statement error: failed to run grep -iE "VMware" /sys/class/dmi/id/product_name
Sep 15 15:21:14.300363 kairos-ab8b kairos-agent[1339]: : exit status 1)' stage name: Enable QEMU tools.Enable VMWARE.4
Sep 15 15:21:14.299514 kairos-ab8b kairos-agent[1339]: 
[0;1;33m
[0;1;38:5:185m
[0;1;39m
[0;1;33m
[0;1;38:5:185m(conditional) Skip 'Skipping stage (if statement error: failed to run grep -iE "VMware" /sys/class/dmi/id/product_name
                                                       
[0;1;33m
[0;1;38:5:185m: exit status 1)' stage name: Enable QEMU tools.Enable VMWARE.4
Sep 15 15:21:14.300723 kairos-ab8b kairos-agent[1339]: 
[0;1;33m
[0;1;38:5:185m
[0;1;39m
[0;1;33m
[0;1;38:5:185m(conditional) Skip 'Skipping stage (if statement error: failed to run grep -iE "VMware" /sys/class/dmi/id/product_name
                                                       
[0;1;33m
[0;1;38:5:185m: exit status 1)' stage name: Enable QEMU tools.Enable VMWARE.5
Sep 15 15:21:14.304166 kairos-ab8b kairos-agent[1339]: 2026-09-15T15:21:14Z WRN (conditional) Skip 'Skipping stage (if statement error: failed to run grep -iE "VMware" /sys/class/dmi/id/product_name
Sep 15 15:21:14.304166 kairos-ab8b kairos-agent[1339]: : exit status 1)' stage name: Enable QEMU tools.Enable VMWARE.5
Sep 15 15:21:14.304166 kairos-ab8b kairos-agent[1339]: 2026-09-15T15:21:14Z INF Processing stage step '/oem/95_userdata/userdata.yaml.0'. ( commands: 0, files: 0, ... )
Sep 15 15:21:14.304166 kairos-ab8b kairos-agent[1339]: 2026-09-15T15:21:14Z INF Running layout plugin
Sep 15 15:21:14.304166 kairos-ab8b kairos-agent[1339]: 2026-09-15T15:21:14Z INF Done executing stage 'boot'
Sep 15 15:21:14.304166 kairos-ab8b kairos-agent[1339]: 
Sep 15 15:21:14.304166 kairos-ab8b kairos-agent[1339]: 2026-09-15T15:21:14Z INF Running stage: boot.after
Sep 15 15:21:14.304166 kairos-ab8b kairos-agent[1339]: 
Sep 15 15:21:14.301251 kairos-ab8b kairos-agent[1339]: Processing stage step '/oem/95_userdata/userdata.yaml.0'. ( commands: 0, files: 0, ... )
Sep 15 15:21:14.301456 kairos-ab8b kairos-agent[1339]: Running layout plugin
Sep 15 15:21:14.301688 kairos-ab8b kairos-agent[1339]: Done executing stage 'boot'
Sep 15 15:21:14.301709 kairos-ab8b kairos-agent[1339]: Running stage: boot.after
Sep 15 15:21:14.308665 kairos-ab8b kairos-agent[1339]: Done executing stage 'boot.after'
Sep 15 15:21:14.308798 kairos-ab8b kairos-agent[1339]: 2026-09-15T15:21:14Z INF Done executing stage 'boot.after'
Sep 15 15:21:14.308798 kairos-ab8b kairos-agent[1339]: 
Sep 15 15:21:14.308852 kairos-ab8b kairos-agent[1339]: Running stage: boot.before
Sep 15 15:21:14.308889 kairos-ab8b kairos-agent[1339]: 2026-09-15T15:21:14Z INF Running stage: boot.before
Sep 15 15:21:14.308889 kairos-ab8b kairos-agent[1339]: 
Sep 15 15:21:14.309211 kairos-ab8b kairos-agent[1339]: Done executing stage 'boot.before'
Sep 15 15:21:14.309287 kairos-ab8b kairos-agent[1339]: 2026-09-15T15:21:14Z INF Done executing stage 'boot.before'
Sep 15 15:21:14.309287 kairos-ab8b kairos-agent[1339]: 
Sep 15 15:21:14.309355 kairos-ab8b kairos-agent[1339]: Running stage: boot
Sep 15 15:21:14.309381 kairos-ab8b kairos-agent[1339]: 2026-09-15T15:21:14Z INF Running stage: boot
Sep 15 15:21:14.309381 kairos-ab8b kairos-agent[1339]: 
Sep 15 15:21:14.309543 kairos-ab8b kairos-agent[1339]: Done executing stage 'boot'
Sep 15 15:21:14.309625 kairos-ab8b kairos-agent[1339]: 2026-09-15T15:21:14Z INF Done executing stage 'boot'
Sep 15 15:21:14.309625 kairos-ab8b kairos-agent[1339]: 
Sep 15 15:21:14.309732 kairos-ab8b kairos-agent[1339]: Running stage: boot.after
Sep 15 15:21:14.309896 kairos-ab8b kairos-agent[1339]: 2026-09-15T15:21:14Z INF Running stage: boot.after
Sep 15 15:21:14.309896 kairos-ab8b kairos-agent[1339]: 
Sep 15 15:21:14.310165 kairos-ab8b kairos-agent[1339]: Done executing stage 'boot.after'
Sep 15 15:21:14.310225 kairos-ab8b kairos-agent[1339]: 2026-09-15T15:21:14Z INF Done executing stage 'boot.after'
Sep 15 15:21:14.310225 kairos-ab8b kairos-agent[1339]: 
Sep 15 15:21:14.310268 kairos-ab8b kairos-agent[1339]: Some errors found but were ignored. Enable --strict mode to fail on those or --debug to see them in the log
Sep 15 15:21:14.310299 kairos-ab8b kairos-agent[1339]: 2026-09-15T15:21:14Z INF Some errors found but were ignored. Enable --strict mode to fail on those or --debug to see them in the log
Sep 15 15:21:14.310319 kairos-ab8b kairos-agent[1339]: 
[0;1;33m
[0;1;38:5:185m
[0;1;39m
[0;1;33m
[0;1;38:5:185m1 error occurred:
                                                       
[0;1;33m
[0;1;38:5:185m        * failed to run systemctl start qemu-guest-agent: exit status 5
                                                       
[0;1;33m
[0;1;38:5:185mcommand output:
                                                       
[0;1;33m
[0;1;38:5:185mFailed to start qemu-guest-agent.service: Unit qemu-guest-agent.service not found.
                                                       
[0;1;33m
[0;1;38:5:185m
                                                       
[0;1;33m
[0;1;38:5:185m
Sep 15 15:21:14.310345 kairos-ab8b kairos-agent[1339]: 2026-09-15T15:21:14Z WRN 1 error occurred:
Sep 15 15:21:14.310345 kairos-ab8b kairos-agent[1339]:         * failed to run systemctl start qemu-guest-agent: exit status 5
Sep 15 15:21:14.310345 kairos-ab8b kairos-agent[1339]: command output:
Sep 15 15:21:14.310345 kairos-ab8b kairos-agent[1339]: Failed to start qemu-guest-agent.service: Unit qemu-guest-agent.service not found.
Sep 15 15:21:14.310345 kairos-ab8b kairos-agent[1339]: 
Sep 15 15:21:14.311780 kairos-ab8b systemd-vconsole-setup[1455]: 
[0;1;39m
[0;1;31m
[0;1;39mConfiguration of first virtual console was skipped, ignoring remaining ones.
Sep 15 15:21:14.312372 kairos-ab8b systemd[1]: Finished cOS system configuration.
Sep 15 15:21:14.314866 kairos-ab8b systemd[1]: Finished Virtual Console Setup.
Sep 15 15:21:14.641575 kairos-ab8b kernel: 
[0;1;33m
[0;1;38:5:185m
[0;1;39m
[0;1;33m
[0;1;38:5:185mIPv4: martian source (src=10.0.2.2, dst=255.255.255.255, dev=ens3)
Sep 15 15:21:14.641642 kairos-ab8b kernel: 
[0;1;33m
[0;1;38:5:185m
[0;1;39m
[0;1;33m
[0;1;38:5:185mll header: 00000000: ff ff ff ff ff ff 52 55 0a 00 02 02 08 00
Sep 15 15:21:14.661485 kairos-ab8b kernel: 
[0;1;33m
[0;1;38:5:185m
[0;1;39m
[0;1;33m
[0;1;38:5:185mIPv4: martian source (src=10.0.2.2, dst=255.255.255.255, dev=ens3)
Sep 15 15:21:14.661541 kairos-ab8b kernel: 
[0;1;33m
[0;1;38:5:185m
[0;1;39m
[0;1;33m
[0;1;38:5:185mll header: 00000000: ff ff ff ff ff ff 52 55 0a 00 02 02 08 00
Sep 15 15:21:14.664647 kairos-ab8b systemd-networkd[1337]: ens3: DHCPv4 address 10.0.2.15/24, gateway 10.0.2.2 acquired from 10.0.2.2
Sep 15 15:21:14.672581 kairos-ab8b systemd[1]: Finished Wait for Network to be Online.
Sep 15 15:21:14.674857 kairos-ab8b systemd[1]: Reached target Network is Online.
Sep 15 15:21:14.680399 kairos-ab8b systemd[1]: Starting cOS setup after network...
Sep 15 15:21:14.685583 kairos-ab8b systemd[1]: Starting Open-iSCSI...
Sep 15 15:21:14.697058 kairos-ab8b systemd[1]: Started Open-iSCSI.
Sep 15 15:21:14.698806 kairos-ab8b systemd[1]: Reached target Preparation for Remote File Systems.
Sep 15 15:21:14.700810 kairos-ab8b systemd[1]: Reached target Remote Encrypted Volumes.
Sep 15 15:21:14.702822 kairos-ab8b systemd[1]: Reached target Remote Integrity Protected Volumes.
Sep 15 15:21:14.702986 kairos-ab8b kairos-agent[1464]: Kairos Agent
Sep 15 15:21:14.703320 kairos-ab8b kairos-agent[1464]: 2026-09-15T15:21:14Z INF Kairos Agent version=v4.3.0-rc3-5-g3b0005495
Sep 15 15:21:14.704762 kairos-ab8b systemd[1]: Reached target Remote Verity Protected Volumes.
Sep 15 15:21:14.707903 kairos-ab8b kairos-agent[1464]: Boot Mode
Sep 15 15:21:14.707995 kairos-ab8b kairos-agent[1464]: 2026-09-15T15:21:14Z INF Boot Mode boot_mode=active_boot
Sep 15 15:21:14.708159 kairos-ab8b kairos-agent[1464]: Boot in uki mode
Sep 15 15:21:14.708219 kairos-ab8b kairos-agent[1464]: 2026-09-15T15:21:14Z INF Boot in uki mode result=false
Sep 15 15:21:14.708387 kairos-ab8b kairos-agent[1464]: Running stage: network.before
Sep 15 15:21:14.708418 kairos-ab8b kairos-agent[1464]: 2026-09-15T15:21:14Z INF Running stage: network.before
Sep 15 15:21:14.708418 kairos-ab8b kairos-agent[1464]: 
Sep 15 15:21:14.711619 kairos-ab8b kairos-agent[1464]: Done executing stage 'network.before'
Sep 15 15:21:14.711703 kairos-ab8b kairos-agent[1464]: 2026-09-15T15:21:14Z INF Done executing stage 'network.before'
Sep 15 15:21:14.711703 kairos-ab8b kairos-agent[1464]: 
Sep 15 15:21:14.711737 kairos-ab8b kairos-agent[1464]: Running stage: network
Sep 15 15:21:14.711768 kairos-ab8b kairos-agent[1464]: 2026-09-15T15:21:14Z INF Running stage: network
Sep 15 15:21:14.711768 kairos-ab8b kairos-agent[1464]: 
Sep 15 15:21:14.713238 kairos-ab8b systemd[1]: Starting Login and scanning of iSCSI devices...
Sep 15 15:21:14.716815 kairos-ab8b kairos-agent[1464]: 
[0;1;33m
[0;1;38:5:185m
[0;1;39m
[0;1;33m
[0;1;38:5:185m(conditional) Skip 'Skipping stage (if statement error: failed to run [ -d /oem/userdata ] && [ ! -d /oem/95_userdata ]: exit status 1)' stage name: Datasource handling.Move old datasource to new location
Sep 15 15:21:14.716971 kairos-ab8b kairos-agent[1464]: 2026-09-15T15:21:14Z WRN (conditional) Skip 'Skipping stage (if statement error: failed to run [ -d /oem/userdata ] && [ ! -d /oem/95_userdata ]: exit status 1)' stage name: Datasource handling.Move old datasource to new location
Sep 15 15:21:14.717530 kairos-ab8b iscsiadm[1473]: iscsiadm: No records found
Sep 15 15:21:14.717605 kairos-ab8b kairos-agent[1464]: 
[0;1;33m
[0;1;38:5:185m
[0;1;39m
[0;1;33m
[0;1;38:5:185m(conditional) Skip 'Skipping stage (if statement error: failed to run [ -d /oem/userdata ] && [ -d /oem/95_userdata ]: exit status 1)' stage name: Datasource handling.Remove old userdata
Sep 15 15:21:14.717728 kairos-ab8b kairos-agent[1464]: 2026-09-15T15:21:14Z WRN (conditional) Skip 'Skipping stage (if statement error: failed to run [ -d /oem/userdata ] && [ -d /oem/95_userdata ]: exit status 1)' stage name: Datasource handling.Remove old userdata
Sep 15 15:21:14.718339 kairos-ab8b systemd[1]: Finished Login and scanning of iSCSI devices.
Sep 15 15:21:14.719597 kairos-ab8b kairos-agent[1464]: 2026-09-15T15:21:14Z WRN (conditional) Skip 'Skipping stage (if statement error: failed to run [ ! -e /oem/95_userdata ] && ([ ! -f /run/cos/uki_boot_mode ] || grep -q "kairos.pull_datasources" /proc/cmdline ): exit status 1)' stage name: Datasource handling.Pull data from provider
Sep 15 15:21:14.719597 kairos-ab8b kairos-agent[1464]: 2026-09-15T15:21:14Z WRN (conditional) Skip 'Skipping stage (if statement error: failed to run [ -e /oem/95_userdata ] && [ -f /run/.userdata_load ]: exit status 1)' stage name: Datasource handling.Run stages if userdata is found
Sep 15 15:21:14.718568 kairos-ab8b kairos-agent[1464]: 
[0;1;33m
[0;1;38:5:185m
[0;1;39m
[0;1;33m
[0;1;38:5:185m(conditional) Skip 'Skipping stage (if statement error: failed to run [ ! -e /oem/95_userdata ] && ([ ! -f /run/cos/uki_boot_mode ] || grep -q "kairos.pull_datasources" /proc/cmdline ): exit status 1)' stage name: Datasource handling.Pull data from provider
Sep 15 15:21:14.719320 kairos-ab8b kairos-agent[1464]: 
[0;1;33m
[0;1;38:5:185m
[0;1;39m
[0;1;33m
[0;1;38:5:185m(conditional) Skip 'Skipping stage (if statement error: failed to run [ -e /oem/95_userdata ] && [ -f /run/.userdata_load ]: exit status 1)' stage name: Datasource handling.Run stages if userdata is found
Sep 15 15:21:14.719977 kairos-ab8b kairos-agent[1464]: 
[0;1;33m
[0;1;38:5:185m
[0;1;39m
[0;1;33m
[0;1;38:5:185m(conditional) Skip 'Skipping stage (if statement error: failed to run [ ! -e /oem/95_userdata ] && [ -f /run/.userdata_load ]: exit status 1)' stage name: Datasource handling.Remove userdata sentinel
Sep 15 15:21:14.720233 kairos-ab8b kairos-agent[1464]: 2026-09-15T15:21:14Z WRN (conditional) Skip 'Skipping stage (if statement error: failed to run [ ! -e /oem/95_userdata ] && [ -f /run/.userdata_load ]: exit status 1)' stage name: Datasource handling.Remove userdata sentinel
Sep 15 15:21:14.720233 kairos-ab8b kairos-agent[1464]: 2026-09-15T15:21:14Z INF Processing stage step 'Fix home directory permissions (kairos issue #2797).Fix home dir ownership'. ( commands: 1, files: 1, ... )
Sep 15 15:21:14.720164 kairos-ab8b kairos-agent[1464]: Processing stage step 'Fix home directory permissions (kairos issue #2797).Fix home dir ownership'. ( commands: 1, files: 1, ... )
Sep 15 15:21:14.720784 kairos-ab8b systemd[1]: Reached target Remote File Systems.
Sep 15 15:21:14.729695 kairos-ab8b systemd[1]: Starting Enable queuing for multipath maps...
Sep 15 15:21:14.731862 kairos-ab8b systemd[1]: TPM PCR Barrier (User) skipped, unmet condition check ConditionSecurity=measured-os
Sep 15 15:21:14.733254 kairos-ab8b kairos-agent[1464]: Running layout plugin
Sep 15 15:21:14.733345 kairos-ab8b systemd[1]: Starting Permit User Sessions...
Sep 15 15:21:14.734134 kairos-ab8b kairos-agent[1464]: 2026-09-15T15:21:14Z INF Running layout plugin
Sep 15 15:21:14.735528 kairos-ab8b kairos-agent[1464]: Processing stage step '/oem/95_userdata/userdata.yaml.0'. ( commands: 0, files: 0, ... )
Sep 15 15:21:14.735569 kairos-ab8b kairos-agent[1464]: 2026-09-15T15:21:14Z INF Processing stage step '/oem/95_userdata/userdata.yaml.0'. ( commands: 0, files: 0, ... )
Sep 15 15:21:14.735614 kairos-ab8b kairos-agent[1464]: Running layout plugin
Sep 15 15:21:14.735655 kairos-ab8b kairos-agent[1464]: 2026-09-15T15:21:14Z INF Running layout plugin
Sep 15 15:21:14.735699 kairos-ab8b kairos-agent[1464]: Done executing stage 'network'
Sep 15 15:21:14.735716 kairos-ab8b kairos-agent[1464]: 2026-09-15T15:21:14Z INF Done executing stage 'network'
Sep 15 15:21:14.735716 kairos-ab8b kairos-agent[1464]: 
Sep 15 15:21:14.735740 kairos-ab8b kairos-agent[1464]: 2026-09-15T15:21:14Z INF Running stage: network.after
Sep 15 15:21:14.735740 kairos-ab8b kairos-agent[1464]: 
Sep 15 15:21:14.735721 kairos-ab8b kairos-agent[1464]: Running stage: network.after
Sep 15 15:21:14.736163 kairos-ab8b systemd[1]: Finished Enable queuing for multipath maps.
Sep 15 15:21:14.740925 kairos-ab8b kairos-agent[1464]: Done executing stage 'network.after'
Sep 15 15:21:14.741141 kairos-ab8b kairos-agent[1464]: 2026-09-15T15:21:14Z INF Done executing stage 'network.after'
Sep 15 15:21:14.741141 kairos-ab8b kairos-agent[1464]: 
Sep 15 15:21:14.741141 kairos-ab8b kairos-agent[1464]: 2026-09-15T15:21:14Z INF Running stage: network.before
Sep 15 15:21:14.741141 kairos-ab8b kairos-agent[1464]: 
Sep 15 15:21:14.740973 kairos-ab8b kairos-agent[1464]: Running stage: network.before
Sep 15 15:21:14.742063 kairos-ab8b kairos-agent[1464]: Done executing stage 'network.before'
Sep 15 15:21:14.742343 kairos-ab8b kairos-agent[1464]: 2026-09-15T15:21:14Z INF Done executing stage 'network.before'
Sep 15 15:21:14.742343 kairos-ab8b kairos-agent[1464]: 
Sep 15 15:21:14.742375 kairos-ab8b kairos-agent[1464]: Running stage: network
Sep 15 15:21:14.742483 kairos-ab8b kairos-agent[1464]: Done executing stage 'network'
Sep 15 15:21:14.742603 kairos-ab8b kairos-agent[1464]: 2026-09-15T15:21:14Z INF Running stage: network
Sep 15 15:21:14.742603 kairos-ab8b kairos-agent[1464]: 
Sep 15 15:21:14.742603 kairos-ab8b kairos-agent[1464]: 2026-09-15T15:21:14Z INF Done executing stage 'network'
Sep 15 15:21:14.742603 kairos-ab8b kairos-agent[1464]: 
Sep 15 15:21:14.742603 kairos-ab8b kairos-agent[1464]: 2026-09-15T15:21:14Z INF Running stage: network.after
Sep 15 15:21:14.742603 kairos-ab8b kairos-agent[1464]: 
Sep 15 15:21:14.742498 kairos-ab8b kairos-agent[1464]: Running stage: network.after
Sep 15 15:21:14.742718 kairos-ab8b kairos-agent[1464]: 2026-09-15T15:21:14Z INF Done executing stage 'network.after'
Sep 15 15:21:14.742718 kairos-ab8b kairos-agent[1464]: 
Sep 15 15:21:14.742638 kairos-ab8b kairos-agent[1464]: Done executing stage 'network.after'
Sep 15 15:21:14.743719 kairos-ab8b systemd[1]: Finished Permit User Sessions.
Sep 15 15:21:14.745756 kairos-ab8b systemd[1]: Finished cOS setup after network.
Sep 15 15:21:14.750555 kairos-ab8b systemd[1]: Started Getty on tty1.
Sep 15 15:21:14.752913 kairos-ab8b systemd[1]: Started kairos agent.
Sep 15 15:21:14.755765 kairos-ab8b systemd[1]: Started Serial Getty on ttyS0.
Sep 15 15:21:14.758230 kairos-ab8b systemd[1]: Reached target Login Prompts.
Sep 15 15:21:14.759991 kairos-ab8b systemd[1]: Reached target Multi-User System.
Sep 15 15:21:14.764081 kairos-ab8b systemd[1]: Startup finished in 3.054s (kernel) + 12.018s (initrd) + 3.318s (userspace) = 18.391s.
Sep 15 15:21:14.769918 kairos-ab8b kairos-agent[1492]: warning: skipping /oem/95_userdata/userdata (extension).
Sep 15 15:21:14.775566 kairos-ab8b kairos-agent[1492]: WARNING: jsonschema: '' does not validate with file:///schema.json#/required: missing properties: 'users'
Sep 15 15:21:14.775733 kairos-ab8b kairos-agent[1492]: Kairos Agent
Sep 15 15:21:14.775790 kairos-ab8b kairos-agent[1492]: 2026-09-15T15:21:14Z INF Kairos Agent version=v4.3.0-rc3-5-g3b0005495
Sep 15 15:21:14.779272 kairos-ab8b kairos-agent[1492]: Boot Mode
Sep 15 15:21:14.779337 kairos-ab8b kairos-agent[1492]: 2026-09-15T15:21:14Z INF Boot Mode boot_mode=active_boot
Sep 15 15:21:14.779372 kairos-ab8b kairos-agent[1492]: Boot in uki mode
Sep 15 15:21:14.779397 kairos-ab8b kairos-agent[1492]: 2026-09-15T15:21:14Z INF Boot in uki mode result=false
Sep 15 15:21:14.781593 kairos-ab8b kairos-agent[1492]: warning: skipping /oem/95_userdata/userdata (extension).
Sep 15 15:21:14.787702 kairos-ab8b kairos-agent[1492]: WARNING: jsonschema: '' does not validate with file:///schema.json#/required: missing properties: 'users'
Sep 15 15:21:14.787765 kairos-ab8b kairos-agent[1492]: Kairos Agent
Sep 15 15:21:14.787807 kairos-ab8b kairos-agent[1492]: 2026-09-15T15:21:14Z INF Kairos Agent version=v4.3.0-rc3-5-g3b0005495
Sep 15 15:21:14.792071 kairos-ab8b kairos-agent[1492]: Boot Mode
Sep 15 15:21:14.792205 kairos-ab8b kairos-agent[1492]: Boot in uki mode
Sep 15 15:21:14.792467 kairos-ab8b kairos-agent[1492]: 2026-09-15T15:21:14Z INF Boot Mode boot_mode=active_boot
Sep 15 15:21:14.792467 kairos-ab8b kairos-agent[1492]: 2026-09-15T15:21:14Z INF Boot in uki mode result=false
Sep 15 15:21:14.811175 kairos-ab8b kairos-agent[1492]: [provider event: agent.bootstrap] no P2P or kubernetes configured
Sep 15 15:21:14.812471 kairos-ab8b systemd[1]: kairos-agent.service: Deactivated successfully.
Sep 15 15:21:16.534788 kairos-ab8b systemd-timesyncd[1277]: Contacted time server 216.239.35.0:123 (time1.google.com).
Sep 15 15:21:16.534862 kairos-ab8b systemd-timesyncd[1277]: Initial clock synchronization to Tue 2026-09-15 15:21:16.534573 UTC.
Sep 15 15:21:16.534885 kairos-ab8b systemd-resolved[1276]: Clock change detected. Flushing caches.
Sep 15 15:21:18.658257 kairos-ab8b login[1493]: pam_unix(login:session): session opened for user kairos(uid=1000) by (uid=0)
Sep 15 15:21:18.669434 kairos-ab8b systemd-logind[1346]: New session '1' of user 'kairos' with class 'user' and type 'tty'.
Sep 15 15:21:18.670178 kairos-ab8b systemd[1]: Created slice User Slice of UID 1000.
Sep 15 15:21:18.674148 kairos-ab8b systemd[1]: Starting User Runtime Directory /run/user/1000...
Sep 15 15:21:18.680697 kairos-ab8b systemd-user-runtime-dir[1514]: Successfully configured disk quota for UID 1000 on /dev/shm to 1.1G
Sep 15 15:21:18.682462 kairos-ab8b systemd[1]: Finished User Runtime Directory /run/user/1000.
Sep 15 15:21:18.683665 kairos-ab8b systemd[1]: Starting User Manager for UID 1000...
Sep 15 15:21:18.692614 kairos-ab8b [1516]: pam_unix(systemd-user:session): session opened for user kairos(uid=1000) by (uid=0)
Sep 15 15:21:18.693594 kairos-ab8b systemd-logind[1346]: New session 'c1' of user 'kairos' with class 'manager' and type 'unspecified'.
Sep 15 15:21:18.696101 kairos-ab8b systemd[1516]: 
[0;1;33m
[0;1;38:5:185m
[0;1;39m
[0;1;33m
[0;1;38:5:185mFailed to chase and open directory '/usr/local/lib/systemd/user.conf.d', ignoring: Permission denied
Sep 15 15:21:18.699400 kairos-ab8b systemd[1516]: 
[0;1;33m
[0;1;38:5:185m
[0;1;39m
[0;1;33m
[0;1;38:5:185mFailed to check if generator dir '/usr/local/lib/systemd/user-environment-generators' exists, assuming not: Permission denied
Sep 15 15:21:18.700060 kairos-ab8b systemd[1516]: 
[0;1;33m
[0;1;38:5:185m
[0;1;39m
[0;1;33m
[0;1;38:5:185mFailed to chase and open directory '/usr/local/lib/systemd/user-environment-generators', ignoring: Permission denied
Sep 15 15:21:18.702020 kairos-ab8b 30-systemd-environment-d-generator[1520]: 
[0;1;33m
[0;1;38:5:185m
[0;1;39m
[0;1;33m
[0;1;38:5:185mFailed to chase and open directory '/usr/local/lib/environment.d', ignoring: Permission denied
Sep 15 15:21:18.702384 kairos-ab8b systemd[1516]: 
[0;1;33m
[0;1;38:5:185m
[0;1;39m
[0;1;33m
[0;1;38:5:185mFailed to check if generator dir '/usr/local/lib/systemd/user-generators' exists, assuming not: Permission denied
Sep 15 15:21:18.702704 kairos-ab8b systemd[1516]: 
[0;1;33m
[0;1;38:5:185m
[0;1;39m
[0;1;33m
[0;1;38:5:185mFailed to chase and open directory '/usr/local/lib/systemd/user-generators', ignoring: Permission denied
Sep 15 15:21:18.719491 kairos-ab8b systemd[1516]: 
[0;1;33m
[0;1;38:5:185m
[0;1;39m
[0;1;33m
[0;1;38:5:185mFailed to resolve symlink /usr/local/lib/systemd/user, ignoring: Permission denied
Sep 15 15:21:18.719574 kairos-ab8b systemd[1516]: 
[0;1;33m
[0;1;38:5:185m
[0;1;39m
[0;1;33m
[0;1;38:5:185mFailed to open "/usr/local/lib/systemd/user", ignoring: Permission denied
Sep 15 15:21:18.777320 kairos-ab8b systemd[1516]: Queued start job for default target Main User Target.
Sep 15 15:21:18.785688 kairos-ab8b systemd[1516]: Created slice User Application Slice.
Sep 15 15:21:18.785760 kairos-ab8b systemd[1516]: Reached target Paths.
Sep 15 15:21:18.785880 kairos-ab8b systemd[1516]: Reached target Timers.
Sep 15 15:21:18.786611 kairos-ab8b systemd[1516]: Starting D-Bus User Message Bus Socket...
Sep 15 15:21:18.787887 kairos-ab8b systemd[1516]: Listening on Query the User Interactively for a Password.
Sep 15 15:21:18.788879 kairos-ab8b systemd[1516]: Listening on Journal Log Access Socket.
Sep 15 15:21:18.789003 kairos-ab8b systemd[1516]: Listening on Virtual Machine and Container Registration Service Socket.
Sep 15 15:21:18.790203 kairos-ab8b systemd[1516]: Listening on Simple File System Backed Storage Provider.
Sep 15 15:21:18.794158 kairos-ab8b systemd[1516]: Listening on D-Bus User Message Bus Socket.
Sep 15 15:21:18.794230 kairos-ab8b systemd[1516]: Reached target Sockets.
Sep 15 15:21:18.794299 kairos-ab8b systemd[1516]: Reached target Basic System.
Sep 15 15:21:18.794428 kairos-ab8b systemd[1]: Started User Manager for UID 1000.
Sep 15 15:21:18.795099 kairos-ab8b systemd[1516]: Reached target Main User Target.
Sep 15 15:21:18.795120 kairos-ab8b systemd[1516]: Startup finished in 99ms.
Sep 15 15:21:18.799174 kairos-ab8b systemd[1]: Started Session 1 of User kairos.
Sep 15 15:21:18.816211 kairos-ab8b login[1525]: 'kairos' logged in  on '/dev/ttyS0'
Sep 15 15:21:20.736199 kairos-ab8b sudo[1552]: 
[0;1;39m
[0;1;31m
[0;1;39m  kairos : TTY=ttyS0 ; PWD=/home/kairos ; USER=root ; COMMAND=/bin/sh -c 'echo BEGIN_"CHECK"; cat /proc/cmdline; echo ---SHIM---; dmesg | grep BLKIDSHIM; echo ---COUNT-ALL---; dmesg | grep -c BLKIDSHIM; echo ---COUNT-HELP---; dmesg | grep BLKIDSHIM | grep -c -- --help; echo ---MOUNTS---; findmnt -n -o TARGET,SOURCE,FSTYPE; echo ---PARTS---; lsblk -o NAME,LABEL,FSTYPE; echo END_"CHECK"'
Sep 15 15:21:20.736360 kairos-ab8b sudo[1552]: pam_unix(sudo:session): session opened for user root(uid=0) by kairos(uid=1000)
Sep 15 15:21:21.157485 kairos-ab8b kernel: 
[0;1;31m
[0;1;39m
[0;1;31mI/O error, dev fd0, sector 0 op 0x0:(READ) flags 0x0 phys_seg 1 prio class 2
Sep 15 15:21:21.157547 kairos-ab8b kernel: floppy: error 10 while reading block 0
Sep 15 15:21:21.185067 kairos-ab8b sudo[1552]: pam_unix(sudo:session): session closed for user root
Sep 15 15:21:21.224059 kairos-ab8b sudo[1575]: 
[0;1;39m
[0;1;31m
[0;1;39m  kairos : TTY=ttyS0 ; PWD=/home/kairos ; USER=root ; COMMAND=/bin/sh -c 'echo BEGIN_"IMMUCORE_LOG"; cat /run/immucore/immucore.log; echo END_"IMMUCORE_LOG"'
Sep 15 15:21:21.224218 kairos-ab8b sudo[1575]: pam_unix(sudo:session): session opened for user root(uid=0) by kairos(uid=1000)
Sep 15 15:21:25.296148 kairos-ab8b sudo[1575]: pam_unix(sudo:session): session closed for user root
Sep 15 15:21:25.336197 kairos-ab8b sudo[1591]: 
[0;1;39m
[0;1;31m
[0;1;39m  kairos : TTY=ttyS0 ; PWD=/home/kairos ; USER=root ; COMMAND=/bin/sh -c 'echo BEGIN_"JOURNAL"; journalctl -b --no-pager -o short-precise; echo END_"JOURNAL"'
Sep 15 15:21:25.336670 kairos-ab8b sudo[1591]: pam_unix(sudo:session): session opened for user root(uid=0) by kairos(uid=1000)
