Sep 15 15:31:56.876811 localhost kernel: 
[0;1;39m
[0;1;31m
[0;1;39mLinux version 7.1.3-hadron (root@buildkitsandbox) (gcc (GCC) 15.3.0, GNU ld (GNU Binutils) 2.46.1) #1 SMP PREEMPT_DYNAMIC Tue Jul  7 08:02:27 UTC 2026
Sep 15 15:31:56.876836 localhost kernel: Command line: cdroot root=live:CDLABEL=COS_LIVE rd.live.dir=/ rd.live.squashimg=rootfs.squashfs rd.live.overlay.overlayfs net.ifnames=1 console=tty1 console=ttyS0 kairos.ram kairos.ram.create_partitions nomodeset selinux=0 rd.immucore.debug ignore_loglevel
Sep 15 15:31:56.876844 localhost kernel: BIOS-provided physical RAM map:
Sep 15 15:31:56.876849 localhost kernel: BIOS-e820: [mem 0x0000000000000000-0x000000000009fbff]  System RAM
Sep 15 15:31:56.876854 localhost kernel: BIOS-e820: [mem 0x000000000009fc00-0x000000000009ffff]  device reserved
Sep 15 15:31:56.876858 localhost kernel: BIOS-e820: [gap 0x00000000000a0000-0x00000000000effff]
Sep 15 15:31:56.876864 localhost kernel: BIOS-e820: [mem 0x00000000000f0000-0x00000000000fffff]  device reserved
Sep 15 15:31:56.876868 localhost kernel: BIOS-e820: [mem 0x0000000000100000-0x00000000bffdcfff]  System RAM
Sep 15 15:31:56.876873 localhost kernel: BIOS-e820: [mem 0x00000000bffdd000-0x00000000bfffffff]  device reserved
Sep 15 15:31:56.876877 localhost kernel: BIOS-e820: [gap 0x00000000c0000000-0x00000000feffbfff]
Sep 15 15:31:56.876881 localhost kernel: BIOS-e820: [mem 0x00000000feffc000-0x00000000feffffff]  device reserved
Sep 15 15:31:56.876885 localhost kernel: BIOS-e820: [gap 0x00000000ff000000-0x00000000fffbffff]
Sep 15 15:31:56.876889 localhost kernel: BIOS-e820: [mem 0x00000000fffc0000-0x00000000ffffffff]  device reserved
Sep 15 15:31:56.876893 localhost kernel: BIOS-e820: [gap 0x0000000100000000-0x000000fcffffffff]
Sep 15 15:31:56.876899 localhost kernel: BIOS-e820: [mem 0x000000fd00000000-0x000000ffffffffff]  device reserved
Sep 15 15:31:56.876903 localhost kernel: printk: debug: ignoring loglevel setting.
Sep 15 15:31:56.876907 localhost kernel: NX (Execute Disable) protection: active
Sep 15 15:31:56.876911 localhost kernel: APIC: Static calls initialized
Sep 15 15:31:56.876915 localhost kernel: DMI: SMBIOS 3.0.0 present.
Sep 15 15:31:56.876919 localhost kernel: DMI: QEMU Ubuntu 24.04 PC v2 (i440FX + PIIX, arch_caps fix, 1996), BIOS 1.16.3-debian-1.16.3-2 04/01/2014
Sep 15 15:31:56.876923 localhost kernel: DMI: Memory slots populated: 1/1
Sep 15 15:31:56.876927 localhost kernel: Hypervisor detected: KVM
Sep 15 15:31:56.876931 localhost kernel: last_pfn = 0xbffdd max_arch_pfn = 0x400000000
Sep 15 15:31:56.876935 localhost kernel: kvm-clock: Using msrs 4b564d01 and 4b564d00
Sep 15 15:31:56.876939 localhost kernel: kvm-clock: using sched offset of 331124774 cycles
Sep 15 15:31:56.876944 localhost kernel: clocksource: kvm-clock: mask: 0xffffffffffffffff max_cycles: 0x1cd42e4dffb, max_idle_ns: 881590591483 ns
Sep 15 15:31:56.876949 localhost kernel: tsc: Detected 4291.916 MHz processor
Sep 15 15:31:56.876953 localhost kernel: 
[0;90m
[0;38:5:245m
[0;1;31m
[0;90m
[0;38:5:245me820: update [mem 0x00000000-0x00000fff] System RAM ==> device reserved
Sep 15 15:31:56.876959 localhost kernel: 
[0;90m
[0;38:5:245m
[0;1;31m
[0;90m
[0;38:5:245me820: remove [mem 0x000a0000-0x000fffff] System RAM
Sep 15 15:31:56.876963 localhost kernel: last_pfn = 0xbffdd max_arch_pfn = 0x400000000
Sep 15 15:31:56.876969 localhost kernel: MTRR map: 4 entries (3 fixed + 1 variable; max 19), built from 8 variable MTRRs
Sep 15 15:31:56.876973 localhost kernel: x86/PAT: Configuration [0-7]: WB  WC  UC- UC  WB  WP  UC- WT  
Sep 15 15:31:56.876978 localhost kernel: found SMP MP-table at [mem 0x000f5470-0x000f547f]
Sep 15 15:31:56.876983 localhost kernel: Using GB pages for direct mapping
Sep 15 15:31:56.876987 localhost kernel: RAMDISK: [mem 0xbc130000-0xbffcffff]
Sep 15 15:31:56.876992 localhost kernel: ACPI: Early table checksum verification disabled
Sep 15 15:31:56.877023 localhost kernel: ACPI: RSDP 0x00000000000F5280 000014 (v00 BOCHS )
Sep 15 15:31:56.877036 localhost kernel: ACPI: RSDT 0x00000000BFFE1CB3 000034 (v01 BOCHS  BXPC     00000001 BXPC 00000001)
Sep 15 15:31:56.877041 localhost kernel: ACPI: FACP 0x00000000BFFE1B5F 000074 (v01 BOCHS  BXPC     00000001 BXPC 00000001)
Sep 15 15:31:56.877049 localhost kernel: ACPI: DSDT 0x00000000BFFE0040 001B1F (v01 BOCHS  BXPC     00000001 BXPC 00000001)
Sep 15 15:31:56.877055 localhost kernel: ACPI: FACS 0x00000000BFFE0000 000040
Sep 15 15:31:56.877059 localhost kernel: ACPI: APIC 0x00000000BFFE1BD3 000080 (v03 BOCHS  BXPC     00000001 BXPC 00000001)
Sep 15 15:31:56.877065 localhost kernel: ACPI: HPET 0x00000000BFFE1C53 000038 (v01 BOCHS  BXPC     00000001 BXPC 00000001)
Sep 15 15:31:56.877069 localhost kernel: ACPI: WAET 0x00000000BFFE1C8B 000028 (v01 BOCHS  BXPC     00000001 BXPC 00000001)
Sep 15 15:31:56.877074 localhost kernel: ACPI: Reserving FACP table memory at [mem 0xbffe1b5f-0xbffe1bd2]
Sep 15 15:31:56.877078 localhost kernel: ACPI: Reserving DSDT table memory at [mem 0xbffe0040-0xbffe1b5e]
Sep 15 15:31:56.877083 localhost kernel: ACPI: Reserving FACS table memory at [mem 0xbffe0000-0xbffe003f]
Sep 15 15:31:56.877087 localhost kernel: ACPI: Reserving APIC table memory at [mem 0xbffe1bd3-0xbffe1c52]
Sep 15 15:31:56.877092 localhost kernel: ACPI: Reserving HPET table memory at [mem 0xbffe1c53-0xbffe1c8a]
Sep 15 15:31:56.877096 localhost kernel: ACPI: Reserving WAET table memory at [mem 0xbffe1c8b-0xbffe1cb2]
Sep 15 15:31:56.877100 localhost kernel: No NUMA configuration found
Sep 15 15:31:56.877105 localhost kernel: Faking a node at [mem 0x0000000000000000-0x00000000bffdcfff]
Sep 15 15:31:56.877110 localhost kernel: NODE_DATA(0) allocated [mem 0xbc104f80-0xbc12ffff]
Sep 15 15:31:56.877115 localhost kernel: ACPI: PM-Timer IO Port: 0x608
Sep 15 15:31:56.877119 localhost kernel: ACPI: LAPIC_NMI (acpi_id[0xff] dfl dfl lint[0x1])
Sep 15 15:31:56.877124 localhost kernel: IOAPIC[0]: apic_id 0, version 17, address 0xfec00000, GSI 0-23
Sep 15 15:31:56.877128 localhost kernel: ACPI: INT_SRC_OVR (bus 0 bus_irq 0 global_irq 2 dfl dfl)
Sep 15 15:31:56.877133 localhost kernel: ACPI: INT_SRC_OVR (bus 0 bus_irq 5 global_irq 5 high level)
Sep 15 15:31:56.877137 localhost kernel: ACPI: INT_SRC_OVR (bus 0 bus_irq 9 global_irq 9 high level)
Sep 15 15:31:56.877142 localhost kernel: ACPI: INT_SRC_OVR (bus 0 bus_irq 10 global_irq 10 high level)
Sep 15 15:31:56.877147 localhost kernel: ACPI: INT_SRC_OVR (bus 0 bus_irq 11 global_irq 11 high level)
Sep 15 15:31:56.877151 localhost kernel: ACPI: Using ACPI (MADT) for SMP configuration information
Sep 15 15:31:56.877156 localhost kernel: ACPI: HPET id: 0x8086a201 base: 0xfed00000
Sep 15 15:31:56.877160 localhost kernel: TSC deadline timer available
Sep 15 15:31:56.877165 localhost kernel: CPU topo: Max. logical packages:   1
Sep 15 15:31:56.877169 localhost kernel: CPU topo: Max. logical nodes:      1
Sep 15 15:31:56.877173 localhost kernel: CPU topo: Num. nodes per package:  1
Sep 15 15:31:56.877177 localhost kernel: CPU topo: Max. logical dies:       1
Sep 15 15:31:56.877182 localhost kernel: CPU topo: Max. dies per package:   1
Sep 15 15:31:56.877186 localhost kernel: CPU topo: Max. threads per core:   1
Sep 15 15:31:56.877191 localhost kernel: CPU topo: Num. cores per package:     2
Sep 15 15:31:56.877196 localhost kernel: CPU topo: Num. threads per package:   2
Sep 15 15:31:56.877200 localhost kernel: CPU topo: Allowing 2 present CPUs plus 0 hotplug CPUs
Sep 15 15:31:56.877204 localhost kernel: kvm-guest: APIC: eoi() replaced with kvm_guest_apic_eoi_write()
Sep 15 15:31:56.877209 localhost kernel: kvm-guest: KVM setup pv remote TLB flush
Sep 15 15:31:56.877213 localhost kernel: kvm-guest: setup PV sched yield
Sep 15 15:31:56.877218 localhost kernel: PM: hibernation: Registered nosave memory: [mem 0x00000000-0x00000fff]
Sep 15 15:31:56.877222 localhost kernel: PM: hibernation: Registered nosave memory: [mem 0x0009f000-0x000fffff]
Sep 15 15:31:56.877227 localhost kernel: [gap 0xc0000000-0xfeffbfff] available for PCI devices
Sep 15 15:31:56.877232 localhost kernel: Booting paravirtualized kernel on KVM
Sep 15 15:31:56.877237 localhost kernel: clocksource: refined-jiffies: mask: 0xffffffff max_cycles: 0xffffffff, max_idle_ns: 1910969940391419 ns
Sep 15 15:31:56.877242 localhost kernel: Zone ranges:
Sep 15 15:31:56.877246 localhost kernel:   DMA      [mem 0x0000000000001000-0x0000000000ffffff]
Sep 15 15:31:56.877251 localhost kernel:   DMA32    [mem 0x0000000001000000-0x00000000bffdcfff]
Sep 15 15:31:56.877255 localhost kernel:   Normal   empty
Sep 15 15:31:56.877260 localhost kernel:   Device   empty
Sep 15 15:31:56.877264 localhost kernel: Movable zone start for each node
Sep 15 15:31:56.877269 localhost kernel: Early memory node ranges
Sep 15 15:31:56.877273 localhost kernel:   node   0: [mem 0x0000000000001000-0x000000000009efff]
Sep 15 15:31:56.877278 localhost kernel:   node   0: [mem 0x0000000000100000-0x00000000bffdcfff]
Sep 15 15:31:56.877283 localhost kernel: Initmem setup node 0 [mem 0x0000000000001000-0x00000000bffdcfff]
Sep 15 15:31:56.877287 localhost kernel: On node 0, zone DMA: 1 pages in unavailable ranges
Sep 15 15:31:56.877292 localhost kernel: On node 0, zone DMA: 97 pages in unavailable ranges
Sep 15 15:31:56.877296 localhost kernel: On node 0, zone DMA32: 35 pages in unavailable ranges
Sep 15 15:31:56.877301 localhost kernel: setup_percpu: NR_CPUS:8192 nr_cpumask_bits:2 nr_cpu_ids:2 nr_node_ids:1
Sep 15 15:31:56.877305 localhost kernel: percpu: Embedded 84 pages/cpu s221184 r8192 d114688 u1048576
Sep 15 15:31:56.877310 localhost kernel: 
[0;90m
[0;38:5:245m
[0;1;31m
[0;90m
[0;38:5:245mpcpu-alloc: s221184 r8192 d114688 u1048576 alloc=1*2097152
Sep 15 15:31:56.877314 localhost kernel: 
[0;90m
[0;38:5:245m
[0;1;31m
[0;90m
[0;38:5:245mpcpu-alloc: [0] 0 1 
Sep 15 15:31:56.877319 localhost kernel: kvm-guest: PV spinlocks enabled
Sep 15 15:31:56.877324 localhost kernel: PV qspinlock hash table entries: 256 (order: 0, 4096 bytes, linear)
Sep 15 15:31:56.877329 localhost kernel: 
[0;1;39m
[0;1;31m
[0;1;39mKernel command line: cdroot root=live:CDLABEL=COS_LIVE rd.live.dir=/ rd.live.squashimg=rootfs.squashfs rd.live.overlay.overlayfs net.ifnames=1 console=tty1 console=ttyS0 kairos.ram kairos.ram.create_partitions nomodeset selinux=0 rd.immucore.debug ignore_loglevel
Sep 15 15:31:56.877334 localhost kernel: 
[0;1;33m
[0;1;38:5:185m
[0;1;39m
[0;1;33m
[0;1;38:5:185mBooted with the nomodeset parameter. Only the system framebuffer will be available
Sep 15 15:31:56.877339 localhost kernel: 
[0;1;39m
[0;1;31m
[0;1;39mUnknown kernel command line parameters "cdroot", will be passed to user space.
Sep 15 15:31:56.877343 localhost kernel: 
[0;1;39m
[0;1;31m
[0;1;39mrandom: crng init done
Sep 15 15:31:56.877348 localhost kernel: printk: log buffer data + meta data: 262144 + 1114112 = 1376256 bytes
Sep 15 15:31:56.877353 localhost kernel: Dentry cache hash table entries: 524288 (order: 10, 4194304 bytes, linear)
Sep 15 15:31:56.877358 localhost kernel: Inode-cache hash table entries: 262144 (order: 9, 2097152 bytes, linear)
Sep 15 15:31:56.877362 localhost kernel: Fallback order for Node 0: 0 
Sep 15 15:31:56.877367 localhost kernel: Built 1 zonelists, mobility grouping on.  Total pages: 786299
Sep 15 15:31:56.877371 localhost kernel: Policy zone: DMA32
Sep 15 15:31:56.877376 localhost kernel: mem auto-init: stack:all(zero), heap alloc:on, heap free:off
Sep 15 15:31:56.877380 localhost kernel: SLUB: HWalign=64, Order=0-3, MinObjects=0, CPUs=2, Nodes=1
Sep 15 15:31:56.877385 localhost kernel: ftrace: allocating 63540 entries in 250 pages
Sep 15 15:31:56.877402 localhost kernel: ftrace: allocated 250 pages with 6 groups
Sep 15 15:31:56.877410 localhost kernel: Dynamic Preempt: lazy
Sep 15 15:31:56.877417 localhost kernel: rcu: Preemptible hierarchical RCU implementation.
Sep 15 15:31:56.877422 localhost kernel: rcu:         RCU event tracing is enabled.
Sep 15 15:31:56.877427 localhost kernel: rcu:         RCU restricting CPUs from NR_CPUS=8192 to nr_cpu_ids=2.
Sep 15 15:31:56.877434 localhost kernel:         Trampoline variant of Tasks RCU enabled.
Sep 15 15:31:56.877439 localhost kernel:         Rude variant of Tasks RCU enabled.
Sep 15 15:31:56.877443 localhost kernel:         Tracing variant of Tasks RCU enabled.
Sep 15 15:31:56.877448 localhost kernel: rcu: RCU calculated value of scheduler-enlistment delay is 100 jiffies.
Sep 15 15:31:56.877453 localhost kernel: rcu: Adjusting geometry for rcu_fanout_leaf=16, nr_cpu_ids=2
Sep 15 15:31:56.877458 localhost kernel: RCU Tasks: Setting shift to 1 and lim to 1 rcu_task_cb_adjust=1 rcu_task_cpu_ids=2.
Sep 15 15:31:56.877462 localhost kernel: RCU Tasks Rude: Setting shift to 1 and lim to 1 rcu_task_cb_adjust=1 rcu_task_cpu_ids=2.
Sep 15 15:31:56.877467 localhost kernel: NR_IRQS: 524544, nr_irqs: 440, preallocated irqs: 16
Sep 15 15:31:56.877472 localhost kernel: rcu: srcu_init: Setting srcu_struct sizes based on contention.
Sep 15 15:31:56.877477 localhost kernel: kfence: initialized - using 2097152 bytes for 255 objects at 0x(____ptrval____)-0x(____ptrval____)
Sep 15 15:31:56.877482 localhost kernel: Console: colour VGA+ 80x25
Sep 15 15:31:56.877486 localhost kernel: printk: legacy console [tty1] enabled
Sep 15 15:31:56.877491 localhost kernel: printk: legacy console [ttyS0] enabled
Sep 15 15:31:56.877495 localhost kernel: ACPI: Core revision 20251212
Sep 15 15:31:56.877500 localhost kernel: clocksource: hpet: mask: 0xffffffff max_cycles: 0xffffffff, max_idle_ns: 19112604467 ns
Sep 15 15:31:56.877505 localhost kernel: APIC: Switch to symmetric I/O mode setup
Sep 15 15:31:56.877510 localhost kernel: x2apic enabled
Sep 15 15:31:56.877514 localhost kernel: APIC: Switched APIC routing to: physical x2apic
Sep 15 15:31:56.877519 localhost kernel: kvm-guest: APIC: send_IPI_mask() replaced with kvm_send_ipi_mask()
Sep 15 15:31:56.877523 localhost kernel: kvm-guest: APIC: send_IPI_mask_allbutself() replaced with kvm_send_ipi_mask_allbutself()
Sep 15 15:31:56.877528 localhost kernel: kvm-guest: setup PV IPIs
Sep 15 15:31:56.877532 localhost kernel: ..TIMER: vector=0x30 apic1=0 pin1=2 apic2=-1 pin2=-1
Sep 15 15:31:56.877537 localhost kernel: clocksource: tsc-early: mask: 0xffffffffffffffff max_cycles: 0x3ddd8f89348, max_idle_ns: 440795423566 ns
Sep 15 15:31:56.877542 localhost kernel: Calibrating delay loop (skipped) preset value.. 8583.83 BogoMIPS (lpj=4291916)
Sep 15 15:31:56.877547 localhost kernel: 
[0;1;31m
[0;1;39m
[0;1;31mRDSEED32 is broken. Disabling the corresponding CPUID bit.
Sep 15 15:31:56.877553 localhost kernel: x86/cpu: User Mode Instruction Prevention (UMIP) activated
Sep 15 15:31:56.877558 localhost kernel: Last level iTLB entries: 4KB 512, 2MB 255, 4MB 127
Sep 15 15:31:56.877562 localhost kernel: Last level dTLB entries: 4KB 512, 2MB 255, 4MB 127, 1GB 0
Sep 15 15:31:56.877567 localhost kernel: mitigations: Enabled attack vectors: user_kernel, user_user, guest_host, guest_guest, SMT mitigations: auto
Sep 15 15:31:56.877571 localhost kernel: Speculative Store Bypass: Mitigation: Speculative Store Bypass disabled via prctl
Sep 15 15:31:56.877576 localhost kernel: Spectre V2 : Mitigation: Enhanced / Automatic IBRS
Sep 15 15:31:56.877581 localhost kernel: Speculative Return Stack Overflow: Mitigation: IBPB on VMEXIT only
Sep 15 15:31:56.877586 localhost kernel: Spectre V1 : Mitigation: usercopy/swapgs barriers and __user pointer sanitization
Sep 15 15:31:56.877590 localhost kernel: Spectre V2 : mitigation: Enabling conditional Indirect Branch Prediction Barrier
Sep 15 15:31:56.877595 localhost kernel: x86/fpu: Supporting XSAVE feature 0x001: 'x87 floating point registers'
Sep 15 15:31:56.877599 localhost kernel: x86/fpu: Supporting XSAVE feature 0x002: 'SSE registers'
Sep 15 15:31:56.877604 localhost kernel: x86/fpu: Supporting XSAVE feature 0x004: 'AVX registers'
Sep 15 15:31:56.877608 localhost kernel: x86/fpu: Supporting XSAVE feature 0x020: 'AVX-512 opmask'
Sep 15 15:31:56.877613 localhost kernel: x86/fpu: Supporting XSAVE feature 0x040: 'AVX-512 Hi256'
Sep 15 15:31:56.877617 localhost kernel: x86/fpu: Supporting XSAVE feature 0x080: 'AVX-512 ZMM_Hi256'
Sep 15 15:31:56.877622 localhost kernel: x86/fpu: Supporting XSAVE feature 0x200: 'Protection Keys User registers'
Sep 15 15:31:56.877627 localhost kernel: x86/fpu: xstate_offset[2]:  576, xstate_sizes[2]:  256
Sep 15 15:31:56.877632 localhost kernel: x86/fpu: xstate_offset[5]:  832, xstate_sizes[5]:   64
Sep 15 15:31:56.877636 localhost kernel: x86/fpu: xstate_offset[6]:  896, xstate_sizes[6]:  512
Sep 15 15:31:56.877640 localhost kernel: x86/fpu: xstate_offset[7]: 1408, xstate_sizes[7]: 1024
Sep 15 15:31:56.877645 localhost kernel: x86/fpu: xstate_offset[9]: 2432, xstate_sizes[9]:    8
Sep 15 15:31:56.877650 localhost kernel: x86/fpu: Enabled xstate features 0x2e7, context size is 2440 bytes, using 'compacted' format.
Sep 15 15:31:56.877654 localhost kernel: pid_max: default: 32768 minimum: 301
Sep 15 15:31:56.877659 localhost kernel: Yama: becoming mindful.
Sep 15 15:31:56.877711 localhost kernel: LSM support for eBPF active
Sep 15 15:31:56.877717 localhost kernel: landlock: Up and running.
Sep 15 15:31:56.877722 localhost kernel: Mount-cache hash table entries: 8192 (order: 4, 65536 bytes, linear)
Sep 15 15:31:56.877727 localhost kernel: Mountpoint-cache hash table entries: 8192 (order: 4, 65536 bytes, linear)
Sep 15 15:31:56.877731 localhost kernel: VFS: Finished mounting rootfs on nullfs
Sep 15 15:31:56.877736 localhost kernel: smpboot: CPU0: AMD Ryzen 9 9950X3D 16-Core Processor (family: 0x1a, model: 0x44, stepping: 0x0)
Sep 15 15:31:56.877741 localhost kernel: Performance Events: Fam17h+ core perfctr, AMD PMU driver.
Sep 15 15:31:56.877745 localhost kernel: ... version:                   0
Sep 15 15:31:56.877752 localhost kernel: ... bit width:                 48
Sep 15 15:31:56.877756 localhost kernel: ... generic counters:          6
Sep 15 15:31:56.877761 localhost kernel: ... generic bitmap:            000000000000003f
Sep 15 15:31:56.877766 localhost kernel: ... fixed-purpose counters:    0
Sep 15 15:31:56.877770 localhost kernel: ... fixed-purpose bitmap:      0000000000000000
Sep 15 15:31:56.877775 localhost kernel: ... value mask:                0000ffffffffffff
Sep 15 15:31:56.877779 localhost kernel: ... max period:                00007fffffffffff
Sep 15 15:31:56.877784 localhost kernel: ... global_ctrl mask:          000000000000003f
Sep 15 15:31:56.877788 localhost kernel: signal: max sigframe size: 3376
Sep 15 15:31:56.877793 localhost kernel: rcu: Hierarchical SRCU implementation.
Sep 15 15:31:56.877798 localhost kernel: rcu:         Max phase no-delay instances is 400.
Sep 15 15:31:56.877803 localhost kernel: Timer migration: 1 hierarchy levels; 8 children per group; 1 crossnode level
Sep 15 15:31:56.877808 localhost kernel: smp: Bringing up secondary CPUs ...
Sep 15 15:31:56.877812 localhost kernel: smpboot: x86: Booting SMP configuration:
Sep 15 15:31:56.877817 localhost kernel: .... node  #0, CPUs:      #1
Sep 15 15:31:56.877821 localhost kernel: smp: Brought up 1 node, 2 CPUs
Sep 15 15:31:56.877826 localhost kernel: smpboot: Total of 2 processors activated (17167.66 BogoMIPS)
Sep 15 15:31:56.877831 localhost kernel: Memory: 2954728K/3145196K available (22615K kernel code, 4720K rwdata, 11396K rodata, 5212K init, 5636K bss, 182784K reserved, 0K cma-reserved)
Sep 15 15:31:56.877836 localhost kernel: devtmpfs: initialized
Sep 15 15:31:56.877840 localhost kernel: x86/mm: Memory block size: 128MB
Sep 15 15:31:56.877845 localhost kernel: clocksource: jiffies: mask: 0xffffffff max_cycles: 0xffffffff, max_idle_ns: 1911260446275000 ns
Sep 15 15:31:56.877849 localhost kernel: posixtimers hash table entries: 1024 (order: 2, 16384 bytes, linear)
Sep 15 15:31:56.877854 localhost kernel: futex hash table entries: 512 (32768 bytes on 1 NUMA nodes, total 32 KiB, linear).
Sep 15 15:31:56.877859 localhost kernel: xor: automatically using best checksumming function   avx       
Sep 15 15:31:56.877863 localhost kernel: PM: RTC time: 15:31:52, date: 2026-09-15
Sep 15 15:31:56.877868 localhost kernel: NET: Registered PF_NETLINK/PF_ROUTE protocol family
Sep 15 15:31:56.877873 localhost kernel: DMA: preallocated 512 KiB GFP_KERNEL|GFP_DMA pool for atomic allocations
Sep 15 15:31:56.877877 localhost kernel: DMA: preallocated 512 KiB GFP_KERNEL|GFP_DMA32 pool for atomic allocations
Sep 15 15:31:56.877882 localhost kernel: audit: initializing netlink subsys (disabled)
Sep 15 15:31:56.877886 localhost kernel: 
[0;1;39m
[0;1;31m
[0;1;39maudit: type=2000 audit(1789486312.099:1): state=initialized audit_enabled=0 res=1
Sep 15 15:31:56.877891 localhost kernel: thermal_sys: Registered thermal governor 'fair_share'
Sep 15 15:31:56.877896 localhost kernel: thermal_sys: Registered thermal governor 'bang_bang'
Sep 15 15:31:56.877900 localhost kernel: thermal_sys: Registered thermal governor 'step_wise'
Sep 15 15:31:56.877905 localhost kernel: thermal_sys: Registered thermal governor 'user_space'
Sep 15 15:31:56.877911 localhost kernel: cpuidle: using governor menu
Sep 15 15:31:56.877926 localhost kernel: Freeing SMP alternatives memory: 56K
Sep 15 15:31:56.877943 localhost kernel: acpiphp: ACPI Hot Plug PCI Controller Driver version: 0.5
Sep 15 15:31:56.877951 localhost kernel: PCI: Using configuration type 1 for base access
Sep 15 15:31:56.877956 localhost kernel: PCI: Using configuration type 1 for extended access
Sep 15 15:31:56.877961 localhost kernel: 
[0;1;31m
[0;1;39m
[0;1;31mvirt/tdx: TDX not supported by the host platform
Sep 15 15:31:56.877966 localhost kernel: kprobes: kprobe jump-optimization is enabled. All kprobes are optimized if possible.
Sep 15 15:31:56.877971 localhost kernel: HugeTLB: registered 1.00 GiB page size, pre-allocated 0 pages
Sep 15 15:31:56.877976 localhost kernel: HugeTLB: 16380 KiB vmemmap can be freed for a 1.00 GiB page
Sep 15 15:31:56.877982 localhost kernel: HugeTLB: registered 2.00 MiB page size, pre-allocated 0 pages
Sep 15 15:31:56.877987 localhost kernel: HugeTLB: 28 KiB vmemmap can be freed for a 2.00 MiB page
Sep 15 15:31:56.877992 localhost kernel: raid6: skipped pq benchmark and selected avx512x4
Sep 15 15:31:56.878021 localhost kernel: raid6: using avx512x2 recovery algorithm
Sep 15 15:31:56.878034 localhost kernel: ACPI: Added _OSI(Module Device)
Sep 15 15:31:56.878039 localhost kernel: ACPI: Added _OSI(Processor Device)
Sep 15 15:31:56.878044 localhost kernel: ACPI: Added _OSI(Processor Aggregator Device)
Sep 15 15:31:56.878048 localhost kernel: ACPI: 1 ACPI AML tables successfully acquired and loaded
Sep 15 15:31:56.878053 localhost kernel: ACPI: \_SB_: platform _OSC: OS support mask [006e7eff]
Sep 15 15:31:56.878060 localhost kernel: ACPI: Interpreter enabled
Sep 15 15:31:56.878065 localhost kernel: ACPI: PM: (supports S0 S3 S4 S5)
Sep 15 15:31:56.878069 localhost kernel: ACPI: Using IOAPIC for interrupt routing
Sep 15 15:31:56.878074 localhost kernel: PCI: Using host bridge windows from ACPI; if necessary, use "pci=nocrs" and report a bug
Sep 15 15:31:56.878079 localhost kernel: PCI: Using E820 reservations for host bridge windows
Sep 15 15:31:56.878084 localhost kernel: ACPI: Enabled 2 GPEs in block 00 to 0F
Sep 15 15:31:56.878088 localhost kernel: ACPI: PCI Root Bridge [PCI0] (domain 0000 [bus 00-ff])
Sep 15 15:31:56.878206 localhost kernel: acpi PNP0A03:00: _OSC: OS supports [ExtendedConfig ASPM ClockPM Segments MSI EDR HPX-Type3]
Sep 15 15:31:56.878261 localhost kernel: acpi PNP0A03:00: _OSC: OS requested [PCIeHotplug SHPCHotplug PME AER PCIeCapability LTR DPC]
Sep 15 15:31:56.878306 localhost kernel: acpi PNP0A03:00: _OSC: platform willing to grant [PCIeHotplug SHPCHotplug PME AER PCIeCapability LTR DPC]
Sep 15 15:31:56.878349 localhost kernel: acpi PNP0A03:00: _OSC: platform retains control of PCIe features (AE_ERROR)
Sep 15 15:31:56.878355 localhost kernel: acpiphp: Slot [3] registered
Sep 15 15:31:56.878359 localhost kernel: acpiphp: Slot [4] registered
Sep 15 15:31:56.878366 localhost kernel: acpiphp: Slot [5] registered
Sep 15 15:31:56.878372 localhost kernel: acpiphp: Slot [6] registered
Sep 15 15:31:56.878394 localhost kernel: acpiphp: Slot [7] registered
Sep 15 15:31:56.878433 localhost kernel: acpiphp: Slot [8] registered
Sep 15 15:31:56.878440 localhost kernel: acpiphp: Slot [9] registered
Sep 15 15:31:56.878445 localhost kernel: acpiphp: Slot [10] registered
Sep 15 15:31:56.878450 localhost kernel: acpiphp: Slot [11] registered
Sep 15 15:31:56.878454 localhost kernel: acpiphp: Slot [12] registered
Sep 15 15:31:56.878459 localhost kernel: acpiphp: Slot [13] registered
Sep 15 15:31:56.878464 localhost kernel: acpiphp: Slot [14] registered
Sep 15 15:31:56.878468 localhost kernel: acpiphp: Slot [15] registered
Sep 15 15:31:56.878473 localhost kernel: acpiphp: Slot [16] registered
Sep 15 15:31:56.878478 localhost kernel: acpiphp: Slot [17] registered
Sep 15 15:31:56.878482 localhost kernel: acpiphp: Slot [18] registered
Sep 15 15:31:56.878487 localhost kernel: acpiphp: Slot [19] registered
Sep 15 15:31:56.878491 localhost kernel: acpiphp: Slot [20] registered
Sep 15 15:31:56.878496 localhost kernel: acpiphp: Slot [21] registered
Sep 15 15:31:56.878500 localhost kernel: acpiphp: Slot [22] registered
Sep 15 15:31:56.878505 localhost kernel: acpiphp: Slot [23] registered
Sep 15 15:31:56.878509 localhost kernel: acpiphp: Slot [24] registered
Sep 15 15:31:56.878514 localhost kernel: acpiphp: Slot [25] registered
Sep 15 15:31:56.878518 localhost kernel: acpiphp: Slot [26] registered
Sep 15 15:31:56.878523 localhost kernel: acpiphp: Slot [27] registered
Sep 15 15:31:56.878528 localhost kernel: acpiphp: Slot [28] registered
Sep 15 15:31:56.878532 localhost kernel: acpiphp: Slot [29] registered
Sep 15 15:31:56.878537 localhost kernel: acpiphp: Slot [30] registered
Sep 15 15:31:56.878541 localhost kernel: acpiphp: Slot [31] registered
Sep 15 15:31:56.878546 localhost kernel: PCI host bridge to bus 0000:00
Sep 15 15:31:56.878639 localhost kernel: pci_bus 0000:00: root bus resource [io  0x0000-0x0cf7 window]
Sep 15 15:31:56.878757 localhost kernel: pci_bus 0000:00: root bus resource [io  0x0d00-0xffff window]
Sep 15 15:31:56.878814 localhost kernel: pci_bus 0000:00: root bus resource [mem 0x000a0000-0x000bffff window]
Sep 15 15:31:56.878854 localhost kernel: pci_bus 0000:00: root bus resource [mem 0xc0000000-0xfebfffff window]
Sep 15 15:31:56.878894 localhost kernel: pci_bus 0000:00: root bus resource [mem 0x100000000-0x17fffffff window]
Sep 15 15:31:56.878932 localhost kernel: pci_bus 0000:00: root bus resource [bus 00-ff]
Sep 15 15:31:56.879024 localhost kernel: pci 0000:00:00.0: [8086:1237] type 00 class 0x060000 conventional PCI endpoint
Sep 15 15:31:56.879124 localhost kernel: pci 0000:00:01.0: [8086:7000] type 00 class 0x060100 conventional PCI endpoint
Sep 15 15:31:56.879183 localhost kernel: pci 0000:00:01.1: [8086:7010] type 00 class 0x010180 conventional PCI endpoint
Sep 15 15:31:56.879231 localhost kernel: pci 0000:00:01.1: BAR 4 [io  0xc0c0-0xc0cf]
Sep 15 15:31:56.879280 localhost kernel: pci 0000:00:01.1: BAR 0 [io  0x01f0-0x01f7]: legacy IDE quirk
Sep 15 15:31:56.879326 localhost kernel: pci 0000:00:01.1: BAR 1 [io  0x03f6]: legacy IDE quirk
Sep 15 15:31:56.879373 localhost kernel: pci 0000:00:01.1: BAR 2 [io  0x0170-0x0177]: legacy IDE quirk
Sep 15 15:31:56.879461 localhost kernel: pci 0000:00:01.1: BAR 3 [io  0x0376]: legacy IDE quirk
Sep 15 15:31:56.879525 localhost kernel: pci 0000:00:01.3: [8086:7113] type 00 class 0x068000 conventional PCI endpoint
Sep 15 15:31:56.879573 localhost kernel: pci 0000:00:01.3: quirk: [io  0x0600-0x063f] claimed by PIIX4 ACPI
Sep 15 15:31:56.879619 localhost kernel: pci 0000:00:01.3: quirk: [io  0x0700-0x070f] claimed by PIIX4 SMB
Sep 15 15:31:56.879736 localhost kernel: pci 0000:00:02.0: [1234:1111] type 00 class 0x030000 conventional PCI endpoint
Sep 15 15:31:56.879805 localhost kernel: pci 0000:00:02.0: BAR 0 [mem 0xfd000000-0xfdffffff pref]
Sep 15 15:31:56.879852 localhost kernel: pci 0000:00:02.0: BAR 2 [mem 0xfebb0000-0xfebb0fff]
Sep 15 15:31:56.879898 localhost kernel: pci 0000:00:02.0: ROM [mem 0xfeba0000-0xfebaffff pref]
Sep 15 15:31:56.879943 localhost kernel: pci 0000:00:02.0: Video device with shadowed ROM at [mem 0x000c0000-0x000dffff]
Sep 15 15:31:56.879993 localhost kernel: pci 0000:00:03.0: [8086:100e] type 00 class 0x020000 conventional PCI endpoint
Sep 15 15:31:56.880109 localhost kernel: pci 0000:00:03.0: BAR 0 [mem 0xfeb80000-0xfeb9ffff]
Sep 15 15:31:56.880157 localhost kernel: pci 0000:00:03.0: BAR 1 [io  0xc080-0xc0bf]
Sep 15 15:31:56.880202 localhost kernel: pci 0000:00:03.0: ROM [mem 0xfeb00000-0xfeb7ffff pref]
Sep 15 15:31:56.880255 localhost kernel: pci 0000:00:04.0: [1af4:1001] type 00 class 0x010000 conventional PCI endpoint
Sep 15 15:31:56.880302 localhost kernel: pci 0000:00:04.0: BAR 0 [io  0xc000-0xc07f]
Sep 15 15:31:56.880393 localhost kernel: pci 0000:00:04.0: BAR 1 [mem 0xfebb1000-0xfebb1fff]
Sep 15 15:31:56.880482 localhost kernel: pci 0000:00:04.0: BAR 4 [mem 0xfe000000-0xfe003fff 64bit pref]
Sep 15 15:31:56.880491 localhost kernel: ACPI: PCI: Interrupt link LNKA configured for IRQ 10
Sep 15 15:31:56.880496 localhost kernel: ACPI: PCI: Interrupt link LNKB configured for IRQ 10
Sep 15 15:31:56.880501 localhost kernel: ACPI: PCI: Interrupt link LNKC configured for IRQ 11
Sep 15 15:31:56.880505 localhost kernel: ACPI: PCI: Interrupt link LNKD configured for IRQ 11
Sep 15 15:31:56.880510 localhost kernel: ACPI: PCI: Interrupt link LNKS configured for IRQ 9
Sep 15 15:31:56.880515 localhost kernel: iommu: Default domain type: Translated
Sep 15 15:31:56.880519 localhost kernel: iommu: DMA domain TLB invalidation policy: lazy mode
Sep 15 15:31:56.880524 localhost kernel: 
[0;1;39m
[0;1;31m
[0;1;39mSCSI subsystem initialized
Sep 15 15:31:56.880529 localhost kernel: 
[0;90m
[0;38:5:245m
[0;1;31m
[0;90m
[0;38:5:245mlibata version 3.00 loaded.
Sep 15 15:31:56.880534 localhost kernel: ACPI: bus type USB registered
Sep 15 15:31:56.880539 localhost kernel: usbcore: registered new interface driver usbfs
Sep 15 15:31:56.880544 localhost kernel: usbcore: registered new interface driver hub
Sep 15 15:31:56.880548 localhost kernel: usbcore: registered new device driver usb
Sep 15 15:31:56.880553 localhost kernel: pps_core: LinuxPPS API ver. 1 registered
Sep 15 15:31:56.880558 localhost kernel: pps_core: Software ver. 5.3.6 - Copyright 2005-2007 Rodolfo Giometti <giometti@linux.it>
Sep 15 15:31:56.880563 localhost kernel: PTP clock support registered
Sep 15 15:31:56.880567 localhost kernel: EDAC MC: Ver: 3.0.0
Sep 15 15:31:56.880572 localhost kernel: NetLabel: Initializing
Sep 15 15:31:56.880577 localhost kernel: NetLabel:  domain hash size = 128
Sep 15 15:31:56.880582 localhost kernel: NetLabel:  protocols = UNLABELED CIPSOv4 CALIPSO
Sep 15 15:31:56.880586 localhost kernel: NetLabel:  unlabeled traffic allowed by default
Sep 15 15:31:56.880591 localhost kernel: mctp: management component transport protocol core
Sep 15 15:31:56.880595 localhost kernel: NET: Registered PF_MCTP protocol family
Sep 15 15:31:56.880600 localhost kernel: PCI: Using ACPI for IRQ routing
Sep 15 15:31:56.880605 localhost kernel: 
[0;90m
[0;38:5:245m
[0;1;31m
[0;90m
[0;38:5:245mPCI: pci_cache_line_size set to 64 bytes
Sep 15 15:31:56.880609 localhost kernel: e820: register RAM buffer resource [mem 0x0009fc00-0x0009ffff]
Sep 15 15:31:56.880614 localhost kernel: e820: register RAM buffer resource [mem 0xbffdd000-0xbfffffff]
Sep 15 15:31:56.880702 localhost kernel: pci 0000:00:02.0: vgaarb: setting as boot VGA device
Sep 15 15:31:56.880790 localhost kernel: pci 0000:00:02.0: vgaarb: bridge control possible
Sep 15 15:31:56.880838 localhost kernel: pci 0000:00:02.0: vgaarb: VGA device added: decodes=io+mem,owns=io+mem,locks=none
Sep 15 15:31:56.880844 localhost kernel: vgaarb: loaded
Sep 15 15:31:56.880848 localhost kernel: hpet0: at MMIO 0xfed00000, IRQs 2, 8, 0
Sep 15 15:31:56.880853 localhost kernel: hpet0: 3 comparators, 64-bit 100.000000 MHz counter
Sep 15 15:31:56.880858 localhost kernel: clocksource: Switched to clocksource kvm-clock
Sep 15 15:31:56.880862 localhost kernel: 
[0;1;39m
[0;1;31m
[0;1;39mVFS: Disk quotas dquot_6.6.0
Sep 15 15:31:56.880869 localhost kernel: VFS: Dquot-cache hash table entries: 512 (order 0, 4096 bytes)
Sep 15 15:31:56.880874 localhost kernel: pnp: PnP ACPI init
Sep 15 15:31:56.880925 localhost kernel: 
[0;90m
[0;38:5:245m
[0;1;31m
[0;90m
[0;38:5:245mpnp 00:02: [dma 2]
Sep 15 15:31:56.880932 localhost kernel: pnp: PnP ACPI: found 5 devices
Sep 15 15:31:56.880936 localhost kernel: clocksource: acpi_pm: mask: 0xffffff max_cycles: 0xffffff, max_idle_ns: 2085701024 ns
Sep 15 15:31:56.880941 localhost kernel: NET: Registered PF_INET protocol family
Sep 15 15:31:56.880946 localhost kernel: IP idents hash table entries: 65536 (order: 7, 524288 bytes, linear)
Sep 15 15:31:56.880950 localhost kernel: tcp_listen_portaddr_hash hash table entries: 2048 (order: 3, 32768 bytes, linear)
Sep 15 15:31:56.880956 localhost kernel: Table-perturb hash table entries: 65536 (order: 6, 262144 bytes, linear)
Sep 15 15:31:56.880960 localhost kernel: TCP established hash table entries: 32768 (order: 6, 262144 bytes, linear)
Sep 15 15:31:56.880965 localhost kernel: TCP bind hash table entries: 32768 (order: 8, 1048576 bytes, linear)
Sep 15 15:31:56.880970 localhost kernel: TCP: Hash tables configured (established 32768 bind 32768)
Sep 15 15:31:56.880974 localhost kernel: MPTCP token hash table entries: 4096 (order: 5, 98304 bytes, linear)
Sep 15 15:31:56.880979 localhost kernel: UDP hash table entries: 2048 (order: 5, 131072 bytes, linear)
Sep 15 15:31:56.880984 localhost kernel: NET: Registered PF_UNIX/PF_LOCAL protocol family
Sep 15 15:31:56.880988 localhost kernel: NET: Registered PF_XDP protocol family
Sep 15 15:31:56.881086 localhost kernel: pci_bus 0000:00: resource 4 [io  0x0000-0x0cf7 window]
Sep 15 15:31:56.881139 localhost kernel: pci_bus 0000:00: resource 5 [io  0x0d00-0xffff window]
Sep 15 15:31:56.881178 localhost kernel: pci_bus 0000:00: resource 6 [mem 0x000a0000-0x000bffff window]
Sep 15 15:31:56.881221 localhost kernel: pci_bus 0000:00: resource 7 [mem 0xc0000000-0xfebfffff window]
Sep 15 15:31:56.881261 localhost kernel: pci_bus 0000:00: resource 8 [mem 0x100000000-0x17fffffff window]
Sep 15 15:31:56.881311 localhost kernel: pci 0000:00:01.0: PIIX3: Enabling Passive Release
Sep 15 15:31:56.881356 localhost kernel: pci 0000:00:00.0: Limiting direct PCI/PCI transfers
Sep 15 15:31:56.881362 localhost kernel: PCI: CLS 0 bytes, default 64
Sep 15 15:31:56.881367 localhost kernel: clocksource: tsc: mask: 0xffffffffffffffff max_cycles: 0x3ddd8f89348, max_idle_ns: 440795423566 ns
Sep 15 15:31:56.881372 localhost kernel: Trying to unpack rootfs image as initramfs...
Sep 15 15:31:56.881376 localhost kernel: 
[0;1;39m
[0;1;31m
[0;1;39mInitialise system trusted keyrings
Sep 15 15:31:56.881381 localhost kernel: 
[0;1;39m
[0;1;31m
[0;1;39mKey type blacklist registered
Sep 15 15:31:56.881386 localhost kernel: workingset: timestamp_bits=36 (anon: 32) max_order=20 bucket_order=0 (anon: 0)
Sep 15 15:31:56.881407 localhost kernel: 
[0;1;39m
[0;1;31m
[0;1;39mintegrity: Platform Keyring initialized
Sep 15 15:31:56.881413 localhost kernel: 
[0;1;39m
[0;1;31m
[0;1;39mintegrity: Machine keyring initialized
Sep 15 15:31:56.881418 localhost kernel: cryptd: max_cpu_qlen set to 1000
Sep 15 15:31:56.881423 localhost kernel: NET: Registered PF_ALG protocol family
Sep 15 15:31:56.881428 localhost kernel: 
[0;1;39m
[0;1;31m
[0;1;39mKey type asymmetric registered
Sep 15 15:31:56.881432 localhost kernel: 
[0;1;39m
[0;1;31m
[0;1;39mAsymmetric key parser 'x509' registered
Sep 15 15:31:56.881437 localhost kernel: 
[0;1;33m
[0;1;38:5:185m
[0;1;39m
[0;1;33m
[0;1;38:5:185malg: full crypto tests enabled.  This is intended for developer use only.
Sep 15 15:31:56.881443 localhost kernel: Block layer SCSI generic (bsg) driver version 0.4 loaded (major 244)
Sep 15 15:31:56.881447 localhost kernel: io scheduler mq-deadline registered
Sep 15 15:31:56.881453 localhost kernel: io scheduler kyber registered
Sep 15 15:31:56.881457 localhost kernel: io scheduler bfq registered
Sep 15 15:31:56.881462 localhost kernel: atomic64_test: passed for x86-64 platform with CX8 and with SSE
Sep 15 15:31:56.881466 localhost kernel: input: Power Button as /devices/platform/LNXPWRBN:00/input/input0
Sep 15 15:31:56.881471 localhost kernel: ACPI: button: Power Button [PWRF]
Sep 15 15:31:56.881476 localhost kernel: ACPI: \_SB_.LNKD: Enabled at IRQ 11
Sep 15 15:31:56.881481 localhost kernel: Serial: 8250/16550 driver, 32 ports, IRQ sharing enabled
Sep 15 15:31:56.881486 localhost kernel: 00:04: ttyS0 at I/O 0x3f8 (irq = 4, base_baud = 115200) is a 16550A
Sep 15 15:31:56.881490 localhost kernel: Non-volatile memory driver v1.3
Sep 15 15:31:56.881495 localhost kernel: ACPI: bus type drm_connector registered
Sep 15 15:31:56.881583 localhost kernel: virtio_blk virtio0: 2/0/0 default/read/poll queues
Sep 15 15:31:56.881632 localhost kernel: 
[0;1;39m
[0;1;31m
[0;1;39mvirtio_blk virtio0: [vda] 8388608 512-byte logical blocks (4.29 GB/4.00 GiB)
Sep 15 15:31:56.881770 localhost kernel: scsi host0: ata_piix
Sep 15 15:31:56.881834 localhost kernel: scsi host1: ata_piix
Sep 15 15:31:56.881841 localhost kernel: ata1: PATA max MWDMA2 cmd 0x1f0 ctl 0x3f6 bmdma 0xc0c0 irq 14 lpm-pol 0
Sep 15 15:31:56.881846 localhost kernel: ata2: PATA max MWDMA2 cmd 0x170 ctl 0x376 bmdma 0xc0c8 irq 15 lpm-pol 0
Sep 15 15:31:56.881851 localhost kernel: usbcore: registered new interface driver usbserial_generic
Sep 15 15:31:56.881856 localhost kernel: usbserial: USB Serial support registered for generic
Sep 15 15:31:56.881863 localhost kernel: i8042: PNP: PS/2 Controller [PNP0303:KBD,PNP0f13:MOU] at 0x60,0x64 irq 1,12
Sep 15 15:31:56.881867 localhost kernel: serio: i8042 KBD port at 0x60,0x64 irq 1
Sep 15 15:31:56.881872 localhost kernel: serio: i8042 AUX port at 0x60,0x64 irq 12
Sep 15 15:31:56.881877 localhost kernel: mousedev: PS/2 mouse device common for all mice
Sep 15 15:31:56.881882 localhost kernel: input: AT Translated Set 2 keyboard as /devices/platform/i8042/serio0/input/input1
Sep 15 15:31:56.881936 localhost kernel: rtc_cmos PNP0B00:00: RTC can wake from S4
Sep 15 15:31:56.881980 localhost kernel: rtc_cmos PNP0B00:00: registered as rtc0
Sep 15 15:31:56.882084 localhost kernel: rtc_cmos PNP0B00:00: setting system clock to 2026-09-15T15:31:53 UTC (1789486313)
Sep 15 15:31:56.882139 localhost kernel: rtc_cmos PNP0B00:00: alarms up to one day, y3k, 242 bytes nvram, hpet irqs
Sep 15 15:31:56.882145 localhost kernel: device-mapper: core: CONFIG_IMA_DISABLE_HTABLE is disabled. Duplicate IMA measurements will not be recorded in the IMA log.
Sep 15 15:31:56.882150 localhost kernel: device-mapper: uevent: version 1.0.3
Sep 15 15:31:56.882155 localhost kernel: device-mapper: ioctl: 4.50.0-ioctl (2025-04-28) initialised: dm-devel@lists.linux.dev
Sep 15 15:31:56.882160 localhost kernel: 
[0;1;33m
[0;1;38:5:185m
[0;1;39m
[0;1;33m
[0;1;38:5:185mamd_pstate: The CPPC feature is supported but currently disabled by the BIOS.
                                         
[0;1;33m
[0;1;38:5:185mPlease enable it if your BIOS has the CPPC option.
Sep 15 15:31:56.882165 localhost kernel: 
[0;1;33m
[0;1;38:5:185m
[0;1;39m
[0;1;33m
[0;1;38:5:185mamd_pstate: the _CPC object is not present in SBIOS or ACPI disabled
Sep 15 15:31:56.882170 localhost kernel: input: VirtualPS/2 VMware VMMouse as /devices/platform/i8042/serio1/input/input4
Sep 15 15:31:56.882175 localhost kernel: hid: raw HID events driver (C) Jiri Kosina
Sep 15 15:31:56.882182 localhost kernel: usbcore: registered new interface driver usbhid
Sep 15 15:31:56.882186 localhost kernel: usbhid: USB HID core driver
Sep 15 15:31:56.882191 localhost kernel: drop_monitor: Initializing network drop monitor service
Sep 15 15:31:56.882196 localhost kernel: Initializing XFRM netlink socket
Sep 15 15:31:56.882200 localhost kernel: input: VirtualPS/2 VMware VMMouse as /devices/platform/i8042/serio1/input/input3
Sep 15 15:31:56.882205 localhost kernel: NET: Registered PF_INET6 protocol family
Sep 15 15:31:56.882209 localhost kernel: Segment Routing with IPv6
Sep 15 15:31:56.882215 localhost kernel: RPL Segment Routing with IPv6
Sep 15 15:31:56.882220 localhost kernel: In-situ OAM (IOAM) with IPv6
Sep 15 15:31:56.882225 localhost kernel: mip6: Mobile IPv6
Sep 15 15:31:56.882229 localhost kernel: NET: Registered PF_PACKET protocol family
Sep 15 15:31:56.882234 localhost kernel: IPI shorthand broadcast: enabled
Sep 15 15:31:56.882238 localhost kernel: registered taskstats version 1
Sep 15 15:31:56.882243 localhost kernel: 
[0;1;39m
[0;1;31m
[0;1;39mLoading compiled-in X.509 certificates
Sep 15 15:31:56.882248 localhost kernel: ata2: found unknown device (class 0)
Sep 15 15:31:56.882252 localhost kernel: ata1.00: ATAPI: QEMU DVD-ROM, 2.5+, max UDMA/100
Sep 15 15:31:56.882257 localhost kernel: ata1.01: ATAPI: QEMU DVD-ROM, 2.5+, max UDMA/100
Sep 15 15:31:56.882262 localhost kernel: ata2.00: ATAPI: QEMU DVD-ROM, 2.5+, max UDMA/100
Sep 15 15:31:56.882266 localhost kernel: 
[0;1;39m
[0;1;31m
[0;1;39mLoaded X.509 cert 'Build time autogenerated kernel key: ab95a56bab632f55234099faf71fd1f7b65f6d2e'
Sep 15 15:31:56.882329 localhost kernel: 
[0;1;39m
[0;1;31m
[0;1;39mscsi 0:0:0:0: CD-ROM            QEMU     QEMU DVD-ROM     2.5+ PQ: 0 ANSI: 5
Sep 15 15:31:56.882335 localhost kernel: Demotion targets for Node 0: null
Sep 15 15:31:56.882340 localhost kernel: page_owner is disabled
Sep 15 15:31:56.882344 localhost kernel: 
[0;1;39m
[0;1;31m
[0;1;39mKey type .fscrypt registered
Sep 15 15:31:56.882349 localhost kernel: 
[0;1;39m
[0;1;31m
[0;1;39mKey type fscrypt-provisioning registered
Sep 15 15:31:56.882354 localhost kernel: Btrfs loaded, zoned=yes, fsverity=yes
Sep 15 15:31:56.882358 localhost kernel: 
[0;1;39m
[0;1;31m
[0;1;39mKey type big_key registered
Sep 15 15:31:56.886307 localhost kernel: sr 0:0:0:0: [sr0] scsi3-mmc drive: 4x/4x cd/rw xa/form2 tray
Sep 15 15:31:56.886341 localhost kernel: cdrom: Uniform CD-ROM driver Revision: 3.20
Sep 15 15:31:56.886483 localhost kernel: 
[0;90m
[0;38:5:245m
[0;1;31m
[0;90m
[0;38:5:245msr 0:0:0:0: Attached scsi CD-ROM sr0
Sep 15 15:31:56.886559 localhost kernel: 
[0;1;39m
[0;1;31m
[0;1;39msr 0:0:0:0: Attached scsi generic sg0 type 5
Sep 15 15:31:56.886632 localhost kernel: 
[0;1;39m
[0;1;31m
[0;1;39mscsi 0:0:1:0: CD-ROM            QEMU     QEMU DVD-ROM     2.5+ PQ: 0 ANSI: 5
Sep 15 15:31:56.886773 localhost kernel: sr 0:0:1:0: [sr1] scsi3-mmc drive: 4x/4x cd/rw xa/form2 tray
Sep 15 15:31:56.886848 localhost kernel: 
[0;90m
[0;38:5:245m
[0;1;31m
[0;90m
[0;38:5:245msr 0:0:1:0: Attached scsi CD-ROM sr1
Sep 15 15:31:56.886903 localhost kernel: 
[0;1;39m
[0;1;31m
[0;1;39msr 0:0:1:0: Attached scsi generic sg1 type 5
Sep 15 15:31:56.886976 localhost kernel: 
[0;1;39m
[0;1;31m
[0;1;39mscsi 1:0:0:0: CD-ROM            QEMU     QEMU DVD-ROM     2.5+ PQ: 0 ANSI: 5
Sep 15 15:31:56.887098 localhost kernel: sr 1:0:0:0: [sr2] scsi3-mmc drive: 4x/4x cd/rw xa/form2 tray
Sep 15 15:31:56.887170 localhost kernel: 
[0;90m
[0;38:5:245m
[0;1;31m
[0;90m
[0;38:5:245msr 1:0:0:0: Attached scsi CD-ROM sr2
Sep 15 15:31:56.887222 localhost kernel: 
[0;1;39m
[0;1;31m
[0;1;39msr 1:0:0:0: Attached scsi generic sg2 type 5
Sep 15 15:31:56.887228 localhost kernel: 
[0;1;33m
[0;1;38:5:185m
[0;1;39m
[0;1;33m
[0;1;38:5:185mclocksource: Marking clocksource tsc unstable due to inter CPU skew
Sep 15 15:31:56.887234 localhost kernel: 
[0;1;33m
[0;1;38:5:185m
[0;1;39m
[0;1;33m
[0;1;38:5:185mclocksource: CPU0      12001924013 < CPU1      12001925086 (cycles)
Sep 15 15:31:56.887239 localhost kernel: tsc: Marking TSC unstable due to clocksource watchdog
Sep 15 15:31:56.887247 localhost kernel: Freeing initrd memory: 64128K
Sep 15 15:31:56.887252 localhost kernel: 
[0;1;39m
[0;1;31m
[0;1;39mKey type encrypted registered
Sep 15 15:31:56.887257 localhost kernel: ima: No TPM chip found, activating TPM-bypass!
Sep 15 15:31:56.887262 localhost kernel: 
[0;1;39m
[0;1;31m
[0;1;39mLoading compiled-in module X.509 certificates
Sep 15 15:31:56.887267 localhost kernel: 
[0;1;39m
[0;1;31m
[0;1;39mLoaded X.509 cert 'Build time autogenerated kernel key: ab95a56bab632f55234099faf71fd1f7b65f6d2e'
Sep 15 15:31:56.887272 localhost kernel: ima: Allocated hash algorithm: sha256
Sep 15 15:31:56.887277 localhost kernel: ima: No architecture policies found
Sep 15 15:31:56.887282 localhost kernel: evm: Initialising EVM extended attributes:
Sep 15 15:31:56.887287 localhost kernel: evm: security.selinux
Sep 15 15:31:56.887293 localhost kernel: evm: security.SMACK64 (disabled)
Sep 15 15:31:56.887298 localhost kernel: evm: security.SMACK64EXEC (disabled)
Sep 15 15:31:56.887303 localhost kernel: evm: security.SMACK64TRANSMUTE (disabled)
Sep 15 15:31:56.887307 localhost kernel: evm: security.SMACK64MMAP (disabled)
Sep 15 15:31:56.887312 localhost kernel: evm: security.apparmor (disabled)
Sep 15 15:31:56.887317 localhost kernel: evm: security.ima
Sep 15 15:31:56.887322 localhost kernel: evm: security.capability
Sep 15 15:31:56.887326 localhost kernel: evm: HMAC attrs: 0x1
Sep 15 15:31:56.887331 localhost kernel: alg: No test for 842 (842-scomp)
Sep 15 15:31:56.887336 localhost kernel: PM:   Magic number: 10:215:538
Sep 15 15:31:56.887442 localhost kernel: tty ttyS18: hash matches
Sep 15 15:31:56.887521 localhost kernel: port serial8250:0.17: hash matches
Sep 15 15:31:56.887528 localhost kernel: RAS: Correctable Errors collector initialized.
Sep 15 15:31:56.887534 localhost kernel: 
[0;1;33m
[0;1;38:5:185m
[0;1;39m
[0;1;33m
[0;1;38:5:185mUnstable clock detected, switching default tracing clock to "global"
                                         
[0;1;33m
[0;1;38:5:185mIf you want to keep using the local clock, then add:
                                         
[0;1;33m
[0;1;38:5:185m  "trace_clock=local"
                                         
[0;1;33m
[0;1;38:5:185mon the kernel command line
Sep 15 15:31:56.887539 localhost kernel: clk: Disabling unused clocks
Sep 15 15:31:56.887545 localhost kernel: PM: genpd: Disabling unused power domains
Sep 15 15:31:56.887552 localhost kernel: Freeing unused decrypted memory: 2028K
Sep 15 15:31:56.887557 localhost kernel: Freeing unused kernel image (initmem) memory: 5212K
Sep 15 15:31:56.887562 localhost kernel: Write protecting the kernel read-only data: 36864k
Sep 15 15:31:56.887566 localhost kernel: Freeing unused kernel image (text/rodata gap) memory: 1960K
Sep 15 15:31:56.887571 localhost kernel: Freeing unused kernel image (rodata/data gap) memory: 892K
Sep 15 15:31:56.887576 localhost kernel: x86/mm: Checked W+X mappings: passed, no W+X pages found.
Sep 15 15:31:56.887581 localhost kernel: Run /init as init process
Sep 15 15:31:56.887586 localhost kernel: 
[0;90m
[0;38:5:245m
[0;1;31m
[0;90m
[0;38:5:245m  with arguments:
Sep 15 15:31:56.887590 localhost kernel: 
[0;90m
[0;38:5:245m
[0;1;31m
[0;90m
[0;38:5:245m    /init
Sep 15 15:31:56.887596 localhost kernel: 
[0;90m
[0;38:5:245m
[0;1;31m
[0;90m
[0;38:5:245m    cdroot
Sep 15 15:31:56.887601 localhost kernel: 
[0;90m
[0;38:5:245m
[0;1;31m
[0;90m
[0;38:5:245m  with environment:
Sep 15 15:31:56.887606 localhost kernel: 
[0;90m
[0;38:5:245m
[0;1;31m
[0;90m
[0;38:5:245m    HOME=/
Sep 15 15:31:56.887611 localhost kernel: 
[0;90m
[0;38:5:245m
[0;1;31m
[0;90m
[0;38:5:245m    TERM=linux
Sep 15 15:31:56.887615 localhost kernel: fuse: init (API version 7.45)
Sep 15 15:31:56.887622 localhost systemd[1]: Successfully made /usr/ read-only.
Sep 15 15:31:56.887630 localhost systemd[1]: systemd 261.1 running in system mode (+PAM -AUDIT -SELINUX -APPARMOR +IMA +IPE +SMACK +SECCOMP -GCRYPT -GNUTLS +OPENSSL +ACL +BLKID -CURL -ELFUTILS -FIDO2 -IDN2 +KMOD +LIBCRYPTSETUP +LIBCRYPTSETUP_PLUGINS +LIBFDISK -PCRE2 -PWQUALITY -P11KIT -QRENCODE +TPM2 -BZIP2 +LZ4 +XZ +ZLIB +ZSTD -BPF_FRAMEWORK -BTF -XKBCOMMON -UTMP -LIBARCHIVE)
Sep 15 15:31:56.887637 localhost systemd[1]: Detected virtualization kvm.
Sep 15 15:31:56.887642 localhost systemd[1]: Detected architecture x86-64.
Sep 15 15:31:56.887648 localhost systemd[1]: Running in initrd.
Sep 15 15:31:56.887654 localhost systemd[1]: Initializing machine ID from random generator.
Sep 15 15:31:56.887660 localhost systemd[1]: No hostname configured, using default hostname.
Sep 15 15:31:56.887717 localhost systemd[1]: Hostname set to <localhost>.
Sep 15 15:31:56.887725 localhost (gene[251]: 
[0;1;31m
[0;1;39m
[0;1;31m'/usr/lib/systemd/system-generators/dracut-crypt-generator' failed with exit status 2.
Sep 15 15:31:56.887733 localhost unknown: 
[0;1;33m
[0;1;38:5:185m
[0;1;39m
[0;1;33m
[0;1;38:5:185mdracut Warning: Kernel command line option 'rd.live.overlay.overlayfs' is deprecated, use 'rd.overlay' instead.
Sep 15 15:31:56.887742 localhost systemd[1]: Queued start job for default target Initrd Default Target.
Sep 15 15:31:56.887747 localhost systemd[1]: Created slice Slice /system/modprobe.
Sep 15 15:31:56.887753 localhost systemd[1]: Started Dispatch Password Requests to Console Directory Watch.
Sep 15 15:31:56.887759 localhost systemd[1]: Reached target Initrd /usr File System.
Sep 15 15:31:56.887765 localhost systemd[1]: Reached target Path Units.
Sep 15 15:31:56.887770 localhost systemd[1]: Reached target Slice Units.
Sep 15 15:31:56.887776 localhost systemd[1]: Reached target Swaps.
Sep 15 15:31:56.887781 localhost systemd[1]: Reached target Timer Units.
Sep 15 15:31:56.887787 localhost systemd[1]: Reached target Local Verity Protected Volumes.
Sep 15 15:31:56.887793 localhost systemd[1]: Listening on Open-iSCSI iscsid Socket.
Sep 15 15:31:56.887798 localhost systemd[1]: Listening on Open-iSCSI iscsiuio Socket.
Sep 15 15:31:56.887803 localhost systemd[1]: Listening on Journal Socket (/dev/log).
Sep 15 15:31:56.887809 localhost systemd[1]: Listening on Journal Sockets.
Sep 15 15:31:56.887814 localhost systemd[1]: Listening on Network Management Netlink Socket.
Sep 15 15:31:56.887820 localhost systemd[1]: Listening on udev Control Socket.
Sep 15 15:31:56.887825 localhost systemd[1]: Listening on udev Kernel Socket.
Sep 15 15:31:56.887831 localhost systemd[1]: Reached target Socket Units.
Sep 15 15:31:56.887836 localhost systemd[1]: Starting Create List of Static Device Nodes...
Sep 15 15:31:56.887842 localhost systemd[1]: Load Kernel Module dm_mod skipped, unmet condition check ConditionKernelModuleLoaded=!dm_mod
Sep 15 15:31:56.887848 localhost systemd[1]: Starting Load Kernel Module dm_multipath...
Sep 15 15:31:56.887853 localhost systemd[1]: Starting Load Kernel Module loop...
Sep 15 15:31:56.887859 localhost systemd[1]: Early Battery Level Check skipped, unmet condition check ConditionDirectoryNotEmpty=/sys/class/power_supply
Sep 15 15:31:56.887864 localhost kernel: loop: module loaded
Sep 15 15:31:56.887870 localhost systemd[1]: Reached target Initrd Root Device.
Sep 15 15:31:56.887875 localhost systemd[1]: Starting Journal Service...
Sep 15 15:31:56.887881 localhost systemd[1]: Load Kernel Modules skipped, no trigger condition checks were met.
Sep 15 15:31:56.887908 localhost systemd-journald[361]: Collecting audit messages is disabled.
Sep 15 15:31:56.887924 localhost systemd[1]: Starting Generate Network Units from Kernel Command Line...
Sep 15 15:31:56.887930 localhost systemd[1]: TPM PCR Barrier (initrd) skipped, unmet condition check ConditionSecurity=measured-os
Sep 15 15:31:56.887939 localhost systemd-journald[361]: Journal started
Sep 15 15:31:56.887974 localhost systemd-journald[361]: Runtime Journal (/run/log/journal/96ebdffbeb564e3d9b8f1c27e52e4458) is 7.4M, max 59.3M, 51.8M free.
Sep 15 15:31:56.897426 localhost systemd[1]: Starting Apply Kernel Variables...
Sep 15 15:31:56.904709 localhost systemd[1]: Starting Virtual Console Setup...
Sep 15 15:31:56.911747 localhost systemd[1]: Started Journal Service.
Sep 15 15:31:56.910936 localhost systemd[1]: Finished Create List of Static Device Nodes.
Sep 15 15:31:56.911222 localhost systemd[1]: modprobe@dm_multipath.service: Deactivated successfully.
Sep 15 15:31:56.911314 localhost systemd[1]: Finished Load Kernel Module dm_multipath.
Sep 15 15:31:56.912540 localhost systemd[1]: modprobe@loop.service: Deactivated successfully.
Sep 15 15:31:56.912813 localhost systemd[1]: Finished Load Kernel Module loop.
Sep 15 15:31:56.922148 localhost systemd[1]: Finished Generate Network Units from Kernel Command Line.
Sep 15 15:31:56.926060 localhost systemd[1]: Finished Apply Kernel Variables.
Sep 15 15:31:56.929522 localhost systemd[1]: Reached target Preparation for Network.
Sep 15 15:31:56.930056 localhost systemd[1]: Listening on Network Management Resolve Hook Socket.
Sep 15 15:31:56.938356 localhost systemd[1]: Starting Device-Mapper Multipath Device Controller...
Sep 15 15:31:56.939127 localhost systemd-vconsole-setup[365]: 
[0;1;39m
[0;1;31m
[0;1;39mConfiguration of first virtual console was skipped, ignoring remaining ones.
Sep 15 15:31:56.943057 localhost multipathd[372]: multipathd v0.14.3: start up
Sep 15 15:31:56.943136 localhost systemd[1]: Merge System Configuration Images into /etc/ of the initrd skipped, no trigger condition checks were met.
Sep 15 15:31:56.943851 localhost multipathd[372]: A dynamic linking error occurred: (Symbol not found: __epoll_pwait2_time64)
Sep 15 15:31:56.944090 localhost multipathd[372]: Could not set SCHED_RR at priority 10
Sep 15 15:31:56.944860 localhost multipathd[372]: reconfigure: setting up paths and maps
Sep 15 15:31:56.945148 localhost multipathd[372]: _check_bindings_file: failed to read header from /etc/multipath/bindings
Sep 15 15:31:56.945191 localhost multipathd[372]: updated bindings file /etc/multipath/bindings
Sep 15 15:31:56.945888 localhost systemd[1]: Starting Network Name Resolution...
Sep 15 15:31:56.948531 localhost systemd[1]: Merge System Extension Images into /usr/ and /opt/ of the initrd skipped, no trigger condition checks were met.
Sep 15 15:31:56.948601 localhost systemd[1]: Reached target Local Encrypted Volumes (Pre).
Sep 15 15:31:56.952521 localhost systemd[1]: Reached target Local Encrypted Volumes.
Sep 15 15:31:56.958851 localhost systemd[1]: Starting Create Static Device Nodes in /dev gracefully...
Sep 15 15:31:56.963576 localhost systemd[1]: Started Device-Mapper Multipath Device Controller.
Sep 15 15:31:56.968079 localhost systemd[1]: Finished Virtual Console Setup.
Sep 15 15:31:56.971842 localhost systemd[1]: Finished Create Static Device Nodes in /dev gracefully.
Sep 15 15:31:56.976322 localhost systemd[1]: dracut ask for additional cmdline parameters skipped, no trigger condition checks were met.
Sep 15 15:31:56.979565 localhost systemd[1]: Starting dracut cmdline hook...
Sep 15 15:31:56.983566 localhost systemd[1]: Starting Create Static Device Nodes in /dev...
Sep 15 15:31:56.990578 localhost systemd[1]: Finished Create Static Device Nodes in /dev.
Sep 15 15:31:56.994540 localhost systemd[1]: Reached target Preparation for Local File Systems.
Sep 15 15:31:56.994969 localhost systemd-resolved[375]: Positive Trust Anchors:
Sep 15 15:31:56.994980 localhost systemd-resolved[375]: . IN DS 20326 8 2 e06d44b80b8f1d39a95c0b0d7c65d08458e880409bbc683457104237c7f8ec8d
Sep 15 15:31:56.994984 localhost systemd-resolved[375]: . IN DS 38696 8 2 683d2d0acb8c9b712a1948b27f741219298d0a450d612c483af444a4c0fb2b16
Sep 15 15:31:56.995053 localhost systemd-resolved[375]: Negative trust anchors: home.arpa 10.in-addr.arpa 16.172.in-addr.arpa 17.172.in-addr.arpa 18.172.in-addr.arpa 19.172.in-addr.arpa 20.172.in-addr.arpa 21.172.in-addr.arpa 22.172.in-addr.arpa 23.172.in-addr.arpa 24.172.in-addr.arpa 25.172.in-addr.arpa 26.172.in-addr.arpa 27.172.in-addr.arpa 28.172.in-addr.arpa 29.172.in-addr.arpa 30.172.in-addr.arpa 31.172.in-addr.arpa 170.0.0.192.in-addr.arpa 171.0.0.192.in-addr.arpa 168.192.in-addr.arpa d.f.ip6.arpa ipv4only.arpa resolver.arpa corp home internal intranet lan local private test
Sep 15 15:31:56.998965 localhost systemd[1]: Reached target Local File Systems.
Sep 15 15:31:57.005532 localhost dracut-cmdline[386]: dracut-111
Sep 15 15:31:57.005822 localhost systemd-resolved[375]: Defaulting to hostname 'linux'.
Sep 15 15:31:57.006855 localhost systemd[1]: Starting Create System Files and Directories...
Sep 15 15:31:57.010851 localhost systemd[1]: Started Network Name Resolution.
Sep 15 15:31:57.015194 localhost systemd[1]: Reached target Host and Network Name Lookups.
Sep 15 15:31:57.015224 localhost systemd-tmpfiles[396]: 
[0;1;39m
[0;1;31m
[0;1;39m/usr/lib/tmpfiles.d/systemd.conf:34: Duplicate line for path "/var/lib/systemd", ignoring.
Sep 15 15:31:57.015271 localhost systemd-tmpfiles[396]: 
[0;1;39m
[0;1;31m
[0;1;39m/usr/lib/tmpfiles.d/var.conf:14: Duplicate line for path "/var/log", ignoring.
Sep 15 15:31:57.015446 localhost dracut-cmdline[386]: Using kernel command line parameters:    cdroot root=live:CDLABEL=COS_LIVE rd.live.dir=/ rd.live.squashimg=rootfs.squashfs rd.live.overlay.overlayfs net.ifnames=1 console=tty1 console=ttyS0 kairos.ram kairos.ram.create_partitions nomodeset selinux=0 rd.immucore.debug ignore_loglevel
Sep 15 15:31:57.019817 localhost systemd[1]: Finished Create System Files and Directories.
Sep 15 15:31:57.036219 localhost dracut-cmdline[386]: livenet: no url handler for CDLABEL=COS_LIVE
Sep 15 15:31:57.046964 localhost dracut-cmdline[386]: root was live:CDLABEL=COS_LIVE, is now live:/dev/disk/by-label/COS_LIVE
Sep 15 15:31:57.072712 localhost kernel: Loading iSCSI transport class v2.0-870.
Sep 15 15:31:57.079745 localhost kernel: 
[0;1;39m
[0;1;31m
[0;1;39miscsi: registered transport (tcp)
Sep 15 15:31:57.091016 localhost kernel: 
[0;1;39m
[0;1;31m
[0;1;39miscsi: registered transport (qla4xxx)
Sep 15 15:31:57.091049 localhost kernel: QLogic iSCSI HBA Driver
Sep 15 15:31:57.102734 localhost kernel: libcxgbi:libcxgbi_init_module: Chelsio iSCSI driver library libcxgbi v0.9.1-ko (Apr. 2015)
Sep 15 15:31:57.113018 localhost kernel: Chelsio T3 iSCSI Driver cxgb3i v2.0.1-ko (Apr. 2015)
Sep 15 15:31:57.113040 localhost kernel: 
[0;1;39m
[0;1;31m
[0;1;39miscsi: registered transport (cxgb3i)
Sep 15 15:31:57.136391 localhost kernel: Chelsio T4-T6 iSCSI Driver cxgb4i v0.9.5-ko (Apr. 2015)
Sep 15 15:31:57.136411 localhost kernel: 
[0;1;39m
[0;1;31m
[0;1;39miscsi: registered transport (cxgb4i)
Sep 15 15:31:57.140246 localhost kernel: cxgb4i:cxgb4i_init_module: cxgb4i dcb enabled.
Sep 15 15:31:57.149740 localhost kernel: cnic: QLogic cnicDriver v2.5.22 (July 20, 2015)
Sep 15 15:31:57.158182 localhost kernel: QLogic NetXtreme II iSCSI Driver bnx2i v2.7.10.1 (Jul 16, 2014)
Sep 15 15:31:57.158221 localhost kernel: 
[0;1;39m
[0;1;31m
[0;1;39miscsi: registered transport (bnx2i)
Sep 15 15:31:57.168542 localhost kernel: 
[0;1;39m
[0;1;31m
[0;1;39miscsi: registered transport (be2iscsi)
Sep 15 15:31:57.168580 localhost kernel: In beiscsi_module_init, tt=00000000f962ab00
Sep 15 15:31:57.183717 localhost systemd[1]: Finished dracut cmdline hook.
Sep 15 15:31:57.198810 localhost systemd[1]: Starting dracut pre-udev hook...
Sep 15 15:31:57.219725 localhost systemd[1]: Finished dracut pre-udev hook.
Sep 15 15:31:57.226893 localhost systemd[1]: Starting Rule-based Manager for Device Events and Files...
Sep 15 15:31:57.238931 localhost systemd-udevd[576]: Using default interface naming scheme 'v261'.
Sep 15 15:31:57.246544 localhost systemd[1]: Started Rule-based Manager for Device Events and Files.
Sep 15 15:31:57.254771 localhost systemd[1]: Starting dracut pre-trigger hook...
Sep 15 15:31:57.260746 localhost systemd[1]: Starting Network Management...
Sep 15 15:31:57.266165 localhost systemd[1]: Finished dracut pre-trigger hook.
Sep 15 15:31:57.271519 localhost systemd[1]: Starting Coldplug All udev Devices...
Sep 15 15:31:57.376745 localhost kernel: 
[0;1;39m
[0;1;31m
[0;1;39mcfg80211: Loading compiled-in X.509 certificates for regulatory database
Sep 15 15:31:57.388856 localhost kernel: 
[0;1;39m
[0;1;31m
[0;1;39mLoaded X.509 cert 'sforshee: 00b28ddf47aef9cea7'
Sep 15 15:31:57.388889 localhost kernel: 
[0;1;39m
[0;1;31m
[0;1;39mLoaded X.509 cert 'wens: 61c038651aabdcf94bd0ac7ff06c7248db18c600'
Sep 15 15:31:57.394715 localhost kernel: 
[0;1;33m
[0;1;38:5:185m
[0;1;39m
[0;1;33m
[0;1;38:5:185mfaux_driver regulatory: Direct firmware load for regulatory.db failed with error -2
Sep 15 15:31:57.405157 localhost kernel: cfg80211: failed to load regulatory.db
Sep 15 15:31:57.405612 localhost systemd[1]: Finished Coldplug All udev Devices.
Sep 15 15:31:57.410259 localhost systemd-networkd[599]: 
[0;1;33m
[0;1;38:5:185m
[0;1;39m
[0;1;33m
[0;1;38:5:185mFailed to open nftables netlink socket. IPMasquerade= and NFTSet= settings will not be applied. Ignoring: Protocol not supported
Sep 15 15:31:57.412207 localhost systemd-networkd[599]: lo: Link UP
Sep 15 15:31:57.412261 localhost systemd-networkd[599]: lo: Gained carrier
Sep 15 15:31:57.412793 localhost systemd[1]: Starting Wait for udev To Complete Device Initialization...
Sep 15 15:31:57.417108 localhost systemd[1]: Started Network Management.
Sep 15 15:31:57.421282 localhost systemd[1]: Reached target Network.
Sep 15 15:31:57.424563 localhost systemd[1]: Wait for Network to be Online skipped, unmet condition check ConditionPathExists=/run/networkd/initrd/neednet
Sep 15 15:31:57.427573 localhost systemd[1]: Starting dracut initqueue hook...
Sep 15 15:31:57.430828 localhost udevadm[615]: 
[0;1;39m
[0;1;31m
[0;1;39msystemd-udev-settle.service is deprecated. Please fix immucore.service not to pull it in.
Sep 15 15:31:57.436170 localhost systemd[1]: Load Kernel Module configfs skipped, unmet condition check ConditionKernelModuleLoaded=!configfs
Sep 15 15:31:57.542863 localhost kernel: Floppy drive(s): fd0 is 2.88M AMI BIOS
Sep 15 15:31:57.578315 localhost kernel: FDC 0 is a S82078B
Sep 15 15:31:57.593866 localhost kernel: e1000: Intel(R) PRO/1000 Network Driver
Sep 15 15:31:57.593913 localhost kernel: e1000: Copyright (c) 1999-2006 Intel Corporation.
Sep 15 15:31:57.608749 localhost kernel: ACPI: \_SB_.LNKC: Enabled at IRQ 10
Sep 15 15:31:57.620901 localhost systemd[1]: systemd-vconsole-setup.service: Deactivated successfully.
Sep 15 15:31:57.621120 localhost systemd[1]: Stopped Virtual Console Setup.
Sep 15 15:31:57.624384 localhost systemd[1]: Stopping Virtual Console Setup...
Sep 15 15:31:57.634464 localhost systemd[1]: Starting Virtual Console Setup...
Sep 15 15:31:57.644648 localhost systemd-vconsole-setup[639]: 
[0;1;39m
[0;1;31m
[0;1;39mConfiguration of first virtual console was skipped, ignoring remaining ones.
Sep 15 15:31:57.646757 localhost systemd[1]: Finished Virtual Console Setup.
Sep 15 15:31:57.912257 localhost systemd[1]: Mounting Kernel Configuration File System...
Sep 15 15:31:57.915612 localhost systemd[1]: Mounted Kernel Configuration File System.
Sep 15 15:31:58.129763 localhost kernel: e1000 0000:00:03.0 eth0: (PCI:33MHz:32-bit) 52:54:00:12:34:56
Sep 15 15:31:58.130055 localhost kernel: e1000 0000:00:03.0 eth0: Intel(R) PRO/1000 Network Connection
Sep 15 15:31:58.136710 localhost kernel: e1000 0000:00:03.0 ens3: renamed from eth0
Sep 15 15:31:58.136896 localhost systemd-networkd[599]: eth0: Interface name change detected, renamed to ens3.
Sep 15 15:31:58.141323 localhost systemd-networkd[599]: ens3: Configuring with /run/systemd/network/zzzz-dracut-default.network.
Sep 15 15:31:58.143380 localhost systemd[1]: Finished Wait for udev To Complete Device Initialization.
Sep 15 15:31:58.147491 localhost systemd[1]: Reached target System Initialization.
Sep 15 15:31:58.150568 localhost systemd[1]: Reached target Basic System.
Sep 15 15:31:58.153332 localhost systemd[1]: 
[0;1;39m
[0;1;31m
[0;1;39mSystem is tainted: unmerged-bin
Sep 15 15:31:58.162273 localhost systemd-networkd[599]: ens3: Link UP
Sep 15 15:31:58.162842 localhost systemd[1]: Starting immucore...
Sep 15 15:31:58.177953 localhost kairos-immucore[661]: Immucore
Sep 15 15:31:58.178709 localhost immucore[661]: 2026-09-15T15:31:58Z INF Immucore go=go1.26.8 version=dev
Sep 15 15:31:58.178709 localhost immucore[661]: 2026-09-15T15:31:58Z DBG cmdline content="cdroot root=live:CDLABEL=COS_LIVE rd.live.dir=/ rd.live.squashimg=rootfs.squashfs rd.live.overlay.overlayfs net.ifnames=1 console=tty1 console=ttyS0 kairos.ram kairos.ram.create_partitions nomodeset selinux=0 rd.immucore.debug ignore_loglevel\n"
Sep 15 15:31:58.178709 localhost immucore[661]: 2026-09-15T15:31:58Z DBG detecting boot state
Sep 15 15:31:58.178709 localhost immucore[661]: 2026-09-15T15:31:58Z DBG Detected in-RAM boot; classifying as Active
Sep 15 15:31:58.178339 localhost kairos-immucore[661]: 
[0;90m
[0;38:5:245m
[0;1;31m
[0;90m
[0;38:5:245mcmdline
Sep 15 15:31:58.207438 localhost immucore[661]: 2026-09-15T15:31:58Z INF Booting in-RAM (kairos.ram) with OEM+persistent from disk.
Sep 15 15:31:58.207438 localhost immucore[661]: 2026-09-15T15:31:58Z INF Checking OEM encryption status oem_encrypted=false
Sep 15 15:31:58.207438 localhost immucore[661]: 2026-09-15T15:31:58Z INF OEM is NOT encrypted: OEM mount will run before kcrypt unlock
Sep 15 15:31:58.207438 localhost immucore[661]: 2026-09-15T15:31:58Z INF 1.
Sep 15 15:31:58.207438 localhost immucore[661]:  <init> (background: false) (weak: false) (run: false)
Sep 15 15:31:58.207438 localhost immucore[661]: 2.
Sep 15 15:31:58.207438 localhost immucore[661]:  <wait-for-sysroot> (background: false) (weak: false) (run: false)
Sep 15 15:31:58.207438 localhost immucore[661]:  <create-sentinel> (background: false) (weak: false) (run: false)
Sep 15 15:31:58.207438 localhost immucore[661]:  <mount-tmpfs> (background: false) (weak: false) (run: false)
Sep 15 15:31:58.207438 localhost immucore[661]: 3.
Sep 15 15:31:58.207438 localhost immucore[661]:  <ensure-partitions> (background: false) (weak: false) (run: false)
Sep 15 15:31:58.207438 localhost immucore[661]: 4.
Sep 15 15:31:58.207438 localhost immucore[661]:  <mount-oem> (background: false) (weak: false) (run: false)
Sep 15 15:31:58.207438 localhost immucore[661]:  <upgrade-kcrypt> (background: false) (weak: false) (run: false)
Sep 15 15:31:58.207438 localhost immucore[661]: 5.
Sep 15 15:31:58.207438 localhost immucore[661]:  <rootfs-hook> (background: false) (weak: false) (run: false)
Sep 15 15:31:58.207438 localhost immucore[661]:  <unlock-all> (background: false) (weak: false) (run: false)
Sep 15 15:31:58.207438 localhost immucore[661]: 6.
Sep 15 15:31:58.207438 localhost immucore[661]:  <load-config> (background: false) (weak: false) (run: false)
Sep 15 15:31:58.207438 localhost immucore[661]: 7.
Sep 15 15:31:58.207438 localhost immucore[661]:  <mount-base-overlay> (background: false) (weak: false) (run: false)
Sep 15 15:31:58.207438 localhost immucore[661]:  <custom-mount> (background: false) (weak: false) (run: false)
Sep 15 15:31:58.207438 localhost immucore[661]: 8.
Sep 15 15:31:58.207438 localhost immucore[661]:  <overlay-mount> (background: false) (weak: false) (run: false)
Sep 15 15:31:58.207438 localhost immucore[661]: 9.
Sep 15 15:31:58.207438 localhost immucore[661]:  <mount-bind> (background: false) (weak: false) (run: false)
Sep 15 15:31:58.207438 localhost immucore[661]: 10.
Sep 15 15:31:58.207438 localhost immucore[661]:  <enable-sysext-confext> (background: false) (weak: false) (run: false)
Sep 15 15:31:58.207438 localhost immucore[661]:  <write-fstab> (background: false) (weak: false) (run: false)
Sep 15 15:31:58.207438 localhost immucore[661]: 11.
Sep 15 15:31:58.207438 localhost immucore[661]:  <initramfs-hook> (background: false) (weak: false) (run: false)
Sep 15 15:31:58.207438 localhost immucore[661]: 
Sep 15 15:31:58.207438 localhost immucore[661]: 2026-09-15T15:31:58Z DBG Will now create /run/cos if not exists
Sep 15 15:31:58.207438 localhost immucore[661]: 2026-09-15T15:31:58Z DBG Will now create the runtime object
Sep 15 15:31:58.207438 localhost immucore[661]: 2026-09-15T15:31:58Z DBG detecting boot state
Sep 15 15:31:58.207438 localhost immucore[661]: 2026-09-15T15:31:58Z DBG Detected in-RAM boot; classifying as Active
Sep 15 15:31:58.207438 localhost immucore[661]: 2026-09-15T15:31:58Z DBG Waiting for sysroot timeout=2m0s
Sep 15 15:31:58.207438 localhost immucore[661]: 2026-09-15T15:31:58Z DBG Bootstate: active_boot
Sep 15 15:31:58.207438 localhost immucore[661]: 2026-09-15T15:31:58Z DBG The BootState was BootState=active_boot
Sep 15 15:31:58.178401 localhost kairos-immucore[661]: 
[0;90m
[0;38:5:245m
[0;1;31m
[0;90m
[0;38:5:245mdetecting boot state
Sep 15 15:31:58.343939 localhost immucore[661]: 2026-09-15T15:31:58Z INF Setting sentinel file to=active_mode
Sep 15 15:31:58.343939 localhost immucore[661]: 2026-09-15T15:31:58Z INF Setting in-RAM sentinel file to=in_ram_mode
Sep 15 15:31:58.178415 localhost kairos-immucore[661]: 
[0;90m
[0;38:5:245m
[0;1;31m
[0;90m
[0;38:5:245mDetected in-RAM boot; classifying as Active
Sep 15 15:31:58.187327 localhost kairos-immucore[661]: Booting in-RAM (kairos.ram) with OEM+persistent from disk.
Sep 15 15:31:58.187547 localhost kairos-immucore[661]: Checking OEM encryption status
Sep 15 15:31:58.187564 localhost kairos-immucore[661]: OEM is NOT encrypted: OEM mount will run before kcrypt unlock
Sep 15 15:31:58.187710 localhost kairos-immucore[661]: 1.
                                                        <init> (background: false) (weak: false) (run: false)
                                                       2.
                                                        <wait-for-sysroot> (background: false) (weak: false) (run: false)
                                                        <create-sentinel> (background: false) (weak: false) (run: false)
                                                        <mount-tmpfs> (background: false) (weak: false) (run: false)
                                                       3.
                                                        <ensure-partitions> (background: false) (weak: false) (run: false)
                                                       4.
                                                        <mount-oem> (background: false) (weak: false) (run: false)
                                                        <upgrade-kcrypt> (background: false) (weak: false) (run: false)
                                                       5.
                                                        <rootfs-hook> (background: false) (weak: false) (run: false)
                                                        <unlock-all> (background: false) (weak: false) (run: false)
                                                       6.
                                                        <load-config> (background: false) (weak: false) (run: false)
                                                       7.
                                                        <mount-base-overlay> (background: false) (weak: false) (run: false)
                                                        <custom-mount> (background: false) (weak: false) (run: false)
                                                       8.
                                                        <overlay-mount> (background: false) (weak: false) (run: false)
                                                       9.
                                                        <mount-bind> (background: false) (weak: false) (run: false)
                                                       10.
                                                        <enable-sysext-confext> (background: false) (weak: false) (run: false)
                                                        <write-fstab> (background: false) (weak: false) (run: false)
                                                       11.
                                                        <initramfs-hook> (background: false) (weak: false) (run: false)
Sep 15 15:31:58.188078 localhost kairos-immucore[661]: 
[0;90m
[0;38:5:245m
[0;1;31m
[0;90m
[0;38:5:245mWill now create /run/cos if not exists
Sep 15 15:31:58.188170 localhost kairos-immucore[661]: 
[0;90m
[0;38:5:245m
[0;1;31m
[0;90m
[0;38:5:245mWill now create the runtime object
Sep 15 15:31:58.188181 localhost kairos-immucore[661]: 
[0;90m
[0;38:5:245m
[0;1;31m
[0;90m
[0;38:5:245mdetecting boot state
Sep 15 15:31:58.188201 localhost kairos-immucore[661]: 
[0;90m
[0;38:5:245m
[0;1;31m
[0;90m
[0;38:5:245mDetected in-RAM boot; classifying as Active
Sep 15 15:31:58.188769 localhost kairos-immucore[661]: 
[0;90m
[0;38:5:245m
[0;1;31m
[0;90m
[0;38:5:245mWaiting for sysroot
Sep 15 15:31:58.195340 localhost kairos-immucore[661]: 
[0;90m
[0;38:5:245m
[0;1;31m
[0;90m
[0;38:5:245mBootstate: active_boot
Sep 15 15:31:58.195382 localhost kairos-immucore[661]: 
[0;90m
[0;38:5:245m
[0;1;31m
[0;90m
[0;38:5:245mThe BootState was
Sep 15 15:31:58.195401 localhost kairos-immucore[661]: Setting sentinel file
Sep 15 15:31:58.195433 localhost kairos-immucore[661]: Setting in-RAM sentinel file
Sep 15 15:31:58.359910 localhost dracut-initqueue[722]: Warning: Kernel command line option 'rd.live.overlay.overlayfs' is deprecated, use 'rd.overlay' instead.
Sep 15 15:31:58.394848 localhost kernel: 
[0;90m
[0;38:5:245m
[0;1;31m
[0;90m
[0;38:5:245mISO 9660 Extensions: Microsoft Joliet Level 3
Sep 15 15:31:58.397928 localhost kernel: 
[0;90m
[0;38:5:245m
[0;1;31m
[0;90m
[0;38:5:245mISO 9660 Extensions: RRIP_1991A
Sep 15 15:31:58.405795 localhost kernel: loop0: detected capacity change from 0 to 651440
Sep 15 15:31:58.464753 localhost kernel: squashfs: version 4.0 (2009/01/31) Phillip Lougher
Sep 15 15:31:58.525655 localhost systemd[1]: Finished dracut initqueue hook.
Sep 15 15:31:58.529062 localhost systemd[1]: Reached target Preparation for Remote File Systems.
Sep 15 15:31:58.532923 localhost systemd[1]: Reached target Remote Encrypted Volumes.
Sep 15 15:31:58.536255 localhost systemd[1]: Reached target Remote File Systems.
Sep 15 15:31:58.539461 localhost systemd[1]: Reached target Remote Verity Protected Volumes.
Sep 15 15:31:58.553795 localhost systemd[1]: Starting dracut pre-mount hook...
Sep 15 15:31:58.565766 localhost dracut-pre-mount[771]: Using tmpfs overlay (changes will not persist across reboots)
Sep 15 15:31:58.571064 localhost systemd[1]: Finished dracut pre-mount hook.
Sep 15 15:31:58.906611 localhost systemd[1]: run-initramfs-squashfs.mount: Deactivated successfully.
Sep 15 15:31:58.914846 localhost systemd[1]: Mounting /sysroot...
Sep 15 15:31:58.919012 localhost systemd[1]: Mounted /sysroot.
Sep 15 15:31:58.923806 localhost systemd[1]: Merge System Configuration Images into /sysroot/etc/ skipped, no trigger condition checks were met.
Sep 15 15:31:58.924264 localhost systemd[1]: Merge System Extension Images into /sysroot/usr/ and /sysroot/opt/ skipped, no trigger condition checks were met.
Sep 15 15:31:58.924316 localhost systemd[1]: Reached target Initrd Root File System.
Sep 15 15:31:58.935845 localhost systemd[1]: Starting Mountpoints Configured in the Real Root...
Sep 15 15:31:58.942267 localhost systemd[1]: initrd-parse-etc.service: Deactivated successfully.
Sep 15 15:31:58.942459 localhost systemd[1]: Finished Mountpoints Configured in the Real Root.
Sep 15 15:31:58.946153 localhost systemd[1]: initrd-parse-etc.service: Triggering OnSuccess= dependencies.
Sep 15 15:31:58.947791 localhost systemd[1]: Starting dracut mount hook...
Sep 15 15:31:58.954281 localhost systemd[1]: Finished dracut mount hook.
Sep 15 15:31:59.188349 localhost kairos-immucore[661]: 
[0;90m
[0;38:5:245m
[0;1;31m
[0;90m
[0;38:5:245mCleaning for sysroot
Sep 15 15:31:59.188769 localhost immucore[661]: 2026-09-15T15:31:59Z DBG Cleaning for sysroot new=/tmp old=/tmp
Sep 15 15:31:59.188769 localhost immucore[661]: 2026-09-15T15:31:59Z DBG mount ready options=["rw"] type=tmpfs what=tmpfs where=/tmp
Sep 15 15:31:59.188769 localhost immucore[661]: 2026-09-15T15:31:59Z INF mount done options=["rw"] type=tmpfs what=tmpfs where=/tmp
Sep 15 15:31:59.188448 localhost kairos-immucore[661]: 
[0;90m
[0;38:5:245m
[0;1;31m
[0;90m
[0;38:5:245mmount ready
Sep 15 15:31:59.188535 localhost kairos-immucore[661]: mount done
Sep 15 15:32:00.185833 localhost kernel: e1000: ens3 NIC Link is Up 1000 Mbps Full Duplex, Flow Control: RX
Sep 15 15:32:00.186127 localhost systemd-networkd[599]: ens3: Gained carrier
Sep 15 15:32:00.192939 localhost kairos-immucore[661]: creating missing kairos partitions
Sep 15 15:32:00.193331 localhost immucore[661]: 2026-09-15T15:32:00Z INF creating missing kairos partitions init_disk=true oem_present=false oem_size_mib=64 persistent_present=false persistent_size_mib=0 target=/dev/vda
Sep 15 15:32:00.206440 localhost immucore[661]: 2026-09-15T15:32:00Z INF Running stage: ensure-partitions
Sep 15 15:32:00.206440 localhost immucore[661]: 
Sep 15 15:32:00.206440 localhost immucore[661]: 2026-09-15T15:32:00Z DBG Generating op for stage '<STDIN>.Create missing Kairos partitions'
Sep 15 15:32:00.206440 localhost immucore[661]: 2026-09-15T15:32:00Z DBG Reading '<STDIN>'
Sep 15 15:32:00.206440 localhost immucore[661]: 2026-09-15T15:32:00Z DBG Executing stage '<STDIN>.Create missing Kairos partitions'
Sep 15 15:32:00.206440 localhost immucore[661]: 2026-09-15T15:32:00Z INF Processing stage step '<STDIN>.Create missing Kairos partitions'. ( commands: 0, files: 0, ... )
Sep 15 15:32:00.206440 localhost immucore[661]: 2026-09-15T15:32:00Z DBG Stage: schema.Stage{
Sep 15 15:32:00.206440 localhost immucore[661]:   Name: "Create missing Kairos partitions",
Sep 15 15:32:00.206440 localhost immucore[661]:   Layout: schema.Layout{
Sep 15 15:32:00.206440 localhost immucore[661]:     Device: &schema.Device{
Sep 15 15:32:00.206440 localhost immucore[661]:       InitDisk: true,
Sep 15 15:32:00.206440 localhost immucore[661]:       Path: "/dev/vda",
Sep 15 15:32:00.206440 localhost immucore[661]:     },
Sep 15 15:32:00.206440 localhost immucore[661]:     Parts: []schema.Partition{
Sep 15 15:32:00.206440 localhost immucore[661]:       schema.Partition{
Sep 15 15:32:00.206440 localhost immucore[661]:         FSLabel: "COS_OEM",
Sep 15 15:32:00.206440 localhost immucore[661]:         Size: 64,
Sep 15 15:32:00.206440 localhost immucore[661]:         PLabel: "oem",
Sep 15 15:32:00.206440 localhost immucore[661]:         FileSystem: "ext4",
Sep 15 15:32:00.206440 localhost immucore[661]:       },
Sep 15 15:32:00.206440 localhost immucore[661]:       schema.Partition{
Sep 15 15:32:00.206440 localhost immucore[661]:         FSLabel: "COS_PERSISTENT",
Sep 15 15:32:00.206440 localhost immucore[661]:         PLabel: "persistent",
Sep 15 15:32:00.206440 localhost immucore[661]:         FileSystem: "ext4",
Sep 15 15:32:00.206440 localhost immucore[661]:       },
Sep 15 15:32:00.206440 localhost immucore[661]:     },
Sep 15 15:32:00.206440 localhost immucore[661]:   },
Sep 15 15:32:00.206440 localhost immucore[661]: }
Sep 15 15:32:00.206440 localhost immucore[661]: 2026-09-15T15:32:00Z INF Running layout plugin
Sep 15 15:32:00.206440 localhost immucore[661]: 2026-09-15T15:32:00Z DBG Initializing disk with path /dev/vda
Sep 15 15:32:00.193479 localhost kairos-immucore[661]: Running stage: ensure-partitions
Sep 15 15:32:00.193706 localhost kairos-immucore[661]: 
[0;90m
[0;38:5:245m
[0;1;31m
[0;90m
[0;38:5:245mGenerating op for stage '<STDIN>.Create missing Kairos partitions'
Sep 15 15:32:00.193850 localhost kairos-immucore[661]: 
[0;90m
[0;38:5:245m
[0;1;31m
[0;90m
[0;38:5:245mReading '<STDIN>'
Sep 15 15:32:00.193914 localhost kairos-immucore[661]: 
[0;90m
[0;38:5:245m
[0;1;31m
[0;90m
[0;38:5:245mExecuting stage '<STDIN>.Create missing Kairos partitions'
Sep 15 15:32:00.193942 localhost kairos-immucore[661]: Processing stage step '<STDIN>.Create missing Kairos partitions'. ( commands: 0, files: 0, ... )
Sep 15 15:32:00.194011 localhost kairos-immucore[661]: 
[0;90m
[0;38:5:245m
[0;1;31m
[0;90m
[0;38:5:245mStage: schema.Stage{
                                                       
[0;90m
[0;38:5:245m  Name: "Create missing Kairos partitions",
                                                       
[0;90m
[0;38:5:245m  Layout: schema.Layout{
                                                       
[0;90m
[0;38:5:245m    Device: &schema.Device{
                                                       
[0;90m
[0;38:5:245m      InitDisk: true,
                                                       
[0;90m
[0;38:5:245m      Path: "/dev/vda",
                                                       
[0;90m
[0;38:5:245m    },
                                                       
[0;90m
[0;38:5:245m    Parts: []schema.Partition{
                                                       
[0;90m
[0;38:5:245m      schema.Partition{
                                                       
[0;90m
[0;38:5:245m        FSLabel: "COS_OEM",
                                                       
[0;90m
[0;38:5:245m        Size: 64,
                                                       
[0;90m
[0;38:5:245m        PLabel: "oem",
                                                       
[0;90m
[0;38:5:245m        FileSystem: "ext4",
                                                       
[0;90m
[0;38:5:245m      },
                                                       
[0;90m
[0;38:5:245m      schema.Partition{
                                                       
[0;90m
[0;38:5:245m        FSLabel: "COS_PERSISTENT",
                                                       
[0;90m
[0;38:5:245m        PLabel: "persistent",
                                                       
[0;90m
[0;38:5:245m        FileSystem: "ext4",
                                                       
[0;90m
[0;38:5:245m      },
                                                       
[0;90m
[0;38:5:245m    },
                                                       
[0;90m
[0;38:5:245m  },
                                                       
[0;90m
[0;38:5:245m}
Sep 15 15:32:00.194204 localhost kairos-immucore[661]: Running layout plugin
Sep 15 15:32:00.194407 localhost kairos-immucore[661]: 
[0;90m
[0;38:5:245m
[0;1;31m
[0;90m
[0;38:5:245mInitializing disk with path /dev/vda
Sep 15 15:32:00.301812 localhost kernel:  vda:
Sep 15 15:32:00.304729 localhost kernel:  vda:
Sep 15 15:32:00.305331 localhost kairos-immucore[661]: 
[0;90m
[0;38:5:245m
[0;1;31m
[0;90m
[0;38:5:245mInitialized disk with path /dev/vda
Sep 15 15:32:00.305751 localhost immucore[661]: 2026-09-15T15:32:00Z DBG Initialized disk with path /dev/vda
Sep 15 15:32:00.305751 localhost immucore[661]: 2026-09-15T15:32:00Z DBG Checking layout device information
Sep 15 15:32:00.305751 localhost immucore[661]: 2026-09-15T15:32:00Z DBG Using path /dev/vda for layout expansion
Sep 15 15:32:00.305751 localhost immucore[661]: 2026-09-15T15:32:00Z DBG Checking for free space on device /dev/vda
Sep 15 15:32:00.305751 localhost immucore[661]: 2026-09-15T15:32:00Z DBG Checking if more than a partition is marked as bootable on device /dev/vda
Sep 15 15:32:00.305751 localhost immucore[661]: 2026-09-15T15:32:00Z DBG Verifying and repairing headers on device /dev/vda
Sep 15 15:32:00.305751 localhost immucore[661]: 2026-09-15T15:32:00Z DBG Going over the partition layout to create partitions on device /dev/vda
Sep 15 15:32:00.305751 localhost immucore[661]: 2026-09-15T15:32:00Z DBG Checking if partition with PLabel: oem exists on device /dev/vda
Sep 15 15:32:00.305751 localhost immucore[661]: 2026-09-15T15:32:00Z DBG Added partition (fslabel: COS_OEM) of size 64 MiB on device /dev/vda
Sep 15 15:32:00.305751 localhost immucore[661]: 2026-09-15T15:32:00Z DBG Checking if partition with PLabel: persistent exists on device /dev/vda
Sep 15 15:32:00.305751 localhost immucore[661]: 2026-09-15T15:32:00Z DBG Added partition (fslabel: COS_PERSISTENT) of size 4030 MiB on device /dev/vda
Sep 15 15:32:00.305409 localhost kairos-immucore[661]: 
[0;90m
[0;38:5:245m
[0;1;31m
[0;90m
[0;38:5:245mChecking layout device information
Sep 15 15:32:00.305421 localhost kairos-immucore[661]: 
[0;90m
[0;38:5:245m
[0;1;31m
[0;90m
[0;38:5:245mUsing path /dev/vda for layout expansion
Sep 15 15:32:00.305471 localhost kairos-immucore[661]: 
[0;90m
[0;38:5:245m
[0;1;31m
[0;90m
[0;38:5:245mChecking for free space on device /dev/vda
Sep 15 15:32:00.305483 localhost kairos-immucore[661]: 
[0;90m
[0;38:5:245m
[0;1;31m
[0;90m
[0;38:5:245mChecking if more than a partition is marked as bootable on device /dev/vda
Sep 15 15:32:00.305498 localhost kairos-immucore[661]: 
[0;90m
[0;38:5:245m
[0;1;31m
[0;90m
[0;38:5:245mVerifying and repairing headers on device /dev/vda
Sep 15 15:32:00.305521 localhost kairos-immucore[661]: 
[0;90m
[0;38:5:245m
[0;1;31m
[0;90m
[0;38:5:245mGoing over the partition layout to create partitions on device /dev/vda
Sep 15 15:32:00.305546 localhost kairos-immucore[661]: 
[0;90m
[0;38:5:245m
[0;1;31m
[0;90m
[0;38:5:245mChecking if partition with PLabel: oem exists on device /dev/vda
Sep 15 15:32:00.305561 localhost kairos-immucore[661]: 
[0;90m
[0;38:5:245m
[0;1;31m
[0;90m
[0;38:5:245mAdded partition (fslabel: COS_OEM) of size 64 MiB on device /dev/vda
Sep 15 15:32:00.305570 localhost kairos-immucore[661]: 
[0;90m
[0;38:5:245m
[0;1;31m
[0;90m
[0;38:5:245mChecking if partition with PLabel: persistent exists on device /dev/vda
Sep 15 15:32:00.305581 localhost kairos-immucore[661]: 
[0;90m
[0;38:5:245m
[0;1;31m
[0;90m
[0;38:5:245mAdded partition (fslabel: COS_PERSISTENT) of size 4030 MiB on device /dev/vda
Sep 15 15:32:00.366751 localhost kernel:  vda: vda1 vda2
Sep 15 15:32:00.370734 localhost kernel:  vda: vda1 vda2
Sep 15 15:32:00.643601 localhost kairos-immucore[661]: 
[0;90m
[0;38:5:245m
[0;1;31m
[0;90m
[0;38:5:245mFormatting partition COS_OEM on device /dev/vda
Sep 15 15:32:00.643805 localhost immucore[661]: 2026-09-15T15:32:00Z DBG Formatting partition COS_OEM on device /dev/vda
Sep 15 15:32:00.660777 localhost kairos-immucore[661]: 
[0;90m
[0;38:5:245m
[0;1;31m
[0;90m
[0;38:5:245mFormatting partition COS_PERSISTENT on device /dev/vda
Sep 15 15:32:00.661059 localhost immucore[661]: 2026-09-15T15:32:00Z DBG Formatting partition COS_PERSISTENT on device /dev/vda
Sep 15 15:32:00.685835 localhost kairos-immucore[661]: 
[0;90m
[0;38:5:245m
[0;1;31m
[0;90m
[0;38:5:245mChecking for layout expansion on device /dev/vda
Sep 15 15:32:00.685923 localhost kairos-immucore[661]: 
[0;90m
[0;38:5:245m
[0;1;31m
[0;90m
[0;38:5:245mAll done with layout plugin for device /dev/vda
Sep 15 15:32:00.685980 localhost immucore[661]: 2026-09-15T15:32:00Z DBG Checking for layout expansion on device /dev/vda
Sep 15 15:32:00.685980 localhost immucore[661]: 2026-09-15T15:32:00Z DBG All done with layout plugin for device /dev/vda
Sep 15 15:32:00.696239 localhost immucore[661]: 2026-09-15T15:32:00Z INF Done executing stage 'ensure-partitions'
Sep 15 15:32:00.696239 localhost immucore[661]: 
Sep 15 15:32:00.687408 localhost kairos-immucore[661]: Done executing stage 'ensure-partitions'
Sep 15 15:32:01.195097 localhost kairos-immucore[661]: kairos partitions ready
Sep 15 15:32:01.195208 localhost kairos-immucore[661]: 
[0;90m
[0;38:5:245m
[0;1;31m
[0;90m
[0;38:5:245mdetecting boot state
Sep 15 15:32:01.195790 localhost immucore[661]: 2026-09-15T15:32:01Z INF kairos partitions ready
Sep 15 15:32:01.195790 localhost immucore[661]: 2026-09-15T15:32:01Z DBG detecting boot state
Sep 15 15:32:01.195790 localhost immucore[661]: 2026-09-15T15:32:01Z DBG Detected in-RAM boot; classifying as Active
Sep 15 15:32:01.195241 localhost kairos-immucore[661]: 
[0;90m
[0;38:5:245m
[0;1;31m
[0;90m
[0;38:5:245mDetected in-RAM boot; classifying as Active
Sep 15 15:32:01.216205 localhost kairos-immucore[661]: 
[0;90m
[0;38:5:245m
[0;1;31m
[0;90m
[0;38:5:245mResolved label to concrete device path
Sep 15 15:32:01.216472 localhost immucore[661]: 2026-09-15T15:32:01Z DBG Resolved label to concrete device path label=COS_OEM resolved=/dev/vda1
Sep 15 15:32:01.216472 localhost immucore[661]: 2026-09-15T15:32:01Z DBG Getting disk type for device device=/dev/vda1
Sep 15 15:32:01.216455 localhost kairos-immucore[661]: 
[0;90m
[0;38:5:245m
[0;1;31m
[0;90m
[0;38:5:245mGetting disk type for device
Sep 15 15:32:01.236496 localhost unknown: 
[0;1;33m
[0;1;38:5:185m
[0;1;39m
[0;1;33m
[0;1;38:5:185mBLKIDSHIM argv=[/dev/vda1 -s TYPE -o value]
Sep 15 15:32:01.236514 localhost immucore[661]: 2026-09-15T15:32:01Z DBG typeFs split what=/dev/vda1:
Sep 15 15:32:01.236514 localhost immucore[661]: 2026-09-15T15:32:01Z DBG Getting disk type for device device=/dev/vda1
Sep 15 15:32:01.236514 localhost immucore[661]: 2026-09-15T15:32:01Z DBG typeFs split what=/dev/vda1:
Sep 15 15:32:01.226385 localhost kairos-immucore[661]: 
[0;90m
[0;38:5:245m
[0;1;31m
[0;90m
[0;38:5:245mtypeFs split
Sep 15 15:32:01.251231 localhost unknown: 
[0;1;33m
[0;1;38:5:185m
[0;1;39m
[0;1;33m
[0;1;38:5:185mBLKIDSHIM argv=[--help]
Sep 15 15:32:01.226429 localhost kairos-immucore[661]: 
[0;90m
[0;38:5:245m
[0;1;31m
[0;90m
[0;38:5:245mGetting disk type for device
Sep 15 15:32:01.251302 localhost unknown: 
[0;1;33m
[0;1;38:5:185m
[0;1;39m
[0;1;33m
[0;1;38:5:185mBLKIDSHIM argv=[/dev/vda1 -s TYPE -o value]
Sep 15 15:32:01.231110 localhost kairos-immucore[661]: 
[0;90m
[0;38:5:245m
[0;1;31m
[0;90m
[0;38:5:245mtypeFs split
Sep 15 15:32:01.303403 localhost systemd-networkd[599]: ens3: DHCPv4 address 10.0.2.15/24, gateway 10.0.2.2 acquired from 10.0.2.2
Sep 15 15:32:02.098003 localhost systemd-networkd[599]: ens3: Gained IPv6LL
Sep 15 15:32:02.231600 localhost kairos-immucore[661]: 
[0;90m
[0;38:5:245m
[0;1;31m
[0;90m
[0;38:5:245mCleaning for sysroot
Sep 15 15:32:02.232200 localhost immucore[661]: 2026-09-15T15:32:02Z DBG Cleaning for sysroot new=/oem old=/sysroot/oem
Sep 15 15:32:02.232200 localhost immucore[661]: 2026-09-15T15:32:02Z DBG fsck command cmd="fsck /dev/vda1 -a"
Sep 15 15:32:02.231841 localhost kairos-immucore[661]: 
[0;90m
[0;38:5:245m
[0;1;31m
[0;90m
[0;38:5:245mfsck command
Sep 15 15:32:02.244426 localhost immucore[661]: 2026-09-15T15:32:02Z DBG mount ready options=["rw","suid","dev","exec","async"] type=ext4 what=/dev/vda1 where=/sysroot/oem
Sep 15 15:32:02.244131 localhost kairos-immucore[661]: 
[0;90m
[0;38:5:245m
[0;1;31m
[0;90m
[0;38:5:245mmount ready
Sep 15 15:32:02.263566 localhost kairos-immucore[661]: mount done
Sep 15 15:32:02.263640 localhost immucore[661]: 2026-09-15T15:32:02Z INF mount done options=["rw","suid","dev","exec","async"] type=ext4 what=/dev/vda1 where=/sysroot/oem
Sep 15 15:32:02.274628 localhost immucore[661]: 2026-09-15T15:32:02Z INF Running rootfs stage
Sep 15 15:32:02.274628 localhost immucore[661]: 2026-09-15T15:32:02Z INF Running stage: rootfs.before
Sep 15 15:32:02.274628 localhost immucore[661]: 
Sep 15 15:32:02.274628 localhost immucore[661]: 2026-09-15T15:32:02Z DBG Getting encryptor for unlocking
Sep 15 15:32:02.274628 localhost immucore[661]: 2026-09-15T15:32:02Z DBG Scanning for encrypted partitions
Sep 15 15:32:02.274628 localhost immucore[661]: 2026-09-15T15:32:02Z DBG No encrypted partitions found
Sep 15 15:32:02.263780 localhost kairos-immucore[661]: Running rootfs stage
Sep 15 15:32:02.298925 localhost kernel: EXT4-fs (vda1): mounted filesystem 9dd9f3be-9f7d-4ef8-9e3a-56ff92f273ef r/w with ordered data mode. Quota mode: none.
Sep 15 15:32:02.263804 localhost kairos-immucore[661]: Running stage: rootfs.before
Sep 15 15:32:02.272947 localhost kairos-immucore[661]: 
[0;90m
[0;38:5:245m
[0;1;31m
[0;90m
[0;38:5:245mGetting encryptor for unlocking
Sep 15 15:32:02.272968 localhost kairos-immucore[661]: 
[0;90m
[0;38:5:245m
[0;1;31m
[0;90m
[0;38:5:245mScanning for encrypted partitions
Sep 15 15:32:02.273374 localhost kairos-immucore[661]: 
[0;90m
[0;38:5:245m
[0;1;31m
[0;90m
[0;38:5:245mNo encrypted partitions found
Sep 15 15:32:02.304398 localhost kairos-immucore[661]: 
[0;90m
[0;38:5:245m
[0;1;31m
[0;90m
[0;38:5:245mGenerating op for stage 'Datasource handling.Move old datasource to new location'
Sep 15 15:32:02.304500 localhost immucore[661]: 2026-09-15T15:32:02Z DBG Generating op for stage 'Datasource handling.Move old datasource to new location'
Sep 15 15:32:02.304500 localhost immucore[661]: 2026-09-15T15:32:02Z DBG Generating op for stage 'Datasource handling.Remove old userdata'
Sep 15 15:32:02.304500 localhost immucore[661]: 2026-09-15T15:32:02Z DBG Generating op for stage 'Datasource handling.Pull data from provider'
Sep 15 15:32:02.304500 localhost immucore[661]: 2026-09-15T15:32:02Z DBG Generating op for stage 'Datasource handling.Sentinel file for userdata'
Sep 15 15:32:02.304446 localhost kairos-immucore[661]: 
[0;90m
[0;38:5:245m
[0;1;31m
[0;90m
[0;38:5:245mGenerating op for stage 'Datasource handling.Remove old userdata'
Sep 15 15:32:02.304460 localhost kairos-immucore[661]: 
[0;90m
[0;38:5:245m
[0;1;31m
[0;90m
[0;38:5:245mGenerating op for stage 'Datasource handling.Pull data from provider'
Sep 15 15:32:02.304471 localhost kairos-immucore[661]: 
[0;90m
[0;38:5:245m
[0;1;31m
[0;90m
[0;38:5:245mGenerating op for stage 'Datasource handling.Sentinel file for userdata'
Sep 15 15:32:02.328760 localhost kairos-immucore[661]: 
[0;90m
[0;38:5:245m
[0;1;31m
[0;90m
[0;38:5:245mGenerating op for stage 'Default network configuration.Enable systemd-network config files for DHCP'
Sep 15 15:32:02.328912 localhost immucore[661]: 2026-09-15T15:32:02Z DBG Generating op for stage 'Default network configuration.Enable systemd-network config files for DHCP'
Sep 15 15:32:02.340740 localhost kairos-immucore[661]: 
[0;90m
[0;38:5:245m
[0;1;31m
[0;90m
[0;38:5:245mReading '/system/oem/05_network.yaml'
Sep 15 15:32:02.340797 localhost immucore[661]: 2026-09-15T15:32:02Z DBG Reading '/system/oem/05_network.yaml'
Sep 15 15:32:02.340842 localhost kairos-immucore[661]: 
[0;90m
[0;38:5:245m
[0;1;31m
[0;90m
[0;38:5:245mExecuting stage 'Default network configuration.Enable systemd-network config files for DHCP'
Sep 15 15:32:02.340998 localhost kairos-immucore[661]: 
[0;90m
[0;38:5:245m
[0;1;31m
[0;90m
[0;38:5:245mReading '/system/oem/00_datasource.yaml'
Sep 15 15:32:02.345537 localhost immucore[661]: 2026-09-15T15:32:02Z DBG Executing stage 'Default network configuration.Enable systemd-network config files for DHCP'
Sep 15 15:32:02.352311 localhost immucore[661]: 2026-09-15T15:32:02Z DBG running stage (OnlyIfOs regex (Ubuntu.*|Debian.*|Fedora.*|CentOS.*|Rocky.*|AlmaLinux.*|Oracle.*Linux.*|SUSE.*|[Oo]penSUSE.*|Hadron.*|Red.*Hat.*) matches os name 'Hadron Linux dracut-111 (Initramfs)
Sep 15 15:32:02.352311 localhost immucore[661]: 2026-09-15T15:32:02Z DBG Reading '/system/oem/00_datasource.yaml'
Sep 15 15:32:02.352311 localhost immucore[661]: 2026-09-15T15:32:02Z DBG Executing stage 'Datasource handling.Move old datasource to new location'
Sep 15 15:32:02.352311 localhost immucore[661]: 2026-09-15T15:32:02Z DBG Found systemd at /bin/systemctl
Sep 15 15:32:02.352311 localhost immucore[661]: 2026-09-15T15:32:02Z INF Processing stage step 'Default network configuration.Enable systemd-network config files for DHCP'. ( commands: 0, files: 2, ... )
Sep 15 15:32:02.352311 localhost immucore[661]: 2026-09-15T15:32:02Z DBG Stage: schema.Stage{
Sep 15 15:32:02.352311 localhost immucore[661]:   Files: []schema.File{
Sep 15 15:32:02.352311 localhost immucore[661]:     schema.File{
Sep 15 15:32:02.352311 localhost immucore[661]:       Path: "/etc/systemd/network/20-dhcp.network",
Sep 15 15:32:02.352311 localhost immucore[661]:       Permissions: 420,
Sep 15 15:32:02.352311 localhost immucore[661]:       Content: "[Match]\nName=en*\n[Network]\nDHCP=yes\n[DHCP]\nClientIdentifier=mac\n",
Sep 15 15:32:02.352311 localhost immucore[661]:     },
Sep 15 15:32:02.352311 localhost immucore[661]:     schema.File{
Sep 15 15:32:02.352311 localhost immucore[661]:       Path: "/etc/systemd/network/20-dhcp-legacy.network",
Sep 15 15:32:02.352311 localhost immucore[661]:       Permissions: 420,
Sep 15 15:32:02.352311 localhost immucore[661]:       Content: "[Match]\nName=eth*\n[Network]\nDHCP=yes\n[DHCP]\nClientIdentifier=mac\n",
Sep 15 15:32:02.352311 localhost immucore[661]:     },
Sep 15 15:32:02.352311 localhost immucore[661]:   },
Sep 15 15:32:02.352311 localhost immucore[661]:   Directories: []schema.Directory{
Sep 15 15:32:02.352311 localhost immucore[661]:     schema.Directory{
Sep 15 15:32:02.352311 localhost immucore[661]:       Path: "/etc/systemd/network",
Sep 15 15:32:02.352311 localhost immucore[661]:       Permissions: 509,
Sep 15 15:32:02.352311 localhost immucore[661]:     },
Sep 15 15:32:02.352311 localhost immucore[661]:   },
Sep 15 15:32:02.352311 localhost immucore[661]:   Name: "Enable systemd-network config files for DHCP",
Sep 15 15:32:02.352311 localhost immucore[661]:   OnlyIfOs: "Ubuntu.*|Debian.*|Fedora.*|CentOS.*|Rocky.*|AlmaLinux.*|Oracle.*Linux.*|SUSE.*|[Oo]penSUSE.*|Hadron.*|Red.*Hat.*",
Sep 15 15:32:02.352311 localhost immucore[661]:   OnlyIfServiceManager: "systemd",
Sep 15 15:32:02.352311 localhost immucore[661]: }
Sep 15 15:32:02.352311 localhost immucore[661]: 2026-09-15T15:32:02Z DBG Creating directory /etc/systemd/network
Sep 15 15:32:02.352311 localhost immucore[661]: 2026-09-15T15:32:02Z DBG Creating file /etc/systemd/network/20-dhcp.network
Sep 15 15:32:02.352311 localhost immucore[661]: 2026-09-15T15:32:02Z DBG Creating file /etc/systemd/network/20-dhcp-legacy.network
Sep 15 15:32:02.352311 localhost immucore[661]: 2026-09-15T15:32:02Z INF Running layout plugin
Sep 15 15:32:02.352311 localhost immucore[661]: 2026-09-15T15:32:02Z DBG Device field empty, skipping layout plugin
Sep 15 15:32:02.346649 localhost kairos-immucore[661]: 
[0;90m
[0;38:5:245m
[0;1;31m
[0;90m
[0;38:5:245mrunning stage (OnlyIfOs regex (Ubuntu.*|Debian.*|Fedora.*|CentOS.*|Rocky.*|AlmaLinux.*|Oracle.*Linux.*|SUSE.*|[Oo]penSUSE.*|Hadron.*|Red.*Hat.*) matches os name 'Hadron Linux dracut-111 (Initramfs)
Sep 15 15:32:02.492095 localhost kernel: 
[0;1;31m
[0;1;39m
[0;1;31mI/O error, dev fd0, sector 0 op 0x0:(READ) flags 0x0 phys_seg 1 prio class 2
Sep 15 15:32:02.492113 localhost immucore[661]: 2026-09-15T15:32:02Z WRN (conditional) Skip 'Skipping stage (if statement error: failed to run [ -d /oem/userdata ] && [ ! -d /oem/95_userdata ]: exit status 1)' stage name: Datasource handling.Move old datasource to new location
Sep 15 15:32:02.492113 localhost immucore[661]: 2026-09-15T15:32:02Z DBG Reading '/system/oem/00_datasource.yaml'
Sep 15 15:32:02.492113 localhost immucore[661]: 2026-09-15T15:32:02Z DBG Executing stage 'Datasource handling.Remove old userdata'
Sep 15 15:32:02.492113 localhost immucore[661]: 2026-09-15T15:32:02Z WRN (conditional) Skip 'Skipping stage (if statement error: failed to run [ -d /oem/userdata ] && [ -d /oem/95_userdata ]: exit status 1)' stage name: Datasource handling.Remove old userdata
Sep 15 15:32:02.492113 localhost immucore[661]: 2026-09-15T15:32:02Z DBG Reading '/system/oem/00_datasource.yaml'
Sep 15 15:32:02.492113 localhost immucore[661]: 2026-09-15T15:32:02Z DBG Executing stage 'Datasource handling.Pull data from provider'
Sep 15 15:32:02.492113 localhost immucore[661]: 2026-09-15T15:32:02Z DBG If statement result
Sep 15 15:32:02.492113 localhost immucore[661]: 2026-09-15T15:32:02Z INF Processing stage step 'Datasource handling.Pull data from provider'. ( commands: 0, files: 0, ... )
Sep 15 15:32:02.492113 localhost immucore[661]: 2026-09-15T15:32:02Z DBG Stage: schema.Stage{
Sep 15 15:32:02.492113 localhost immucore[661]:   If: "[ ! -e /oem/95_userdata ] && ([ ! -f /run/cos/uki_boot_mode ] || grep -q \"kairos.pull_datasources\" /proc/cmdline )",
Sep 15 15:32:02.492113 localhost immucore[661]:   Name: "Pull data from provider",
Sep 15 15:32:02.492113 localhost immucore[661]:   DataSources: schema.DataSource{
Sep 15 15:32:02.492113 localhost immucore[661]:     Providers: []string{
Sep 15 15:32:02.492113 localhost immucore[661]:       "cdrom",
Sep 15 15:32:02.492113 localhost immucore[661]:       "gcp",
Sep 15 15:32:02.492113 localhost immucore[661]:       "openstack",
Sep 15 15:32:02.492113 localhost immucore[661]:       "aws",
Sep 15 15:32:02.492113 localhost immucore[661]:       "azure",
Sep 15 15:32:02.492113 localhost immucore[661]:       "hetzner",
Sep 15 15:32:02.492113 localhost immucore[661]:       "packet",
Sep 15 15:32:02.492113 localhost immucore[661]:       "vultr",
Sep 15 15:32:02.492113 localhost immucore[661]:       "digitalocean",
Sep 15 15:32:02.492113 localhost immucore[661]:       "metaldata",
Sep 15 15:32:02.492113 localhost immucore[661]:       "vmware",
Sep 15 15:32:02.492113 localhost immucore[661]:       "config-drive",
Sep 15 15:32:02.492113 localhost immucore[661]:       "maas",
Sep 15 15:32:02.492113 localhost immucore[661]:     },
Sep 15 15:32:02.492113 localhost immucore[661]:     Path: "/oem/95_userdata",
Sep 15 15:32:02.492113 localhost immucore[661]:   },
Sep 15 15:32:02.492113 localhost immucore[661]: }
Sep 15 15:32:02.492113 localhost immucore[661]: 2026-09-15T15:32:02Z DBG cdrom devices to be checked: [/dev/sr0 /dev/sr1 /dev/sr2]
Sep 15 15:32:02.492113 localhost immucore[661]: 2026-09-15T15:32:02Z DBG adding device: /dev/sr1
Sep 15 15:32:02.346860 localhost kairos-immucore[661]: 
[0;90m
[0;38:5:245m
[0;1;31m
[0;90m
[0;38:5:245mExecuting stage 'Datasource handling.Move old datasource to new location'
Sep 15 15:32:02.608514 localhost kernel: floppy: error 10 while reading block 0
Sep 15 15:32:02.347289 localhost kairos-immucore[661]: 
[0;90m
[0;38:5:245m
[0;1;31m
[0;90m
[0;38:5:245mFound systemd at /bin/systemctl
Sep 15 15:32:02.347394 localhost kairos-immucore[661]: Processing stage step 'Default network configuration.Enable systemd-network config files for DHCP'. ( commands: 0, files: 2, ... )
Sep 15 15:32:02.347527 localhost kairos-immucore[661]: 
[0;90m
[0;38:5:245m
[0;1;31m
[0;90m
[0;38:5:245mStage: schema.Stage{
                                                       
[0;90m
[0;38:5:245m  Files: []schema.File{
                                                       
[0;90m
[0;38:5:245m    schema.File{
                                                       
[0;90m
[0;38:5:245m      Path: "/etc/systemd/network/20-dhcp.network",
                                                       
[0;90m
[0;38:5:245m      Permissions: 420,
                                                       
[0;90m
[0;38:5:245m      Content: "[Match]\nName=en*\n[Network]\nDHCP=yes\n[DHCP]\nClientIdentifier=mac\n",
                                                       
[0;90m
[0;38:5:245m    },
                                                       
[0;90m
[0;38:5:245m    schema.File{
                                                       
[0;90m
[0;38:5:245m      Path: "/etc/systemd/network/20-dhcp-legacy.network",
                                                       
[0;90m
[0;38:5:245m      Permissions: 420,
                                                       
[0;90m
[0;38:5:245m      Content: "[Match]\nName=eth*\n[Network]\nDHCP=yes\n[DHCP]\nClientIdentifier=mac\n",
                                                       
[0;90m
[0;38:5:245m    },
                                                       
[0;90m
[0;38:5:245m  },
                                                       
[0;90m
[0;38:5:245m  Directories: []schema.Directory{
                                                       
[0;90m
[0;38:5:245m    schema.Directory{
                                                       
[0;90m
[0;38:5:245m      Path: "/etc/systemd/network",
                                                       
[0;90m
[0;38:5:245m      Permissions: 509,
                                                       
[0;90m
[0;38:5:245m    },
                                                       
[0;90m
[0;38:5:245m  },
                                                       
[0;90m
[0;38:5:245m  Name: "Enable systemd-network config files for DHCP",
                                                       
[0;90m
[0;38:5:245m  OnlyIfOs: "Ubuntu.*|Debian.*|Fedora.*|CentOS.*|Rocky.*|AlmaLinux.*|Oracle.*Linux.*|SUSE.*|[Oo]penSUSE.*|Hadron.*|Red.*Hat.*",
                                                       
[0;90m
[0;38:5:245m  OnlyIfServiceManager: "systemd",
                                                       
[0;90m
[0;38:5:245m}
Sep 15 15:32:02.347704 localhost kairos-immucore[661]: 
[0;90m
[0;38:5:245m
[0;1;31m
[0;90m
[0;38:5:245mCreating directory /etc/systemd/network
Sep 15 15:32:02.347750 localhost kairos-immucore[661]: 
[0;90m
[0;38:5:245m
[0;1;31m
[0;90m
[0;38:5:245mCreating file /etc/systemd/network/20-dhcp.network
Sep 15 15:32:02.348183 localhost kairos-immucore[661]: 
[0;90m
[0;38:5:245m
[0;1;31m
[0;90m
[0;38:5:245mCreating file /etc/systemd/network/20-dhcp-legacy.network
Sep 15 15:32:02.348607 localhost kairos-immucore[661]: Running layout plugin
Sep 15 15:32:02.348630 localhost kairos-immucore[661]: 
[0;90m
[0;38:5:245m
[0;1;31m
[0;90m
[0;38:5:245mDevice field empty, skipping layout plugin
Sep 15 15:32:02.349897 localhost kairos-immucore[661]: 
[0;1;33m
[0;1;38:5:185m
[0;1;39m
[0;1;33m
[0;1;38:5:185m(conditional) Skip 'Skipping stage (if statement error: failed to run [ -d /oem/userdata ] && [ ! -d /oem/95_userdata ]: exit status 1)' stage name: Datasource handling.Move old datasource to new location
Sep 15 15:32:02.350015 localhost kairos-immucore[661]: 
[0;90m
[0;38:5:245m
[0;1;31m
[0;90m
[0;38:5:245mReading '/system/oem/00_datasource.yaml'
Sep 15 15:32:02.350033 localhost kairos-immucore[661]: 
[0;90m
[0;38:5:245m
[0;1;31m
[0;90m
[0;38:5:245mExecuting stage 'Datasource handling.Remove old userdata'
Sep 15 15:32:02.351923 localhost kairos-immucore[661]: 
[0;1;33m
[0;1;38:5:185m
[0;1;39m
[0;1;33m
[0;1;38:5:185m(conditional) Skip 'Skipping stage (if statement error: failed to run [ -d /oem/userdata ] && [ -d /oem/95_userdata ]: exit status 1)' stage name: Datasource handling.Remove old userdata
Sep 15 15:32:02.352136 localhost kairos-immucore[661]: 
[0;90m
[0;38:5:245m
[0;1;31m
[0;90m
[0;38:5:245mReading '/system/oem/00_datasource.yaml'
Sep 15 15:32:02.352165 localhost kairos-immucore[661]: 
[0;90m
[0;38:5:245m
[0;1;31m
[0;90m
[0;38:5:245mExecuting stage 'Datasource handling.Pull data from provider'
Sep 15 15:32:02.354257 localhost kairos-immucore[661]: 
[0;90m
[0;38:5:245m
[0;1;31m
[0;90m
[0;38:5:245mIf statement result 
Sep 15 15:32:02.354355 localhost kairos-immucore[661]: Processing stage step 'Datasource handling.Pull data from provider'. ( commands: 0, files: 0, ... )
Sep 15 15:32:02.354392 localhost kairos-immucore[661]: 
[0;90m
[0;38:5:245m
[0;1;31m
[0;90m
[0;38:5:245mStage: schema.Stage{
                                                       
[0;90m
[0;38:5:245m  If: "[ ! -e /oem/95_userdata ] && ([ ! -f /run/cos/uki_boot_mode ] || grep -q \"kairos.pull_datasources\" /proc/cmdline )",
                                                       
[0;90m
[0;38:5:245m  Name: "Pull data from provider",
                                                       
[0;90m
[0;38:5:245m  DataSources: schema.DataSource{
                                                       
[0;90m
[0;38:5:245m    Providers: []string{
                                                       
[0;90m
[0;38:5:245m      "cdrom",
                                                       
[0;90m
[0;38:5:245m      "gcp",
                                                       
[0;90m
[0;38:5:245m      "openstack",
                                                       
[0;90m
[0;38:5:245m      "aws",
                                                       
[0;90m
[0;38:5:245m      "azure",
                                                       
[0;90m
[0;38:5:245m      "hetzner",
                                                       
[0;90m
[0;38:5:245m      "packet",
                                                       
[0;90m
[0;38:5:245m      "vultr",
                                                       
[0;90m
[0;38:5:245m      "digitalocean",
                                                       
[0;90m
[0;38:5:245m      "metaldata",
                                                       
[0;90m
[0;38:5:245m      "vmware",
                                                       
[0;90m
[0;38:5:245m      "config-drive",
                                                       
[0;90m
[0;38:5:245m      "maas",
                                                       
[0;90m
[0;38:5:245m    },
                                                       
[0;90m
[0;38:5:245m    Path: "/oem/95_userdata",
                                                       
[0;90m
[0;38:5:245m  },
                                                       
[0;90m
[0;38:5:245m}
Sep 15 15:32:02.354644 localhost kairos-immucore[661]: 
[0;90m
[0;38:5:245m
[0;1;31m
[0;90m
[0;38:5:245mcdrom devices to be checked: [/dev/sr0 /dev/sr1 /dev/sr2]
Sep 15 15:32:02.462018 localhost kairos-immucore[661]: 
[0;90m
[0;38:5:245m
[0;1;31m
[0;90m
[0;38:5:245madding device: /dev/sr1
Sep 15 15:32:02.624077 localhost kairos-immucore[661]: 
[0;90m
[0;38:5:245m
[0;1;31m
[0;90m
[0;38:5:245mCIDATA devices to be checked: [/dev/sr1]
Sep 15 15:32:02.624135 localhost kairos-immucore[661]: 
[0;90m
[0;38:5:245m
[0;1;31m
[0;90m
[0;38:5:245munique devices to be checked: [/dev/sr1 /dev/sr0 /dev/sr2]
Sep 15 15:32:02.624309 localhost immucore[661]: 2026-09-15T15:32:02Z DBG CIDATA devices to be checked: [/dev/sr1]
Sep 15 15:32:02.624309 localhost immucore[661]: 2026-09-15T15:32:02Z DBG unique devices to be checked: [/dev/sr1 /dev/sr0 /dev/sr2]
Sep 15 15:32:02.638977 localhost kernel: 
[0;90m
[0;38:5:245m
[0;1;31m
[0;90m
[0;38:5:245mISO 9660 Extensions: Microsoft Joliet Level 3
Sep 15 15:32:02.641199 localhost kernel: 
[0;90m
[0;38:5:245m
[0;1;31m
[0;90m
[0;38:5:245mISO 9660 Extensions: RRIP_1991A
Sep 15 15:32:02.644188 localhost systemd[1]: tmp-cd1395657633.mount: Deactivated successfully.
Sep 15 15:32:02.686723 localhost kernel: 
[0;1;31m
[0;1;39m
[0;1;31m/dev/sr2: Can't open blockdev
Sep 15 15:32:02.742463 localhost kairos-immucore[661]: 
[0;90m
[0;38:5:245m
[0;1;31m
[0;90m
[0;38:5:245mcdrom devices to be checked: [/dev/sr0 /dev/sr1 /dev/sr2]
Sep 15 15:32:02.742722 localhost immucore[661]: 2026-09-15T15:32:02Z DBG cdrom devices to be checked: [/dev/sr0 /dev/sr1 /dev/sr2]
Sep 15 15:32:02.747928 localhost kernel: 
[0;1;31m
[0;1;39m
[0;1;31m/dev/sr2: Can't open blockdev
Sep 15 15:32:02.777032 localhost kernel: 
[0;1;31m
[0;1;39m
[0;1;31mI/O error, dev fd0, sector 0 op 0x0:(READ) flags 0x0 phys_seg 1 prio class 2
Sep 15 15:32:02.777101 localhost kernel: floppy: error 10 while reading block 0
Sep 15 15:32:02.838171 localhost kairos-immucore[661]: 
[0;90m
[0;38:5:245m
[0;1;31m
[0;90m
[0;38:5:245mCONFIG-2 devices to be checked: []
Sep 15 15:32:02.838262 localhost kairos-immucore[661]: 
[0;90m
[0;38:5:245m
[0;1;31m
[0;90m
[0;38:5:245munique devices to be checked: [/dev/sr0 /dev/sr1 /dev/sr2]
Sep 15 15:32:02.838390 localhost immucore[661]: 2026-09-15T15:32:02Z DBG CONFIG-2 devices to be checked: []
Sep 15 15:32:02.838390 localhost immucore[661]: 2026-09-15T15:32:02Z DBG unique devices to be checked: [/dev/sr0 /dev/sr1 /dev/sr2]
Sep 15 15:32:02.857840 localhost kernel: 
[0;90m
[0;38:5:245m
[0;1;31m
[0;90m
[0;38:5:245mISO 9660 Extensions: Microsoft Joliet Level 3
Sep 15 15:32:02.860509 localhost kernel: 
[0;90m
[0;38:5:245m
[0;1;31m
[0;90m
[0;38:5:245mISO 9660 Extensions: RRIP_1991A
Sep 15 15:32:02.901249 localhost kernel: 
[0;1;31m
[0;1;39m
[0;1;31m/dev/sr2: Can't open blockdev
Sep 15 15:32:02.942379 localhost kairos-immucore[661]: 
[0;90m
[0;38:5:245m
[0;1;31m
[0;90m
[0;38:5:245mCreating directory /run/config
Sep 15 15:32:02.942576 localhost immucore[661]: 2026-09-15T15:32:02Z DBG Creating directory /run/config
Sep 15 15:32:02.947338 localhost immucore[661]: 2026-09-15T15:32:02Z DBG Full provider list: [GCP Openstack AWS Azure Hetzner Packet Vultr DigitalOcean Metaldata VMWARE MAAS]
Sep 15 15:32:02.947338 localhost immucore[661]: 2026-09-15T15:32:02Z DBG Starting provider CDROM(/dev/sr1)
Sep 15 15:32:02.947338 localhost immucore[661]: 2026-09-15T15:32:02Z DBG Found userdata from CDROM(/dev/sr1)
Sep 15 15:32:02.947338 localhost immucore[661]: 2026-09-15T15:32:02Z DBG Creating file /oem/95_userdata/userdata
Sep 15 15:32:02.947338 localhost immucore[661]: 2026-09-15T15:32:02Z DBG Creating parent directories
Sep 15 15:32:02.947338 localhost immucore[661]: 2026-09-15T15:32:02Z DBG Adding execution bit to parent directory
Sep 15 15:32:02.947338 localhost immucore[661]: 2026-09-15T15:32:02Z DBG Creating directory /oem/95_userdata
Sep 15 15:32:02.947338 localhost immucore[661]: 2026-09-15T15:32:02Z DBG Creating file /oem/95_userdata/userdata.yaml
Sep 15 15:32:02.947338 localhost immucore[661]: 2026-09-15T15:32:02Z INF Running layout plugin
Sep 15 15:32:02.947338 localhost immucore[661]: 2026-09-15T15:32:02Z DBG Device field empty, skipping layout plugin
Sep 15 15:32:02.947338 localhost immucore[661]: 2026-09-15T15:32:02Z DBG Reading '/system/oem/00_datasource.yaml'
Sep 15 15:32:02.947338 localhost immucore[661]: 2026-09-15T15:32:02Z DBG Executing stage 'Datasource handling.Sentinel file for userdata'
Sep 15 15:32:02.943243 localhost kairos-immucore[661]: 
[0;90m
[0;38:5:245m
[0;1;31m
[0;90m
[0;38:5:245mFull provider list: [GCP Openstack AWS Azure Hetzner Packet Vultr DigitalOcean Metaldata VMWARE MAAS]
Sep 15 15:32:03.020718 localhost kernel: 
[0;1;31m
[0;1;39m
[0;1;31m/dev/sr2: Can't open blockdev
Sep 15 15:32:03.020739 localhost immucore[661]: 2026-09-15T15:32:02Z WRN (conditional) Skip 'Skipping stage (if statement error: failed to run [ ! -e /oem/95_userdata ]: exit status 1)' stage name: Datasource handling.Sentinel file for userdata
Sep 15 15:32:03.020739 localhost immucore[661]: 2026-09-15T15:32:02Z INF Done executing stage 'rootfs.before'
Sep 15 15:32:03.020739 localhost immucore[661]: 
Sep 15 15:32:03.020739 localhost immucore[661]: 2026-09-15T15:32:02Z INF Running stage: rootfs
Sep 15 15:32:03.020739 localhost immucore[661]: 
Sep 15 15:32:03.020739 localhost immucore[661]: 2026-09-15T15:32:02Z DBG Generating op for stage 'Rootfs Layout Settings.Layout configuration for active/passive mode'
Sep 15 15:32:03.020739 localhost immucore[661]: 2026-09-15T15:32:02Z DBG Generating op for stage 'Rootfs Layout Settings.Layout configuration for recovery/autoreset mode'
Sep 15 15:32:03.020739 localhost immucore[661]: 2026-09-15T15:32:02Z DBG Generating op for stage 'Rootfs Layout Settings.Layout configuration for UKI installer'
Sep 15 15:32:03.020739 localhost immucore[661]: 2026-09-15T15:32:02Z DBG Generating op for stage 'Rootfs Layout Settings.Mask the commit service to avoid systemd messing with machine-id'
Sep 15 15:32:03.020739 localhost immucore[661]: 2026-09-15T15:32:02Z DBG Generating op for stage 'Extra binds for specific distros.Extra layout configuration for active/passive mode (Ubuntu/Debian)'
Sep 15 15:32:03.020739 localhost immucore[661]: 2026-09-15T15:32:02Z DBG Generating op for stage 'Extra binds for specific distros.Extra layout configuration for active/passive mode'
Sep 15 15:32:03.020739 localhost immucore[661]: 2026-09-15T15:32:02Z DBG Reading '/system/oem/00_rootfs.yaml'
Sep 15 15:32:03.020739 localhost immucore[661]: 2026-09-15T15:32:02Z DBG Executing stage 'Rootfs Layout Settings.Layout configuration for active/passive mode'
Sep 15 15:32:03.020739 localhost immucore[661]: 2026-09-15T15:32:02Z DBG If statement result
Sep 15 15:32:03.020739 localhost immucore[661]: 2026-09-15T15:32:02Z INF Processing stage step 'Rootfs Layout Settings.Layout configuration for active/passive mode'. ( commands: 0, files: 0, ... )
Sep 15 15:32:03.020739 localhost immucore[661]: 2026-09-15T15:32:02Z DBG Stage: schema.Stage{
Sep 15 15:32:03.020739 localhost immucore[661]:   If: "[ ! -e \"/run/cos/recovery_mode\" ] && [ ! -e \"/run/cos/autoreset_mode\" ] && [ ! -e \"/run/cos/uki_install_mode\" ]",
Sep 15 15:32:03.020739 localhost immucore[661]:   Name: "Layout configuration for active/passive mode",
Sep 15 15:32:03.020739 localhost immucore[661]:   Environment: map[string]string{
Sep 15 15:32:03.020739 localhost immucore[661]:     "OVERLAY": "tmpfs:25%",
Sep 15 15:32:02.943303 localhost kairos-immucore[661]: 
[0;90m
[0;38:5:245m
[0;1;31m
[0;90m
[0;38:5:245mStarting provider CDROM(/dev/sr1)
Sep 15 15:32:03.127088 localhost immucore[661]:     "PERSISTENT_STATE_PATHS": "/etc/cni /etc/init.d /etc/iscsi /etc/k0s /etc/kubernetes /etc/modprobe.d /etc/pwx /etc/rancher /etc/runlevels /etc/ssh /etc/ssl/certs /etc/sysconfig /etc/systemd /etc/zfs /home /opt /root /usr/libexec /var/cores /var/lib/ca-certificates /var/lib/cni /var/lib/containerd /var/lib/calico /var/lib/dbus /var/lib/etcd /var/lib/extensions /var/lib/confexts /var/lib/k0s /var/lib/kubelet /var/lib/longhorn /var/lib/osd /var/lib/rancher /var/lib/rook /var/lib/tailscale /var/lib/wicked /var/lib/kairos /var/log",
Sep 15 15:32:03.127088 localhost immucore[661]:     "RW_PATHS": "/var /etc /srv",
Sep 15 15:32:03.127088 localhost immucore[661]:     "VOLUMES": "LABEL=COS_PERSISTENT:/usr/local",
Sep 15 15:32:03.127088 localhost immucore[661]:   },
Sep 15 15:32:03.127088 localhost immucore[661]:   EnvironmentFile: "/run/cos/cos-layout.env",
Sep 15 15:32:03.127088 localhost immucore[661]: }
Sep 15 15:32:03.127088 localhost immucore[661]: 2026-09-15T15:32:02Z INF Running layout plugin
Sep 15 15:32:03.127088 localhost immucore[661]: 2026-09-15T15:32:02Z DBG Device field empty, skipping layout plugin
Sep 15 15:32:03.127088 localhost immucore[661]: 2026-09-15T15:32:02Z DBG Reading '/system/oem/00_rootfs.yaml'
Sep 15 15:32:03.127088 localhost immucore[661]: 2026-09-15T15:32:02Z DBG Executing stage 'Rootfs Layout Settings.Layout configuration for recovery/autoreset mode'
Sep 15 15:32:03.127088 localhost immucore[661]: 2026-09-15T15:32:02Z WRN (conditional) Skip 'Skipping stage (if statement error: failed to run [ -e "/run/cos/recovery_mode" ] || [ -e "/run/cos/autoreset_mode" ]: exit status 1)' stage name: Rootfs Layout Settings.Layout configuration for recovery/autoreset mode
Sep 15 15:32:03.127088 localhost immucore[661]: 2026-09-15T15:32:02Z DBG Reading '/system/oem/00_rootfs.yaml'
Sep 15 15:32:03.127088 localhost immucore[661]: 2026-09-15T15:32:02Z DBG Executing stage 'Rootfs Layout Settings.Layout configuration for UKI installer'
Sep 15 15:32:03.127088 localhost immucore[661]: 2026-09-15T15:32:02Z WRN (conditional) Skip 'Skipping stage (if statement error: failed to run [ -e "/run/cos/uki_install_mode" ]: exit status 1)' stage name: Rootfs Layout Settings.Layout configuration for UKI installer
Sep 15 15:32:03.127088 localhost immucore[661]: 2026-09-15T15:32:02Z DBG Reading '/system/oem/00_rootfs.yaml'
Sep 15 15:32:03.127088 localhost immucore[661]: 2026-09-15T15:32:02Z DBG Executing stage 'Rootfs Layout Settings.Mask the commit service to avoid systemd messing with machine-id'
Sep 15 15:32:03.127088 localhost immucore[661]: 2026-09-15T15:32:02Z DBG Found systemd at /bin/systemctl
Sep 15 15:32:02.943353 localhost kairos-immucore[661]: 
[0;90m
[0;38:5:245m
[0;1;31m
[0;90m
[0;38:5:245mFound userdata from CDROM(/dev/sr1)
Sep 15 15:32:03.237122 localhost unknown: 
[0;1;33m
[0;1;38:5:185m
[0;1;39m
[0;1;33m
[0;1;38:5:185mBLKIDSHIM argv=[/dev/vda2 -s TYPE -o value]
Sep 15 15:32:03.237138 localhost immucore[661]: 2026-09-15T15:32:02Z INF Processing stage step 'Rootfs Layout Settings.Mask the commit service to avoid systemd messing with machine-id'. ( commands: 0, files: 0, ... )
Sep 15 15:32:03.237138 localhost immucore[661]: 2026-09-15T15:32:02Z DBG Stage: schema.Stage{
Sep 15 15:32:03.237138 localhost immucore[661]:   Name: "Mask the commit service to avoid systemd messing with machine-id",
Sep 15 15:32:03.237138 localhost immucore[661]:   Systemctl: schema.Systemctl{
Sep 15 15:32:03.237138 localhost immucore[661]:     Mask: []string{
Sep 15 15:32:03.237138 localhost immucore[661]:       "systemd-machine-id-commit.service",
Sep 15 15:32:03.237138 localhost immucore[661]:     },
Sep 15 15:32:03.237138 localhost immucore[661]:   },
Sep 15 15:32:03.237138 localhost immucore[661]:   OnlyIfServiceManager: "systemd",
Sep 15 15:32:03.237138 localhost immucore[661]: }
Sep 15 15:32:03.237138 localhost immucore[661]: 2026-09-15T15:32:03Z INF Running layout plugin
Sep 15 15:32:03.237138 localhost immucore[661]: 2026-09-15T15:32:03Z DBG Device field empty, skipping layout plugin
Sep 15 15:32:03.237138 localhost immucore[661]: 2026-09-15T15:32:03Z DBG Reading '/system/oem/01_extra_binds.yaml'
Sep 15 15:32:03.237138 localhost immucore[661]: 2026-09-15T15:32:03Z DBG Executing stage 'Extra binds for specific distros.Extra layout configuration for active/passive mode (Ubuntu/Debian)'
Sep 15 15:32:03.237138 localhost immucore[661]: 2026-09-15T15:32:03Z DBG If statement result
Sep 15 15:32:03.237138 localhost immucore[661]: 2026-09-15T15:32:03Z WRN (conditional) Skip 'OnlyIfOs regex (Ubuntu.*|Debian.*) doesn't match os name Hadron Linux dracut-111 (Initramfs)' stage name: Extra binds for specific distros.Extra layout configuration for active/passive mode (Ubuntu/Debian)
Sep 15 15:32:03.237138 localhost immucore[661]: 2026-09-15T15:32:03Z DBG Reading '/system/oem/01_extra_binds.yaml'
Sep 15 15:32:03.237138 localhost immucore[661]: 2026-09-15T15:32:03Z DBG Executing stage 'Extra binds for specific distros.Extra layout configuration for active/passive mode'
Sep 15 15:32:03.237138 localhost immucore[661]: 2026-09-15T15:32:03Z DBG If statement result
Sep 15 15:32:03.237138 localhost immucore[661]: 2026-09-15T15:32:03Z WRN (conditional) Skip 'OnlyIfOs regex (Red.*Hat.*|CentOS.*|Fedora.*|Rocky.*|AlmaLinux.*|Oracle.*Linux.*|SLES.*|[Oo]penSUSE.*|SUSE.*) doesn't match os name Hadron Linux dracut-111 (Initramfs)' stage name: Extra binds for specific distros.Extra layout configuration for active/passive mode
Sep 15 15:32:03.237138 localhost immucore[661]: 2026-09-15T15:32:03Z INF Done executing stage 'rootfs'
Sep 15 15:32:03.237138 localhost immucore[661]: 
Sep 15 15:32:03.237138 localhost immucore[661]: 2026-09-15T15:32:03Z INF Running stage: rootfs.after
Sep 15 15:32:03.237138 localhost immucore[661]: 
Sep 15 15:32:02.943421 localhost kairos-immucore[661]: 
[0;90m
[0;38:5:245m
[0;1;31m
[0;90m
[0;38:5:245mCreating file /oem/95_userdata/userdata
Sep 15 15:32:03.348252 localhost immucore[661]: 2026-09-15T15:32:03Z DBG Generating op for stage 'Rootfs Layout Settings.add custom bind and ephemeral mounts to /run/cos/cos-layout.env'
Sep 15 15:32:03.348252 localhost immucore[661]: 2026-09-15T15:32:03Z DBG Generating op for stage 'Rootfs Layout Settings.Grow persistent'
Sep 15 15:32:03.348252 localhost immucore[661]: 2026-09-15T15:32:03Z DBG Reading '/system/oem/00_rootfs.yaml'
Sep 15 15:32:03.348252 localhost immucore[661]: 2026-09-15T15:32:03Z DBG Executing stage 'Rootfs Layout Settings.add custom bind and ephemeral mounts to /run/cos/cos-layout.env'
Sep 15 15:32:03.348252 localhost immucore[661]: 2026-09-15T15:32:03Z WRN (conditional) Skip 'Skipping stage (if statement error: failed to run [ -r /run/cos/custom-layout.env ] && [ ! -f "/run/cos/recovery_mode" ] && [ ! -f /run/cos/live_mode ]: exit status 1)' stage name: Rootfs Layout Settings.add custom bind and ephemeral mounts to /run/cos/cos-layout.env
Sep 15 15:32:03.348252 localhost immucore[661]: 2026-09-15T15:32:03Z DBG Reading '/system/oem/00_rootfs.yaml'
Sep 15 15:32:03.348252 localhost immucore[661]: 2026-09-15T15:32:03Z DBG Executing stage 'Rootfs Layout Settings.Grow persistent'
Sep 15 15:32:03.348252 localhost immucore[661]: 2026-09-15T15:32:03Z DBG If statement result
Sep 15 15:32:03.348252 localhost immucore[661]: 2026-09-15T15:32:03Z INF Processing stage step 'Rootfs Layout Settings.Grow persistent'. ( commands: 0, files: 0, ... )
Sep 15 15:32:03.348252 localhost immucore[661]: 2026-09-15T15:32:03Z DBG Stage: schema.Stage{
Sep 15 15:32:03.348252 localhost immucore[661]:   If: "[ ! -f /run/cos/recovery_mode ] && [ ! -f /run/cos/live_mode ]",
Sep 15 15:32:03.348252 localhost immucore[661]:   Name: "Grow persistent",
Sep 15 15:32:03.348252 localhost immucore[661]:   Layout: schema.Layout{
Sep 15 15:32:03.348252 localhost immucore[661]:     Device: &schema.Device{
Sep 15 15:32:03.348252 localhost immucore[661]:       Label: "COS_PERSISTENT",
Sep 15 15:32:03.348252 localhost immucore[661]:     },
Sep 15 15:32:03.348252 localhost immucore[661]:     Expand: &schema.Expand{},
Sep 15 15:32:03.348252 localhost immucore[661]:   },
Sep 15 15:32:03.348252 localhost immucore[661]: }
Sep 15 15:32:03.348252 localhost immucore[661]: 2026-09-15T15:32:03Z INF Running layout plugin
Sep 15 15:32:03.348252 localhost immucore[661]: 2026-09-15T15:32:03Z DBG Checking layout device information
Sep 15 15:32:03.348252 localhost immucore[661]: 2026-09-15T15:32:03Z DBG Using label COS_PERSISTENT for layout expansion
Sep 15 15:32:03.348252 localhost immucore[661]: Deriving parent disk for block device /dev/vda2
Sep 15 15:32:03.348252 localhost immucore[661]: Deriving parent disk for block device /sys/class/block/vda2
Sep 15 15:32:03.348252 localhost immucore[661]: 2026-09-15T15:32:03Z DBG Checking for free space on device /dev/vda
Sep 15 15:32:03.348252 localhost immucore[661]: 2026-09-15T15:32:03Z DBG Checking if more than a partition is marked as bootable on device /dev/vda
Sep 15 15:32:03.348252 localhost immucore[661]: 2026-09-15T15:32:03Z DBG Verifying and repairing headers on device /dev/vda
Sep 15 15:32:02.943473 localhost kairos-immucore[661]: 
[0;90m
[0;38:5:245m
[0;1;31m
[0;90m
[0;38:5:245mCreating parent directories
Sep 15 15:32:03.469032 localhost immucore[661]: 2026-09-15T15:32:03Z DBG Going over the partition layout to create partitions on device /dev/vda
Sep 15 15:32:03.469032 localhost immucore[661]: 2026-09-15T15:32:03Z DBG No partitions to add, skipping
Sep 15 15:32:03.469032 localhost immucore[661]: 2026-09-15T15:32:03Z DBG Checking for layout expansion on device /dev/vda
Sep 15 15:32:03.469032 localhost immucore[661]: 2026-09-15T15:32:03Z DBG Extending last partition to max space
Sep 15 15:32:03.469032 localhost immucore[661]: 2026-09-15T15:32:03Z ERR requested size is less than or equal to current partition size (requested 4225761280 sectors, current 4225761280 sectors)
Sep 15 15:32:03.469032 localhost immucore[661]: 2026-09-15T15:32:03Z ERR Error on file /system/oem/00_rootfs.yaml on stage Grow persistent: requested size is less than or equal to current partition size (requested 4225761280 sectors, current 4225761280 sectors)
Sep 15 15:32:03.469032 localhost immucore[661]: 2026-09-15T15:32:03Z INF Done executing stage 'rootfs.after'
Sep 15 15:32:03.469032 localhost immucore[661]: 
Sep 15 15:32:03.469032 localhost immucore[661]: 2026-09-15T15:32:03Z INF Running stage: rootfs.before
Sep 15 15:32:03.469032 localhost immucore[661]: 
Sep 15 15:32:03.469032 localhost immucore[661]: 2026-09-15T15:32:03Z INF Done executing stage 'rootfs.before'
Sep 15 15:32:03.469032 localhost immucore[661]: 
Sep 15 15:32:03.469032 localhost immucore[661]: 2026-09-15T15:32:03Z INF Running stage: rootfs
Sep 15 15:32:03.469032 localhost immucore[661]: 
Sep 15 15:32:03.469032 localhost immucore[661]: 2026-09-15T15:32:03Z INF Done executing stage 'rootfs'
Sep 15 15:32:03.469032 localhost immucore[661]: 
Sep 15 15:32:03.469032 localhost immucore[661]: 2026-09-15T15:32:03Z INF Running stage: rootfs.after
Sep 15 15:32:03.469032 localhost immucore[661]: 
Sep 15 15:32:03.469032 localhost immucore[661]: 2026-09-15T15:32:03Z INF Done executing stage 'rootfs.after'
Sep 15 15:32:03.469032 localhost immucore[661]: 
Sep 15 15:32:03.469032 localhost immucore[661]: 2026-09-15T15:32:03Z DBG No extra env from /run/cos/extra-layout.env
Sep 15 15:32:03.469032 localhost immucore[661]: 2026-09-15T15:32:03Z DBG Cleaning for sysroot new=/run/overlay old=/run/overlay
Sep 15 15:32:03.469032 localhost immucore[661]: 2026-09-15T15:32:03Z DBG mount ready options=["size=25%"] type=tmpfs what=tmpfs where=/run/overlay
Sep 15 15:32:03.469032 localhost immucore[661]: 2026-09-15T15:32:03Z DBG Mounting custom mounts mounts={"/dev/disk/by-label/COS_PERSISTENT":"/usr/local"}
Sep 15 15:32:03.469032 localhost immucore[661]: 2026-09-15T15:32:03Z DBG Custom mount start what=/dev/disk/by-label/COS_PERSISTENT where=/usr/local
Sep 15 15:32:03.469032 localhost immucore[661]: 2026-09-15T15:32:03Z DBG Resolved label to concrete device path label=COS_PERSISTENT resolved=/dev/vda2
Sep 15 15:32:02.943522 localhost kairos-immucore[661]: 
[0;90m
[0;38:5:245m
[0;1;31m
[0;90m
[0;38:5:245mAdding execution bit to parent directory
Sep 15 15:32:03.583482 localhost immucore[661]: 2026-09-15T15:32:03Z DBG Getting disk type for device device=/dev/vda2
Sep 15 15:32:03.583482 localhost immucore[661]: 2026-09-15T15:32:03Z DBG typeFs split what=/dev/vda2:
Sep 15 15:32:02.943579 localhost kairos-immucore[661]: 
[0;90m
[0;38:5:245m
[0;1;31m
[0;90m
[0;38:5:245mCreating directory /oem/95_userdata
Sep 15 15:32:02.945207 localhost kairos-immucore[661]: 
[0;90m
[0;38:5:245m
[0;1;31m
[0;90m
[0;38:5:245mCreating file /oem/95_userdata/userdata.yaml
Sep 15 15:32:02.945660 localhost kairos-immucore[661]: Running layout plugin
Sep 15 15:32:02.945731 localhost kairos-immucore[661]: 
[0;90m
[0;38:5:245m
[0;1;31m
[0;90m
[0;38:5:245mDevice field empty, skipping layout plugin
Sep 15 15:32:02.945787 localhost kairos-immucore[661]: 
[0;90m
[0;38:5:245m
[0;1;31m
[0;90m
[0;38:5:245mReading '/system/oem/00_datasource.yaml'
Sep 15 15:32:02.945840 localhost kairos-immucore[661]: 
[0;90m
[0;38:5:245m
[0;1;31m
[0;90m
[0;38:5:245mExecuting stage 'Datasource handling.Sentinel file for userdata'
Sep 15 15:32:02.948587 localhost kairos-immucore[661]: 
[0;1;33m
[0;1;38:5:185m
[0;1;39m
[0;1;33m
[0;1;38:5:185m(conditional) Skip 'Skipping stage (if statement error: failed to run [ ! -e /oem/95_userdata ]: exit status 1)' stage name: Datasource handling.Sentinel file for userdata
Sep 15 15:32:02.949588 localhost kairos-immucore[661]: Done executing stage 'rootfs.before'
Sep 15 15:32:02.949715 localhost kairos-immucore[661]: Running stage: rootfs
Sep 15 15:32:02.950514 localhost kairos-immucore[661]: 
[0;90m
[0;38:5:245m
[0;1;31m
[0;90m
[0;38:5:245mGenerating op for stage 'Rootfs Layout Settings.Layout configuration for active/passive mode'
Sep 15 15:32:02.950534 localhost kairos-immucore[661]: 
[0;90m
[0;38:5:245m
[0;1;31m
[0;90m
[0;38:5:245mGenerating op for stage 'Rootfs Layout Settings.Layout configuration for recovery/autoreset mode'
Sep 15 15:32:02.951142 localhost kairos-immucore[661]: 
[0;90m
[0;38:5:245m
[0;1;31m
[0;90m
[0;38:5:245mGenerating op for stage 'Rootfs Layout Settings.Layout configuration for UKI installer'
Sep 15 15:32:02.951176 localhost kairos-immucore[661]: 
[0;90m
[0;38:5:245m
[0;1;31m
[0;90m
[0;38:5:245mGenerating op for stage 'Rootfs Layout Settings.Mask the commit service to avoid systemd messing with machine-id'
Sep 15 15:32:02.951348 localhost kairos-immucore[661]: 
[0;90m
[0;38:5:245m
[0;1;31m
[0;90m
[0;38:5:245mGenerating op for stage 'Extra binds for specific distros.Extra layout configuration for active/passive mode (Ubuntu/Debian)'
Sep 15 15:32:02.951371 localhost kairos-immucore[661]: 
[0;90m
[0;38:5:245m
[0;1;31m
[0;90m
[0;38:5:245mGenerating op for stage 'Extra binds for specific distros.Extra layout configuration for active/passive mode'
Sep 15 15:32:02.955043 localhost kairos-immucore[661]: 
[0;90m
[0;38:5:245m
[0;1;31m
[0;90m
[0;38:5:245mReading '/system/oem/00_rootfs.yaml'
Sep 15 15:32:02.955090 localhost kairos-immucore[661]: 
[0;90m
[0;38:5:245m
[0;1;31m
[0;90m
[0;38:5:245mExecuting stage 'Rootfs Layout Settings.Layout configuration for active/passive mode'
Sep 15 15:32:02.956478 localhost kairos-immucore[661]: 
[0;90m
[0;38:5:245m
[0;1;31m
[0;90m
[0;38:5:245mIf statement result 
Sep 15 15:32:02.956513 localhost kairos-immucore[661]: Processing stage step 'Rootfs Layout Settings.Layout configuration for active/passive mode'. ( commands: 0, files: 0, ... )
Sep 15 15:32:02.956570 localhost kairos-immucore[661]: 
[0;90m
[0;38:5:245m
[0;1;31m
[0;90m
[0;38:5:245mStage: schema.Stage{
                                                       
[0;90m
[0;38:5:245m  If: "[ ! -e \"/run/cos/recovery_mode\" ] && [ ! -e \"/run/cos/autoreset_mode\" ] && [ ! -e \"/run/cos/uki_install_mode\" ]",
                                                       
[0;90m
[0;38:5:245m  Name: "Layout configuration for active/passive mode",
                                                       
[0;90m
[0;38:5:245m  Environment: map[string]string{
                                                       
[0;90m
[0;38:5:245m    "OVERLAY": "tmpfs:25%",
                                                       
[0;90m
[0;38:5:245m    "PERSISTENT_STATE_PATHS": "/etc/cni /etc/init.d /etc/iscsi /etc/k0s /etc/kubernetes /etc/modprobe.d /etc/pwx /etc/rancher /etc/runlevels /etc/ssh /etc/ssl/certs /etc/sysconfig /etc/systemd /etc/zfs /home /opt /root /usr/libexec /var/cores /var/lib/ca-certificates /var/lib/cni /var/lib/containerd /var/lib/calico /var/lib/dbus /var/lib/etcd /var/lib/extensions /var/lib/confexts /var/lib/k0s /var/lib/kubelet /var/lib/longhorn /var/lib/osd /var/lib/rancher /var/lib/rook /var/lib/tailscale /var/lib/wicked /var/lib/kairos /var/log",
                                                       
[0;90m
[0;38:5:245m    "RW_PATHS": "/var /etc /srv",
                                                       
[0;90m
[0;38:5:245m    "VOLUMES": "LABEL=COS_PERSISTENT:/usr/local",
                                                       
[0;90m
[0;38:5:245m  },
                                                       
[0;90m
[0;38:5:245m  EnvironmentFile: "/run/cos/cos-layout.env",
                                                       
[0;90m
[0;38:5:245m}
Sep 15 15:32:02.957163 localhost kairos-immucore[661]: Running layout plugin
Sep 15 15:32:02.957333 localhost kairos-immucore[661]: 
[0;90m
[0;38:5:245m
[0;1;31m
[0;90m
[0;38:5:245mDevice field empty, skipping layout plugin
Sep 15 15:32:02.957484 localhost kairos-immucore[661]: 
[0;90m
[0;38:5:245m
[0;1;31m
[0;90m
[0;38:5:245mReading '/system/oem/00_rootfs.yaml'
Sep 15 15:32:02.957505 localhost kairos-immucore[661]: 
[0;90m
[0;38:5:245m
[0;1;31m
[0;90m
[0;38:5:245mExecuting stage 'Rootfs Layout Settings.Layout configuration for recovery/autoreset mode'
Sep 15 15:32:02.958216 localhost kairos-immucore[661]: 
[0;1;33m
[0;1;38:5:185m
[0;1;39m
[0;1;33m
[0;1;38:5:185m(conditional) Skip 'Skipping stage (if statement error: failed to run [ -e "/run/cos/recovery_mode" ] || [ -e "/run/cos/autoreset_mode" ]: exit status 1)' stage name: Rootfs Layout Settings.Layout configuration for recovery/autoreset mode
Sep 15 15:32:02.958296 localhost kairos-immucore[661]: 
[0;90m
[0;38:5:245m
[0;1;31m
[0;90m
[0;38:5:245mReading '/system/oem/00_rootfs.yaml'
Sep 15 15:32:02.958371 localhost kairos-immucore[661]: 
[0;90m
[0;38:5:245m
[0;1;31m
[0;90m
[0;38:5:245mExecuting stage 'Rootfs Layout Settings.Layout configuration for UKI installer'
Sep 15 15:32:02.959013 localhost kairos-immucore[661]: 
[0;1;33m
[0;1;38:5:185m
[0;1;39m
[0;1;33m
[0;1;38:5:185m(conditional) Skip 'Skipping stage (if statement error: failed to run [ -e "/run/cos/uki_install_mode" ]: exit status 1)' stage name: Rootfs Layout Settings.Layout configuration for UKI installer
Sep 15 15:32:02.959081 localhost kairos-immucore[661]: 
[0;90m
[0;38:5:245m
[0;1;31m
[0;90m
[0;38:5:245mReading '/system/oem/00_rootfs.yaml'
Sep 15 15:32:02.959156 localhost kairos-immucore[661]: 
[0;90m
[0;38:5:245m
[0;1;31m
[0;90m
[0;38:5:245mExecuting stage 'Rootfs Layout Settings.Mask the commit service to avoid systemd messing with machine-id'
Sep 15 15:32:02.959177 localhost kairos-immucore[661]: 
[0;90m
[0;38:5:245m
[0;1;31m
[0;90m
[0;38:5:245mFound systemd at /bin/systemctl
Sep 15 15:32:02.959219 localhost kairos-immucore[661]: Processing stage step 'Rootfs Layout Settings.Mask the commit service to avoid systemd messing with machine-id'. ( commands: 0, files: 0, ... )
Sep 15 15:32:02.959257 localhost kairos-immucore[661]: 
[0;90m
[0;38:5:245m
[0;1;31m
[0;90m
[0;38:5:245mStage: schema.Stage{
                                                       
[0;90m
[0;38:5:245m  Name: "Mask the commit service to avoid systemd messing with machine-id",
                                                       
[0;90m
[0;38:5:245m  Systemctl: schema.Systemctl{
                                                       
[0;90m
[0;38:5:245m    Mask: []string{
                                                       
[0;90m
[0;38:5:245m      "systemd-machine-id-commit.service",
                                                       
[0;90m
[0;38:5:245m    },
                                                       
[0;90m
[0;38:5:245m  },
                                                       
[0;90m
[0;38:5:245m  OnlyIfServiceManager: "systemd",
                                                       
[0;90m
[0;38:5:245m}
Sep 15 15:32:02.963600 localhost systemd[1]: 
[0;1;39m
[0;1;31m
[0;1;39mReload requested from client PID 865 ('systemctl') (unit immucore.service)...
Sep 15 15:32:02.963610 localhost systemd[1]: Reloading...
Sep 15 15:32:03.005092 localhost (gene[874]: 
[0;1;31m
[0;1;39m
[0;1;31m'/usr/lib/systemd/system-generators/dracut-crypt-generator' failed with exit status 2.
Sep 15 15:32:03.088463 localhost systemd[1]: tmp-cd922088123.mount: Deactivated successfully.
Sep 15 15:32:03.088518 localhost systemd[1]: Reloading finished in 124 ms.
Sep 15 15:32:03.130044 localhost kairos-immucore[661]: Running layout plugin
Sep 15 15:32:03.130072 localhost kairos-immucore[661]: 
[0;90m
[0;38:5:245m
[0;1;31m
[0;90m
[0;38:5:245mDevice field empty, skipping layout plugin
Sep 15 15:32:03.130106 localhost kairos-immucore[661]: 
[0;90m
[0;38:5:245m
[0;1;31m
[0;90m
[0;38:5:245mReading '/system/oem/01_extra_binds.yaml'
Sep 15 15:32:03.130118 localhost kairos-immucore[661]: 
[0;90m
[0;38:5:245m
[0;1;31m
[0;90m
[0;38:5:245mExecuting stage 'Extra binds for specific distros.Extra layout configuration for active/passive mode (Ubuntu/Debian)'
Sep 15 15:32:03.131141 localhost kairos-immucore[661]: 
[0;90m
[0;38:5:245m
[0;1;31m
[0;90m
[0;38:5:245mIf statement result 
Sep 15 15:32:03.132460 localhost kairos-immucore[661]: 
[0;1;33m
[0;1;38:5:185m
[0;1;39m
[0;1;33m
[0;1;38:5:185m(conditional) Skip 'OnlyIfOs regex (Ubuntu.*|Debian.*) doesn't match os name Hadron Linux dracut-111 (Initramfs)' stage name: Extra binds for specific distros.Extra layout configuration for active/passive mode (Ubuntu/Debian)
Sep 15 15:32:03.132648 localhost kairos-immucore[661]: 
[0;90m
[0;38:5:245m
[0;1;31m
[0;90m
[0;38:5:245mReading '/system/oem/01_extra_binds.yaml'
Sep 15 15:32:03.132821 localhost kairos-immucore[661]: 
[0;90m
[0;38:5:245m
[0;1;31m
[0;90m
[0;38:5:245mExecuting stage 'Extra binds for specific distros.Extra layout configuration for active/passive mode'
Sep 15 15:32:03.134652 localhost kairos-immucore[661]: 
[0;90m
[0;38:5:245m
[0;1;31m
[0;90m
[0;38:5:245mIf statement result 
Sep 15 15:32:03.135118 localhost kairos-immucore[661]: 
[0;1;33m
[0;1;38:5:185m
[0;1;39m
[0;1;33m
[0;1;38:5:185m(conditional) Skip 'OnlyIfOs regex (Red.*Hat.*|CentOS.*|Fedora.*|Rocky.*|AlmaLinux.*|Oracle.*Linux.*|SLES.*|[Oo]penSUSE.*|SUSE.*) doesn't match os name Hadron Linux dracut-111 (Initramfs)' stage name: Extra binds for specific distros.Extra layout configuration for active/passive mode
Sep 15 15:32:03.135633 localhost kairos-immucore[661]: Done executing stage 'rootfs'
Sep 15 15:32:03.135750 localhost kairos-immucore[661]: Running stage: rootfs.after
Sep 15 15:32:03.136770 localhost kairos-immucore[661]: 
[0;90m
[0;38:5:245m
[0;1;31m
[0;90m
[0;38:5:245mGenerating op for stage 'Rootfs Layout Settings.add custom bind and ephemeral mounts to /run/cos/cos-layout.env'
Sep 15 15:32:03.136831 localhost kairos-immucore[661]: 
[0;90m
[0;38:5:245m
[0;1;31m
[0;90m
[0;38:5:245mGenerating op for stage 'Rootfs Layout Settings.Grow persistent'
Sep 15 15:32:03.140282 localhost kairos-immucore[661]: 
[0;90m
[0;38:5:245m
[0;1;31m
[0;90m
[0;38:5:245mReading '/system/oem/00_rootfs.yaml'
Sep 15 15:32:03.140303 localhost kairos-immucore[661]: 
[0;90m
[0;38:5:245m
[0;1;31m
[0;90m
[0;38:5:245mExecuting stage 'Rootfs Layout Settings.add custom bind and ephemeral mounts to /run/cos/cos-layout.env'
Sep 15 15:32:03.141151 localhost kairos-immucore[661]: 
[0;1;33m
[0;1;38:5:185m
[0;1;39m
[0;1;33m
[0;1;38:5:185m(conditional) Skip 'Skipping stage (if statement error: failed to run [ -r /run/cos/custom-layout.env ] && [ ! -f "/run/cos/recovery_mode" ] && [ ! -f /run/cos/live_mode ]: exit status 1)' stage name: Rootfs Layout Settings.add custom bind and ephemeral mounts to /run/cos/cos-layout.env
Sep 15 15:32:03.141183 localhost kairos-immucore[661]: 
[0;90m
[0;38:5:245m
[0;1;31m
[0;90m
[0;38:5:245mReading '/system/oem/00_rootfs.yaml'
Sep 15 15:32:03.141210 localhost kairos-immucore[661]: 
[0;90m
[0;38:5:245m
[0;1;31m
[0;90m
[0;38:5:245mExecuting stage 'Rootfs Layout Settings.Grow persistent'
Sep 15 15:32:03.141818 localhost kairos-immucore[661]: 
[0;90m
[0;38:5:245m
[0;1;31m
[0;90m
[0;38:5:245mIf statement result 
Sep 15 15:32:03.141839 localhost kairos-immucore[661]: Processing stage step 'Rootfs Layout Settings.Grow persistent'. ( commands: 0, files: 0, ... )
Sep 15 15:32:03.141873 localhost kairos-immucore[661]: 
[0;90m
[0;38:5:245m
[0;1;31m
[0;90m
[0;38:5:245mStage: schema.Stage{
                                                       
[0;90m
[0;38:5:245m  If: "[ ! -f /run/cos/recovery_mode ] && [ ! -f /run/cos/live_mode ]",
                                                       
[0;90m
[0;38:5:245m  Name: "Grow persistent",
                                                       
[0;90m
[0;38:5:245m  Layout: schema.Layout{
                                                       
[0;90m
[0;38:5:245m    Device: &schema.Device{
                                                       
[0;90m
[0;38:5:245m      Label: "COS_PERSISTENT",
                                                       
[0;90m
[0;38:5:245m    },
                                                       
[0;90m
[0;38:5:245m    Expand: &schema.Expand{},
                                                       
[0;90m
[0;38:5:245m  },
                                                       
[0;90m
[0;38:5:245m}
Sep 15 15:32:03.142021 localhost kairos-immucore[661]: Running layout plugin
Sep 15 15:32:03.142118 localhost kairos-immucore[661]: 
[0;90m
[0;38:5:245m
[0;1;31m
[0;90m
[0;38:5:245mChecking layout device information
Sep 15 15:32:03.142132 localhost kairos-immucore[661]: 
[0;90m
[0;38:5:245m
[0;1;31m
[0;90m
[0;38:5:245mUsing label COS_PERSISTENT for layout expansion
Sep 15 15:32:03.142574 localhost kairos-immucore[661]: 
[0;90m
[0;38:5:245m
[0;1;31m
[0;90m
[0;38:5:245mChecking for free space on device /dev/vda
Sep 15 15:32:03.142591 localhost kairos-immucore[661]: 
[0;90m
[0;38:5:245m
[0;1;31m
[0;90m
[0;38:5:245mChecking if more than a partition is marked as bootable on device /dev/vda
Sep 15 15:32:03.142606 localhost kairos-immucore[661]: 
[0;90m
[0;38:5:245m
[0;1;31m
[0;90m
[0;38:5:245mVerifying and repairing headers on device /dev/vda
Sep 15 15:32:03.142855 localhost kairos-immucore[661]: 
[0;90m
[0;38:5:245m
[0;1;31m
[0;90m
[0;38:5:245mGoing over the partition layout to create partitions on device /dev/vda
Sep 15 15:32:03.148103 localhost kairos-immucore[661]: 
[0;90m
[0;38:5:245m
[0;1;31m
[0;90m
[0;38:5:245mNo partitions to add, skipping
Sep 15 15:32:03.148116 localhost kairos-immucore[661]: 
[0;90m
[0;38:5:245m
[0;1;31m
[0;90m
[0;38:5:245mChecking for layout expansion on device /dev/vda
Sep 15 15:32:03.148340 localhost kairos-immucore[661]: 
[0;90m
[0;38:5:245m
[0;1;31m
[0;90m
[0;38:5:245mExtending last partition to max space
Sep 15 15:32:03.148568 localhost kairos-immucore[661]: 
[0;1;31m
[0;1;39m
[0;1;31mrequested size is less than or equal to current partition size (requested 4225761280 sectors, current 4225761280 sectors)
Sep 15 15:32:03.148593 localhost kairos-immucore[661]: 
[0;1;31m
[0;1;39m
[0;1;31mError on file /system/oem/00_rootfs.yaml on stage Grow persistent: requested size is less than or equal to current partition size (requested 4225761280 sectors, current 4225761280 sectors)
Sep 15 15:32:03.149156 localhost kairos-immucore[661]: Done executing stage 'rootfs.after'
Sep 15 15:32:03.149378 localhost kairos-immucore[661]: Running stage: rootfs.before
Sep 15 15:32:03.149860 localhost kairos-immucore[661]: Done executing stage 'rootfs.before'
Sep 15 15:32:03.149887 localhost kairos-immucore[661]: Running stage: rootfs
Sep 15 15:32:03.150313 localhost kairos-immucore[661]: Done executing stage 'rootfs'
Sep 15 15:32:03.150334 localhost kairos-immucore[661]: Running stage: rootfs.after
Sep 15 15:32:03.150656 localhost kairos-immucore[661]: Done executing stage 'rootfs.after'
Sep 15 15:32:03.150965 localhost kairos-immucore[661]: 
[0;90m
[0;38:5:245m
[0;1;31m
[0;90m
[0;38:5:245mNo extra env from /run/cos/extra-layout.env
Sep 15 15:32:03.151357 localhost kairos-immucore[661]: 
[0;90m
[0;38:5:245m
[0;1;31m
[0;90m
[0;38:5:245mCleaning for sysroot
Sep 15 15:32:03.151388 localhost kairos-immucore[661]: 
[0;90m
[0;38:5:245m
[0;1;31m
[0;90m
[0;38:5:245mmount ready
Sep 15 15:32:03.151567 localhost kairos-immucore[661]: 
[0;90m
[0;38:5:245m
[0;1;31m
[0;90m
[0;38:5:245mMounting custom mounts
Sep 15 15:32:03.151595 localhost kairos-immucore[661]: 
[0;90m
[0;38:5:245m
[0;1;31m
[0;90m
[0;38:5:245mCustom mount start
Sep 15 15:32:03.155554 localhost kairos-immucore[661]: 
[0;90m
[0;38:5:245m
[0;1;31m
[0;90m
[0;38:5:245mResolved label to concrete device path
Sep 15 15:32:03.155584 localhost kairos-immucore[661]: 
[0;90m
[0;38:5:245m
[0;1;31m
[0;90m
[0;38:5:245mGetting disk type for device
Sep 15 15:32:03.166369 localhost kairos-immucore[661]: 
[0;90m
[0;38:5:245m
[0;1;31m
[0;90m
[0;38:5:245mtypeFs split
Sep 15 15:32:04.166899 localhost kairos-immucore[661]: 
[0;90m
[0;38:5:245m
[0;1;31m
[0;90m
[0;38:5:245mCleaning for sysroot
Sep 15 15:32:04.166988 localhost kairos-immucore[661]: 
[0;90m
[0;38:5:245m
[0;1;31m
[0;90m
[0;38:5:245mfsck command
Sep 15 15:32:04.167103 localhost immucore[661]: 2026-09-15T15:32:04Z DBG Cleaning for sysroot new=/usr/local old=/sysroot/usr/local
Sep 15 15:32:04.167103 localhost immucore[661]: 2026-09-15T15:32:04Z DBG fsck command cmd="fsck /dev/vda2 -a"
Sep 15 15:32:04.178869 localhost immucore[661]: 2026-09-15T15:32:04Z DBG mount ready options=["rw"] type=ext4 what=/dev/vda2 where=/sysroot/usr/local
Sep 15 15:32:04.175909 localhost kairos-immucore[661]: 
[0;90m
[0;38:5:245m
[0;1;31m
[0;90m
[0;38:5:245mmount ready
Sep 15 15:32:04.210195 localhost kairos-immucore[661]: mount done
Sep 15 15:32:04.210563 localhost immucore[661]: 2026-09-15T15:32:04Z INF mount done options=["rw"] type=ext4 what=/dev/vda2 where=/sysroot/usr/local
Sep 15 15:32:04.210563 localhost immucore[661]: 2026-09-15T15:32:04Z DBG Custom mount done what=/dev/disk/by-label/COS_PERSISTENT where=/usr/local
Sep 15 15:32:04.210563 localhost immucore[661]: 2026-09-15T15:32:04Z WRN
Sep 15 15:32:04.210563 localhost immucore[661]: 2026-09-15T15:32:04Z DBG Mounting overlays dirs=["/var","/etc","/srv"]
Sep 15 15:32:04.210563 localhost immucore[661]: 2026-09-15T15:32:04Z DBG Overlay mount start what=/var
Sep 15 15:32:04.210563 localhost immucore[661]: 2026-09-15T15:32:04Z DBG Cleaning for sysroot new=/var old=/sysroot/var
Sep 15 15:32:04.210563 localhost immucore[661]: 2026-09-15T15:32:04Z DBG mount ready options=["lowerdir=/sysroot/var","upperdir=/run/overlay/var/.overlay/upper","workdir=/run/overlay/var/.overlay/work"] type=overlay what=overlay where=/sysroot/var
Sep 15 15:32:04.210239 localhost kairos-immucore[661]: 
[0;90m
[0;38:5:245m
[0;1;31m
[0;90m
[0;38:5:245mCustom mount done
Sep 15 15:32:04.250305 localhost kernel: EXT4-fs (vda2): mounted filesystem 2d2d64e4-a212-433c-b173-3ed1305490ff r/w with ordered data mode. Quota mode: none.
Sep 15 15:32:04.250321 localhost immucore[661]: 2026-09-15T15:32:04Z DBG Overlay mount done what=/var
Sep 15 15:32:04.250321 localhost immucore[661]: 2026-09-15T15:32:04Z DBG Overlay mount start what=/etc
Sep 15 15:32:04.250321 localhost immucore[661]: 2026-09-15T15:32:04Z DBG Cleaning for sysroot new=/etc old=/sysroot/etc
Sep 15 15:32:04.250321 localhost immucore[661]: 2026-09-15T15:32:04Z DBG mount ready options=["lowerdir=/sysroot/etc","upperdir=/run/overlay/etc/.overlay/upper","workdir=/run/overlay/etc/.overlay/work"] type=overlay what=overlay where=/sysroot/etc
Sep 15 15:32:04.250321 localhost immucore[661]: 2026-09-15T15:32:04Z DBG Overlay mount done what=/etc
Sep 15 15:32:04.250321 localhost immucore[661]: 2026-09-15T15:32:04Z DBG Overlay mount start what=/srv
Sep 15 15:32:04.250321 localhost immucore[661]: 2026-09-15T15:32:04Z DBG Cleaning for sysroot new=/srv old=/sysroot/srv
Sep 15 15:32:04.250321 localhost immucore[661]: 2026-09-15T15:32:04Z DBG mount ready options=["lowerdir=/sysroot/srv","upperdir=/run/overlay/srv/.overlay/upper","workdir=/run/overlay/srv/.overlay/work"] type=overlay what=overlay where=/sysroot/srv
Sep 15 15:32:04.250321 localhost immucore[661]: 2026-09-15T15:32:04Z DBG Overlay mount done what=/srv
Sep 15 15:32:04.250321 localhost immucore[661]: 2026-09-15T15:32:04Z DBG Mounting binds mounts=["/etc/cni","/etc/init.d","/etc/iscsi","/etc/k0s","/etc/kubernetes","/etc/modprobe.d","/etc/pwx","/etc/rancher","/etc/runlevels","/etc/ssh","/etc/ssl/certs","/etc/sysconfig","/etc/systemd","/etc/zfs","/home","/opt","/root","/usr/libexec","/var/cores","/var/lib/ca-certificates","/var/lib/cni","/var/lib/containerd","/var/lib/calico","/var/lib/dbus","/var/lib/etcd","/var/lib/extensions","/var/lib/confexts","/var/lib/k0s","/var/lib/kubelet","/var/lib/longhorn","/var/lib/osd","/var/lib/rancher","/var/lib/rook","/var/lib/tailscale","/var/lib/wicked","/var/lib/kairos","/var/log"]
Sep 15 15:32:04.250321 localhost immucore[661]: 2026-09-15T15:32:04Z DBG Bind mount start what=/home
Sep 15 15:32:04.250321 localhost immucore[661]: 2026-09-15T15:32:04Z DBG Bind mount what=/sysroot/usr/local/.state/home.bind where=/sysroot/home
Sep 15 15:32:04.250321 localhost immucore[661]: 2026-09-15T15:32:04Z DBG Cleaning for sysroot new=/home old=/home
Sep 15 15:32:04.210255 localhost kairos-immucore[661]: 
Sep 15 15:32:04.335356 localhost immucore[661]: 2026-09-15T15:32:04Z DBG Cleaning for sysroot new=/usr/local/.state/home.bind old=/sysroot/usr/local/.state/home.bind
Sep 15 15:32:04.335356 localhost immucore[661]: 2026-09-15T15:32:04Z DBG mount ready options=["bind"] type=overlay what=/sysroot/usr/local/.state/home.bind where=/sysroot/home
Sep 15 15:32:04.335356 localhost immucore[661]: 2026-09-15T15:32:04Z DBG Bind mount end what=/home
Sep 15 15:32:04.335356 localhost immucore[661]: 2026-09-15T15:32:04Z DBG Bind mount start what=/opt
Sep 15 15:32:04.335356 localhost immucore[661]: 2026-09-15T15:32:04Z DBG Bind mount what=/sysroot/usr/local/.state/opt.bind where=/sysroot/opt
Sep 15 15:32:04.335356 localhost immucore[661]: 2026-09-15T15:32:04Z DBG Cleaning for sysroot new=/opt old=/opt
Sep 15 15:32:04.335356 localhost immucore[661]: 2026-09-15T15:32:04Z DBG Cleaning for sysroot new=/usr/local/.state/opt.bind old=/sysroot/usr/local/.state/opt.bind
Sep 15 15:32:04.335356 localhost immucore[661]: 2026-09-15T15:32:04Z DBG mount ready options=["bind"] type=overlay what=/sysroot/usr/local/.state/opt.bind where=/sysroot/opt
Sep 15 15:32:04.335356 localhost immucore[661]: 2026-09-15T15:32:04Z DBG Bind mount end what=/opt
Sep 15 15:32:04.335356 localhost immucore[661]: 2026-09-15T15:32:04Z DBG Bind mount start what=/root
Sep 15 15:32:04.335356 localhost immucore[661]: 2026-09-15T15:32:04Z DBG Bind mount what=/sysroot/usr/local/.state/root.bind where=/sysroot/root
Sep 15 15:32:04.335356 localhost immucore[661]: 2026-09-15T15:32:04Z DBG Cleaning for sysroot new=/root old=/root
Sep 15 15:32:04.335356 localhost immucore[661]: 2026-09-15T15:32:04Z DBG Cleaning for sysroot new=/usr/local/.state/root.bind old=/sysroot/usr/local/.state/root.bind
Sep 15 15:32:04.210318 localhost kairos-immucore[661]: 
[0;90m
[0;38:5:245m
[0;1;31m
[0;90m
[0;38:5:245mMounting overlays
Sep 15 15:32:04.392065 localhost immucore[661]: 2026-09-15T15:32:04Z DBG mount ready options=["bind"] type=overlay what=/sysroot/usr/local/.state/root.bind where=/sysroot/root
Sep 15 15:32:04.392065 localhost immucore[661]: 2026-09-15T15:32:04Z DBG Bind mount end what=/root
Sep 15 15:32:04.392065 localhost immucore[661]: 2026-09-15T15:32:04Z DBG Bind mount start what=/etc/cni
Sep 15 15:32:04.392065 localhost immucore[661]: 2026-09-15T15:32:04Z DBG Bind mount what=/sysroot/usr/local/.state/etc-cni.bind where=/sysroot/etc/cni
Sep 15 15:32:04.392065 localhost immucore[661]: 2026-09-15T15:32:04Z DBG Cleaning for sysroot new=/etc/cni old=/etc/cni
Sep 15 15:32:04.392065 localhost immucore[661]: 2026-09-15T15:32:04Z DBG Cleaning for sysroot new=/usr/local/.state/etc-cni.bind old=/sysroot/usr/local/.state/etc-cni.bind
Sep 15 15:32:04.210331 localhost kairos-immucore[661]: 
[0;90m
[0;38:5:245m
[0;1;31m
[0;90m
[0;38:5:245mOverlay mount start
Sep 15 15:32:04.419343 localhost immucore[661]: 2026-09-15T15:32:04Z DBG mount ready options=["bind"] type=overlay what=/sysroot/usr/local/.state/etc-cni.bind where=/sysroot/etc/cni
Sep 15 15:32:04.419343 localhost immucore[661]: 2026-09-15T15:32:04Z DBG Bind mount end what=/etc/cni
Sep 15 15:32:04.419343 localhost immucore[661]: 2026-09-15T15:32:04Z DBG Bind mount start what=/var/cores
Sep 15 15:32:04.419343 localhost immucore[661]: 2026-09-15T15:32:04Z DBG Bind mount what=/sysroot/usr/local/.state/var-cores.bind where=/sysroot/var/cores
Sep 15 15:32:04.419343 localhost immucore[661]: 2026-09-15T15:32:04Z DBG Cleaning for sysroot new=/var/cores old=/var/cores
Sep 15 15:32:04.419343 localhost immucore[661]: 2026-09-15T15:32:04Z DBG Cleaning for sysroot new=/usr/local/.state/var-cores.bind old=/sysroot/usr/local/.state/var-cores.bind
Sep 15 15:32:04.210367 localhost kairos-immucore[661]: 
[0;90m
[0;38:5:245m
[0;1;31m
[0;90m
[0;38:5:245mCleaning for sysroot
Sep 15 15:32:04.446818 localhost immucore[661]: 2026-09-15T15:32:04Z DBG mount ready options=["bind"] type=overlay what=/sysroot/usr/local/.state/var-cores.bind where=/sysroot/var/cores
Sep 15 15:32:04.446818 localhost immucore[661]: 2026-09-15T15:32:04Z DBG Bind mount end what=/var/cores
Sep 15 15:32:04.446818 localhost immucore[661]: 2026-09-15T15:32:04Z DBG Bind mount start what=/etc/init.d
Sep 15 15:32:04.446818 localhost immucore[661]: 2026-09-15T15:32:04Z DBG Bind mount what=/sysroot/usr/local/.state/etc-init.d.bind where=/sysroot/etc/init.d
Sep 15 15:32:04.446818 localhost immucore[661]: 2026-09-15T15:32:04Z DBG Cleaning for sysroot new=/etc/init.d old=/etc/init.d
Sep 15 15:32:04.446818 localhost immucore[661]: 2026-09-15T15:32:04Z DBG Cleaning for sysroot new=/usr/local/.state/etc-init.d.bind old=/sysroot/usr/local/.state/etc-init.d.bind
Sep 15 15:32:04.210414 localhost kairos-immucore[661]: 
[0;90m
[0;38:5:245m
[0;1;31m
[0;90m
[0;38:5:245mmount ready
Sep 15 15:32:04.479206 localhost immucore[661]: 2026-09-15T15:32:04Z DBG mount ready options=["bind"] type=overlay what=/sysroot/usr/local/.state/etc-init.d.bind where=/sysroot/etc/init.d
Sep 15 15:32:04.479206 localhost immucore[661]: 2026-09-15T15:32:04Z DBG Bind mount end what=/etc/init.d
Sep 15 15:32:04.479206 localhost immucore[661]: 2026-09-15T15:32:04Z DBG Bind mount start what=/etc/iscsi
Sep 15 15:32:04.479206 localhost immucore[661]: 2026-09-15T15:32:04Z DBG Bind mount what=/sysroot/usr/local/.state/etc-iscsi.bind where=/sysroot/etc/iscsi
Sep 15 15:32:04.479206 localhost immucore[661]: 2026-09-15T15:32:04Z DBG Cleaning for sysroot new=/etc/iscsi old=/etc/iscsi
Sep 15 15:32:04.479206 localhost immucore[661]: 2026-09-15T15:32:04Z DBG Cleaning for sysroot new=/usr/local/.state/etc-iscsi.bind old=/sysroot/usr/local/.state/etc-iscsi.bind
Sep 15 15:32:04.212388 localhost kairos-immucore[661]: 
[0;90m
[0;38:5:245m
[0;1;31m
[0;90m
[0;38:5:245mOverlay mount done
Sep 15 15:32:04.212415 localhost kairos-immucore[661]: 
[0;90m
[0;38:5:245m
[0;1;31m
[0;90m
[0;38:5:245mOverlay mount start
Sep 15 15:32:04.212448 localhost kairos-immucore[661]: 
[0;90m
[0;38:5:245m
[0;1;31m
[0;90m
[0;38:5:245mCleaning for sysroot
Sep 15 15:32:04.212492 localhost kairos-immucore[661]: 
[0;90m
[0;38:5:245m
[0;1;31m
[0;90m
[0;38:5:245mmount ready
Sep 15 15:32:04.213651 localhost kairos-immucore[661]: 
[0;90m
[0;38:5:245m
[0;1;31m
[0;90m
[0;38:5:245mOverlay mount done
Sep 15 15:32:04.213730 localhost kairos-immucore[661]: 
[0;90m
[0;38:5:245m
[0;1;31m
[0;90m
[0;38:5:245mOverlay mount start
Sep 15 15:32:04.213794 localhost kairos-immucore[661]: 
[0;90m
[0;38:5:245m
[0;1;31m
[0;90m
[0;38:5:245mCleaning for sysroot
Sep 15 15:32:04.213853 localhost kairos-immucore[661]: 
[0;90m
[0;38:5:245m
[0;1;31m
[0;90m
[0;38:5:245mmount ready
Sep 15 15:32:04.215046 localhost kairos-immucore[661]: 
[0;90m
[0;38:5:245m
[0;1;31m
[0;90m
[0;38:5:245mOverlay mount done
Sep 15 15:32:04.215275 localhost kairos-immucore[661]: 
[0;90m
[0;38:5:245m
[0;1;31m
[0;90m
[0;38:5:245mMounting binds
Sep 15 15:32:04.215324 localhost kairos-immucore[661]: 
[0;90m
[0;38:5:245m
[0;1;31m
[0;90m
[0;38:5:245mBind mount start
Sep 15 15:32:04.215340 localhost kairos-immucore[661]: 
[0;90m
[0;38:5:245m
[0;1;31m
[0;90m
[0;38:5:245mBind mount
Sep 15 15:32:04.215368 localhost kairos-immucore[661]: 
[0;90m
[0;38:5:245m
[0;1;31m
[0;90m
[0;38:5:245mCleaning for sysroot
Sep 15 15:32:04.215386 localhost kairos-immucore[661]: 
[0;90m
[0;38:5:245m
[0;1;31m
[0;90m
[0;38:5:245mCleaning for sysroot
Sep 15 15:32:04.260289 localhost kairos-immucore[661]: 
[0;90m
[0;38:5:245m
[0;1;31m
[0;90m
[0;38:5:245mmount ready
Sep 15 15:32:04.263769 localhost kairos-immucore[661]: 
[0;90m
[0;38:5:245m
[0;1;31m
[0;90m
[0;38:5:245mBind mount end
Sep 15 15:32:04.263809 localhost kairos-immucore[661]: 
[0;90m
[0;38:5:245m
[0;1;31m
[0;90m
[0;38:5:245mBind mount start
Sep 15 15:32:04.263826 localhost kairos-immucore[661]: 
[0;90m
[0;38:5:245m
[0;1;31m
[0;90m
[0;38:5:245mBind mount
Sep 15 15:32:04.263857 localhost kairos-immucore[661]: 
[0;90m
[0;38:5:245m
[0;1;31m
[0;90m
[0;38:5:245mCleaning for sysroot
Sep 15 15:32:04.263877 localhost kairos-immucore[661]: 
[0;90m
[0;38:5:245m
[0;1;31m
[0;90m
[0;38:5:245mCleaning for sysroot
Sep 15 15:32:04.309441 localhost kairos-immucore[661]: 
[0;90m
[0;38:5:245m
[0;1;31m
[0;90m
[0;38:5:245mmount ready
Sep 15 15:32:04.315642 localhost kairos-immucore[661]: 
[0;90m
[0;38:5:245m
[0;1;31m
[0;90m
[0;38:5:245mBind mount end
Sep 15 15:32:04.315776 localhost kairos-immucore[661]: 
[0;90m
[0;38:5:245m
[0;1;31m
[0;90m
[0;38:5:245mBind mount start
Sep 15 15:32:04.315876 localhost kairos-immucore[661]: 
[0;90m
[0;38:5:245m
[0;1;31m
[0;90m
[0;38:5:245mBind mount
Sep 15 15:32:04.315988 localhost kairos-immucore[661]: 
[0;90m
[0;38:5:245m
[0;1;31m
[0;90m
[0;38:5:245mCleaning for sysroot
Sep 15 15:32:04.316094 localhost kairos-immucore[661]: 
[0;90m
[0;38:5:245m
[0;1;31m
[0;90m
[0;38:5:245mCleaning for sysroot
Sep 15 15:32:04.359923 localhost kairos-immucore[661]: 
[0;90m
[0;38:5:245m
[0;1;31m
[0;90m
[0;38:5:245mmount ready
Sep 15 15:32:04.364556 localhost kairos-immucore[661]: 
[0;90m
[0;38:5:245m
[0;1;31m
[0;90m
[0;38:5:245mBind mount end
Sep 15 15:32:04.364580 localhost kairos-immucore[661]: 
[0;90m
[0;38:5:245m
[0;1;31m
[0;90m
[0;38:5:245mBind mount start
Sep 15 15:32:04.364601 localhost kairos-immucore[661]: 
[0;90m
[0;38:5:245m
[0;1;31m
[0;90m
[0;38:5:245mBind mount
Sep 15 15:32:04.364634 localhost kairos-immucore[661]: 
[0;90m
[0;38:5:245m
[0;1;31m
[0;90m
[0;38:5:245mCleaning for sysroot
Sep 15 15:32:04.364650 localhost kairos-immucore[661]: 
[0;90m
[0;38:5:245m
[0;1;31m
[0;90m
[0;38:5:245mCleaning for sysroot
Sep 15 15:32:04.408061 localhost kairos-immucore[661]: 
[0;90m
[0;38:5:245m
[0;1;31m
[0;90m
[0;38:5:245mmount ready
Sep 15 15:32:04.413587 localhost kairos-immucore[661]: 
[0;90m
[0;38:5:245m
[0;1;31m
[0;90m
[0;38:5:245mBind mount end
Sep 15 15:32:04.413656 localhost kairos-immucore[661]: 
[0;90m
[0;38:5:245m
[0;1;31m
[0;90m
[0;38:5:245mBind mount start
Sep 15 15:32:04.413812 localhost kairos-immucore[661]: 
[0;90m
[0;38:5:245m
[0;1;31m
[0;90m
[0;38:5:245mBind mount
Sep 15 15:32:04.413967 localhost kairos-immucore[661]: 
[0;90m
[0;38:5:245m
[0;1;31m
[0;90m
[0;38:5:245mCleaning for sysroot
Sep 15 15:32:04.414067 localhost kairos-immucore[661]: 
[0;90m
[0;38:5:245m
[0;1;31m
[0;90m
[0;38:5:245mCleaning for sysroot
Sep 15 15:32:04.436864 localhost kairos-immucore[661]: 
[0;90m
[0;38:5:245m
[0;1;31m
[0;90m
[0;38:5:245mmount ready
Sep 15 15:32:04.441450 localhost kairos-immucore[661]: 
[0;90m
[0;38:5:245m
[0;1;31m
[0;90m
[0;38:5:245mBind mount end
Sep 15 15:32:04.441560 localhost kairos-immucore[661]: 
[0;90m
[0;38:5:245m
[0;1;31m
[0;90m
[0;38:5:245mBind mount start
Sep 15 15:32:04.441583 localhost kairos-immucore[661]: 
[0;90m
[0;38:5:245m
[0;1;31m
[0;90m
[0;38:5:245mBind mount
Sep 15 15:32:04.441732 localhost kairos-immucore[661]: 
[0;90m
[0;38:5:245m
[0;1;31m
[0;90m
[0;38:5:245mCleaning for sysroot
Sep 15 15:32:04.441873 localhost kairos-immucore[661]: 
[0;90m
[0;38:5:245m
[0;1;31m
[0;90m
[0;38:5:245mCleaning for sysroot
Sep 15 15:32:04.465187 localhost kairos-immucore[661]: 
[0;90m
[0;38:5:245m
[0;1;31m
[0;90m
[0;38:5:245mmount ready
Sep 15 15:32:04.469431 localhost kairos-immucore[661]: 
[0;90m
[0;38:5:245m
[0;1;31m
[0;90m
[0;38:5:245mBind mount end
Sep 15 15:32:04.469471 localhost kairos-immucore[661]: 
[0;90m
[0;38:5:245m
[0;1;31m
[0;90m
[0;38:5:245mBind mount start
Sep 15 15:32:04.469490 localhost kairos-immucore[661]: 
[0;90m
[0;38:5:245m
[0;1;31m
[0;90m
[0;38:5:245mBind mount
Sep 15 15:32:04.469524 localhost kairos-immucore[661]: 
[0;90m
[0;38:5:245m
[0;1;31m
[0;90m
[0;38:5:245mCleaning for sysroot
Sep 15 15:32:04.469545 localhost kairos-immucore[661]: 
[0;90m
[0;38:5:245m
[0;1;31m
[0;90m
[0;38:5:245mCleaning for sysroot
Sep 15 15:32:04.516244 localhost kairos-immucore[661]: 
[0;90m
[0;38:5:245m
[0;1;31m
[0;90m
[0;38:5:245mmount ready
Sep 15 15:32:04.516411 localhost immucore[661]: 2026-09-15T15:32:04Z DBG mount ready options=["bind"] type=overlay what=/sysroot/usr/local/.state/etc-iscsi.bind where=/sysroot/etc/iscsi
Sep 15 15:32:04.522839 localhost immucore[661]: 2026-09-15T15:32:04Z DBG Bind mount end what=/etc/iscsi
Sep 15 15:32:04.522839 localhost immucore[661]: 2026-09-15T15:32:04Z DBG Bind mount start what=/etc/k0s
Sep 15 15:32:04.522839 localhost immucore[661]: 2026-09-15T15:32:04Z DBG Bind mount what=/sysroot/usr/local/.state/etc-k0s.bind where=/sysroot/etc/k0s
Sep 15 15:32:04.522839 localhost immucore[661]: 2026-09-15T15:32:04Z DBG Cleaning for sysroot new=/etc/k0s old=/etc/k0s
Sep 15 15:32:04.522839 localhost immucore[661]: 2026-09-15T15:32:04Z DBG Cleaning for sysroot new=/usr/local/.state/etc-k0s.bind old=/sysroot/usr/local/.state/etc-k0s.bind
Sep 15 15:32:04.520816 localhost kairos-immucore[661]: 
[0;90m
[0;38:5:245m
[0;1;31m
[0;90m
[0;38:5:245mBind mount end
Sep 15 15:32:04.520918 localhost kairos-immucore[661]: 
[0;90m
[0;38:5:245m
[0;1;31m
[0;90m
[0;38:5:245mBind mount start
Sep 15 15:32:04.521016 localhost kairos-immucore[661]: 
[0;90m
[0;38:5:245m
[0;1;31m
[0;90m
[0;38:5:245mBind mount
Sep 15 15:32:04.521135 localhost kairos-immucore[661]: 
[0;90m
[0;38:5:245m
[0;1;31m
[0;90m
[0;38:5:245mCleaning for sysroot
Sep 15 15:32:04.521257 localhost kairos-immucore[661]: 
[0;90m
[0;38:5:245m
[0;1;31m
[0;90m
[0;38:5:245mCleaning for sysroot
Sep 15 15:32:04.564225 localhost kairos-immucore[661]: 
[0;90m
[0;38:5:245m
[0;1;31m
[0;90m
[0;38:5:245mmount ready
Sep 15 15:32:04.564453 localhost immucore[661]: 2026-09-15T15:32:04Z DBG mount ready options=["bind"] type=overlay what=/sysroot/usr/local/.state/etc-k0s.bind where=/sysroot/etc/k0s
Sep 15 15:32:04.574336 localhost kairos-immucore[661]: 
[0;90m
[0;38:5:245m
[0;1;31m
[0;90m
[0;38:5:245mBind mount end
Sep 15 15:32:04.574373 localhost kairos-immucore[661]: 
[0;90m
[0;38:5:245m
[0;1;31m
[0;90m
[0;38:5:245mBind mount start
Sep 15 15:32:04.574408 localhost immucore[661]: 2026-09-15T15:32:04Z DBG Bind mount end what=/etc/k0s
Sep 15 15:32:04.574408 localhost immucore[661]: 2026-09-15T15:32:04Z DBG Bind mount start what=/etc/kubernetes
Sep 15 15:32:04.580587 localhost immucore[661]: 2026-09-15T15:32:04Z DBG Bind mount what=/sysroot/usr/local/.state/etc-kubernetes.bind where=/sysroot/etc/kubernetes
Sep 15 15:32:04.574421 localhost kairos-immucore[661]: 
[0;90m
[0;38:5:245m
[0;1;31m
[0;90m
[0;38:5:245mBind mount
Sep 15 15:32:04.585597 localhost immucore[661]: 2026-09-15T15:32:04Z DBG Cleaning for sysroot new=/etc/kubernetes old=/etc/kubernetes
Sep 15 15:32:04.577434 localhost kairos-immucore[661]: 
[0;90m
[0;38:5:245m
[0;1;31m
[0;90m
[0;38:5:245mCleaning for sysroot
Sep 15 15:32:04.589841 localhost kairos-immucore[661]: 
[0;90m
[0;38:5:245m
[0;1;31m
[0;90m
[0;38:5:245mCleaning for sysroot
Sep 15 15:32:04.589917 localhost immucore[661]: 2026-09-15T15:32:04Z DBG Cleaning for sysroot new=/usr/local/.state/etc-kubernetes.bind old=/sysroot/usr/local/.state/etc-kubernetes.bind
Sep 15 15:32:04.638458 localhost kairos-immucore[661]: 
[0;90m
[0;38:5:245m
[0;1;31m
[0;90m
[0;38:5:245mmount ready
Sep 15 15:32:04.638623 localhost immucore[661]: 2026-09-15T15:32:04Z DBG mount ready options=["bind"] type=overlay what=/sysroot/usr/local/.state/etc-kubernetes.bind where=/sysroot/etc/kubernetes
Sep 15 15:32:04.646355 localhost immucore[661]: 2026-09-15T15:32:04Z DBG Bind mount end what=/etc/kubernetes
Sep 15 15:32:04.646355 localhost immucore[661]: 2026-09-15T15:32:04Z DBG Bind mount start what=/usr/libexec
Sep 15 15:32:04.646355 localhost immucore[661]: 2026-09-15T15:32:04Z DBG Bind mount what=/sysroot/usr/local/.state/usr-libexec.bind where=/sysroot/usr/libexec
Sep 15 15:32:04.646355 localhost immucore[661]: 2026-09-15T15:32:04Z DBG Cleaning for sysroot new=/usr/libexec old=/usr/libexec
Sep 15 15:32:04.646355 localhost immucore[661]: 2026-09-15T15:32:04Z DBG Cleaning for sysroot new=/usr/local/.state/usr-libexec.bind old=/sysroot/usr/local/.state/usr-libexec.bind
Sep 15 15:32:04.642194 localhost kairos-immucore[661]: 
[0;90m
[0;38:5:245m
[0;1;31m
[0;90m
[0;38:5:245mBind mount end
Sep 15 15:32:04.642300 localhost kairos-immucore[661]: 
[0;90m
[0;38:5:245m
[0;1;31m
[0;90m
[0;38:5:245mBind mount start
Sep 15 15:32:04.642397 localhost kairos-immucore[661]: 
[0;90m
[0;38:5:245m
[0;1;31m
[0;90m
[0;38:5:245mBind mount
Sep 15 15:32:04.642515 localhost kairos-immucore[661]: 
[0;90m
[0;38:5:245m
[0;1;31m
[0;90m
[0;38:5:245mCleaning for sysroot
Sep 15 15:32:04.642632 localhost kairos-immucore[661]: 
[0;90m
[0;38:5:245m
[0;1;31m
[0;90m
[0;38:5:245mCleaning for sysroot
Sep 15 15:32:04.696302 localhost kairos-immucore[661]: 
[0;90m
[0;38:5:245m
[0;1;31m
[0;90m
[0;38:5:245mmount ready
Sep 15 15:32:04.696418 localhost immucore[661]: 2026-09-15T15:32:04Z DBG mount ready options=["bind"] type=overlay what=/sysroot/usr/local/.state/usr-libexec.bind where=/sysroot/usr/libexec
Sep 15 15:32:04.708227 localhost kairos-immucore[661]: 
[0;90m
[0;38:5:245m
[0;1;31m
[0;90m
[0;38:5:245mBind mount end
Sep 15 15:32:04.708294 localhost kairos-immucore[661]: 
[0;90m
[0;38:5:245m
[0;1;31m
[0;90m
[0;38:5:245mBind mount start
Sep 15 15:32:04.708354 localhost immucore[661]: 2026-09-15T15:32:04Z DBG Bind mount end what=/usr/libexec
Sep 15 15:32:04.708354 localhost immucore[661]: 2026-09-15T15:32:04Z DBG Bind mount start what=/var/log
Sep 15 15:32:04.708354 localhost immucore[661]: 2026-09-15T15:32:04Z DBG Bind mount what=/sysroot/usr/local/.state/var-log.bind where=/sysroot/var/log
Sep 15 15:32:04.708312 localhost kairos-immucore[661]: 
[0;90m
[0;38:5:245m
[0;1;31m
[0;90m
[0;38:5:245mBind mount
Sep 15 15:32:04.721482 localhost immucore[661]: 2026-09-15T15:32:04Z DBG Cleaning for sysroot new=/var/log old=/var/log
Sep 15 15:32:04.721482 localhost immucore[661]: 2026-09-15T15:32:04Z DBG Cleaning for sysroot new=/usr/local/.state/var-log.bind old=/sysroot/usr/local/.state/var-log.bind
Sep 15 15:32:04.708352 localhost kairos-immucore[661]: 
[0;90m
[0;38:5:245m
[0;1;31m
[0;90m
[0;38:5:245mCleaning for sysroot
Sep 15 15:32:04.708370 localhost kairos-immucore[661]: 
[0;90m
[0;38:5:245m
[0;1;31m
[0;90m
[0;38:5:245mCleaning for sysroot
Sep 15 15:32:04.734094 localhost kairos-immucore[661]: 
[0;90m
[0;38:5:245m
[0;1;31m
[0;90m
[0;38:5:245mmount ready
Sep 15 15:32:04.734244 localhost immucore[661]: 2026-09-15T15:32:04Z DBG mount ready options=["bind"] type=overlay what=/sysroot/usr/local/.state/var-log.bind where=/sysroot/var/log
Sep 15 15:32:04.745863 localhost kairos-immucore[661]: 
[0;90m
[0;38:5:245m
[0;1;31m
[0;90m
[0;38:5:245mBind mount end
Sep 15 15:32:04.745982 localhost immucore[661]: 2026-09-15T15:32:04Z DBG Bind mount end what=/var/log
Sep 15 15:32:04.749950 localhost immucore[661]: 2026-09-15T15:32:04Z DBG Bind mount start what=/etc/modprobe.d
Sep 15 15:32:04.749950 localhost immucore[661]: 2026-09-15T15:32:04Z DBG Bind mount what=/sysroot/usr/local/.state/etc-modprobe.d.bind where=/sysroot/etc/modprobe.d
Sep 15 15:32:04.749950 localhost immucore[661]: 2026-09-15T15:32:04Z DBG Cleaning for sysroot new=/etc/modprobe.d old=/etc/modprobe.d
Sep 15 15:32:04.749950 localhost immucore[661]: 2026-09-15T15:32:04Z DBG Cleaning for sysroot new=/usr/local/.state/etc-modprobe.d.bind old=/sysroot/usr/local/.state/etc-modprobe.d.bind
Sep 15 15:32:04.745995 localhost kairos-immucore[661]: 
[0;90m
[0;38:5:245m
[0;1;31m
[0;90m
[0;38:5:245mBind mount start
Sep 15 15:32:04.746019 localhost kairos-immucore[661]: 
[0;90m
[0;38:5:245m
[0;1;31m
[0;90m
[0;38:5:245mBind mount
Sep 15 15:32:04.746055 localhost kairos-immucore[661]: 
[0;90m
[0;38:5:245m
[0;1;31m
[0;90m
[0;38:5:245mCleaning for sysroot
Sep 15 15:32:04.746081 localhost kairos-immucore[661]: 
[0;90m
[0;38:5:245m
[0;1;31m
[0;90m
[0;38:5:245mCleaning for sysroot
Sep 15 15:32:04.790643 localhost kairos-immucore[661]: 
[0;90m
[0;38:5:245m
[0;1;31m
[0;90m
[0;38:5:245mmount ready
Sep 15 15:32:04.790799 localhost immucore[661]: 2026-09-15T15:32:04Z DBG mount ready options=["bind"] type=overlay what=/sysroot/usr/local/.state/etc-modprobe.d.bind where=/sysroot/etc/modprobe.d
Sep 15 15:32:04.802244 localhost kairos-immucore[661]: 
[0;90m
[0;38:5:245m
[0;1;31m
[0;90m
[0;38:5:245mBind mount end
Sep 15 15:32:04.802300 localhost kairos-immucore[661]: 
[0;90m
[0;38:5:245m
[0;1;31m
[0;90m
[0;38:5:245mBind mount start
Sep 15 15:32:04.802383 localhost immucore[661]: 2026-09-15T15:32:04Z DBG Bind mount end what=/etc/modprobe.d
Sep 15 15:32:04.802383 localhost immucore[661]: 2026-09-15T15:32:04Z DBG Bind mount start what=/etc/pwx
Sep 15 15:32:04.802383 localhost immucore[661]: 2026-09-15T15:32:04Z DBG Bind mount what=/sysroot/usr/local/.state/etc-pwx.bind where=/sysroot/etc/pwx
Sep 15 15:32:04.802383 localhost immucore[661]: 2026-09-15T15:32:04Z DBG Cleaning for sysroot new=/etc/pwx old=/etc/pwx
Sep 15 15:32:04.802321 localhost kairos-immucore[661]: 
[0;90m
[0;38:5:245m
[0;1;31m
[0;90m
[0;38:5:245mBind mount
Sep 15 15:32:04.819606 localhost immucore[661]: 2026-09-15T15:32:04Z DBG Cleaning for sysroot new=/usr/local/.state/etc-pwx.bind old=/sysroot/usr/local/.state/etc-pwx.bind
Sep 15 15:32:04.802364 localhost kairos-immucore[661]: 
[0;90m
[0;38:5:245m
[0;1;31m
[0;90m
[0;38:5:245mCleaning for sysroot
Sep 15 15:32:04.802381 localhost kairos-immucore[661]: 
[0;90m
[0;38:5:245m
[0;1;31m
[0;90m
[0;38:5:245mCleaning for sysroot
Sep 15 15:32:04.868540 localhost kairos-immucore[661]: 
[0;90m
[0;38:5:245m
[0;1;31m
[0;90m
[0;38:5:245mmount ready
Sep 15 15:32:04.868765 localhost immucore[661]: 2026-09-15T15:32:04Z DBG mount ready options=["bind"] type=overlay what=/sysroot/usr/local/.state/etc-pwx.bind where=/sysroot/etc/pwx
Sep 15 15:32:04.878295 localhost kairos-immucore[661]: 
[0;90m
[0;38:5:245m
[0;1;31m
[0;90m
[0;38:5:245mBind mount end
Sep 15 15:32:04.878391 localhost immucore[661]: 2026-09-15T15:32:04Z DBG Bind mount end what=/etc/pwx
Sep 15 15:32:04.878391 localhost immucore[661]: 2026-09-15T15:32:04Z DBG Bind mount start what=/etc/rancher
Sep 15 15:32:04.878391 localhost immucore[661]: 2026-09-15T15:32:04Z DBG Bind mount what=/sysroot/usr/local/.state/etc-rancher.bind where=/sysroot/etc/rancher
Sep 15 15:32:04.878345 localhost kairos-immucore[661]: 
[0;90m
[0;38:5:245m
[0;1;31m
[0;90m
[0;38:5:245mBind mount start
Sep 15 15:32:04.892146 localhost immucore[661]: 2026-09-15T15:32:04Z DBG Cleaning for sysroot new=/etc/rancher old=/etc/rancher
Sep 15 15:32:04.892146 localhost immucore[661]: 2026-09-15T15:32:04Z DBG Cleaning for sysroot new=/usr/local/.state/etc-rancher.bind old=/sysroot/usr/local/.state/etc-rancher.bind
Sep 15 15:32:04.878365 localhost kairos-immucore[661]: 
[0;90m
[0;38:5:245m
[0;1;31m
[0;90m
[0;38:5:245mBind mount
Sep 15 15:32:04.878409 localhost kairos-immucore[661]: 
[0;90m
[0;38:5:245m
[0;1;31m
[0;90m
[0;38:5:245mCleaning for sysroot
Sep 15 15:32:04.878450 localhost kairos-immucore[661]: 
[0;90m
[0;38:5:245m
[0;1;31m
[0;90m
[0;38:5:245mCleaning for sysroot
Sep 15 15:32:04.920965 localhost kairos-immucore[661]: 
[0;90m
[0;38:5:245m
[0;1;31m
[0;90m
[0;38:5:245mmount ready
Sep 15 15:32:04.921072 localhost immucore[661]: 2026-09-15T15:32:04Z DBG mount ready options=["bind"] type=overlay what=/sysroot/usr/local/.state/etc-rancher.bind where=/sysroot/etc/rancher
Sep 15 15:32:04.932333 localhost kairos-immucore[661]: 
[0;90m
[0;38:5:245m
[0;1;31m
[0;90m
[0;38:5:245mBind mount end
Sep 15 15:32:04.932448 localhost immucore[661]: 2026-09-15T15:32:04Z DBG Bind mount end what=/etc/rancher
Sep 15 15:32:04.932448 localhost immucore[661]: 2026-09-15T15:32:04Z DBG Bind mount start what=/etc/runlevels
Sep 15 15:32:04.932448 localhost immucore[661]: 2026-09-15T15:32:04Z DBG Bind mount what=/sysroot/usr/local/.state/etc-runlevels.bind where=/sysroot/etc/runlevels
Sep 15 15:32:04.932391 localhost kairos-immucore[661]: 
[0;90m
[0;38:5:245m
[0;1;31m
[0;90m
[0;38:5:245mBind mount start
Sep 15 15:32:04.946078 localhost immucore[661]: 2026-09-15T15:32:04Z DBG Cleaning for sysroot new=/etc/runlevels old=/etc/runlevels
Sep 15 15:32:04.946078 localhost immucore[661]: 2026-09-15T15:32:04Z DBG Cleaning for sysroot new=/usr/local/.state/etc-runlevels.bind old=/sysroot/usr/local/.state/etc-runlevels.bind
Sep 15 15:32:04.932408 localhost kairos-immucore[661]: 
[0;90m
[0;38:5:245m
[0;1;31m
[0;90m
[0;38:5:245mBind mount
Sep 15 15:32:04.932443 localhost kairos-immucore[661]: 
[0;90m
[0;38:5:245m
[0;1;31m
[0;90m
[0;38:5:245mCleaning for sysroot
Sep 15 15:32:04.932462 localhost kairos-immucore[661]: 
[0;90m
[0;38:5:245m
[0;1;31m
[0;90m
[0;38:5:245mCleaning for sysroot
Sep 15 15:32:04.999402 localhost kairos-immucore[661]: 
[0;90m
[0;38:5:245m
[0;1;31m
[0;90m
[0;38:5:245mmount ready
Sep 15 15:32:04.999797 localhost immucore[661]: 2026-09-15T15:32:04Z DBG mount ready options=["bind"] type=overlay what=/sysroot/usr/local/.state/etc-runlevels.bind where=/sysroot/etc/runlevels
Sep 15 15:32:05.008744 localhost kairos-immucore[661]: 
[0;90m
[0;38:5:245m
[0;1;31m
[0;90m
[0;38:5:245mBind mount end
Sep 15 15:32:05.009106 localhost immucore[661]: 2026-09-15T15:32:05Z DBG Bind mount end what=/etc/runlevels
Sep 15 15:32:05.009106 localhost immucore[661]: 2026-09-15T15:32:05Z DBG Bind mount start what=/etc/ssh
Sep 15 15:32:05.009106 localhost immucore[661]: 2026-09-15T15:32:05Z DBG Bind mount what=/sysroot/usr/local/.state/etc-ssh.bind where=/sysroot/etc/ssh
Sep 15 15:32:05.009106 localhost immucore[661]: 2026-09-15T15:32:05Z DBG Cleaning for sysroot new=/etc/ssh old=/etc/ssh
Sep 15 15:32:05.009106 localhost immucore[661]: 2026-09-15T15:32:05Z DBG Cleaning for sysroot new=/usr/local/.state/etc-ssh.bind old=/sysroot/usr/local/.state/etc-ssh.bind
Sep 15 15:32:05.008900 localhost kairos-immucore[661]: 
[0;90m
[0;38:5:245m
[0;1;31m
[0;90m
[0;38:5:245mBind mount start
Sep 15 15:32:05.008926 localhost kairos-immucore[661]: 
[0;90m
[0;38:5:245m
[0;1;31m
[0;90m
[0;38:5:245mBind mount
Sep 15 15:32:05.008972 localhost kairos-immucore[661]: 
[0;90m
[0;38:5:245m
[0;1;31m
[0;90m
[0;38:5:245mCleaning for sysroot
Sep 15 15:32:05.009074 localhost kairos-immucore[661]: 
[0;90m
[0;38:5:245m
[0;1;31m
[0;90m
[0;38:5:245mCleaning for sysroot
Sep 15 15:32:05.075513 localhost kairos-immucore[661]: 
[0;90m
[0;38:5:245m
[0;1;31m
[0;90m
[0;38:5:245mmount ready
Sep 15 15:32:05.075831 localhost immucore[661]: 2026-09-15T15:32:05Z DBG mount ready options=["bind"] type=overlay what=/sysroot/usr/local/.state/etc-ssh.bind where=/sysroot/etc/ssh
Sep 15 15:32:05.084013 localhost immucore[661]: 2026-09-15T15:32:05Z DBG Bind mount end what=/etc/ssh
Sep 15 15:32:05.084013 localhost immucore[661]: 2026-09-15T15:32:05Z DBG Bind mount start what=/etc/sysconfig
Sep 15 15:32:05.084013 localhost immucore[661]: 2026-09-15T15:32:05Z DBG Bind mount what=/sysroot/usr/local/.state/etc-sysconfig.bind where=/sysroot/etc/sysconfig
Sep 15 15:32:05.084013 localhost immucore[661]: 2026-09-15T15:32:05Z DBG Cleaning for sysroot new=/etc/sysconfig old=/etc/sysconfig
Sep 15 15:32:05.084013 localhost immucore[661]: 2026-09-15T15:32:05Z DBG Cleaning for sysroot new=/usr/local/.state/etc-sysconfig.bind old=/sysroot/usr/local/.state/etc-sysconfig.bind
Sep 15 15:32:05.081020 localhost kairos-immucore[661]: 
[0;90m
[0;38:5:245m
[0;1;31m
[0;90m
[0;38:5:245mBind mount end
Sep 15 15:32:05.109650 localhost immucore[661]: 2026-09-15T15:32:05Z DBG mount ready options=["bind"] type=overlay what=/sysroot/usr/local/.state/etc-sysconfig.bind where=/sysroot/etc/sysconfig
Sep 15 15:32:05.109650 localhost immucore[661]: 2026-09-15T15:32:05Z DBG Bind mount end what=/etc/sysconfig
Sep 15 15:32:05.109650 localhost immucore[661]: 2026-09-15T15:32:05Z DBG Bind mount start what=/etc/systemd
Sep 15 15:32:05.109650 localhost immucore[661]: 2026-09-15T15:32:05Z DBG Bind mount what=/sysroot/usr/local/.state/etc-systemd.bind where=/sysroot/etc/systemd
Sep 15 15:32:05.109650 localhost immucore[661]: 2026-09-15T15:32:05Z DBG Cleaning for sysroot new=/etc/systemd old=/etc/systemd
Sep 15 15:32:05.109650 localhost immucore[661]: 2026-09-15T15:32:05Z DBG Cleaning for sysroot new=/usr/local/.state/etc-systemd.bind old=/sysroot/usr/local/.state/etc-systemd.bind
Sep 15 15:32:05.081049 localhost kairos-immucore[661]: 
[0;90m
[0;38:5:245m
[0;1;31m
[0;90m
[0;38:5:245mBind mount start
Sep 15 15:32:05.142540 localhost immucore[661]: 2026-09-15T15:32:05Z DBG mount ready options=["bind"] type=overlay what=/sysroot/usr/local/.state/etc-systemd.bind where=/sysroot/etc/systemd
Sep 15 15:32:05.081068 localhost kairos-immucore[661]: 
[0;90m
[0;38:5:245m
[0;1;31m
[0;90m
[0;38:5:245mBind mount
Sep 15 15:32:05.150748 localhost immucore[661]: 2026-09-15T15:32:05Z DBG Bind mount end what=/etc/systemd
Sep 15 15:32:05.150748 localhost immucore[661]: 2026-09-15T15:32:05Z DBG Bind mount start what=/etc/zfs
Sep 15 15:32:05.150748 localhost immucore[661]: 2026-09-15T15:32:05Z DBG Bind mount what=/sysroot/usr/local/.state/etc-zfs.bind where=/sysroot/etc/zfs
Sep 15 15:32:05.150748 localhost immucore[661]: 2026-09-15T15:32:05Z DBG Cleaning for sysroot new=/etc/zfs old=/etc/zfs
Sep 15 15:32:05.150748 localhost immucore[661]: 2026-09-15T15:32:05Z DBG Cleaning for sysroot new=/usr/local/.state/etc-zfs.bind old=/sysroot/usr/local/.state/etc-zfs.bind
Sep 15 15:32:05.081109 localhost kairos-immucore[661]: 
[0;90m
[0;38:5:245m
[0;1;31m
[0;90m
[0;38:5:245mCleaning for sysroot
Sep 15 15:32:05.081125 localhost kairos-immucore[661]: 
[0;90m
[0;38:5:245m
[0;1;31m
[0;90m
[0;38:5:245mCleaning for sysroot
Sep 15 15:32:05.104076 localhost kairos-immucore[661]: 
[0;90m
[0;38:5:245m
[0;1;31m
[0;90m
[0;38:5:245mmount ready
Sep 15 15:32:05.108074 localhost kairos-immucore[661]: 
[0;90m
[0;38:5:245m
[0;1;31m
[0;90m
[0;38:5:245mBind mount end
Sep 15 15:32:05.108174 localhost kairos-immucore[661]: 
[0;90m
[0;38:5:245m
[0;1;31m
[0;90m
[0;38:5:245mBind mount start
Sep 15 15:32:05.108203 localhost kairos-immucore[661]: 
[0;90m
[0;38:5:245m
[0;1;31m
[0;90m
[0;38:5:245mBind mount
Sep 15 15:32:05.108321 localhost kairos-immucore[661]: 
[0;90m
[0;38:5:245m
[0;1;31m
[0;90m
[0;38:5:245mCleaning for sysroot
Sep 15 15:32:05.108429 localhost kairos-immucore[661]: 
[0;90m
[0;38:5:245m
[0;1;31m
[0;90m
[0;38:5:245mCleaning for sysroot
Sep 15 15:32:05.139039 localhost kairos-immucore[661]: 
[0;90m
[0;38:5:245m
[0;1;31m
[0;90m
[0;38:5:245mmount ready
Sep 15 15:32:05.145049 localhost kairos-immucore[661]: 
[0;90m
[0;38:5:245m
[0;1;31m
[0;90m
[0;38:5:245mBind mount end
Sep 15 15:32:05.145082 localhost kairos-immucore[661]: 
[0;90m
[0;38:5:245m
[0;1;31m
[0;90m
[0;38:5:245mBind mount start
Sep 15 15:32:05.145099 localhost kairos-immucore[661]: 
[0;90m
[0;38:5:245m
[0;1;31m
[0;90m
[0;38:5:245mBind mount
Sep 15 15:32:05.145195 localhost kairos-immucore[661]: 
[0;90m
[0;38:5:245m
[0;1;31m
[0;90m
[0;38:5:245mCleaning for sysroot
Sep 15 15:32:05.145225 localhost kairos-immucore[661]: 
[0;90m
[0;38:5:245m
[0;1;31m
[0;90m
[0;38:5:245mCleaning for sysroot
Sep 15 15:32:05.187554 localhost kairos-immucore[661]: 
[0;90m
[0;38:5:245m
[0;1;31m
[0;90m
[0;38:5:245mmount ready
Sep 15 15:32:05.187869 localhost immucore[661]: 2026-09-15T15:32:05Z DBG mount ready options=["bind"] type=overlay what=/sysroot/usr/local/.state/etc-zfs.bind where=/sysroot/etc/zfs
Sep 15 15:32:05.195356 localhost kairos-immucore[661]: 
[0;90m
[0;38:5:245m
[0;1;31m
[0;90m
[0;38:5:245mBind mount end
Sep 15 15:32:05.195410 localhost kairos-immucore[661]: 
[0;90m
[0;38:5:245m
[0;1;31m
[0;90m
[0;38:5:245mBind mount start
Sep 15 15:32:05.195460 localhost immucore[661]: 2026-09-15T15:32:05Z DBG Bind mount end what=/etc/zfs
Sep 15 15:32:05.195460 localhost immucore[661]: 2026-09-15T15:32:05Z DBG Bind mount start what=/var/lib/ca-certificates
Sep 15 15:32:05.195460 localhost immucore[661]: 2026-09-15T15:32:05Z DBG Bind mount what=/sysroot/usr/local/.state/var-lib-ca-certificates.bind where=/sysroot/var/lib/ca-certificates
Sep 15 15:32:05.195426 localhost kairos-immucore[661]: 
[0;90m
[0;38:5:245m
[0;1;31m
[0;90m
[0;38:5:245mBind mount
Sep 15 15:32:05.209287 localhost immucore[661]: 2026-09-15T15:32:05Z DBG Cleaning for sysroot new=/var/lib/ca-certificates old=/var/lib/ca-certificates
Sep 15 15:32:05.209287 localhost immucore[661]: 2026-09-15T15:32:05Z DBG Cleaning for sysroot new=/usr/local/.state/var-lib-ca-certificates.bind old=/sysroot/usr/local/.state/var-lib-ca-certificates.bind
Sep 15 15:32:05.195470 localhost kairos-immucore[661]: 
[0;90m
[0;38:5:245m
[0;1;31m
[0;90m
[0;38:5:245mCleaning for sysroot
Sep 15 15:32:05.195487 localhost kairos-immucore[661]: 
[0;90m
[0;38:5:245m
[0;1;31m
[0;90m
[0;38:5:245mCleaning for sysroot
Sep 15 15:32:05.231748 localhost kairos-immucore[661]: 
[0;90m
[0;38:5:245m
[0;1;31m
[0;90m
[0;38:5:245mmount ready
Sep 15 15:32:05.231820 localhost immucore[661]: 2026-09-15T15:32:05Z DBG mount ready options=["bind"] type=overlay what=/sysroot/usr/local/.state/var-lib-ca-certificates.bind where=/sysroot/var/lib/ca-certificates
Sep 15 15:32:05.246149 localhost kairos-immucore[661]: 
[0;90m
[0;38:5:245m
[0;1;31m
[0;90m
[0;38:5:245mBind mount end
Sep 15 15:32:05.246632 localhost immucore[661]: 2026-09-15T15:32:05Z DBG Bind mount end what=/var/lib/ca-certificates
Sep 15 15:32:05.246632 localhost immucore[661]: 2026-09-15T15:32:05Z DBG Bind mount start what=/var/lib/calico
Sep 15 15:32:05.246632 localhost immucore[661]: 2026-09-15T15:32:05Z DBG Bind mount what=/sysroot/usr/local/.state/var-lib-calico.bind where=/sysroot/var/lib/calico
Sep 15 15:32:05.246632 localhost immucore[661]: 2026-09-15T15:32:05Z DBG Cleaning for sysroot new=/var/lib/calico old=/var/lib/calico
Sep 15 15:32:05.246632 localhost immucore[661]: 2026-09-15T15:32:05Z DBG Cleaning for sysroot new=/usr/local/.state/var-lib-calico.bind old=/sysroot/usr/local/.state/var-lib-calico.bind
Sep 15 15:32:05.246201 localhost kairos-immucore[661]: 
[0;90m
[0;38:5:245m
[0;1;31m
[0;90m
[0;38:5:245mBind mount start
Sep 15 15:32:05.272104 localhost immucore[661]: 2026-09-15T15:32:05Z DBG mount ready options=["bind"] type=overlay what=/sysroot/usr/local/.state/var-lib-calico.bind where=/sysroot/var/lib/calico
Sep 15 15:32:05.246224 localhost kairos-immucore[661]: 
[0;90m
[0;38:5:245m
[0;1;31m
[0;90m
[0;38:5:245mBind mount
Sep 15 15:32:05.279794 localhost immucore[661]: 2026-09-15T15:32:05Z DBG Bind mount end what=/var/lib/calico
Sep 15 15:32:05.279794 localhost immucore[661]: 2026-09-15T15:32:05Z DBG Bind mount start what=/etc/ssl/certs
Sep 15 15:32:05.279794 localhost immucore[661]: 2026-09-15T15:32:05Z DBG Bind mount what=/sysroot/usr/local/.state/etc-ssl-certs.bind where=/sysroot/etc/ssl/certs
Sep 15 15:32:05.279794 localhost immucore[661]: 2026-09-15T15:32:05Z DBG Cleaning for sysroot new=/etc/ssl/certs old=/etc/ssl/certs
Sep 15 15:32:05.279794 localhost immucore[661]: 2026-09-15T15:32:05Z DBG Cleaning for sysroot new=/usr/local/.state/etc-ssl-certs.bind old=/sysroot/usr/local/.state/etc-ssl-certs.bind
Sep 15 15:32:05.246263 localhost kairos-immucore[661]: 
[0;90m
[0;38:5:245m
[0;1;31m
[0;90m
[0;38:5:245mCleaning for sysroot
Sep 15 15:32:05.246282 localhost kairos-immucore[661]: 
[0;90m
[0;38:5:245m
[0;1;31m
[0;90m
[0;38:5:245mCleaning for sysroot
Sep 15 15:32:05.268635 localhost kairos-immucore[661]: 
[0;90m
[0;38:5:245m
[0;1;31m
[0;90m
[0;38:5:245mmount ready
Sep 15 15:32:05.273349 localhost kairos-immucore[661]: 
[0;90m
[0;38:5:245m
[0;1;31m
[0;90m
[0;38:5:245mBind mount end
Sep 15 15:32:05.273453 localhost kairos-immucore[661]: 
[0;90m
[0;38:5:245m
[0;1;31m
[0;90m
[0;38:5:245mBind mount start
Sep 15 15:32:05.273473 localhost kairos-immucore[661]: 
[0;90m
[0;38:5:245m
[0;1;31m
[0;90m
[0;38:5:245mBind mount
Sep 15 15:32:05.273629 localhost kairos-immucore[661]: 
[0;90m
[0;38:5:245m
[0;1;31m
[0;90m
[0;38:5:245mCleaning for sysroot
Sep 15 15:32:05.273779 localhost kairos-immucore[661]: 
[0;90m
[0;38:5:245m
[0;1;31m
[0;90m
[0;38:5:245mCleaning for sysroot
Sep 15 15:32:05.319025 localhost kairos-immucore[661]: 
[0;90m
[0;38:5:245m
[0;1;31m
[0;90m
[0;38:5:245mmount ready
Sep 15 15:32:05.319154 localhost immucore[661]: 2026-09-15T15:32:05Z DBG mount ready options=["bind"] type=overlay what=/sysroot/usr/local/.state/etc-ssl-certs.bind where=/sysroot/etc/ssl/certs
Sep 15 15:32:05.326632 localhost immucore[661]: 2026-09-15T15:32:05Z DBG Bind mount end what=/etc/ssl/certs
Sep 15 15:32:05.326632 localhost immucore[661]: 2026-09-15T15:32:05Z DBG Bind mount start what=/var/lib/cni
Sep 15 15:32:05.326632 localhost immucore[661]: 2026-09-15T15:32:05Z DBG Bind mount what=/sysroot/usr/local/.state/var-lib-cni.bind where=/sysroot/var/lib/cni
Sep 15 15:32:05.326632 localhost immucore[661]: 2026-09-15T15:32:05Z DBG Cleaning for sysroot new=/var/lib/cni old=/var/lib/cni
Sep 15 15:32:05.325801 localhost kairos-immucore[661]: 
[0;90m
[0;38:5:245m
[0;1;31m
[0;90m
[0;38:5:245mBind mount end
Sep 15 15:32:05.344772 localhost immucore[661]: 2026-09-15T15:32:05Z DBG Cleaning for sysroot new=/usr/local/.state/var-lib-cni.bind old=/sysroot/usr/local/.state/var-lib-cni.bind
Sep 15 15:32:05.325899 localhost kairos-immucore[661]: 
[0;90m
[0;38:5:245m
[0;1;31m
[0;90m
[0;38:5:245mBind mount start
Sep 15 15:32:05.325994 localhost kairos-immucore[661]: 
[0;90m
[0;38:5:245m
[0;1;31m
[0;90m
[0;38:5:245mBind mount
Sep 15 15:32:05.326112 localhost kairos-immucore[661]: 
[0;90m
[0;38:5:245m
[0;1;31m
[0;90m
[0;38:5:245mCleaning for sysroot
Sep 15 15:32:05.326827 localhost kairos-immucore[661]: 
[0;90m
[0;38:5:245m
[0;1;31m
[0;90m
[0;38:5:245mCleaning for sysroot
Sep 15 15:32:05.388896 localhost kairos-immucore[661]: 
[0;90m
[0;38:5:245m
[0;1;31m
[0;90m
[0;38:5:245mmount ready
Sep 15 15:32:05.389072 localhost immucore[661]: 2026-09-15T15:32:05Z DBG mount ready options=["bind"] type=overlay what=/sysroot/usr/local/.state/var-lib-cni.bind where=/sysroot/var/lib/cni
Sep 15 15:32:05.396516 localhost immucore[661]: 2026-09-15T15:32:05Z DBG Bind mount end what=/var/lib/cni
Sep 15 15:32:05.396516 localhost immucore[661]: 2026-09-15T15:32:05Z DBG Bind mount start what=/var/lib/confexts
Sep 15 15:32:05.396516 localhost immucore[661]: 2026-09-15T15:32:05Z DBG Bind mount what=/sysroot/usr/local/.state/var-lib-confexts.bind where=/sysroot/var/lib/confexts
Sep 15 15:32:05.396516 localhost immucore[661]: 2026-09-15T15:32:05Z DBG Cleaning for sysroot new=/var/lib/confexts old=/var/lib/confexts
Sep 15 15:32:05.396516 localhost immucore[661]: 2026-09-15T15:32:05Z DBG Cleaning for sysroot new=/usr/local/.state/var-lib-confexts.bind old=/sysroot/usr/local/.state/var-lib-confexts.bind
Sep 15 15:32:05.395234 localhost kairos-immucore[661]: 
[0;90m
[0;38:5:245m
[0;1;31m
[0;90m
[0;38:5:245mBind mount end
Sep 15 15:32:05.395346 localhost kairos-immucore[661]: 
[0;90m
[0;38:5:245m
[0;1;31m
[0;90m
[0;38:5:245mBind mount start
Sep 15 15:32:05.395444 localhost kairos-immucore[661]: 
[0;90m
[0;38:5:245m
[0;1;31m
[0;90m
[0;38:5:245mBind mount
Sep 15 15:32:05.395555 localhost kairos-immucore[661]: 
[0;90m
[0;38:5:245m
[0;1;31m
[0;90m
[0;38:5:245mCleaning for sysroot
Sep 15 15:32:05.395650 localhost kairos-immucore[661]: 
[0;90m
[0;38:5:245m
[0;1;31m
[0;90m
[0;38:5:245mCleaning for sysroot
Sep 15 15:32:05.462869 localhost kairos-immucore[661]: 
[0;90m
[0;38:5:245m
[0;1;31m
[0;90m
[0;38:5:245mmount ready
Sep 15 15:32:05.462988 localhost immucore[661]: 2026-09-15T15:32:05Z DBG mount ready options=["bind"] type=overlay what=/sysroot/usr/local/.state/var-lib-confexts.bind where=/sysroot/var/lib/confexts
Sep 15 15:32:05.470464 localhost immucore[661]: 2026-09-15T15:32:05Z DBG Bind mount end what=/var/lib/confexts
Sep 15 15:32:05.470464 localhost immucore[661]: 2026-09-15T15:32:05Z DBG Bind mount start what=/var/lib/containerd
Sep 15 15:32:05.470464 localhost immucore[661]: 2026-09-15T15:32:05Z DBG Bind mount what=/sysroot/usr/local/.state/var-lib-containerd.bind where=/sysroot/var/lib/containerd
Sep 15 15:32:05.470464 localhost immucore[661]: 2026-09-15T15:32:05Z DBG Cleaning for sysroot new=/var/lib/containerd old=/var/lib/containerd
Sep 15 15:32:05.470464 localhost immucore[661]: 2026-09-15T15:32:05Z DBG Cleaning for sysroot new=/usr/local/.state/var-lib-containerd.bind old=/sysroot/usr/local/.state/var-lib-containerd.bind
Sep 15 15:32:05.467640 localhost kairos-immucore[661]: 
[0;90m
[0;38:5:245m
[0;1;31m
[0;90m
[0;38:5:245mBind mount end
Sep 15 15:32:05.467756 localhost kairos-immucore[661]: 
[0;90m
[0;38:5:245m
[0;1;31m
[0;90m
[0;38:5:245mBind mount start
Sep 15 15:32:05.467788 localhost kairos-immucore[661]: 
[0;90m
[0;38:5:245m
[0;1;31m
[0;90m
[0;38:5:245mBind mount
Sep 15 15:32:05.467978 localhost kairos-immucore[661]: 
[0;90m
[0;38:5:245m
[0;1;31m
[0;90m
[0;38:5:245mCleaning for sysroot
Sep 15 15:32:05.468085 localhost kairos-immucore[661]: 
[0;90m
[0;38:5:245m
[0;1;31m
[0;90m
[0;38:5:245mCleaning for sysroot
Sep 15 15:32:05.511013 localhost kairos-immucore[661]: 
[0;90m
[0;38:5:245m
[0;1;31m
[0;90m
[0;38:5:245mmount ready
Sep 15 15:32:05.511161 localhost immucore[661]: 2026-09-15T15:32:05Z DBG mount ready options=["bind"] type=overlay what=/sysroot/usr/local/.state/var-lib-containerd.bind where=/sysroot/var/lib/containerd
Sep 15 15:32:05.520077 localhost kairos-immucore[661]: 
[0;90m
[0;38:5:245m
[0;1;31m
[0;90m
[0;38:5:245mBind mount end
Sep 15 15:32:05.520105 localhost kairos-immucore[661]: 
[0;90m
[0;38:5:245m
[0;1;31m
[0;90m
[0;38:5:245mBind mount start
Sep 15 15:32:05.520157 localhost immucore[661]: 2026-09-15T15:32:05Z DBG Bind mount end what=/var/lib/containerd
Sep 15 15:32:05.520157 localhost immucore[661]: 2026-09-15T15:32:05Z DBG Bind mount start what=/var/lib/dbus
Sep 15 15:32:05.520157 localhost immucore[661]: 2026-09-15T15:32:05Z DBG Bind mount what=/sysroot/usr/local/.state/var-lib-dbus.bind where=/sysroot/var/lib/dbus
Sep 15 15:32:05.520138 localhost kairos-immucore[661]: 
[0;90m
[0;38:5:245m
[0;1;31m
[0;90m
[0;38:5:245mBind mount
Sep 15 15:32:05.531476 localhost immucore[661]: 2026-09-15T15:32:05Z DBG Cleaning for sysroot new=/var/lib/dbus old=/var/lib/dbus
Sep 15 15:32:05.531476 localhost immucore[661]: 2026-09-15T15:32:05Z DBG Cleaning for sysroot new=/usr/local/.state/var-lib-dbus.bind old=/sysroot/usr/local/.state/var-lib-dbus.bind
Sep 15 15:32:05.520185 localhost kairos-immucore[661]: 
[0;90m
[0;38:5:245m
[0;1;31m
[0;90m
[0;38:5:245mCleaning for sysroot
Sep 15 15:32:05.520206 localhost kairos-immucore[661]: 
[0;90m
[0;38:5:245m
[0;1;31m
[0;90m
[0;38:5:245mCleaning for sysroot
Sep 15 15:32:05.563913 localhost kairos-immucore[661]: 
[0;90m
[0;38:5:245m
[0;1;31m
[0;90m
[0;38:5:245mmount ready
Sep 15 15:32:05.564018 localhost immucore[661]: 2026-09-15T15:32:05Z DBG mount ready options=["bind"] type=overlay what=/sysroot/usr/local/.state/var-lib-dbus.bind where=/sysroot/var/lib/dbus
Sep 15 15:32:05.571129 localhost kairos-immucore[661]: 
[0;90m
[0;38:5:245m
[0;1;31m
[0;90m
[0;38:5:245mBind mount end
Sep 15 15:32:05.571423 localhost immucore[661]: 2026-09-15T15:32:05Z DBG Bind mount end what=/var/lib/dbus
Sep 15 15:32:05.571423 localhost immucore[661]: 2026-09-15T15:32:05Z DBG Bind mount start what=/var/lib/etcd
Sep 15 15:32:05.571423 localhost immucore[661]: 2026-09-15T15:32:05Z DBG Bind mount what=/sysroot/usr/local/.state/var-lib-etcd.bind where=/sysroot/var/lib/etcd
Sep 15 15:32:05.571423 localhost immucore[661]: 2026-09-15T15:32:05Z DBG Cleaning for sysroot new=/var/lib/etcd old=/var/lib/etcd
Sep 15 15:32:05.571423 localhost immucore[661]: 2026-09-15T15:32:05Z DBG Cleaning for sysroot new=/usr/local/.state/var-lib-etcd.bind old=/sysroot/usr/local/.state/var-lib-etcd.bind
Sep 15 15:32:05.571166 localhost kairos-immucore[661]: 
[0;90m
[0;38:5:245m
[0;1;31m
[0;90m
[0;38:5:245mBind mount start
Sep 15 15:32:05.571183 localhost kairos-immucore[661]: 
[0;90m
[0;38:5:245m
[0;1;31m
[0;90m
[0;38:5:245mBind mount
Sep 15 15:32:05.571218 localhost kairos-immucore[661]: 
[0;90m
[0;38:5:245m
[0;1;31m
[0;90m
[0;38:5:245mCleaning for sysroot
Sep 15 15:32:05.571233 localhost kairos-immucore[661]: 
[0;90m
[0;38:5:245m
[0;1;31m
[0;90m
[0;38:5:245mCleaning for sysroot
Sep 15 15:32:05.594542 localhost kairos-immucore[661]: 
[0;90m
[0;38:5:245m
[0;1;31m
[0;90m
[0;38:5:245mmount ready
Sep 15 15:32:05.594747 localhost immucore[661]: 2026-09-15T15:32:05Z DBG mount ready options=["bind"] type=overlay what=/sysroot/usr/local/.state/var-lib-etcd.bind where=/sysroot/var/lib/etcd
Sep 15 15:32:05.602117 localhost immucore[661]: 2026-09-15T15:32:05Z DBG Bind mount end what=/var/lib/etcd
Sep 15 15:32:05.602117 localhost immucore[661]: 2026-09-15T15:32:05Z DBG Bind mount start what=/var/lib/extensions
Sep 15 15:32:05.602117 localhost immucore[661]: 2026-09-15T15:32:05Z DBG Bind mount what=/sysroot/usr/local/.state/var-lib-extensions.bind where=/sysroot/var/lib/extensions
Sep 15 15:32:05.602117 localhost immucore[661]: 2026-09-15T15:32:05Z DBG Cleaning for sysroot new=/var/lib/extensions old=/var/lib/extensions
Sep 15 15:32:05.602117 localhost immucore[661]: 2026-09-15T15:32:05Z DBG Cleaning for sysroot new=/usr/local/.state/var-lib-extensions.bind old=/sysroot/usr/local/.state/var-lib-extensions.bind
Sep 15 15:32:05.599044 localhost kairos-immucore[661]: 
[0;90m
[0;38:5:245m
[0;1;31m
[0;90m
[0;38:5:245mBind mount end
Sep 15 15:32:05.599070 localhost kairos-immucore[661]: 
[0;90m
[0;38:5:245m
[0;1;31m
[0;90m
[0;38:5:245mBind mount start
Sep 15 15:32:05.599085 localhost kairos-immucore[661]: 
[0;90m
[0;38:5:245m
[0;1;31m
[0;90m
[0;38:5:245mBind mount
Sep 15 15:32:05.599134 localhost kairos-immucore[661]: 
[0;90m
[0;38:5:245m
[0;1;31m
[0;90m
[0;38:5:245mCleaning for sysroot
Sep 15 15:32:05.599164 localhost kairos-immucore[661]: 
[0;90m
[0;38:5:245m
[0;1;31m
[0;90m
[0;38:5:245mCleaning for sysroot
Sep 15 15:32:05.641993 localhost kairos-immucore[661]: 
[0;90m
[0;38:5:245m
[0;1;31m
[0;90m
[0;38:5:245mmount ready
Sep 15 15:32:05.642070 localhost immucore[661]: 2026-09-15T15:32:05Z DBG mount ready options=["bind"] type=overlay what=/sysroot/usr/local/.state/var-lib-extensions.bind where=/sysroot/var/lib/extensions
Sep 15 15:32:05.649793 localhost immucore[661]: 2026-09-15T15:32:05Z DBG Bind mount end what=/var/lib/extensions
Sep 15 15:32:05.649793 localhost immucore[661]: 2026-09-15T15:32:05Z DBG Bind mount start what=/var/lib/k0s
Sep 15 15:32:05.649793 localhost immucore[661]: 2026-09-15T15:32:05Z DBG Bind mount what=/sysroot/usr/local/.state/var-lib-k0s.bind where=/sysroot/var/lib/k0s
Sep 15 15:32:05.649793 localhost immucore[661]: 2026-09-15T15:32:05Z DBG Cleaning for sysroot new=/var/lib/k0s old=/var/lib/k0s
Sep 15 15:32:05.649793 localhost immucore[661]: 2026-09-15T15:32:05Z DBG Cleaning for sysroot new=/usr/local/.state/var-lib-k0s.bind old=/sysroot/usr/local/.state/var-lib-k0s.bind
Sep 15 15:32:05.645608 localhost kairos-immucore[661]: 
[0;90m
[0;38:5:245m
[0;1;31m
[0;90m
[0;38:5:245mBind mount end
Sep 15 15:32:05.645760 localhost kairos-immucore[661]: 
[0;90m
[0;38:5:245m
[0;1;31m
[0;90m
[0;38:5:245mBind mount start
Sep 15 15:32:05.645793 localhost kairos-immucore[661]: 
[0;90m
[0;38:5:245m
[0;1;31m
[0;90m
[0;38:5:245mBind mount
Sep 15 15:32:05.645881 localhost kairos-immucore[661]: 
[0;90m
[0;38:5:245m
[0;1;31m
[0;90m
[0;38:5:245mCleaning for sysroot
Sep 15 15:32:05.645901 localhost kairos-immucore[661]: 
[0;90m
[0;38:5:245m
[0;1;31m
[0;90m
[0;38:5:245mCleaning for sysroot
Sep 15 15:32:05.688952 localhost kairos-immucore[661]: 
[0;90m
[0;38:5:245m
[0;1;31m
[0;90m
[0;38:5:245mmount ready
Sep 15 15:32:05.689036 localhost immucore[661]: 2026-09-15T15:32:05Z DBG mount ready options=["bind"] type=overlay what=/sysroot/usr/local/.state/var-lib-k0s.bind where=/sysroot/var/lib/k0s
Sep 15 15:32:05.697049 localhost kairos-immucore[661]: 
[0;90m
[0;38:5:245m
[0;1;31m
[0;90m
[0;38:5:245mBind mount end
Sep 15 15:32:05.697176 localhost immucore[661]: 2026-09-15T15:32:05Z DBG Bind mount end what=/var/lib/k0s
Sep 15 15:32:05.697176 localhost immucore[661]: 2026-09-15T15:32:05Z DBG Bind mount start what=/var/lib/kairos
Sep 15 15:32:05.697176 localhost immucore[661]: 2026-09-15T15:32:05Z DBG Bind mount what=/sysroot/usr/local/.state/var-lib-kairos.bind where=/sysroot/var/lib/kairos
Sep 15 15:32:05.697116 localhost kairos-immucore[661]: 
[0;90m
[0;38:5:245m
[0;1;31m
[0;90m
[0;38:5:245mBind mount start
Sep 15 15:32:05.711118 localhost immucore[661]: 2026-09-15T15:32:05Z DBG Cleaning for sysroot new=/var/lib/kairos old=/var/lib/kairos
Sep 15 15:32:05.711118 localhost immucore[661]: 2026-09-15T15:32:05Z DBG Cleaning for sysroot new=/usr/local/.state/var-lib-kairos.bind old=/sysroot/usr/local/.state/var-lib-kairos.bind
Sep 15 15:32:05.697153 localhost kairos-immucore[661]: 
[0;90m
[0;38:5:245m
[0;1;31m
[0;90m
[0;38:5:245mBind mount
Sep 15 15:32:05.697195 localhost kairos-immucore[661]: 
[0;90m
[0;38:5:245m
[0;1;31m
[0;90m
[0;38:5:245mCleaning for sysroot
Sep 15 15:32:05.697214 localhost kairos-immucore[661]: 
[0;90m
[0;38:5:245m
[0;1;31m
[0;90m
[0;38:5:245mCleaning for sysroot
Sep 15 15:32:05.739587 localhost kairos-immucore[661]: 
[0;90m
[0;38:5:245m
[0;1;31m
[0;90m
[0;38:5:245mmount ready
Sep 15 15:32:05.739916 localhost immucore[661]: 2026-09-15T15:32:05Z DBG mount ready options=["bind"] type=overlay what=/sysroot/usr/local/.state/var-lib-kairos.bind where=/sysroot/var/lib/kairos
Sep 15 15:32:05.748411 localhost immucore[661]: 2026-09-15T15:32:05Z DBG Bind mount end what=/var/lib/kairos
Sep 15 15:32:05.748411 localhost immucore[661]: 2026-09-15T15:32:05Z DBG Bind mount start what=/var/lib/kubelet
Sep 15 15:32:05.748411 localhost immucore[661]: 2026-09-15T15:32:05Z DBG Bind mount what=/sysroot/usr/local/.state/var-lib-kubelet.bind where=/sysroot/var/lib/kubelet
Sep 15 15:32:05.748411 localhost immucore[661]: 2026-09-15T15:32:05Z DBG Cleaning for sysroot new=/var/lib/kubelet old=/var/lib/kubelet
Sep 15 15:32:05.748411 localhost immucore[661]: 2026-09-15T15:32:05Z DBG Cleaning for sysroot new=/usr/local/.state/var-lib-kubelet.bind old=/sysroot/usr/local/.state/var-lib-kubelet.bind
Sep 15 15:32:05.746411 localhost kairos-immucore[661]: 
[0;90m
[0;38:5:245m
[0;1;31m
[0;90m
[0;38:5:245mBind mount end
Sep 15 15:32:05.746442 localhost kairos-immucore[661]: 
[0;90m
[0;38:5:245m
[0;1;31m
[0;90m
[0;38:5:245mBind mount start
Sep 15 15:32:05.746460 localhost kairos-immucore[661]: 
[0;90m
[0;38:5:245m
[0;1;31m
[0;90m
[0;38:5:245mBind mount
Sep 15 15:32:05.746499 localhost kairos-immucore[661]: 
[0;90m
[0;38:5:245m
[0;1;31m
[0;90m
[0;38:5:245mCleaning for sysroot
Sep 15 15:32:05.746517 localhost kairos-immucore[661]: 
[0;90m
[0;38:5:245m
[0;1;31m
[0;90m
[0;38:5:245mCleaning for sysroot
Sep 15 15:32:05.809823 localhost kairos-immucore[661]: 
[0;90m
[0;38:5:245m
[0;1;31m
[0;90m
[0;38:5:245mmount ready
Sep 15 15:32:05.809977 localhost immucore[661]: 2026-09-15T15:32:05Z DBG mount ready options=["bind"] type=overlay what=/sysroot/usr/local/.state/var-lib-kubelet.bind where=/sysroot/var/lib/kubelet
Sep 15 15:32:05.816526 localhost immucore[661]: 2026-09-15T15:32:05Z DBG Bind mount end what=/var/lib/kubelet
Sep 15 15:32:05.816526 localhost immucore[661]: 2026-09-15T15:32:05Z DBG Bind mount start what=/var/lib/longhorn
Sep 15 15:32:05.816526 localhost immucore[661]: 2026-09-15T15:32:05Z DBG Bind mount what=/sysroot/usr/local/.state/var-lib-longhorn.bind where=/sysroot/var/lib/longhorn
Sep 15 15:32:05.816526 localhost immucore[661]: 2026-09-15T15:32:05Z DBG Cleaning for sysroot new=/var/lib/longhorn old=/var/lib/longhorn
Sep 15 15:32:05.816526 localhost immucore[661]: 2026-09-15T15:32:05Z DBG Cleaning for sysroot new=/usr/local/.state/var-lib-longhorn.bind old=/sysroot/usr/local/.state/var-lib-longhorn.bind
Sep 15 15:32:05.813709 localhost kairos-immucore[661]: 
[0;90m
[0;38:5:245m
[0;1;31m
[0;90m
[0;38:5:245mBind mount end
Sep 15 15:32:05.813768 localhost kairos-immucore[661]: 
[0;90m
[0;38:5:245m
[0;1;31m
[0;90m
[0;38:5:245mBind mount start
Sep 15 15:32:05.813874 localhost kairos-immucore[661]: 
[0;90m
[0;38:5:245m
[0;1;31m
[0;90m
[0;38:5:245mBind mount
Sep 15 15:32:05.813985 localhost kairos-immucore[661]: 
[0;90m
[0;38:5:245m
[0;1;31m
[0;90m
[0;38:5:245mCleaning for sysroot
Sep 15 15:32:05.814096 localhost kairos-immucore[661]: 
[0;90m
[0;38:5:245m
[0;1;31m
[0;90m
[0;38:5:245mCleaning for sysroot
Sep 15 15:32:05.857179 localhost kairos-immucore[661]: 
[0;90m
[0;38:5:245m
[0;1;31m
[0;90m
[0;38:5:245mmount ready
Sep 15 15:32:05.857303 localhost immucore[661]: 2026-09-15T15:32:05Z DBG mount ready options=["bind"] type=overlay what=/sysroot/usr/local/.state/var-lib-longhorn.bind where=/sysroot/var/lib/longhorn
Sep 15 15:32:05.864131 localhost immucore[661]: 2026-09-15T15:32:05Z DBG Bind mount end what=/var/lib/longhorn
Sep 15 15:32:05.864131 localhost immucore[661]: 2026-09-15T15:32:05Z DBG Bind mount start what=/var/lib/osd
Sep 15 15:32:05.864131 localhost immucore[661]: 2026-09-15T15:32:05Z DBG Bind mount what=/sysroot/usr/local/.state/var-lib-osd.bind where=/sysroot/var/lib/osd
Sep 15 15:32:05.864131 localhost immucore[661]: 2026-09-15T15:32:05Z DBG Cleaning for sysroot new=/var/lib/osd old=/var/lib/osd
Sep 15 15:32:05.864131 localhost immucore[661]: 2026-09-15T15:32:05Z DBG Cleaning for sysroot new=/usr/local/.state/var-lib-osd.bind old=/sysroot/usr/local/.state/var-lib-osd.bind
Sep 15 15:32:05.860261 localhost kairos-immucore[661]: 
[0;90m
[0;38:5:245m
[0;1;31m
[0;90m
[0;38:5:245mBind mount end
Sep 15 15:32:05.860443 localhost kairos-immucore[661]: 
[0;90m
[0;38:5:245m
[0;1;31m
[0;90m
[0;38:5:245mBind mount start
Sep 15 15:32:05.860475 localhost kairos-immucore[661]: 
[0;90m
[0;38:5:245m
[0;1;31m
[0;90m
[0;38:5:245mBind mount
Sep 15 15:32:05.860651 localhost kairos-immucore[661]: 
[0;90m
[0;38:5:245m
[0;1;31m
[0;90m
[0;38:5:245mCleaning for sysroot
Sep 15 15:32:05.860792 localhost kairos-immucore[661]: 
[0;90m
[0;38:5:245m
[0;1;31m
[0;90m
[0;38:5:245mCleaning for sysroot
Sep 15 15:32:05.904886 localhost kairos-immucore[661]: 
[0;90m
[0;38:5:245m
[0;1;31m
[0;90m
[0;38:5:245mmount ready
Sep 15 15:32:05.905004 localhost immucore[661]: 2026-09-15T15:32:05Z DBG mount ready options=["bind"] type=overlay what=/sysroot/usr/local/.state/var-lib-osd.bind where=/sysroot/var/lib/osd
Sep 15 15:32:05.914130 localhost kairos-immucore[661]: 
[0;90m
[0;38:5:245m
[0;1;31m
[0;90m
[0;38:5:245mBind mount end
Sep 15 15:32:05.914408 localhost immucore[661]: 2026-09-15T15:32:05Z DBG Bind mount end what=/var/lib/osd
Sep 15 15:32:05.914408 localhost immucore[661]: 2026-09-15T15:32:05Z DBG Bind mount start what=/var/lib/rancher
Sep 15 15:32:05.914408 localhost immucore[661]: 2026-09-15T15:32:05Z DBG Bind mount what=/sysroot/usr/local/.state/var-lib-rancher.bind where=/sysroot/var/lib/rancher
Sep 15 15:32:05.914408 localhost immucore[661]: 2026-09-15T15:32:05Z DBG Cleaning for sysroot new=/var/lib/rancher old=/var/lib/rancher
Sep 15 15:32:05.914408 localhost immucore[661]: 2026-09-15T15:32:05Z DBG Cleaning for sysroot new=/usr/local/.state/var-lib-rancher.bind old=/sysroot/usr/local/.state/var-lib-rancher.bind
Sep 15 15:32:05.914190 localhost kairos-immucore[661]: 
[0;90m
[0;38:5:245m
[0;1;31m
[0;90m
[0;38:5:245mBind mount start
Sep 15 15:32:05.914207 localhost kairos-immucore[661]: 
[0;90m
[0;38:5:245m
[0;1;31m
[0;90m
[0;38:5:245mBind mount
Sep 15 15:32:05.914250 localhost kairos-immucore[661]: 
[0;90m
[0;38:5:245m
[0;1;31m
[0;90m
[0;38:5:245mCleaning for sysroot
Sep 15 15:32:05.914269 localhost kairos-immucore[661]: 
[0;90m
[0;38:5:245m
[0;1;31m
[0;90m
[0;38:5:245mCleaning for sysroot
Sep 15 15:32:05.956589 localhost kairos-immucore[661]: 
[0;90m
[0;38:5:245m
[0;1;31m
[0;90m
[0;38:5:245mmount ready
Sep 15 15:32:05.956898 localhost immucore[661]: 2026-09-15T15:32:05Z DBG mount ready options=["bind"] type=overlay what=/sysroot/usr/local/.state/var-lib-rancher.bind where=/sysroot/var/lib/rancher
Sep 15 15:32:05.965590 localhost kairos-immucore[661]: 
[0;90m
[0;38:5:245m
[0;1;31m
[0;90m
[0;38:5:245mBind mount end
Sep 15 15:32:05.965619 localhost kairos-immucore[661]: 
[0;90m
[0;38:5:245m
[0;1;31m
[0;90m
[0;38:5:245mBind mount start
Sep 15 15:32:05.965746 localhost immucore[661]: 2026-09-15T15:32:05Z DBG Bind mount end what=/var/lib/rancher
Sep 15 15:32:05.965746 localhost immucore[661]: 2026-09-15T15:32:05Z DBG Bind mount start what=/var/lib/rook
Sep 15 15:32:05.965746 localhost immucore[661]: 2026-09-15T15:32:05Z DBG Bind mount what=/sysroot/usr/local/.state/var-lib-rook.bind where=/sysroot/var/lib/rook
Sep 15 15:32:05.965635 localhost kairos-immucore[661]: 
[0;90m
[0;38:5:245m
[0;1;31m
[0;90m
[0;38:5:245mBind mount
Sep 15 15:32:05.977067 localhost immucore[661]: 2026-09-15T15:32:05Z DBG Cleaning for sysroot new=/var/lib/rook old=/var/lib/rook
Sep 15 15:32:05.977067 localhost immucore[661]: 2026-09-15T15:32:05Z DBG Cleaning for sysroot new=/usr/local/.state/var-lib-rook.bind old=/sysroot/usr/local/.state/var-lib-rook.bind
Sep 15 15:32:05.965815 localhost kairos-immucore[661]: 
[0;90m
[0;38:5:245m
[0;1;31m
[0;90m
[0;38:5:245mCleaning for sysroot
Sep 15 15:32:05.965879 localhost kairos-immucore[661]: 
[0;90m
[0;38:5:245m
[0;1;31m
[0;90m
[0;38:5:245mCleaning for sysroot
Sep 15 15:32:06.008168 localhost kairos-immucore[661]: 
[0;90m
[0;38:5:245m
[0;1;31m
[0;90m
[0;38:5:245mmount ready
Sep 15 15:32:06.008565 localhost immucore[661]: 2026-09-15T15:32:06Z DBG mount ready options=["bind"] type=overlay what=/sysroot/usr/local/.state/var-lib-rook.bind where=/sysroot/var/lib/rook
Sep 15 15:32:06.015464 localhost kairos-immucore[661]: 
[0;90m
[0;38:5:245m
[0;1;31m
[0;90m
[0;38:5:245mBind mount end
Sep 15 15:32:06.015722 localhost immucore[661]: 2026-09-15T15:32:06Z DBG Bind mount end what=/var/lib/rook
Sep 15 15:32:06.015722 localhost immucore[661]: 2026-09-15T15:32:06Z DBG Bind mount start what=/var/lib/tailscale
Sep 15 15:32:06.015722 localhost immucore[661]: 2026-09-15T15:32:06Z DBG Bind mount what=/sysroot/usr/local/.state/var-lib-tailscale.bind where=/sysroot/var/lib/tailscale
Sep 15 15:32:06.015722 localhost immucore[661]: 2026-09-15T15:32:06Z DBG Cleaning for sysroot new=/var/lib/tailscale old=/var/lib/tailscale
Sep 15 15:32:06.015722 localhost immucore[661]: 2026-09-15T15:32:06Z DBG Cleaning for sysroot new=/usr/local/.state/var-lib-tailscale.bind old=/sysroot/usr/local/.state/var-lib-tailscale.bind
Sep 15 15:32:06.015504 localhost kairos-immucore[661]: 
[0;90m
[0;38:5:245m
[0;1;31m
[0;90m
[0;38:5:245mBind mount start
Sep 15 15:32:06.015520 localhost kairos-immucore[661]: 
[0;90m
[0;38:5:245m
[0;1;31m
[0;90m
[0;38:5:245mBind mount
Sep 15 15:32:06.015565 localhost kairos-immucore[661]: 
[0;90m
[0;38:5:245m
[0;1;31m
[0;90m
[0;38:5:245mCleaning for sysroot
Sep 15 15:32:06.015583 localhost kairos-immucore[661]: 
[0;90m
[0;38:5:245m
[0;1;31m
[0;90m
[0;38:5:245mCleaning for sysroot
Sep 15 15:32:06.058209 localhost kairos-immucore[661]: 
[0;90m
[0;38:5:245m
[0;1;31m
[0;90m
[0;38:5:245mmount ready
Sep 15 15:32:06.058338 localhost immucore[661]: 2026-09-15T15:32:06Z DBG mount ready options=["bind"] type=overlay what=/sysroot/usr/local/.state/var-lib-tailscale.bind where=/sysroot/var/lib/tailscale
Sep 15 15:32:06.067535 localhost kairos-immucore[661]: 
[0;90m
[0;38:5:245m
[0;1;31m
[0;90m
[0;38:5:245mBind mount end
Sep 15 15:32:06.067601 localhost kairos-immucore[661]: 
[0;90m
[0;38:5:245m
[0;1;31m
[0;90m
[0;38:5:245mBind mount start
Sep 15 15:32:06.067652 localhost immucore[661]: 2026-09-15T15:32:06Z DBG Bind mount end what=/var/lib/tailscale
Sep 15 15:32:06.067652 localhost immucore[661]: 2026-09-15T15:32:06Z DBG Bind mount start what=/var/lib/wicked
Sep 15 15:32:06.067652 localhost immucore[661]: 2026-09-15T15:32:06Z DBG Bind mount what=/sysroot/usr/local/.state/var-lib-wicked.bind where=/sysroot/var/lib/wicked
Sep 15 15:32:06.067621 localhost kairos-immucore[661]: 
[0;90m
[0;38:5:245m
[0;1;31m
[0;90m
[0;38:5:245mBind mount
Sep 15 15:32:06.078844 localhost immucore[661]: 2026-09-15T15:32:06Z DBG Cleaning for sysroot new=/var/lib/wicked old=/var/lib/wicked
Sep 15 15:32:06.067778 localhost kairos-immucore[661]: 
[0;90m
[0;38:5:245m
[0;1;31m
[0;90m
[0;38:5:245mCleaning for sysroot
Sep 15 15:32:06.082813 localhost kairos-immucore[661]: 
[0;90m
[0;38:5:245m
[0;1;31m
[0;90m
[0;38:5:245mCleaning for sysroot
Sep 15 15:32:06.082870 localhost immucore[661]: 2026-09-15T15:32:06Z DBG Cleaning for sysroot new=/usr/local/.state/var-lib-wicked.bind old=/sysroot/usr/local/.state/var-lib-wicked.bind
Sep 15 15:32:06.131236 localhost kairos-immucore[661]: 
[0;90m
[0;38:5:245m
[0;1;31m
[0;90m
[0;38:5:245mmount ready
Sep 15 15:32:06.131407 localhost immucore[661]: 2026-09-15T15:32:06Z DBG mount ready options=["bind"] type=overlay what=/sysroot/usr/local/.state/var-lib-wicked.bind where=/sysroot/var/lib/wicked
Sep 15 15:32:06.141359 localhost kairos-immucore[661]: 
[0;90m
[0;38:5:245m
[0;1;31m
[0;90m
[0;38:5:245mBind mount end
Sep 15 15:32:06.141434 localhost kairos-immucore[661]: 
Sep 15 15:32:06.141489 localhost immucore[661]: 2026-09-15T15:32:06Z DBG Bind mount end what=/var/lib/wicked
Sep 15 15:32:06.141489 localhost immucore[661]: 2026-09-15T15:32:06Z WRN
Sep 15 15:32:06.147081 localhost immucore[661]: 2026-09-15T15:32:06Z DBG Adding line to fstab what="tmpfs /tmp tmpfs rw 0 0"
Sep 15 15:32:06.147081 localhost immucore[661]: 2026-09-15T15:32:06Z DBG Adding line to fstab what="/dev/vda1 /oem ext4 exec,async,rw,suid,dev 0 0"
Sep 15 15:32:06.147081 localhost immucore[661]: 2026-09-15T15:32:06Z DBG Adding line to fstab what="tmpfs /run/overlay tmpfs size=25% 0 0"
Sep 15 15:32:06.147081 localhost immucore[661]: 2026-09-15T15:32:06Z DBG Adding line to fstab what="/dev/vda2 /usr/local ext4 rw 0 0"
Sep 15 15:32:06.147081 localhost immucore[661]: 2026-09-15T15:32:06Z DBG Adding line to fstab what="overlay /var overlay lowerdir=/sysroot/var,upperdir=/run/overlay/var/.overlay/upper,workdir=/run/overlay/var/.overlay/work 0 0"
Sep 15 15:32:06.147081 localhost immucore[661]: 2026-09-15T15:32:06Z DBG Adding line to fstab what="overlay /etc overlay lowerdir=/sysroot/etc,upperdir=/run/overlay/etc/.overlay/upper,workdir=/run/overlay/etc/.overlay/work 0 0"
Sep 15 15:32:06.147081 localhost immucore[661]: 2026-09-15T15:32:06Z DBG Adding line to fstab what="overlay /srv overlay workdir=/run/overlay/srv/.overlay/work,lowerdir=/sysroot/srv,upperdir=/run/overlay/srv/.overlay/upper 0 0"
Sep 15 15:32:06.147081 localhost immucore[661]: 2026-09-15T15:32:06Z DBG Adding line to fstab what="/usr/local/.state/home.bind /home overlay bind 0 0"
Sep 15 15:32:06.147081 localhost immucore[661]: 2026-09-15T15:32:06Z DBG Adding line to fstab what="/usr/local/.state/opt.bind /opt overlay bind 0 0"
Sep 15 15:32:06.147081 localhost immucore[661]: 2026-09-15T15:32:06Z DBG Adding line to fstab what="/usr/local/.state/root.bind /root overlay bind 0 0"
Sep 15 15:32:06.147081 localhost immucore[661]: 2026-09-15T15:32:06Z DBG Adding line to fstab what="/usr/local/.state/etc-cni.bind /etc/cni overlay bind 0 0"
Sep 15 15:32:06.147081 localhost immucore[661]: 2026-09-15T15:32:06Z DBG Adding line to fstab what="/usr/local/.state/var-cores.bind /var/cores overlay bind 0 0"
Sep 15 15:32:06.147081 localhost immucore[661]: 2026-09-15T15:32:06Z DBG Adding line to fstab what="/usr/local/.state/etc-init.d.bind /etc/init.d overlay bind 0 0"
Sep 15 15:32:06.147081 localhost immucore[661]: 2026-09-15T15:32:06Z DBG Adding line to fstab what="/usr/local/.state/etc-iscsi.bind /etc/iscsi overlay bind 0 0"
Sep 15 15:32:06.147081 localhost immucore[661]: 2026-09-15T15:32:06Z DBG Adding line to fstab what="/usr/local/.state/etc-k0s.bind /etc/k0s overlay bind 0 0"
Sep 15 15:32:06.141618 localhost kairos-immucore[661]: 
[0;90m
[0;38:5:245m
[0;1;31m
[0;90m
[0;38:5:245mAdding line to fstab
Sep 15 15:32:06.222844 localhost immucore[661]: 2026-09-15T15:32:06Z DBG Adding line to fstab what="/usr/local/.state/etc-kubernetes.bind /etc/kubernetes overlay bind 0 0"
Sep 15 15:32:06.222844 localhost immucore[661]: 2026-09-15T15:32:06Z DBG Adding line to fstab what="/usr/local/.state/usr-libexec.bind /usr/libexec overlay bind 0 0"
Sep 15 15:32:06.222844 localhost immucore[661]: 2026-09-15T15:32:06Z DBG Adding line to fstab what="/usr/local/.state/var-log.bind /var/log overlay bind 0 0"
Sep 15 15:32:06.222844 localhost immucore[661]: 2026-09-15T15:32:06Z DBG Adding line to fstab what="/usr/local/.state/etc-modprobe.d.bind /etc/modprobe.d overlay bind 0 0"
Sep 15 15:32:06.222844 localhost immucore[661]: 2026-09-15T15:32:06Z DBG Adding line to fstab what="/usr/local/.state/etc-pwx.bind /etc/pwx overlay bind 0 0"
Sep 15 15:32:06.222844 localhost immucore[661]: 2026-09-15T15:32:06Z DBG Adding line to fstab what="/usr/local/.state/etc-rancher.bind /etc/rancher overlay bind 0 0"
Sep 15 15:32:06.222844 localhost immucore[661]: 2026-09-15T15:32:06Z DBG Adding line to fstab what="/usr/local/.state/etc-runlevels.bind /etc/runlevels overlay bind 0 0"
Sep 15 15:32:06.222844 localhost immucore[661]: 2026-09-15T15:32:06Z DBG Adding line to fstab what="/usr/local/.state/etc-ssh.bind /etc/ssh overlay bind 0 0"
Sep 15 15:32:06.222844 localhost immucore[661]: 2026-09-15T15:32:06Z DBG Adding line to fstab what="/usr/local/.state/etc-sysconfig.bind /etc/sysconfig overlay bind 0 0"
Sep 15 15:32:06.222844 localhost immucore[661]: 2026-09-15T15:32:06Z DBG Adding line to fstab what="/usr/local/.state/etc-systemd.bind /etc/systemd overlay bind 0 0"
Sep 15 15:32:06.222844 localhost immucore[661]: 2026-09-15T15:32:06Z DBG Adding line to fstab what="/usr/local/.state/etc-zfs.bind /etc/zfs overlay bind 0 0"
Sep 15 15:32:06.222844 localhost immucore[661]: 2026-09-15T15:32:06Z DBG Adding line to fstab what="/usr/local/.state/var-lib-ca-certificates.bind /var/lib/ca-certificates overlay bind 0 0"
Sep 15 15:32:06.222844 localhost immucore[661]: 2026-09-15T15:32:06Z DBG Adding line to fstab what="/usr/local/.state/var-lib-calico.bind /var/lib/calico overlay bind 0 0"
Sep 15 15:32:06.222844 localhost immucore[661]: 2026-09-15T15:32:06Z DBG Adding line to fstab what="/usr/local/.state/etc-ssl-certs.bind /etc/ssl/certs overlay bind 0 0"
Sep 15 15:32:06.141772 localhost kairos-immucore[661]: 
[0;90m
[0;38:5:245m
[0;1;31m
[0;90m
[0;38:5:245mAdding line to fstab
Sep 15 15:32:06.314403 localhost immucore[661]: 2026-09-15T15:32:06Z DBG Adding line to fstab what="/usr/local/.state/var-lib-cni.bind /var/lib/cni overlay bind 0 0"
Sep 15 15:32:06.314403 localhost immucore[661]: 2026-09-15T15:32:06Z DBG Adding line to fstab what="/usr/local/.state/var-lib-confexts.bind /var/lib/confexts overlay bind 0 0"
Sep 15 15:32:06.314403 localhost immucore[661]: 2026-09-15T15:32:06Z DBG Adding line to fstab what="/usr/local/.state/var-lib-containerd.bind /var/lib/containerd overlay bind 0 0"
Sep 15 15:32:06.314403 localhost immucore[661]: 2026-09-15T15:32:06Z DBG Adding line to fstab what="/usr/local/.state/var-lib-dbus.bind /var/lib/dbus overlay bind 0 0"
Sep 15 15:32:06.314403 localhost immucore[661]: 2026-09-15T15:32:06Z DBG Adding line to fstab what="/usr/local/.state/var-lib-etcd.bind /var/lib/etcd overlay bind 0 0"
Sep 15 15:32:06.314403 localhost immucore[661]: 2026-09-15T15:32:06Z DBG Adding line to fstab what="/usr/local/.state/var-lib-extensions.bind /var/lib/extensions overlay bind 0 0"
Sep 15 15:32:06.314403 localhost immucore[661]: 2026-09-15T15:32:06Z DBG Adding line to fstab what="/usr/local/.state/var-lib-k0s.bind /var/lib/k0s overlay bind 0 0"
Sep 15 15:32:06.314403 localhost immucore[661]: 2026-09-15T15:32:06Z DBG Adding line to fstab what="/usr/local/.state/var-lib-kairos.bind /var/lib/kairos overlay bind 0 0"
Sep 15 15:32:06.314403 localhost immucore[661]: 2026-09-15T15:32:06Z DBG Adding line to fstab what="/usr/local/.state/var-lib-kubelet.bind /var/lib/kubelet overlay bind 0 0"
Sep 15 15:32:06.314403 localhost immucore[661]: 2026-09-15T15:32:06Z DBG Adding line to fstab what="/usr/local/.state/var-lib-longhorn.bind /var/lib/longhorn overlay bind 0 0"
Sep 15 15:32:06.314403 localhost immucore[661]: 2026-09-15T15:32:06Z DBG Adding line to fstab what="/usr/local/.state/var-lib-osd.bind /var/lib/osd overlay bind 0 0"
Sep 15 15:32:06.314403 localhost immucore[661]: 2026-09-15T15:32:06Z DBG Adding line to fstab what="/usr/local/.state/var-lib-rancher.bind /var/lib/rancher overlay bind 0 0"
Sep 15 15:32:06.314403 localhost immucore[661]: 2026-09-15T15:32:06Z DBG Adding line to fstab what="/usr/local/.state/var-lib-rook.bind /var/lib/rook overlay bind 0 0"
Sep 15 15:32:06.314403 localhost immucore[661]: 2026-09-15T15:32:06Z DBG Adding line to fstab what="/usr/local/.state/var-lib-tailscale.bind /var/lib/tailscale overlay bind 0 0"
Sep 15 15:32:06.141817 localhost kairos-immucore[661]: 
[0;90m
[0;38:5:245m
[0;1;31m
[0;90m
[0;38:5:245mAdding line to fstab
Sep 15 15:32:06.380377 localhost immucore[661]: 2026-09-15T15:32:06Z DBG Adding line to fstab what="/usr/local/.state/var-lib-wicked.bind /var/lib/wicked overlay bind 0 0"
Sep 15 15:32:06.380377 localhost immucore[661]: 2026-09-15T15:32:06Z DBG detecting boot state
Sep 15 15:32:06.380377 localhost immucore[661]: 2026-09-15T15:32:06Z DBG Detected in-RAM boot; classifying as Active
Sep 15 15:32:06.380377 localhost immucore[661]: 2026-09-15T15:32:06Z DBG Enabling system extensions
Sep 15 15:32:06.380377 localhost immucore[661]: 2026-09-15T15:32:06Z DBG detecting boot state
Sep 15 15:32:06.380377 localhost immucore[661]: 2026-09-15T15:32:06Z DBG Detected in-RAM boot; classifying as Active
Sep 15 15:32:06.380377 localhost immucore[661]: 2026-09-15T15:32:06Z DBG Enabling config extensions
Sep 15 15:32:06.380377 localhost immucore[661]: 2026-09-15T15:32:06Z INF Running initramfs stage
Sep 15 15:32:06.380377 localhost immucore[661]: 2026-09-15T15:32:06Z INF Running stage: initramfs.before
Sep 15 15:32:06.380377 localhost immucore[661]: 
Sep 15 15:32:06.380377 localhost immucore[661]: 2026-09-15T15:32:06Z DBG Generating op for stage 'Datasource handling.Move old datasource to new location'
Sep 15 15:32:06.380377 localhost immucore[661]: 2026-09-15T15:32:06Z DBG Generating op for stage 'Datasource handling.Remove old userdata'
Sep 15 15:32:06.380377 localhost immucore[661]: 2026-09-15T15:32:06Z DBG Generating op for stage 'Datasource handling.Pull data from provider'
Sep 15 15:32:06.380377 localhost immucore[661]: 2026-09-15T15:32:06Z DBG Generating op for stage 'Datasource handling.3'
Sep 15 15:32:06.380377 localhost immucore[661]: 2026-09-15T15:32:06Z DBG Generating op for stage 'RPI configs.Set a safe date before user creation for RPI without hardware clocks'
Sep 15 15:32:06.380377 localhost immucore[661]: 2026-09-15T15:32:06Z DBG Generating op for stage '/system/oem/29_blacklist.yaml.Blacklist bpfilter on Alpine ( bug: https://github.com/kairos-io/kairos/issues/277 )'
Sep 15 15:32:06.380377 localhost immucore[661]: 2026-09-15T15:32:06Z DBG Generating op for stage 'L4T RootFS Prep for Orin NX.Apply NVIDIA binaries'
Sep 15 15:32:06.380377 localhost immucore[661]: 2026-09-15T15:32:06Z DBG Reading '/system/oem/29_blacklist.yaml'
Sep 15 15:32:06.380377 localhost immucore[661]: 2026-09-15T15:32:06Z DBG Executing stage '/system/oem/29_blacklist.yaml.Blacklist bpfilter on Alpine ( bug: https://github.com/kairos-io/kairos/issues/277 )'
Sep 15 15:32:06.380377 localhost immucore[661]: 2026-09-15T15:32:06Z DBG Reading '/system/oem/00_datasource.yaml'
Sep 15 15:32:06.380377 localhost immucore[661]: 2026-09-15T15:32:06Z DBG Executing stage 'Datasource handling.Move old datasource to new location'
Sep 15 15:32:06.380377 localhost immucore[661]: 2026-09-15T15:32:06Z DBG Found systemd at /bin/systemctl
Sep 15 15:32:06.141842 localhost kairos-immucore[661]: 
[0;90m
[0;38:5:245m
[0;1;31m
[0;90m
[0;38:5:245mAdding line to fstab
Sep 15 15:32:06.457659 localhost immucore[661]: 2026-09-15T15:32:06Z WRN (conditional) Skip 'service manager doesn't match openrc' stage name: /system/oem/29_blacklist.yaml.Blacklist bpfilter on Alpine ( bug: https://github.com/kairos-io/kairos/issues/277 )
Sep 15 15:32:06.457659 localhost immucore[661]: 2026-09-15T15:32:06Z DBG Reading '/system/oem/11_RPI.yaml'
Sep 15 15:32:06.457659 localhost immucore[661]: 2026-09-15T15:32:06Z DBG Executing stage 'RPI configs.Set a safe date before user creation for RPI without hardware clocks'
Sep 15 15:32:06.457659 localhost immucore[661]: 2026-09-15T15:32:06Z WRN (conditional) Skip 'Skipping stage (if statement error: failed to run [ -f "/proc/device-tree/model" ] && grep -i "Raspberry Pi" "/proc/device-tree/model": exit status 1)' stage name: RPI configs.Set a safe date before user creation for RPI without hardware clocks
Sep 15 15:32:06.457659 localhost immucore[661]: 2026-09-15T15:32:06Z WRN (conditional) Skip 'Skipping stage (if statement error: failed to run [ -d /oem/userdata ] && [ ! -d /oem/95_userdata ]: exit status 1)' stage name: Datasource handling.Move old datasource to new location
Sep 15 15:32:06.457659 localhost immucore[661]: 2026-09-15T15:32:06Z DBG Reading '/system/oem/00_datasource.yaml'
Sep 15 15:32:06.457659 localhost immucore[661]: 2026-09-15T15:32:06Z DBG Executing stage 'Datasource handling.Remove old userdata'
Sep 15 15:32:06.457659 localhost immucore[661]: 2026-09-15T15:32:06Z DBG Reading '/system/oem/30-prepare-l4t-rootfs.yaml'
Sep 15 15:32:06.457659 localhost immucore[661]: 2026-09-15T15:32:06Z DBG Executing stage 'L4T RootFS Prep for Orin NX.Apply NVIDIA binaries'
Sep 15 15:32:06.457659 localhost immucore[661]: 2026-09-15T15:32:06Z WRN (conditional) Skip 'Skipping stage (if statement error: failed to run [ -d /oem/userdata ] && [ -d /oem/95_userdata ]: exit status 1)' stage name: Datasource handling.Remove old userdata
Sep 15 15:32:06.457659 localhost immucore[661]: 2026-09-15T15:32:06Z WRN (conditional) Skip 'Skipping stage (if statement error: failed to run [ -f "/proc/device-tree/model" ] && grep -i "Orin NX" "/proc/device-tree/model": exit status 1)' stage name: L4T RootFS Prep for Orin NX.Apply NVIDIA binaries
Sep 15 15:32:06.457659 localhost immucore[661]: 2026-09-15T15:32:06Z DBG Reading '/system/oem/00_datasource.yaml'
Sep 15 15:32:06.141868 localhost kairos-immucore[661]: 
[0;90m
[0;38:5:245m
[0;1;31m
[0;90m
[0;38:5:245mAdding line to fstab
Sep 15 15:32:06.519012 localhost immucore[661]: 2026-09-15T15:32:06Z DBG Executing stage 'Datasource handling.Pull data from provider'
Sep 15 15:32:06.519012 localhost immucore[661]: 2026-09-15T15:32:06Z WRN (conditional) Skip 'Skipping stage (if statement error: failed to run [ ! -e /oem/95_userdata ] && ([ ! -f /run/cos/uki_boot_mode ] || grep -q "kairos.pull_datasources" /proc/cmdline ): exit status 1)' stage name: Datasource handling.Pull data from provider
Sep 15 15:32:06.519012 localhost immucore[661]: 2026-09-15T15:32:06Z DBG Reading '/system/oem/00_datasource.yaml'
Sep 15 15:32:06.519012 localhost immucore[661]: 2026-09-15T15:32:06Z DBG Executing stage 'Datasource handling.3'
Sep 15 15:32:06.519012 localhost immucore[661]: 2026-09-15T15:32:06Z WRN (conditional) Skip 'Skipping stage (if statement error: failed to run [ ! -e /oem/95_userdata ]: exit status 1)' stage name: Datasource handling.3
Sep 15 15:32:06.519012 localhost immucore[661]: 2026-09-15T15:32:06Z INF Done executing stage 'initramfs.before'
Sep 15 15:32:06.519012 localhost immucore[661]: 
Sep 15 15:32:06.519012 localhost immucore[661]: 2026-09-15T15:32:06Z INF Running stage: initramfs
Sep 15 15:32:06.519012 localhost immucore[661]: 
Sep 15 15:32:06.519012 localhost immucore[661]: 2026-09-15T15:32:06Z DBG Generating op for stage 'Rootfs Layout Settings.Create journalctl /var/log/journal dir'
Sep 15 15:32:06.519012 localhost immucore[661]: 2026-09-15T15:32:06Z DBG Generating op for stage 'Rootfs Layout Settings.Restore /etc/machine-id for systemd systems'
Sep 15 15:32:06.519012 localhost immucore[661]: 2026-09-15T15:32:06Z DBG Generating op for stage 'Rootfs Layout Settings.Ensure /etc/machine-id for systemd systems'
Sep 15 15:32:06.519012 localhost immucore[661]: 2026-09-15T15:32:06Z DBG Generating op for stage 'Rootfs Layout Settings.Ensure /etc/machine-id for openrc systems'
Sep 15 15:32:06.519012 localhost immucore[661]: 2026-09-15T15:32:06Z DBG Generating op for stage 'Start agent.0'
Sep 15 15:32:06.519012 localhost immucore[661]: 2026-09-15T15:32:06Z DBG Generating op for stage 'Notify Kairos Plugins of Elemental Events.0'
Sep 15 15:32:06.519012 localhost immucore[661]: 2026-09-15T15:32:06Z DBG Generating op for stage 'Default network configuration.Enable systemd-network config files for DHCP'
Sep 15 15:32:06.519012 localhost immucore[661]: 2026-09-15T15:32:06Z DBG Generating op for stage 'Default network configuration.Disable NetworkManager and wicked'
Sep 15 15:32:06.519012 localhost immucore[661]: 2026-09-15T15:32:06Z DBG Generating op for stage 'Default network configuration.Link /etc/resolv.conf to systemd resolv.conf'
Sep 15 15:32:06.141895 localhost kairos-immucore[661]: 
[0;90m
[0;38:5:245m
[0;1;31m
[0;90m
[0;38:5:245mAdding line to fstab
Sep 15 15:32:06.588220 localhost immucore[661]: 2026-09-15T15:32:06Z DBG Generating op for stage 'Default network configuration.Enabled systemd-networkd on Red Hat if available'
Sep 15 15:32:06.588220 localhost immucore[661]: 2026-09-15T15:32:06Z DBG Generating op for stage 'Default network configuration.Enable systemd-resolved on Red Hat if available'
Sep 15 15:32:06.588220 localhost immucore[661]: 2026-09-15T15:32:06Z DBG Generating op for stage 'Enable EFI assessment.Override systemd-boot services to enable RW on /efi partition'
Sep 15 15:32:06.588220 localhost immucore[661]: 2026-09-15T15:32:06Z DBG Generating op for stage 'Enable EFI assessment.Enable boot assessment'
Sep 15 15:32:06.588220 localhost immucore[661]: 2026-09-15T15:32:06Z DBG Generating op for stage 'Default config.Generate host keys'
Sep 15 15:32:06.588220 localhost immucore[661]: 2026-09-15T15:32:06Z DBG Generating op for stage 'Create openrc services.Create OpenRC services'
Sep 15 15:32:06.588220 localhost immucore[661]: 2026-09-15T15:32:06Z DBG Generating op for stage 'Create openrc services.Enable OpenRC services'
Sep 15 15:32:06.588220 localhost immucore[661]: 2026-09-15T15:32:06Z DBG Generating op for stage 'Default config.Default systemd config'
Sep 15 15:32:06.588220 localhost immucore[661]: 2026-09-15T15:32:06Z DBG Generating op for stage 'Default config.Create systemd services'
Sep 15 15:32:06.588220 localhost immucore[661]: 2026-09-15T15:32:06Z DBG Generating op for stage 'Default config.Override systemd-tpm2-setup/systemd-pcrproduct with temporary RW under /efi'
Sep 15 15:32:06.588220 localhost immucore[661]: 2026-09-15T15:32:06Z DBG Generating op for stage 'Default config.Enable systemd services'
Sep 15 15:32:06.588220 localhost immucore[661]: 2026-09-15T15:32:06Z DBG Generating op for stage 'Default user, permissions and serial login.Setup groups.0'
Sep 15 15:32:06.588220 localhost immucore[661]: 2026-09-15T15:32:06Z DBG Generating op for stage 'Default user, permissions and serial login.Setup users.1'
Sep 15 15:32:06.588220 localhost immucore[661]: 2026-09-15T15:32:06Z DBG Generating op for stage 'Default user, permissions and serial login.Set user password if running in live or uki.2'
Sep 15 15:32:06.588220 localhost immucore[661]: 2026-09-15T15:32:06Z DBG Generating op for stage 'Default user, permissions and serial login.Setup sudo.3'
Sep 15 15:32:06.588220 localhost immucore[661]: 2026-09-15T15:32:06Z DBG Generating op for stage 'Default user, permissions and serial login.Ensure runtime permission.4'
Sep 15 15:32:06.588220 localhost immucore[661]: 2026-09-15T15:32:06Z DBG Generating op for stage 'Default user, permissions and serial login.Ensure runtime permission.5'
Sep 15 15:32:06.141924 localhost kairos-immucore[661]: 
[0;90m
[0;38:5:245m
[0;1;31m
[0;90m
[0;38:5:245mAdding line to fstab
Sep 15 15:32:06.659643 localhost immucore[661]: 2026-09-15T15:32:06Z DBG Generating op for stage 'Nvidia jetson specific files.Create files'
Sep 15 15:32:06.659643 localhost immucore[661]: 2026-09-15T15:32:06Z DBG Generating op for stage 'Root autologin.0'
Sep 15 15:32:06.659643 localhost immucore[661]: 2026-09-15T15:32:06Z DBG Generating op for stage 'Root autologin.Autologin on livecd for OpenRC'
Sep 15 15:32:06.659643 localhost immucore[661]: 2026-09-15T15:32:06Z DBG Generating op for stage 'SELinux.Relabelling'
Sep 15 15:32:06.659643 localhost immucore[661]: 2026-09-15T15:32:06Z DBG Generating op for stage '/system/oem/31_hosts.yaml.Ensure persistent hosts file'
Sep 15 15:32:06.659643 localhost immucore[661]: 2026-09-15T15:32:06Z DBG Generating op for stage '/system/oem/31_hosts.yaml.Ensure persistent /etc/ directory'
Sep 15 15:32:06.659643 localhost immucore[661]: 2026-09-15T15:32:06Z DBG Generating op for stage '/system/oem/31_hosts.yaml.Ensure persistent hostname'
Sep 15 15:32:06.659643 localhost immucore[661]: 2026-09-15T15:32:06Z DBG Generating op for stage 'Profile extensions.Set KUBECONFIG to access k9s and kubectl'
Sep 15 15:32:06.659643 localhost immucore[661]: 2026-09-15T15:32:06Z DBG Generating op for stage 'Start recovery on tty1.Starts kairos-recovery and generate a temporary pass'
Sep 15 15:32:06.659643 localhost immucore[661]: 2026-09-15T15:32:06Z DBG Generating op for stage 'Start recovery on tty1.Starts kairos-recovery for openRC based systems'
Sep 15 15:32:06.659643 localhost immucore[661]: 2026-09-15T15:32:06Z DBG Generating op for stage 'Start reset on tty1.Starts kairos-reset for systemd based systems'
Sep 15 15:32:06.659643 localhost immucore[661]: 2026-09-15T15:32:06Z DBG Generating op for stage 'Start reset on tty1.Starts kairos-reset for openRC-based systems'
Sep 15 15:32:06.659643 localhost immucore[661]: 2026-09-15T15:32:06Z DBG Generating op for stage 'Start installer on tty1..0'
Sep 15 15:32:06.659643 localhost immucore[661]: 2026-09-15T15:32:06Z DBG Generating op for stage 'Start installer on tty1..1'
Sep 15 15:32:06.659643 localhost immucore[661]: 2026-09-15T15:32:06Z DBG Generating op for stage 'Start installer on tty1..2'
Sep 15 15:32:06.659643 localhost immucore[661]: 2026-09-15T15:32:06Z DBG Generating op for stage 'Start installer on tty1..3'
Sep 15 15:32:06.659643 localhost immucore[661]: 2026-09-15T15:32:06Z DBG Generating op for stage 'sysext and confext configuration.systemd-sysext/confext uki config'
Sep 15 15:32:06.659643 localhost immucore[661]: 2026-09-15T15:32:06Z DBG Generating op for stage 'sysext and confext configuration.systemd-sysext/confext config'
Sep 15 15:32:06.141947 localhost kairos-immucore[661]: 
[0;90m
[0;38:5:245m
[0;1;31m
[0;90m
[0;38:5:245mAdding line to fstab
Sep 15 15:32:06.728186 localhost immucore[661]: 2026-09-15T15:32:06Z DBG Generating op for stage 'sysext and confext configuration.systemd-sysext set hierarchy system-wide'
Sep 15 15:32:06.728186 localhost immucore[661]: 2026-09-15T15:32:06Z DBG Generating op for stage 'sysext and confext configuration.systemd-sysext/confext initramfs settings'
Sep 15 15:32:06.728186 localhost immucore[661]: 2026-09-15T15:32:06Z DBG Reading '/system/oem/02_agent.yaml'
Sep 15 15:32:06.728186 localhost immucore[661]: 2026-09-15T15:32:06Z DBG Executing stage 'Start agent.0'
Sep 15 15:32:06.728186 localhost immucore[661]: 2026-09-15T15:32:06Z DBG Reading '/system/oem/31_hosts.yaml'
Sep 15 15:32:06.728186 localhost immucore[661]: 2026-09-15T15:32:06Z DBG Executing stage '/system/oem/31_hosts.yaml.Ensure persistent hosts file'
Sep 15 15:32:06.728186 localhost immucore[661]: 2026-09-15T15:32:06Z DBG Reading '/system/oem/05_network.yaml'
Sep 15 15:32:06.728186 localhost immucore[661]: 2026-09-15T15:32:06Z DBG Executing stage 'Default network configuration.Enable systemd-network config files for DHCP'
Sep 15 15:32:06.728186 localhost immucore[661]: 2026-09-15T15:32:06Z DBG Reading '/system/oem/12_nvidia.yaml'
Sep 15 15:32:06.728186 localhost immucore[661]: 2026-09-15T15:32:06Z DBG Executing stage 'Nvidia jetson specific files.Create files'
Sep 15 15:32:06.728186 localhost immucore[661]: 2026-09-15T15:32:06Z DBG Reading '/system/oem/08_ssh.yaml'
Sep 15 15:32:06.728186 localhost immucore[661]: 2026-09-15T15:32:06Z DBG Executing stage 'Default config.Generate host keys'
Sep 15 15:32:06.728186 localhost immucore[661]: 2026-09-15T15:32:06Z INF Processing stage step 'Default config.Generate host keys'. ( commands: 2, files: 0, ... )
Sep 15 15:32:06.728186 localhost immucore[661]: 2026-09-15T15:32:06Z DBG Stage: schema.Stage{
Sep 15 15:32:06.728186 localhost immucore[661]:   Commands: []string{
Sep 15 15:32:06.728186 localhost immucore[661]:     "test -f /etc/ssh/ssh_host_rsa_key     || ssh-keygen -t rsa -b 4096 -f /etc/ssh/ssh_host_rsa_key -N ''",
Sep 15 15:32:06.728186 localhost immucore[661]:     "test -f /etc/ssh/ssh_host_ed25519_key || ssh-keygen -t ed25519 -f /etc/ssh/ssh_host_ed25519_key -N ''",
Sep 15 15:32:06.728186 localhost immucore[661]:   },
Sep 15 15:32:06.728186 localhost immucore[661]:   Name: "Generate host keys",
Sep 15 15:32:06.728186 localhost immucore[661]: }
Sep 15 15:32:06.728186 localhost immucore[661]: 2026-09-15T15:32:06Z DBG If statement result
Sep 15 15:32:06.728186 localhost immucore[661]: 2026-09-15T15:32:06Z DBG Found systemd at /bin/systemctl
Sep 15 15:32:06.728186 localhost immucore[661]: 2026-09-15T15:32:06Z INF Processing stage step 'Start agent.0'. ( commands: 1, files: 1, ... )
Sep 15 15:32:06.728186 localhost immucore[661]: 2026-09-15T15:32:06Z DBG Stage: schema.Stage{
Sep 15 15:32:06.728186 localhost immucore[661]:   Commands: []string{
Sep 15 15:32:06.728186 localhost immucore[661]:     "systemctl enable kairos-agent",
Sep 15 15:32:06.728186 localhost immucore[661]:   },
Sep 15 15:32:06.728186 localhost immucore[661]:   Files: []schema.File{
Sep 15 15:32:06.728186 localhost immucore[661]:     schema.File{
Sep 15 15:32:06.728186 localhost immucore[661]:       Path: "/etc/systemd/system/kairos-agent.service",
Sep 15 15:32:06.141971 localhost kairos-immucore[661]: 
[0;90m
[0;38:5:245m
[0;1;31m
[0;90m
[0;38:5:245mAdding line to fstab
Sep 15 15:32:06.815992 localhost immucore[661]:       Permissions: 420,
Sep 15 15:32:06.815992 localhost immucore[661]:       Content: "[Unit]\nDescription=kairos agent\nAfter=cos-setup-network.service\nWants=network.target\n[Service]\nRestart=on-failure\nRestartSec=5s\nExecStart=/usr/bin/kairos-agent start\n[Install]\nWantedBy=multi-user.target\n",
Sep 15 15:32:06.815992 localhost immucore[661]:     },
Sep 15 15:32:06.815992 localhost immucore[661]:   },
Sep 15 15:32:06.815992 localhost immucore[661]:   If: "[ ! -f \"/run/cos/recovery_mode\" ]",
Sep 15 15:32:06.815992 localhost immucore[661]:   OnlyIfServiceManager: "systemd",
Sep 15 15:32:06.815992 localhost immucore[661]: }
Sep 15 15:32:06.815992 localhost immucore[661]: 2026-09-15T15:32:06Z DBG Creating file /etc/systemd/system/kairos-agent.service
Sep 15 15:32:06.815992 localhost immucore[661]: 2026-09-15T15:32:06Z DBG If statement result
Sep 15 15:32:06.815992 localhost immucore[661]: 2026-09-15T15:32:06Z INF Processing stage step '/system/oem/31_hosts.yaml.Ensure persistent hosts file'. ( commands: 2, files: 1, ... )
Sep 15 15:32:06.815992 localhost immucore[661]: 2026-09-15T15:32:06Z DBG Stage: schema.Stage{
Sep 15 15:32:06.815992 localhost immucore[661]:   Commands: []string{
Sep 15 15:32:06.815992 localhost immucore[661]:     "rm -f /etc/hosts",
Sep 15 15:32:06.815992 localhost immucore[661]:     "ln -sf /usr/local/etc/hosts /etc/hosts",
Sep 15 15:32:06.815992 localhost immucore[661]:   },
Sep 15 15:32:06.815992 localhost immucore[661]:   Files: []schema.File{
Sep 15 15:32:06.815992 localhost immucore[661]:     schema.File{
Sep 15 15:32:06.815992 localhost immucore[661]:       Path: "/usr/local/etc/hosts",
Sep 15 15:32:06.815992 localhost immucore[661]:       Permissions: 420,
Sep 15 15:32:06.815992 localhost immucore[661]:       Content: "127.0.0.1 localhost\n::1       localhost\n",
Sep 15 15:32:06.815992 localhost immucore[661]:     },
Sep 15 15:32:06.815992 localhost immucore[661]:   },
Sep 15 15:32:06.815992 localhost immucore[661]:   Directories: []schema.Directory{
Sep 15 15:32:06.815992 localhost immucore[661]:     schema.Directory{
Sep 15 15:32:06.815992 localhost immucore[661]:       Path: "/usr/local/etc/",
Sep 15 15:32:06.815992 localhost immucore[661]:       Permissions: 493,
Sep 15 15:32:06.815992 localhost immucore[661]:     },
Sep 15 15:32:06.815992 localhost immucore[661]:   },
Sep 15 15:32:06.815992 localhost immucore[661]:   If: "[ ! -f \"/run/cos/recovery_mode\" ] && [ ! -L \"/etc/hosts\" ]",
Sep 15 15:32:06.815992 localhost immucore[661]:   Name: "Ensure persistent hosts file",
Sep 15 15:32:06.815992 localhost immucore[661]: }
Sep 15 15:32:06.815992 localhost immucore[661]: 2026-09-15T15:32:06Z DBG Creating directory /usr/local/etc
Sep 15 15:32:06.815992 localhost immucore[661]: 2026-09-15T15:32:06Z WRN (conditional) Skip 'Skipping stage (if statement error: failed to run [ -f "/sys/firmware/devicetree/base/model" ] && grep -i jetson "/sys/firmware/devicetree/base/model"
Sep 15 15:32:06.815992 localhost immucore[661]: : exit status 1)' stage name: Nvidia jetson specific files.Create files
Sep 15 15:32:06.815992 localhost immucore[661]: 2026-09-15T15:32:06Z DBG Creating directory /usr/local/etc/
Sep 15 15:32:06.815992 localhost immucore[661]: 2026-09-15T15:32:06Z ERR mkdir /usr/local/etc/: file exists
Sep 15 15:32:06.815992 localhost immucore[661]: 2026-09-15T15:32:06Z ERR Error on file /system/oem/31_hosts.yaml on stage Ensure persistent hosts file: 1 error occurred:
Sep 15 15:32:06.815992 localhost immucore[661]:         * mkdir /usr/local/etc/: file exists
Sep 15 15:32:06.815992 localhost immucore[661]: 
Sep 15 15:32:06.815992 localhost immucore[661]: 2026-09-15T15:32:06Z DBG Creating file /usr/local/etc/hosts
Sep 15 15:32:06.141991 localhost kairos-immucore[661]: 
[0;90m
[0;38:5:245m
[0;1;31m
[0;90m
[0;38:5:245mAdding line to fstab
Sep 15 15:32:06.916185 localhost immucore[661]: 2026-09-15T15:32:06Z DBG Reading '/system/oem/25_autologin.yaml'
Sep 15 15:32:06.916185 localhost immucore[661]: 2026-09-15T15:32:06Z DBG Executing stage 'Root autologin.0'
Sep 15 15:32:06.916185 localhost immucore[661]: 2026-09-15T15:32:06Z DBG Reading '/system/oem/00_rootfs.yaml'
Sep 15 15:32:06.916185 localhost immucore[661]: 2026-09-15T15:32:06Z DBG Executing stage 'Rootfs Layout Settings.Create journalctl /var/log/journal dir'
Sep 15 15:32:06.916185 localhost immucore[661]: 2026-09-15T15:32:06Z DBG Found systemd at /bin/systemctl
Sep 15 15:32:06.916185 localhost immucore[661]: 2026-09-15T15:32:06Z INF Processing stage step 'Rootfs Layout Settings.Create journalctl /var/log/journal dir'. ( commands: 0, files: 0, ... )
Sep 15 15:32:06.916185 localhost immucore[661]: 2026-09-15T15:32:06Z DBG Stage: schema.Stage{
Sep 15 15:32:06.916185 localhost immucore[661]:   Directories: []schema.Directory{
Sep 15 15:32:06.916185 localhost immucore[661]:     schema.Directory{
Sep 15 15:32:06.916185 localhost immucore[661]:       Path: "/var/log/journal",
Sep 15 15:32:06.916185 localhost immucore[661]:     },
Sep 15 15:32:06.916185 localhost immucore[661]:   },
Sep 15 15:32:06.916185 localhost immucore[661]:   Name: "Create journalctl /var/log/journal dir",
Sep 15 15:32:06.916185 localhost immucore[661]:   OnlyIfServiceManager: "systemd",
Sep 15 15:32:06.916185 localhost immucore[661]: }
Sep 15 15:32:06.916185 localhost immucore[661]: 2026-09-15T15:32:06Z INF Running layout plugin
Sep 15 15:32:06.916185 localhost immucore[661]: 2026-09-15T15:32:06Z DBG Device field empty, skipping layout plugin
Sep 15 15:32:06.916185 localhost immucore[661]: 2026-09-15T15:32:06Z WRN (conditional) Skip 'Skipping stage (if statement error: failed to run (grep -qv "interactive-install" /proc/cmdline || grep -qv "install-mode-interactive" /proc/cmdline ) && \
Sep 15 15:32:06.916185 localhost immucore[661]: ([ -f /run/cos/live_mode ] || [ -f /run/cos/uki_install_mode ])
Sep 15 15:32:06.916185 localhost immucore[661]: : exit status 1)' stage name: Root autologin.0
Sep 15 15:32:06.142011 localhost kairos-immucore[661]: 
[0;90m
[0;38:5:245m
[0;1;31m
[0;90m
[0;38:5:245mAdding line to fstab
Sep 15 15:32:06.142032 localhost kairos-immucore[661]: 
[0;90m
[0;38:5:245m
[0;1;31m
[0;90m
[0;38:5:245mAdding line to fstab
Sep 15 15:32:06.142056 localhost kairos-immucore[661]: 
[0;90m
[0;38:5:245m
[0;1;31m
[0;90m
[0;38:5:245mAdding line to fstab
Sep 15 15:32:06.142076 localhost kairos-immucore[661]: 
[0;90m
[0;38:5:245m
[0;1;31m
[0;90m
[0;38:5:245mAdding line to fstab
Sep 15 15:32:06.142112 localhost kairos-immucore[661]: 
[0;90m
[0;38:5:245m
[0;1;31m
[0;90m
[0;38:5:245mAdding line to fstab
Sep 15 15:32:06.142152 localhost kairos-immucore[661]: 
[0;90m
[0;38:5:245m
[0;1;31m
[0;90m
[0;38:5:245mAdding line to fstab
Sep 15 15:32:06.142180 localhost kairos-immucore[661]: 
[0;90m
[0;38:5:245m
[0;1;31m
[0;90m
[0;38:5:245mAdding line to fstab
Sep 15 15:32:06.142204 localhost kairos-immucore[661]: 
[0;90m
[0;38:5:245m
[0;1;31m
[0;90m
[0;38:5:245mAdding line to fstab
Sep 15 15:32:06.142226 localhost kairos-immucore[661]: 
[0;90m
[0;38:5:245m
[0;1;31m
[0;90m
[0;38:5:245mAdding line to fstab
Sep 15 15:32:06.142247 localhost kairos-immucore[661]: 
[0;90m
[0;38:5:245m
[0;1;31m
[0;90m
[0;38:5:245mAdding line to fstab
Sep 15 15:32:06.142269 localhost kairos-immucore[661]: 
[0;90m
[0;38:5:245m
[0;1;31m
[0;90m
[0;38:5:245mAdding line to fstab
Sep 15 15:32:06.142291 localhost kairos-immucore[661]: 
[0;90m
[0;38:5:245m
[0;1;31m
[0;90m
[0;38:5:245mAdding line to fstab
Sep 15 15:32:06.142312 localhost kairos-immucore[661]: 
[0;90m
[0;38:5:245m
[0;1;31m
[0;90m
[0;38:5:245mAdding line to fstab
Sep 15 15:32:06.142332 localhost kairos-immucore[661]: 
[0;90m
[0;38:5:245m
[0;1;31m
[0;90m
[0;38:5:245mAdding line to fstab
Sep 15 15:32:06.142355 localhost kairos-immucore[661]: 
[0;90m
[0;38:5:245m
[0;1;31m
[0;90m
[0;38:5:245mAdding line to fstab
Sep 15 15:32:06.142376 localhost kairos-immucore[661]: 
[0;90m
[0;38:5:245m
[0;1;31m
[0;90m
[0;38:5:245mAdding line to fstab
Sep 15 15:32:06.142895 localhost kairos-immucore[661]: 
[0;90m
[0;38:5:245m
[0;1;31m
[0;90m
[0;38:5:245mAdding line to fstab
Sep 15 15:32:06.142932 localhost kairos-immucore[661]: 
[0;90m
[0;38:5:245m
[0;1;31m
[0;90m
[0;38:5:245mAdding line to fstab
Sep 15 15:32:06.142966 localhost kairos-immucore[661]: 
[0;90m
[0;38:5:245m
[0;1;31m
[0;90m
[0;38:5:245mAdding line to fstab
Sep 15 15:32:06.142995 localhost kairos-immucore[661]: 
[0;90m
[0;38:5:245m
[0;1;31m
[0;90m
[0;38:5:245mAdding line to fstab
Sep 15 15:32:06.143039 localhost kairos-immucore[661]: 
[0;90m
[0;38:5:245m
[0;1;31m
[0;90m
[0;38:5:245mAdding line to fstab
Sep 15 15:32:06.143076 localhost kairos-immucore[661]: 
[0;90m
[0;38:5:245m
[0;1;31m
[0;90m
[0;38:5:245mAdding line to fstab
Sep 15 15:32:06.143130 localhost kairos-immucore[661]: 
[0;90m
[0;38:5:245m
[0;1;31m
[0;90m
[0;38:5:245mAdding line to fstab
Sep 15 15:32:06.143174 localhost kairos-immucore[661]: 
[0;90m
[0;38:5:245m
[0;1;31m
[0;90m
[0;38:5:245mAdding line to fstab
Sep 15 15:32:06.143205 localhost kairos-immucore[661]: 
[0;90m
[0;38:5:245m
[0;1;31m
[0;90m
[0;38:5:245mAdding line to fstab
Sep 15 15:32:06.143235 localhost kairos-immucore[661]: 
[0;90m
[0;38:5:245m
[0;1;31m
[0;90m
[0;38:5:245mAdding line to fstab
Sep 15 15:32:06.143280 localhost kairos-immucore[661]: 
[0;90m
[0;38:5:245m
[0;1;31m
[0;90m
[0;38:5:245mAdding line to fstab
Sep 15 15:32:06.143307 localhost kairos-immucore[661]: 
[0;90m
[0;38:5:245m
[0;1;31m
[0;90m
[0;38:5:245mAdding line to fstab
Sep 15 15:32:06.143338 localhost kairos-immucore[661]: 
[0;90m
[0;38:5:245m
[0;1;31m
[0;90m
[0;38:5:245mAdding line to fstab
Sep 15 15:32:06.143369 localhost kairos-immucore[661]: 
[0;90m
[0;38:5:245m
[0;1;31m
[0;90m
[0;38:5:245mAdding line to fstab
Sep 15 15:32:06.143398 localhost kairos-immucore[661]: 
[0;90m
[0;38:5:245m
[0;1;31m
[0;90m
[0;38:5:245mAdding line to fstab
Sep 15 15:32:06.143475 localhost kairos-immucore[661]: 
[0;90m
[0;38:5:245m
[0;1;31m
[0;90m
[0;38:5:245mAdding line to fstab
Sep 15 15:32:06.143503 localhost kairos-immucore[661]: 
[0;90m
[0;38:5:245m
[0;1;31m
[0;90m
[0;38:5:245mAdding line to fstab
Sep 15 15:32:06.143530 localhost kairos-immucore[661]: 
[0;90m
[0;38:5:245m
[0;1;31m
[0;90m
[0;38:5:245mAdding line to fstab
Sep 15 15:32:06.144558 localhost kairos-immucore[661]: 
[0;90m
[0;38:5:245m
[0;1;31m
[0;90m
[0;38:5:245mdetecting boot state
Sep 15 15:32:06.144596 localhost kairos-immucore[661]: 
[0;90m
[0;38:5:245m
[0;1;31m
[0;90m
[0;38:5:245mDetected in-RAM boot; classifying as Active
Sep 15 15:32:06.150384 localhost kairos-immucore[661]: 
[0;90m
[0;38:5:245m
[0;1;31m
[0;90m
[0;38:5:245mEnabling system extensions
Sep 15 15:32:06.150423 localhost kairos-immucore[661]: 
[0;90m
[0;38:5:245m
[0;1;31m
[0;90m
[0;38:5:245mdetecting boot state
Sep 15 15:32:06.150473 localhost kairos-immucore[661]: 
[0;90m
[0;38:5:245m
[0;1;31m
[0;90m
[0;38:5:245mDetected in-RAM boot; classifying as Active
Sep 15 15:32:06.155041 localhost kairos-immucore[661]: 
[0;90m
[0;38:5:245m
[0;1;31m
[0;90m
[0;38:5:245mEnabling config extensions
Sep 15 15:32:06.155189 localhost kairos-immucore[661]: Running initramfs stage
Sep 15 15:32:06.162525 localhost kairos-immucore[661]: Running stage: initramfs.before
Sep 15 15:32:06.162893 localhost kairos-immucore[661]: 
[0;90m
[0;38:5:245m
[0;1;31m
[0;90m
[0;38:5:245mGenerating op for stage 'Datasource handling.Move old datasource to new location'
Sep 15 15:32:06.162916 localhost kairos-immucore[661]: 
[0;90m
[0;38:5:245m
[0;1;31m
[0;90m
[0;38:5:245mGenerating op for stage 'Datasource handling.Remove old userdata'
Sep 15 15:32:06.162930 localhost kairos-immucore[661]: 
[0;90m
[0;38:5:245m
[0;1;31m
[0;90m
[0;38:5:245mGenerating op for stage 'Datasource handling.Pull data from provider'
Sep 15 15:32:06.162972 localhost kairos-immucore[661]: 
[0;90m
[0;38:5:245m
[0;1;31m
[0;90m
[0;38:5:245mGenerating op for stage 'Datasource handling.3'
Sep 15 15:32:06.164381 localhost kairos-immucore[661]: 
[0;90m
[0;38:5:245m
[0;1;31m
[0;90m
[0;38:5:245mGenerating op for stage 'RPI configs.Set a safe date before user creation for RPI without hardware clocks'
Sep 15 15:32:06.165161 localhost kairos-immucore[661]: 
[0;90m
[0;38:5:245m
[0;1;31m
[0;90m
[0;38:5:245mGenerating op for stage '/system/oem/29_blacklist.yaml.Blacklist bpfilter on Alpine ( bug: https://github.com/kairos-io/kairos/issues/277 )'
Sep 15 15:32:06.166013 localhost kairos-immucore[661]: 
[0;90m
[0;38:5:245m
[0;1;31m
[0;90m
[0;38:5:245mGenerating op for stage 'L4T RootFS Prep for Orin NX.Apply NVIDIA binaries'
Sep 15 15:32:06.166603 localhost kairos-immucore[661]: 
[0;90m
[0;38:5:245m
[0;1;31m
[0;90m
[0;38:5:245mReading '/system/oem/29_blacklist.yaml'
Sep 15 15:32:06.166636 localhost kairos-immucore[661]: 
[0;90m
[0;38:5:245m
[0;1;31m
[0;90m
[0;38:5:245mExecuting stage '/system/oem/29_blacklist.yaml.Blacklist bpfilter on Alpine ( bug: https://github.com/kairos-io/kairos/issues/277 )'
Sep 15 15:32:06.166846 localhost kairos-immucore[661]: 
[0;90m
[0;38:5:245m
[0;1;31m
[0;90m
[0;38:5:245mReading '/system/oem/00_datasource.yaml'
Sep 15 15:32:06.166892 localhost kairos-immucore[661]: 
[0;90m
[0;38:5:245m
[0;1;31m
[0;90m
[0;38:5:245mExecuting stage 'Datasource handling.Move old datasource to new location'
Sep 15 15:32:06.167544 localhost kairos-immucore[661]: 
[0;90m
[0;38:5:245m
[0;1;31m
[0;90m
[0;38:5:245mFound systemd at /bin/systemctl
Sep 15 15:32:06.168050 localhost kairos-immucore[661]: 
[0;1;33m
[0;1;38:5:185m
[0;1;39m
[0;1;33m
[0;1;38:5:185m(conditional) Skip 'service manager doesn't match openrc' stage name: /system/oem/29_blacklist.yaml.Blacklist bpfilter on Alpine ( bug: https://github.com/kairos-io/kairos/issues/277 )
Sep 15 15:32:06.168077 localhost kairos-immucore[661]: 
[0;90m
[0;38:5:245m
[0;1;31m
[0;90m
[0;38:5:245mReading '/system/oem/11_RPI.yaml'
Sep 15 15:32:06.168088 localhost kairos-immucore[661]: 
[0;90m
[0;38:5:245m
[0;1;31m
[0;90m
[0;38:5:245mExecuting stage 'RPI configs.Set a safe date before user creation for RPI without hardware clocks'
Sep 15 15:32:06.183774 localhost kairos-immucore[661]: 
[0;1;33m
[0;1;38:5:185m
[0;1;39m
[0;1;33m
[0;1;38:5:185m(conditional) Skip 'Skipping stage (if statement error: failed to run [ -f "/proc/device-tree/model" ] && grep -i "Raspberry Pi" "/proc/device-tree/model": exit status 1)' stage name: RPI configs.Set a safe date before user creation for RPI without hardware clocks
Sep 15 15:32:06.183808 localhost kairos-immucore[661]: 
[0;1;33m
[0;1;38:5:185m
[0;1;39m
[0;1;33m
[0;1;38:5:185m(conditional) Skip 'Skipping stage (if statement error: failed to run [ -d /oem/userdata ] && [ ! -d /oem/95_userdata ]: exit status 1)' stage name: Datasource handling.Move old datasource to new location
Sep 15 15:32:06.183833 localhost kairos-immucore[661]: 
[0;90m
[0;38:5:245m
[0;1;31m
[0;90m
[0;38:5:245mReading '/system/oem/00_datasource.yaml'
Sep 15 15:32:06.183842 localhost kairos-immucore[661]: 
[0;90m
[0;38:5:245m
[0;1;31m
[0;90m
[0;38:5:245mExecuting stage 'Datasource handling.Remove old userdata'
Sep 15 15:32:06.184377 localhost kairos-immucore[661]: 
[0;90m
[0;38:5:245m
[0;1;31m
[0;90m
[0;38:5:245mReading '/system/oem/30-prepare-l4t-rootfs.yaml'
Sep 15 15:32:06.184397 localhost kairos-immucore[661]: 
[0;90m
[0;38:5:245m
[0;1;31m
[0;90m
[0;38:5:245mExecuting stage 'L4T RootFS Prep for Orin NX.Apply NVIDIA binaries'
Sep 15 15:32:06.185005 localhost kairos-immucore[661]: 
[0;1;33m
[0;1;38:5:185m
[0;1;39m
[0;1;33m
[0;1;38:5:185m(conditional) Skip 'Skipping stage (if statement error: failed to run [ -d /oem/userdata ] && [ -d /oem/95_userdata ]: exit status 1)' stage name: Datasource handling.Remove old userdata
Sep 15 15:32:06.185037 localhost kairos-immucore[661]: 
[0;1;33m
[0;1;38:5:185m
[0;1;39m
[0;1;33m
[0;1;38:5:185m(conditional) Skip 'Skipping stage (if statement error: failed to run [ -f "/proc/device-tree/model" ] && grep -i "Orin NX" "/proc/device-tree/model": exit status 1)' stage name: L4T RootFS Prep for Orin NX.Apply NVIDIA binaries
Sep 15 15:32:06.185147 localhost kairos-immucore[661]: 
[0;90m
[0;38:5:245m
[0;1;31m
[0;90m
[0;38:5:245mReading '/system/oem/00_datasource.yaml'
Sep 15 15:32:06.185181 localhost kairos-immucore[661]: 
[0;90m
[0;38:5:245m
[0;1;31m
[0;90m
[0;38:5:245mExecuting stage 'Datasource handling.Pull data from provider'
Sep 15 15:32:06.185914 localhost kairos-immucore[661]: 
[0;1;33m
[0;1;38:5:185m
[0;1;39m
[0;1;33m
[0;1;38:5:185m(conditional) Skip 'Skipping stage (if statement error: failed to run [ ! -e /oem/95_userdata ] && ([ ! -f /run/cos/uki_boot_mode ] || grep -q "kairos.pull_datasources" /proc/cmdline ): exit status 1)' stage name: Datasource handling.Pull data from provider
Sep 15 15:32:06.186021 localhost kairos-immucore[661]: 
[0;90m
[0;38:5:245m
[0;1;31m
[0;90m
[0;38:5:245mReading '/system/oem/00_datasource.yaml'
Sep 15 15:32:06.186055 localhost kairos-immucore[661]: 
[0;90m
[0;38:5:245m
[0;1;31m
[0;90m
[0;38:5:245mExecuting stage 'Datasource handling.3'
Sep 15 15:32:06.186756 localhost kairos-immucore[661]: 
[0;1;33m
[0;1;38:5:185m
[0;1;39m
[0;1;33m
[0;1;38:5:185m(conditional) Skip 'Skipping stage (if statement error: failed to run [ ! -e /oem/95_userdata ]: exit status 1)' stage name: Datasource handling.3
Sep 15 15:32:06.187032 localhost kairos-immucore[661]: Done executing stage 'initramfs.before'
Sep 15 15:32:06.187050 localhost kairos-immucore[661]: Running stage: initramfs
Sep 15 15:32:06.188197 localhost kairos-immucore[661]: 
[0;90m
[0;38:5:245m
[0;1;31m
[0;90m
[0;38:5:245mGenerating op for stage 'Rootfs Layout Settings.Create journalctl /var/log/journal dir'
Sep 15 15:32:06.188222 localhost kairos-immucore[661]: 
[0;90m
[0;38:5:245m
[0;1;31m
[0;90m
[0;38:5:245mGenerating op for stage 'Rootfs Layout Settings.Restore /etc/machine-id for systemd systems'
Sep 15 15:32:06.188238 localhost kairos-immucore[661]: 
[0;90m
[0;38:5:245m
[0;1;31m
[0;90m
[0;38:5:245mGenerating op for stage 'Rootfs Layout Settings.Ensure /etc/machine-id for systemd systems'
Sep 15 15:32:06.188252 localhost kairos-immucore[661]: 
[0;90m
[0;38:5:245m
[0;1;31m
[0;90m
[0;38:5:245mGenerating op for stage 'Rootfs Layout Settings.Ensure /etc/machine-id for openrc systems'
Sep 15 15:32:06.188382 localhost kairos-immucore[661]: 
[0;90m
[0;38:5:245m
[0;1;31m
[0;90m
[0;38:5:245mGenerating op for stage 'Start agent.0'
Sep 15 15:32:06.188427 localhost kairos-immucore[661]: 
[0;90m
[0;38:5:245m
[0;1;31m
[0;90m
[0;38:5:245mGenerating op for stage 'Notify Kairos Plugins of Elemental Events.0'
Sep 15 15:32:06.188731 localhost kairos-immucore[661]: 
[0;90m
[0;38:5:245m
[0;1;31m
[0;90m
[0;38:5:245mGenerating op for stage 'Default network configuration.Enable systemd-network config files for DHCP'
Sep 15 15:32:06.188762 localhost kairos-immucore[661]: 
[0;90m
[0;38:5:245m
[0;1;31m
[0;90m
[0;38:5:245mGenerating op for stage 'Default network configuration.Disable NetworkManager and wicked'
Sep 15 15:32:06.188778 localhost kairos-immucore[661]: 
[0;90m
[0;38:5:245m
[0;1;31m
[0;90m
[0;38:5:245mGenerating op for stage 'Default network configuration.Link /etc/resolv.conf to systemd resolv.conf'
Sep 15 15:32:06.188793 localhost kairos-immucore[661]: 
[0;90m
[0;38:5:245m
[0;1;31m
[0;90m
[0;38:5:245mGenerating op for stage 'Default network configuration.Enabled systemd-networkd on Red Hat if available'
Sep 15 15:32:06.188826 localhost kairos-immucore[661]: 
[0;90m
[0;38:5:245m
[0;1;31m
[0;90m
[0;38:5:245mGenerating op for stage 'Default network configuration.Enable systemd-resolved on Red Hat if available'
Sep 15 15:32:06.189322 localhost kairos-immucore[661]: 
[0;90m
[0;38:5:245m
[0;1;31m
[0;90m
[0;38:5:245mGenerating op for stage 'Enable EFI assessment.Override systemd-boot services to enable RW on /efi partition'
Sep 15 15:32:06.189347 localhost kairos-immucore[661]: 
[0;90m
[0;38:5:245m
[0;1;31m
[0;90m
[0;38:5:245mGenerating op for stage 'Enable EFI assessment.Enable boot assessment'
Sep 15 15:32:06.189578 localhost kairos-immucore[661]: 
[0;90m
[0;38:5:245m
[0;1;31m
[0;90m
[0;38:5:245mGenerating op for stage 'Default config.Generate host keys'
Sep 15 15:32:06.189775 localhost kairos-immucore[661]: 
[0;90m
[0;38:5:245m
[0;1;31m
[0;90m
[0;38:5:245mGenerating op for stage 'Create openrc services.Create OpenRC services'
Sep 15 15:32:06.189796 localhost kairos-immucore[661]: 
[0;90m
[0;38:5:245m
[0;1;31m
[0;90m
[0;38:5:245mGenerating op for stage 'Create openrc services.Enable OpenRC services'
Sep 15 15:32:06.189981 localhost kairos-immucore[661]: 
[0;90m
[0;38:5:245m
[0;1;31m
[0;90m
[0;38:5:245mGenerating op for stage 'Default config.Default systemd config'
Sep 15 15:32:06.189995 localhost kairos-immucore[661]: 
[0;90m
[0;38:5:245m
[0;1;31m
[0;90m
[0;38:5:245mGenerating op for stage 'Default config.Create systemd services'
Sep 15 15:32:06.190008 localhost kairos-immucore[661]: 
[0;90m
[0;38:5:245m
[0;1;31m
[0;90m
[0;38:5:245mGenerating op for stage 'Default config.Override systemd-tpm2-setup/systemd-pcrproduct with temporary RW under /efi'
Sep 15 15:32:06.190022 localhost kairos-immucore[661]: 
[0;90m
[0;38:5:245m
[0;1;31m
[0;90m
[0;38:5:245mGenerating op for stage 'Default config.Enable systemd services'
Sep 15 15:32:06.190176 localhost kairos-immucore[661]: 
[0;90m
[0;38:5:245m
[0;1;31m
[0;90m
[0;38:5:245mGenerating op for stage 'Default user, permissions and serial login.Setup groups.0'
Sep 15 15:32:06.190197 localhost kairos-immucore[661]: 
[0;90m
[0;38:5:245m
[0;1;31m
[0;90m
[0;38:5:245mGenerating op for stage 'Default user, permissions and serial login.Setup users.1'
Sep 15 15:32:06.190211 localhost kairos-immucore[661]: 
[0;90m
[0;38:5:245m
[0;1;31m
[0;90m
[0;38:5:245mGenerating op for stage 'Default user, permissions and serial login.Set user password if running in live or uki.2'
Sep 15 15:32:06.190227 localhost kairos-immucore[661]: 
[0;90m
[0;38:5:245m
[0;1;31m
[0;90m
[0;38:5:245mGenerating op for stage 'Default user, permissions and serial login.Setup sudo.3'
Sep 15 15:32:06.190244 localhost kairos-immucore[661]: 
[0;90m
[0;38:5:245m
[0;1;31m
[0;90m
[0;38:5:245mGenerating op for stage 'Default user, permissions and serial login.Ensure runtime permission.4'
Sep 15 15:32:06.190257 localhost kairos-immucore[661]: 
[0;90m
[0;38:5:245m
[0;1;31m
[0;90m
[0;38:5:245mGenerating op for stage 'Default user, permissions and serial login.Ensure runtime permission.5'
Sep 15 15:32:06.190421 localhost kairos-immucore[661]: 
[0;90m
[0;38:5:245m
[0;1;31m
[0;90m
[0;38:5:245mGenerating op for stage 'Nvidia jetson specific files.Create files'
Sep 15 15:32:06.190761 localhost kairos-immucore[661]: 
[0;90m
[0;38:5:245m
[0;1;31m
[0;90m
[0;38:5:245mGenerating op for stage 'Root autologin.0'
Sep 15 15:32:06.190781 localhost kairos-immucore[661]: 
[0;90m
[0;38:5:245m
[0;1;31m
[0;90m
[0;38:5:245mGenerating op for stage 'Root autologin.Autologin on livecd for OpenRC'
Sep 15 15:32:06.190827 localhost kairos-immucore[661]: 
[0;90m
[0;38:5:245m
[0;1;31m
[0;90m
[0;38:5:245mGenerating op for stage 'SELinux.Relabelling'
Sep 15 15:32:06.190986 localhost kairos-immucore[661]: 
[0;90m
[0;38:5:245m
[0;1;31m
[0;90m
[0;38:5:245mGenerating op for stage '/system/oem/31_hosts.yaml.Ensure persistent hosts file'
Sep 15 15:32:06.190997 localhost kairos-immucore[661]: 
[0;90m
[0;38:5:245m
[0;1;31m
[0;90m
[0;38:5:245mGenerating op for stage '/system/oem/31_hosts.yaml.Ensure persistent /etc/ directory'
Sep 15 15:32:06.191013 localhost kairos-immucore[661]: 
[0;90m
[0;38:5:245m
[0;1;31m
[0;90m
[0;38:5:245mGenerating op for stage '/system/oem/31_hosts.yaml.Ensure persistent hostname'
Sep 15 15:32:06.191046 localhost kairos-immucore[661]: 
[0;90m
[0;38:5:245m
[0;1;31m
[0;90m
[0;38:5:245mGenerating op for stage 'Profile extensions.Set KUBECONFIG to access k9s and kubectl'
Sep 15 15:32:06.191130 localhost kairos-immucore[661]: 
[0;90m
[0;38:5:245m
[0;1;31m
[0;90m
[0;38:5:245mGenerating op for stage 'Start recovery on tty1.Starts kairos-recovery and generate a temporary pass'
Sep 15 15:32:06.191166 localhost kairos-immucore[661]: 
[0;90m
[0;38:5:245m
[0;1;31m
[0;90m
[0;38:5:245mGenerating op for stage 'Start recovery on tty1.Starts kairos-recovery for openRC based systems'
Sep 15 15:32:06.191264 localhost kairos-immucore[661]: 
[0;90m
[0;38:5:245m
[0;1;31m
[0;90m
[0;38:5:245mGenerating op for stage 'Start reset on tty1.Starts kairos-reset for systemd based systems'
Sep 15 15:32:06.191276 localhost kairos-immucore[661]: 
[0;90m
[0;38:5:245m
[0;1;31m
[0;90m
[0;38:5:245mGenerating op for stage 'Start reset on tty1.Starts kairos-reset for openRC-based systems'
Sep 15 15:32:06.191434 localhost kairos-immucore[661]: 
[0;90m
[0;38:5:245m
[0;1;31m
[0;90m
[0;38:5:245mGenerating op for stage 'Start installer on tty1..0'
Sep 15 15:32:06.191450 localhost kairos-immucore[661]: 
[0;90m
[0;38:5:245m
[0;1;31m
[0;90m
[0;38:5:245mGenerating op for stage 'Start installer on tty1..1'
Sep 15 15:32:06.191460 localhost kairos-immucore[661]: 
[0;90m
[0;38:5:245m
[0;1;31m
[0;90m
[0;38:5:245mGenerating op for stage 'Start installer on tty1..2'
Sep 15 15:32:06.191469 localhost kairos-immucore[661]: 
[0;90m
[0;38:5:245m
[0;1;31m
[0;90m
[0;38:5:245mGenerating op for stage 'Start installer on tty1..3'
Sep 15 15:32:06.191582 localhost kairos-immucore[661]: 
[0;90m
[0;38:5:245m
[0;1;31m
[0;90m
[0;38:5:245mGenerating op for stage 'sysext and confext configuration.systemd-sysext/confext uki config'
Sep 15 15:32:06.191592 localhost kairos-immucore[661]: 
[0;90m
[0;38:5:245m
[0;1;31m
[0;90m
[0;38:5:245mGenerating op for stage 'sysext and confext configuration.systemd-sysext/confext config'
Sep 15 15:32:06.191604 localhost kairos-immucore[661]: 
[0;90m
[0;38:5:245m
[0;1;31m
[0;90m
[0;38:5:245mGenerating op for stage 'sysext and confext configuration.systemd-sysext set hierarchy system-wide'
Sep 15 15:32:06.976880 localhost immucore[661]: 2026-09-15T15:32:06Z DBG running stage (OnlyIfOs regex (Ubuntu.*|Debian.*|Fedora.*|CentOS.*|Rocky.*|AlmaLinux.*|Oracle.*Linux.*|SUSE.*|[Oo]penSUSE.*|Hadron.*|Red.*Hat.*) matches os name 'Hadron Linux
Sep 15 15:32:06.976880 localhost immucore[661]: 2026-09-15T15:32:06Z DBG Found systemd at /bin/systemctl
Sep 15 15:32:06.976880 localhost immucore[661]: 2026-09-15T15:32:06Z INF Processing stage step 'Default network configuration.Enable systemd-network config files for DHCP'. ( commands: 1, files: 2, ... )
Sep 15 15:32:06.976880 localhost immucore[661]: 2026-09-15T15:32:06Z DBG Stage: schema.Stage{
Sep 15 15:32:06.976880 localhost immucore[661]:   Commands: []string{
Sep 15 15:32:06.976880 localhost immucore[661]:     "networkctl reload",
Sep 15 15:32:06.976880 localhost immucore[661]:   },
Sep 15 15:32:06.976880 localhost immucore[661]:   Files: []schema.File{
Sep 15 15:32:06.976880 localhost immucore[661]:     schema.File{
Sep 15 15:32:06.976880 localhost immucore[661]:       Path: "/etc/systemd/network/20-dhcp.network",
Sep 15 15:32:06.976880 localhost immucore[661]:       Permissions: 420,
Sep 15 15:32:06.976880 localhost immucore[661]:       Content: "[Match]\nName=en*\n[Network]\nDHCP=yes\n[DHCP]\nClientIdentifier=mac\n",
Sep 15 15:32:06.976880 localhost immucore[661]:     },
Sep 15 15:32:06.976880 localhost immucore[661]:     schema.File{
Sep 15 15:32:06.976880 localhost immucore[661]:       Path: "/etc/systemd/network/20-dhcp-legacy.network",
Sep 15 15:32:06.976880 localhost immucore[661]:       Permissions: 420,
Sep 15 15:32:06.976880 localhost immucore[661]:       Content: "[Match]\nName=eth*\n[Network]\nDHCP=yes\n[DHCP]\nClientIdentifier=mac\n",
Sep 15 15:32:06.976880 localhost immucore[661]:     },
Sep 15 15:32:06.976880 localhost immucore[661]:   },
Sep 15 15:32:06.976880 localhost immucore[661]:   Name: "Enable systemd-network config files for DHCP",
Sep 15 15:32:06.976880 localhost immucore[661]:   OnlyIfOs: "Ubuntu.*|Debian.*|Fedora.*|CentOS.*|Rocky.*|AlmaLinux.*|Oracle.*Linux.*|SUSE.*|[Oo]penSUSE.*|Hadron.*|Red.*Hat.*",
Sep 15 15:32:06.976880 localhost immucore[661]:   OnlyIfServiceManager: "systemd",
Sep 15 15:32:06.976880 localhost immucore[661]: }
Sep 15 15:32:06.976880 localhost immucore[661]: 2026-09-15T15:32:06Z DBG Creating file /etc/systemd/network/20-dhcp.network
Sep 15 15:32:06.976880 localhost immucore[661]: 2026-09-15T15:32:06Z DBG Creating file /etc/systemd/network/20-dhcp-legacy.network
Sep 15 15:32:06.976880 localhost immucore[661]: 2026-09-15T15:32:06Z DBG Empty command output
Sep 15 15:32:06.976880 localhost immucore[661]: 2026-09-15T15:32:06Z DBG Command output: Created symlink '/etc/systemd/system/multi-user.target.wants/kairos-agent.service' 
 '/etc/systemd/system/kairos-agent.service'.
Sep 15 15:32:06.976880 localhost immucore[661]: 2026-09-15T15:32:06Z INF Running layout plugin
Sep 15 15:32:06.976880 localhost immucore[661]: 2026-09-15T15:32:06Z DBG Device field empty, skipping layout plugin
Sep 15 15:32:06.191644 localhost kairos-immucore[661]: 
[0;90m
[0;38:5:245m
[0;1;31m
[0;90m
[0;38:5:245mGenerating op for stage 'sysext and confext configuration.systemd-sysext/confext initramfs settings'
Sep 15 15:32:07.061062 localhost immucore[661]: 2026-09-15T15:32:06Z DBG Empty command output
Sep 15 15:32:07.061062 localhost immucore[661]: 2026-09-15T15:32:06Z INF Running layout plugin
Sep 15 15:32:07.061062 localhost immucore[661]: 2026-09-15T15:32:06Z DBG Device field empty, skipping layout plugin
Sep 15 15:32:07.061062 localhost immucore[661]: 2026-09-15T15:32:06Z DBG Command output: Running in chroot, ignoring command 'reload'
Sep 15 15:32:07.061062 localhost immucore[661]: 2026-09-15T15:32:06Z INF Running layout plugin
Sep 15 15:32:07.061062 localhost immucore[661]: 2026-09-15T15:32:06Z DBG Device field empty, skipping layout plugin
Sep 15 15:32:06.191968 localhost kairos-immucore[661]: 
[0;90m
[0;38:5:245m
[0;1;31m
[0;90m
[0;38:5:245mReading '/system/oem/02_agent.yaml'
Sep 15 15:32:06.191985 localhost kairos-immucore[661]: 
[0;90m
[0;38:5:245m
[0;1;31m
[0;90m
[0;38:5:245mExecuting stage 'Start agent.0'
Sep 15 15:32:06.192216 localhost kairos-immucore[661]: 
[0;90m
[0;38:5:245m
[0;1;31m
[0;90m
[0;38:5:245mReading '/system/oem/31_hosts.yaml'
Sep 15 15:32:06.192312 localhost kairos-immucore[661]: 
[0;90m
[0;38:5:245m
[0;1;31m
[0;90m
[0;38:5:245mExecuting stage '/system/oem/31_hosts.yaml.Ensure persistent hosts file'
Sep 15 15:32:06.192417 localhost kairos-immucore[661]: 
[0;90m
[0;38:5:245m
[0;1;31m
[0;90m
[0;38:5:245mReading '/system/oem/05_network.yaml'
Sep 15 15:32:06.192435 localhost kairos-immucore[661]: 
[0;90m
[0;38:5:245m
[0;1;31m
[0;90m
[0;38:5:245mExecuting stage 'Default network configuration.Enable systemd-network config files for DHCP'
Sep 15 15:32:06.193871 localhost kairos-immucore[661]: 
[0;90m
[0;38:5:245m
[0;1;31m
[0;90m
[0;38:5:245mReading '/system/oem/12_nvidia.yaml'
Sep 15 15:32:06.193895 localhost kairos-immucore[661]: 
[0;90m
[0;38:5:245m
[0;1;31m
[0;90m
[0;38:5:245mExecuting stage 'Nvidia jetson specific files.Create files'
Sep 15 15:32:06.194909 localhost kairos-immucore[661]: 
[0;90m
[0;38:5:245m
[0;1;31m
[0;90m
[0;38:5:245mReading '/system/oem/08_ssh.yaml'
Sep 15 15:32:06.194932 localhost kairos-immucore[661]: 
[0;90m
[0;38:5:245m
[0;1;31m
[0;90m
[0;38:5:245mExecuting stage 'Default config.Generate host keys'
Sep 15 15:32:06.194947 localhost kairos-immucore[661]: Processing stage step 'Default config.Generate host keys'. ( commands: 2, files: 0, ... )
Sep 15 15:32:06.194983 localhost kairos-immucore[661]: 
[0;90m
[0;38:5:245m
[0;1;31m
[0;90m
[0;38:5:245mStage: schema.Stage{
                                                       
[0;90m
[0;38:5:245m  Commands: []string{
                                                       
[0;90m
[0;38:5:245m    "test -f /etc/ssh/ssh_host_rsa_key     || ssh-keygen -t rsa -b 4096 -f /etc/ssh/ssh_host_rsa_key -N ''",
                                                       
[0;90m
[0;38:5:245m    "test -f /etc/ssh/ssh_host_ed25519_key || ssh-keygen -t ed25519 -f /etc/ssh/ssh_host_ed25519_key -N ''",
                                                       
[0;90m
[0;38:5:245m  },
                                                       
[0;90m
[0;38:5:245m  Name: "Generate host keys",
                                                       
[0;90m
[0;38:5:245m}
Sep 15 15:32:06.196291 localhost kairos-immucore[661]: 
[0;90m
[0;38:5:245m
[0;1;31m
[0;90m
[0;38:5:245mIf statement result 
Sep 15 15:32:06.196319 localhost kairos-immucore[661]: 
[0;90m
[0;38:5:245m
[0;1;31m
[0;90m
[0;38:5:245mFound systemd at /bin/systemctl
Sep 15 15:32:06.196350 localhost kairos-immucore[661]: Processing stage step 'Start agent.0'. ( commands: 1, files: 1, ... )
Sep 15 15:32:06.196396 localhost kairos-immucore[661]: 
[0;90m
[0;38:5:245m
[0;1;31m
[0;90m
[0;38:5:245mStage: schema.Stage{
                                                       
[0;90m
[0;38:5:245m  Commands: []string{
                                                       
[0;90m
[0;38:5:245m    "systemctl enable kairos-agent",
                                                       
[0;90m
[0;38:5:245m  },
                                                       
[0;90m
[0;38:5:245m  Files: []schema.File{
                                                       
[0;90m
[0;38:5:245m    schema.File{
                                                       
[0;90m
[0;38:5:245m      Path: "/etc/systemd/system/kairos-agent.service",
                                                       
[0;90m
[0;38:5:245m      Permissions: 420,
                                                       
[0;90m
[0;38:5:245m      Content: "[Unit]\nDescription=kairos agent\nAfter=cos-setup-network.service\nWants=network.target\n[Service]\nRestart=on-failure\nRestartSec=5s\nExecStart=/usr/bin/kairos-agent start\n[Install]\nWantedBy=multi-user.target\n",
                                                       
[0;90m
[0;38:5:245m    },
                                                       
[0;90m
[0;38:5:245m  },
                                                       
[0;90m
[0;38:5:245m  If: "[ ! -f \"/run/cos/recovery_mode\" ]",
                                                       
[0;90m
[0;38:5:245m  OnlyIfServiceManager: "systemd",
                                                       
[0;90m
[0;38:5:245m}
Sep 15 15:32:06.196424 localhost kairos-immucore[661]: 
[0;90m
[0;38:5:245m
[0;1;31m
[0;90m
[0;38:5:245mCreating file /etc/systemd/system/kairos-agent.service
Sep 15 15:32:06.201585 localhost kairos-immucore[661]: 
[0;90m
[0;38:5:245m
[0;1;31m
[0;90m
[0;38:5:245mIf statement result 
Sep 15 15:32:06.201605 localhost kairos-immucore[661]: Processing stage step '/system/oem/31_hosts.yaml.Ensure persistent hosts file'. ( commands: 2, files: 1, ... )
Sep 15 15:32:06.201945 localhost kairos-immucore[661]: 
[0;90m
[0;38:5:245m
[0;1;31m
[0;90m
[0;38:5:245mStage: schema.Stage{
                                                       
[0;90m
[0;38:5:245m  Commands: []string{
                                                       
[0;90m
[0;38:5:245m    "rm -f /etc/hosts",
                                                       
[0;90m
[0;38:5:245m    "ln -sf /usr/local/etc/hosts /etc/hosts",
                                                       
[0;90m
[0;38:5:245m  },
                                                       
[0;90m
[0;38:5:245m  Files: []schema.File{
                                                       
[0;90m
[0;38:5:245m    schema.File{
                                                       
[0;90m
[0;38:5:245m      Path: "/usr/local/etc/hosts",
                                                       
[0;90m
[0;38:5:245m      Permissions: 420,
                                                       
[0;90m
[0;38:5:245m      Content: "127.0.0.1 localhost\n::1       localhost\n",
                                                       
[0;90m
[0;38:5:245m    },
                                                       
[0;90m
[0;38:5:245m  },
                                                       
[0;90m
[0;38:5:245m  Directories: []schema.Directory{
                                                       
[0;90m
[0;38:5:245m    schema.Directory{
                                                       
[0;90m
[0;38:5:245m      Path: "/usr/local/etc/",
                                                       
[0;90m
[0;38:5:245m      Permissions: 493,
                                                       
[0;90m
[0;38:5:245m    },
                                                       
[0;90m
[0;38:5:245m  },
                                                       
[0;90m
[0;38:5:245m  If: "[ ! -f \"/run/cos/recovery_mode\" ] && [ ! -L \"/etc/hosts\" ]",
                                                       
[0;90m
[0;38:5:245m  Name: "Ensure persistent hosts file",
                                                       
[0;90m
[0;38:5:245m}
Sep 15 15:32:06.201981 localhost kairos-immucore[661]: 
[0;90m
[0;38:5:245m
[0;1;31m
[0;90m
[0;38:5:245mCreating directory /usr/local/etc
Sep 15 15:32:06.203281 localhost kairos-immucore[661]: 
[0;1;33m
[0;1;38:5:185m
[0;1;39m
[0;1;33m
[0;1;38:5:185m(conditional) Skip 'Skipping stage (if statement error: failed to run [ -f "/sys/firmware/devicetree/base/model" ] && grep -i jetson "/sys/firmware/devicetree/base/model"
                                                       
[0;1;33m
[0;1;38:5:185m: exit status 1)' stage name: Nvidia jetson specific files.Create files
Sep 15 15:32:06.203458 localhost kairos-immucore[661]: 
[0;90m
[0;38:5:245m
[0;1;31m
[0;90m
[0;38:5:245mCreating directory /usr/local/etc/
Sep 15 15:32:06.203479 localhost kairos-immucore[661]: 
[0;1;31m
[0;1;39m
[0;1;31mmkdir /usr/local/etc/: file exists
Sep 15 15:32:06.203502 localhost kairos-immucore[661]: 
[0;1;31m
[0;1;39m
[0;1;31mError on file /system/oem/31_hosts.yaml on stage Ensure persistent hosts file: 1 error occurred:
                                                       
[0;1;31m        * mkdir /usr/local/etc/: file exists
                                                       
[0;1;31m
Sep 15 15:32:06.203516 localhost kairos-immucore[661]: 
[0;90m
[0;38:5:245m
[0;1;31m
[0;90m
[0;38:5:245mCreating file /usr/local/etc/hosts
Sep 15 15:32:06.207543 localhost kairos-immucore[661]: 
[0;90m
[0;38:5:245m
[0;1;31m
[0;90m
[0;38:5:245mReading '/system/oem/25_autologin.yaml'
Sep 15 15:32:06.207567 localhost kairos-immucore[661]: 
[0;90m
[0;38:5:245m
[0;1;31m
[0;90m
[0;38:5:245mExecuting stage 'Root autologin.0'
Sep 15 15:32:06.212460 localhost kairos-immucore[661]: 
[0;90m
[0;38:5:245m
[0;1;31m
[0;90m
[0;38:5:245mReading '/system/oem/00_rootfs.yaml'
Sep 15 15:32:06.212477 localhost kairos-immucore[661]: 
[0;90m
[0;38:5:245m
[0;1;31m
[0;90m
[0;38:5:245mExecuting stage 'Rootfs Layout Settings.Create journalctl /var/log/journal dir'
Sep 15 15:32:06.212495 localhost kairos-immucore[661]: 
[0;90m
[0;38:5:245m
[0;1;31m
[0;90m
[0;38:5:245mFound systemd at /bin/systemctl
Sep 15 15:32:06.212521 localhost kairos-immucore[661]: Processing stage step 'Rootfs Layout Settings.Create journalctl /var/log/journal dir'. ( commands: 0, files: 0, ... )
Sep 15 15:32:06.212550 localhost kairos-immucore[661]: 
[0;90m
[0;38:5:245m
[0;1;31m
[0;90m
[0;38:5:245mStage: schema.Stage{
                                                       
[0;90m
[0;38:5:245m  Directories: []schema.Directory{
                                                       
[0;90m
[0;38:5:245m    schema.Directory{
                                                       
[0;90m
[0;38:5:245m      Path: "/var/log/journal",
                                                       
[0;90m
[0;38:5:245m    },
                                                       
[0;90m
[0;38:5:245m  },
                                                       
[0;90m
[0;38:5:245m  Name: "Create journalctl /var/log/journal dir",
                                                       
[0;90m
[0;38:5:245m  OnlyIfServiceManager: "systemd",
                                                       
[0;90m
[0;38:5:245m}
Sep 15 15:32:06.212585 localhost kairos-immucore[661]: Running layout plugin
Sep 15 15:32:06.212596 localhost kairos-immucore[661]: 
[0;90m
[0;38:5:245m
[0;1;31m
[0;90m
[0;38:5:245mDevice field empty, skipping layout plugin
Sep 15 15:32:06.247566 localhost kairos-immucore[661]: 
[0;1;33m
[0;1;38:5:185m
[0;1;39m
[0;1;33m
[0;1;38:5:185m(conditional) Skip 'Skipping stage (if statement error: failed to run (grep -qv "interactive-install" /proc/cmdline || grep -qv "install-mode-interactive" /proc/cmdline ) && \
                                                       
[0;1;33m
[0;1;38:5:185m([ -f /run/cos/live_mode ] || [ -f /run/cos/uki_install_mode ])
                                                       
[0;1;33m
[0;1;38:5:185m: exit status 1)' stage name: Root autologin.0
Sep 15 15:32:06.974573 localhost kairos-immucore[661]: 
[0;90m
[0;38:5:245m
[0;1;31m
[0;90m
[0;38:5:245mrunning stage (OnlyIfOs regex (Ubuntu.*|Debian.*|Fedora.*|CentOS.*|Rocky.*|AlmaLinux.*|Oracle.*Linux.*|SUSE.*|[Oo]penSUSE.*|Hadron.*|Red.*Hat.*) matches os name 'Hadron Linux
Sep 15 15:32:06.974776 localhost kairos-immucore[661]: 
[0;90m
[0;38:5:245m
[0;1;31m
[0;90m
[0;38:5:245mFound systemd at /bin/systemctl
Sep 15 15:32:06.974800 localhost kairos-immucore[661]: Processing stage step 'Default network configuration.Enable systemd-network config files for DHCP'. ( commands: 1, files: 2, ... )
Sep 15 15:32:06.974878 localhost kairos-immucore[661]: 
[0;90m
[0;38:5:245m
[0;1;31m
[0;90m
[0;38:5:245mStage: schema.Stage{
                                                       
[0;90m
[0;38:5:245m  Commands: []string{
                                                       
[0;90m
[0;38:5:245m    "networkctl reload",
                                                       
[0;90m
[0;38:5:245m  },
                                                       
[0;90m
[0;38:5:245m  Files: []schema.File{
                                                       
[0;90m
[0;38:5:245m    schema.File{
                                                       
[0;90m
[0;38:5:245m      Path: "/etc/systemd/network/20-dhcp.network",
                                                       
[0;90m
[0;38:5:245m      Permissions: 420,
                                                       
[0;90m
[0;38:5:245m      Content: "[Match]\nName=en*\n[Network]\nDHCP=yes\n[DHCP]\nClientIdentifier=mac\n",
                                                       
[0;90m
[0;38:5:245m    },
                                                       
[0;90m
[0;38:5:245m    schema.File{
                                                       
[0;90m
[0;38:5:245m      Path: "/etc/systemd/network/20-dhcp-legacy.network",
                                                       
[0;90m
[0;38:5:245m      Permissions: 420,
                                                       
[0;90m
[0;38:5:245m      Content: "[Match]\nName=eth*\n[Network]\nDHCP=yes\n[DHCP]\nClientIdentifier=mac\n",
                                                       
[0;90m
[0;38:5:245m    },
                                                       
[0;90m
[0;38:5:245m  },
                                                       
[0;90m
[0;38:5:245m  Name: "Enable systemd-network config files for DHCP",
                                                       
[0;90m
[0;38:5:245m  OnlyIfOs: "Ubuntu.*|Debian.*|Fedora.*|CentOS.*|Rocky.*|AlmaLinux.*|Oracle.*Linux.*|SUSE.*|[Oo]penSUSE.*|Hadron.*|Red.*Hat.*",
                                                       
[0;90m
[0;38:5:245m  OnlyIfServiceManager: "systemd",
                                                       
[0;90m
[0;38:5:245m}
Sep 15 15:32:06.974909 localhost kairos-immucore[661]: 
[0;90m
[0;38:5:245m
[0;1;31m
[0;90m
[0;38:5:245mCreating file /etc/systemd/network/20-dhcp.network
Sep 15 15:32:06.975186 localhost kairos-immucore[661]: 
[0;90m
[0;38:5:245m
[0;1;31m
[0;90m
[0;38:5:245mCreating file /etc/systemd/network/20-dhcp-legacy.network
Sep 15 15:32:06.975518 localhost kairos-immucore[661]: 
[0;90m
[0;38:5:245m
[0;1;31m
[0;90m
[0;38:5:245mEmpty command output
Sep 15 15:32:06.976597 localhost kairos-immucore[661]: 
[0;90m
[0;38:5:245m
[0;1;31m
[0;90m
[0;38:5:245mCommand output: Created symlink '/etc/systemd/system/multi-user.target.wants/kairos-agent.service' 
 '/etc/systemd/system/kairos-agent.service'.
Sep 15 15:32:06.976730 localhost kairos-immucore[661]: Running layout plugin
Sep 15 15:32:06.976759 localhost kairos-immucore[661]: 
[0;90m
[0;38:5:245m
[0;1;31m
[0;90m
[0;38:5:245mDevice field empty, skipping layout plugin
Sep 15 15:32:06.987491 localhost kairos-immucore[661]: 
[0;90m
[0;38:5:245m
[0;1;31m
[0;90m
[0;38:5:245mEmpty command output
Sep 15 15:32:06.993379 localhost kairos-immucore[661]: Running layout plugin
Sep 15 15:32:06.993428 localhost kairos-immucore[661]: 
[0;90m
[0;38:5:245m
[0;1;31m
[0;90m
[0;38:5:245mDevice field empty, skipping layout plugin
Sep 15 15:32:06.996925 localhost kairos-immucore[661]: 
[0;90m
[0;38:5:245m
[0;1;31m
[0;90m
[0;38:5:245mCommand output: Running in chroot, ignoring command 'reload'
Sep 15 15:32:06.996982 localhost kairos-immucore[661]: Running layout plugin
Sep 15 15:32:06.996998 localhost kairos-immucore[661]: 
[0;90m
[0;38:5:245m
[0;1;31m
[0;90m
[0;38:5:245mDevice field empty, skipping layout plugin
Sep 15 15:32:07.456406 localhost kairos-immucore[661]: 
[0;90m
[0;38:5:245m
[0;1;31m
[0;90m
[0;38:5:245mCommand output: Generating public/private rsa key pair.
                                                       
[0;90m
[0;38:5:245mYour identification has been saved in /etc/ssh/ssh_host_rsa_key
                                                       
[0;90m
[0;38:5:245mYour public key has been saved in /etc/ssh/ssh_host_rsa_key.pub
                                                       
[0;90m
[0;38:5:245mThe key fingerprint is:
                                                       
[0;90m
[0;38:5:245mSHA256:0lW0vE8H+DDpMDD/qH9lwpRfs5wI0bxEg6l0zQSMiqI root@localhost
                                                       
[0;90m
[0;38:5:245mThe key's randomart image is:
                                                       
[0;90m
[0;38:5:245m+---[RSA 4096]----+
                                                       
[0;90m
[0;38:5:245m|        o oo&+   |
                                                       
[0;90m
[0;38:5:245m|         * O X.  |
                                                       
[0;90m
[0;38:5:245m|      . o B X.o  |
                                                       
[0;90m
[0;38:5:245m|   . . o o Bo* o.|
                                                       
[0;90m
[0;38:5:245m|  . . . S .o=.=.=|
                                                       
[0;90m
[0;38:5:245m| E     . .  o++= |
                                                       
[0;90m
[0;38:5:245m|        .    +.  |
                                                       
[0;90m
[0;38:5:245m|         .  .    |
                                                       
[0;90m
[0;38:5:245m|          ..     |
                                                       
[0;90m
[0;38:5:245m+----[SHA256]-----+
Sep 15 15:32:07.457269 localhost immucore[661]: 2026-09-15T15:32:07Z DBG Command output: Generating public/private rsa key pair.
Sep 15 15:32:07.457269 localhost immucore[661]: Your identification has been saved in /etc/ssh/ssh_host_rsa_key
Sep 15 15:32:07.457269 localhost immucore[661]: Your public key has been saved in /etc/ssh/ssh_host_rsa_key.pub
Sep 15 15:32:07.457269 localhost immucore[661]: The key fingerprint is:
Sep 15 15:32:07.457269 localhost immucore[661]: SHA256:0lW0vE8H+DDpMDD/qH9lwpRfs5wI0bxEg6l0zQSMiqI root@localhost
Sep 15 15:32:07.457269 localhost immucore[661]: The key's randomart image is:
Sep 15 15:32:07.457269 localhost immucore[661]: +---[RSA 4096]----+
Sep 15 15:32:07.457269 localhost immucore[661]: |        o oo&+   |
Sep 15 15:32:07.457269 localhost immucore[661]: |         * O X.  |
Sep 15 15:32:07.457269 localhost immucore[661]: |      . o B X.o  |
Sep 15 15:32:07.457269 localhost immucore[661]: |   . . o o Bo* o.|
Sep 15 15:32:07.457269 localhost immucore[661]: |  . . . S .o=.=.=|
Sep 15 15:32:07.457269 localhost immucore[661]: | E     . .  o++= |
Sep 15 15:32:07.457269 localhost immucore[661]: |        .    +.  |
Sep 15 15:32:07.457269 localhost immucore[661]: |         .  .    |
Sep 15 15:32:07.457269 localhost immucore[661]: |          ..     |
Sep 15 15:32:07.457269 localhost immucore[661]: +----[SHA256]-----+
Sep 15 15:32:07.495266 localhost immucore[661]: 2026-09-15T15:32:07Z DBG Command output: Generating public/private ed25519 key pair.
Sep 15 15:32:07.495266 localhost immucore[661]: Your identification has been saved in /etc/ssh/ssh_host_ed25519_key
Sep 15 15:32:07.495266 localhost immucore[661]: Your public key has been saved in /etc/ssh/ssh_host_ed25519_key.pub
Sep 15 15:32:07.495266 localhost immucore[661]: The key fingerprint is:
Sep 15 15:32:07.495266 localhost immucore[661]: SHA256:f3s9HbtZSSGLESC8bDowi0IVNwH399uqGsl69elcyZY root@localhost
Sep 15 15:32:07.495266 localhost immucore[661]: The key's randomart image is:
Sep 15 15:32:07.495266 localhost immucore[661]: +--[ED25519 256]--+
Sep 15 15:32:07.495266 localhost immucore[661]: |   oo=o. ...     |
Sep 15 15:32:07.495266 localhost immucore[661]: |   .o o..   .    |
Sep 15 15:32:07.495266 localhost immucore[661]: |  .   .... . . . |
Sep 15 15:32:07.495266 localhost immucore[661]: | . o   +. . o o .|
Sep 15 15:32:07.495266 localhost immucore[661]: |. . + o S  o . . |
Sep 15 15:32:07.495266 localhost immucore[661]: |.. . o. .o  + +..|
Sep 15 15:32:07.495266 localhost immucore[661]: |.     .+. o.oE o=|
Sep 15 15:32:07.495266 localhost immucore[661]: |      ... .++..o=|
Sep 15 15:32:07.495266 localhost immucore[661]: |     .....o+.. oo|
Sep 15 15:32:07.495266 localhost immucore[661]: +----[SHA256]-----+
Sep 15 15:32:07.495266 localhost immucore[661]: 2026-09-15T15:32:07Z INF Running layout plugin
Sep 15 15:32:07.495266 localhost immucore[661]: 2026-09-15T15:32:07Z DBG Device field empty, skipping layout plugin
Sep 15 15:32:07.495266 localhost immucore[661]: 2026-09-15T15:32:07Z DBG Reading '/system/oem/05_network.yaml'
Sep 15 15:32:07.495266 localhost immucore[661]: 2026-09-15T15:32:07Z DBG Executing stage 'Default network configuration.Disable NetworkManager and wicked'
Sep 15 15:32:07.495266 localhost immucore[661]: 2026-09-15T15:32:07Z WRN (conditional) Skip 'OnlyIfOs regex ([Oo]penSUSE.*|SUSE.*) doesn't match os name Hadron Linux' stage name: Default network configuration.Disable NetworkManager and wicked
Sep 15 15:32:07.495266 localhost immucore[661]: 2026-09-15T15:32:07Z DBG Reading '/system/oem/09_openrc_services.yaml'
Sep 15 15:32:07.495266 localhost immucore[661]: 2026-09-15T15:32:07Z DBG Executing stage 'Create openrc services.Create OpenRC services'
Sep 15 15:32:07.495266 localhost immucore[661]: 2026-09-15T15:32:07Z DBG Reading '/system/oem/31_hosts.yaml'
Sep 15 15:32:07.495266 localhost immucore[661]: 2026-09-15T15:32:07Z DBG Found systemd at /bin/systemctl
Sep 15 15:32:07.495266 localhost immucore[661]: 2026-09-15T15:32:07Z WRN (conditional) Skip 'service manager doesn't match openrc' stage name: Create openrc services.Create OpenRC services
Sep 15 15:32:07.495266 localhost immucore[661]: 2026-09-15T15:32:07Z DBG Reading '/system/oem/25_autologin.yaml'
Sep 15 15:32:07.495266 localhost immucore[661]: 2026-09-15T15:32:07Z DBG Executing stage 'Root autologin.Autologin on livecd for OpenRC'
Sep 15 15:32:07.495266 localhost immucore[661]: 2026-09-15T15:32:07Z DBG Executing stage '/system/oem/31_hosts.yaml.Ensure persistent /etc/ directory'
Sep 15 15:32:07.495266 localhost immucore[661]: 2026-09-15T15:32:07Z DBG Reading '/system/oem/02_notify.yaml'
Sep 15 15:32:07.459923 localhost kairos-immucore[661]: 
[0;90m
[0;38:5:245m
[0;1;31m
[0;90m
[0;38:5:245mCommand output: Generating public/private ed25519 key pair.
                                                       
[0;90m
[0;38:5:245mYour identification has been saved in /etc/ssh/ssh_host_ed25519_key
                                                       
[0;90m
[0;38:5:245mYour public key has been saved in /etc/ssh/ssh_host_ed25519_key.pub
                                                       
[0;90m
[0;38:5:245mThe key fingerprint is:
                                                       
[0;90m
[0;38:5:245mSHA256:f3s9HbtZSSGLESC8bDowi0IVNwH399uqGsl69elcyZY root@localhost
                                                       
[0;90m
[0;38:5:245mThe key's randomart image is:
                                                       
[0;90m
[0;38:5:245m+--[ED25519 256]--+
                                                       
[0;90m
[0;38:5:245m|   oo=o. ...     |
                                                       
[0;90m
[0;38:5:245m|   .o o..   .    |
                                                       
[0;90m
[0;38:5:245m|  .   .... . . . |
                                                       
[0;90m
[0;38:5:245m| . o   +. . o o .|
                                                       
[0;90m
[0;38:5:245m|. . + o S  o . . |
                                                       
[0;90m
[0;38:5:245m|.. . o. .o  + +..|
                                                       
[0;90m
[0;38:5:245m|.     .+. o.oE o=|
                                                       
[0;90m
[0;38:5:245m|      ... .++..o=|
                                                       
[0;90m
[0;38:5:245m|     .....o+.. oo|
                                                       
[0;90m
[0;38:5:245m+----[SHA256]-----+
Sep 15 15:32:07.586570 localhost immucore[661]: 2026-09-15T15:32:07Z DBG Executing stage 'Notify Kairos Plugins of Elemental Events.0'
Sep 15 15:32:07.586570 localhost immucore[661]: 2026-09-15T15:32:07Z DBG Reading '/system/oem/00_rootfs.yaml'
Sep 15 15:32:07.586570 localhost immucore[661]: 2026-09-15T15:32:07Z DBG Executing stage 'Rootfs Layout Settings.Restore /etc/machine-id for systemd systems'
Sep 15 15:32:07.586570 localhost immucore[661]: 2026-09-15T15:32:07Z WRN (conditional) Skip 'Skipping stage (if statement error: failed to run [ ! -f "/run/cos/recovery_mode" ] && [ ! -d /usr/local/etc ]: exit status 1)' stage name: /system/oem/31_hosts.yaml.Ensure persistent /etc/ directory
Sep 15 15:32:07.586570 localhost immucore[661]: 2026-09-15T15:32:07Z WRN (conditional) Skip 'Skipping stage (if statement error: failed to run [ ! -f "/run/cos/recovery_mode" ] && [ -s /usr/local/etc/machine-id ]: exit status 1)' stage name: Rootfs Layout Settings.Restore /etc/machine-id for systemd systems
Sep 15 15:32:07.586570 localhost immucore[661]: 2026-09-15T15:32:07Z DBG If statement result
Sep 15 15:32:07.586570 localhost immucore[661]: 2026-09-15T15:32:07Z INF Processing stage step 'Notify Kairos Plugins of Elemental Events.0'. ( commands: 1, files: 0, ... )
Sep 15 15:32:07.586570 localhost immucore[661]: 2026-09-15T15:32:07Z DBG Stage: schema.Stage{
Sep 15 15:32:07.586570 localhost immucore[661]:   Commands: []string{
Sep 15 15:32:07.586570 localhost immucore[661]:     "kairos-agent notify agent.boot",
Sep 15 15:32:07.586570 localhost immucore[661]:   },
Sep 15 15:32:07.586570 localhost immucore[661]:   If: "[ ! -f \"/run/cos/recovery_mode\" ] && [ ! -f \"/run/cos/live_mode\" ]",
Sep 15 15:32:07.586570 localhost immucore[661]: }
Sep 15 15:32:07.586570 localhost immucore[661]: 2026-09-15T15:32:07Z WRN (conditional) Skip 'Skipping stage (if statement error: failed to run (grep -qv "interactive-install" /proc/cmdline || grep -qv "install-mode-interactive" /proc/cmdline) && \
Sep 15 15:32:07.586570 localhost immucore[661]: [ -f /run/cos/live_mode ]
Sep 15 15:32:07.586570 localhost immucore[661]: : exit status 1)' stage name: Root autologin.Autologin on livecd for OpenRC
Sep 15 15:32:07.459973 localhost kairos-immucore[661]: Running layout plugin
Sep 15 15:32:07.459984 localhost kairos-immucore[661]: 
[0;90m
[0;38:5:245m
[0;1;31m
[0;90m
[0;38:5:245mDevice field empty, skipping layout plugin
Sep 15 15:32:07.460018 localhost kairos-immucore[661]: 
[0;90m
[0;38:5:245m
[0;1;31m
[0;90m
[0;38:5:245mReading '/system/oem/05_network.yaml'
Sep 15 15:32:07.460029 localhost kairos-immucore[661]: 
[0;90m
[0;38:5:245m
[0;1;31m
[0;90m
[0;38:5:245mExecuting stage 'Default network configuration.Disable NetworkManager and wicked'
Sep 15 15:32:07.460614 localhost kairos-immucore[661]: 
[0;1;33m
[0;1;38:5:185m
[0;1;39m
[0;1;33m
[0;1;38:5:185m(conditional) Skip 'OnlyIfOs regex ([Oo]penSUSE.*|SUSE.*) doesn't match os name Hadron Linux' stage name: Default network configuration.Disable NetworkManager and wicked
Sep 15 15:32:07.460755 localhost kairos-immucore[661]: 
[0;90m
[0;38:5:245m
[0;1;31m
[0;90m
[0;38:5:245mReading '/system/oem/09_openrc_services.yaml'
Sep 15 15:32:07.460767 localhost kairos-immucore[661]: 
[0;90m
[0;38:5:245m
[0;1;31m
[0;90m
[0;38:5:245mExecuting stage 'Create openrc services.Create OpenRC services'
Sep 15 15:32:07.460780 localhost kairos-immucore[661]: 
[0;90m
[0;38:5:245m
[0;1;31m
[0;90m
[0;38:5:245mReading '/system/oem/31_hosts.yaml'
Sep 15 15:32:07.460786 localhost kairos-immucore[661]: 
[0;90m
[0;38:5:245m
[0;1;31m
[0;90m
[0;38:5:245mFound systemd at /bin/systemctl
Sep 15 15:32:07.460811 localhost kairos-immucore[661]: 
[0;1;33m
[0;1;38:5:185m
[0;1;39m
[0;1;33m
[0;1;38:5:185m(conditional) Skip 'service manager doesn't match openrc' stage name: Create openrc services.Create OpenRC services
Sep 15 15:32:07.460826 localhost kairos-immucore[661]: 
[0;90m
[0;38:5:245m
[0;1;31m
[0;90m
[0;38:5:245mReading '/system/oem/25_autologin.yaml'
Sep 15 15:32:07.460836 localhost kairos-immucore[661]: 
[0;90m
[0;38:5:245m
[0;1;31m
[0;90m
[0;38:5:245mExecuting stage 'Root autologin.Autologin on livecd for OpenRC'
Sep 15 15:32:07.460870 localhost kairos-immucore[661]: 
[0;90m
[0;38:5:245m
[0;1;31m
[0;90m
[0;38:5:245mExecuting stage '/system/oem/31_hosts.yaml.Ensure persistent /etc/ directory'
Sep 15 15:32:07.461517 localhost kairos-immucore[661]: 
[0;90m
[0;38:5:245m
[0;1;31m
[0;90m
[0;38:5:245mReading '/system/oem/02_notify.yaml'
Sep 15 15:32:07.461537 localhost kairos-immucore[661]: 
[0;90m
[0;38:5:245m
[0;1;31m
[0;90m
[0;38:5:245mExecuting stage 'Notify Kairos Plugins of Elemental Events.0'
Sep 15 15:32:07.461884 localhost kairos-immucore[661]: 
[0;90m
[0;38:5:245m
[0;1;31m
[0;90m
[0;38:5:245mReading '/system/oem/00_rootfs.yaml'
Sep 15 15:32:07.461903 localhost kairos-immucore[661]: 
[0;90m
[0;38:5:245m
[0;1;31m
[0;90m
[0;38:5:245mExecuting stage 'Rootfs Layout Settings.Restore /etc/machine-id for systemd systems'
Sep 15 15:32:07.462799 localhost kairos-immucore[661]: 
[0;1;33m
[0;1;38:5:185m
[0;1;39m
[0;1;33m
[0;1;38:5:185m(conditional) Skip 'Skipping stage (if statement error: failed to run [ ! -f "/run/cos/recovery_mode" ] && [ ! -d /usr/local/etc ]: exit status 1)' stage name: /system/oem/31_hosts.yaml.Ensure persistent /etc/ directory
Sep 15 15:32:07.465142 localhost kairos-immucore[661]: 
[0;1;33m
[0;1;38:5:185m
[0;1;39m
[0;1;33m
[0;1;38:5:185m(conditional) Skip 'Skipping stage (if statement error: failed to run [ ! -f "/run/cos/recovery_mode" ] && [ -s /usr/local/etc/machine-id ]: exit status 1)' stage name: Rootfs Layout Settings.Restore /etc/machine-id for systemd systems
Sep 15 15:32:07.465339 localhost kairos-immucore[661]: 
[0;90m
[0;38:5:245m
[0;1;31m
[0;90m
[0;38:5:245mIf statement result 
Sep 15 15:32:07.465368 localhost kairos-immucore[661]: Processing stage step 'Notify Kairos Plugins of Elemental Events.0'. ( commands: 1, files: 0, ... )
Sep 15 15:32:07.465478 localhost kairos-immucore[661]: 
[0;90m
[0;38:5:245m
[0;1;31m
[0;90m
[0;38:5:245mStage: schema.Stage{
                                                       
[0;90m
[0;38:5:245m  Commands: []string{
                                                       
[0;90m
[0;38:5:245m    "kairos-agent notify agent.boot",
                                                       
[0;90m
[0;38:5:245m  },
                                                       
[0;90m
[0;38:5:245m  If: "[ ! -f \"/run/cos/recovery_mode\" ] && [ ! -f \"/run/cos/live_mode\" ]",
                                                       
[0;90m
[0;38:5:245m}
Sep 15 15:32:07.469593 localhost kairos-immucore[661]: 
[0;1;33m
[0;1;38:5:185m
[0;1;39m
[0;1;33m
[0;1;38:5:185m(conditional) Skip 'Skipping stage (if statement error: failed to run (grep -qv "interactive-install" /proc/cmdline || grep -qv "install-mode-interactive" /proc/cmdline) && \
                                                       
[0;1;33m
[0;1;38:5:185m[ -f /run/cos/live_mode ]
                                                       
[0;1;33m
[0;1;38:5:185m: exit status 1)' stage name: Root autologin.Autologin on livecd for OpenRC
Sep 15 15:32:07.711457 localhost kairos-agent[1109]: Kairos Agent
Sep 15 15:32:07.728008 localhost kairos-agent[1109]: Boot Mode
Sep 15 15:32:07.728079 localhost kairos-agent[1109]: Boot in uki mode
Sep 15 15:32:08.075543 localhost kairos-immucore[661]: 
[0;90m
[0;38:5:245m
[0;1;31m
[0;90m
[0;38:5:245mCommand output: warning: skipping /oem/95_userdata/userdata (extension).
                                                       
[0;90m
[0;38:5:245mWARNING: jsonschema: '' does not validate with file:///schema.json#/required: missing properties: 'users'
                                                       
[0;90m
[0;38:5:245m2026-09-15T15:32:07Z INF Kairos Agent version=v4.3.0-rc3-5-g3b0005495
                                                       
[0;90m
[0;38:5:245m2026-09-15T15:32:07Z INF Boot Mode boot_mode=active_boot
                                                       
[0;90m
[0;38:5:245m2026-09-15T15:32:07Z INF Boot in uki mode result=false
Sep 15 15:32:08.075743 localhost kairos-immucore[661]: Running layout plugin
Sep 15 15:32:08.076201 localhost immucore[661]: 2026-09-15T15:32:08Z DBG Command output: warning: skipping /oem/95_userdata/userdata (extension).
Sep 15 15:32:08.076201 localhost immucore[661]: WARNING: jsonschema: '' does not validate with file:///schema.json#/required: missing properties: 'users'
Sep 15 15:32:08.076201 localhost immucore[661]: 2026-09-15T15:32:07Z INF Kairos Agent version=v4.3.0-rc3-5-g3b0005495
Sep 15 15:32:08.076201 localhost immucore[661]: 2026-09-15T15:32:07Z INF Boot Mode boot_mode=active_boot
Sep 15 15:32:08.076201 localhost immucore[661]: 2026-09-15T15:32:07Z INF Boot in uki mode result=false
Sep 15 15:32:08.076201 localhost immucore[661]: 2026-09-15T15:32:08Z INF Running layout plugin
Sep 15 15:32:08.076201 localhost immucore[661]: 2026-09-15T15:32:08Z DBG Device field empty, skipping layout plugin
Sep 15 15:32:08.076201 localhost immucore[661]: 2026-09-15T15:32:08Z DBG Reading '/system/oem/05_network.yaml'
Sep 15 15:32:08.076201 localhost immucore[661]: 2026-09-15T15:32:08Z DBG Executing stage 'Default network configuration.Link /etc/resolv.conf to systemd resolv.conf'
Sep 15 15:32:08.075766 kairos- kairos-immucore[661]: 
[0;90m
[0;38:5:245m
[0;1;31m
[0;90m
[0;38:5:245mDevice field empty, skipping layout plugin
Sep 15 15:32:08.114361 kairos- kernel: evm: overlay not supported
Sep 15 15:32:08.114378 kairos- immucore[661]: 2026-09-15T15:32:08Z DBG Reading '/system/oem/31_hosts.yaml'
Sep 15 15:32:08.114378 kairos- immucore[661]: 2026-09-15T15:32:08Z DBG Executing stage '/system/oem/31_hosts.yaml.Ensure persistent hostname'
Sep 15 15:32:08.114378 kairos- immucore[661]: 2026-09-15T15:32:08Z DBG Reading '/system/oem/09_openrc_services.yaml'
Sep 15 15:32:08.114378 kairos- immucore[661]: 2026-09-15T15:32:08Z DBG Executing stage 'Create openrc services.Enable OpenRC services'
Sep 15 15:32:08.114378 kairos- immucore[661]: 2026-09-15T15:32:08Z DBG Found systemd at /bin/systemctl
Sep 15 15:32:08.114378 kairos- immucore[661]: 2026-09-15T15:32:08Z WRN (conditional) Skip 'service manager doesn't match openrc' stage name: Create openrc services.Enable OpenRC services
Sep 15 15:32:08.114378 kairos- immucore[661]: 2026-09-15T15:32:08Z DBG Reading '/system/oem/00_rootfs.yaml'
Sep 15 15:32:08.114378 kairos- immucore[661]: 2026-09-15T15:32:08Z DBG Executing stage 'Rootfs Layout Settings.Ensure /etc/machine-id for systemd systems'
Sep 15 15:32:08.114378 kairos- immucore[661]: 2026-09-15T15:32:08Z DBG Found systemd at /bin/systemctl
Sep 15 15:32:08.114378 kairos- immucore[661]: 2026-09-15T15:32:08Z INF Processing stage step 'Rootfs Layout Settings.Ensure /etc/machine-id for systemd systems'. ( commands: 1, files: 0, ... )
Sep 15 15:32:08.114378 kairos- immucore[661]: 2026-09-15T15:32:08Z DBG Stage: schema.Stage{
Sep 15 15:32:08.114378 kairos- immucore[661]:   Commands: []string{
Sep 15 15:32:08.114378 kairos- immucore[661]:     "systemd-machine-id-setup",
Sep 15 15:32:08.114378 kairos- immucore[661]:   },
Sep 15 15:32:08.114378 kairos- immucore[661]:   Name: "Ensure /etc/machine-id for systemd systems",
Sep 15 15:32:08.114378 kairos- immucore[661]:   OnlyIfServiceManager: "systemd",
Sep 15 15:32:08.114378 kairos- immucore[661]: }
Sep 15 15:32:08.114378 kairos- immucore[661]: 2026-09-15T15:32:08Z DBG Reading '/system/oem/26_selinux.yaml'
Sep 15 15:32:08.114378 kairos- immucore[661]: 2026-09-15T15:32:08Z DBG Executing stage 'SELinux.Relabelling'
Sep 15 15:32:08.114378 kairos- immucore[661]: 2026-09-15T15:32:08Z DBG If statement result
Sep 15 15:32:08.114378 kairos- immucore[661]: 2026-09-15T15:32:08Z DBG Found systemd at /bin/systemctl
Sep 15 15:32:08.114378 kairos- immucore[661]: 2026-09-15T15:32:08Z INF Processing stage step 'Default network configuration.Link /etc/resolv.conf to systemd resolv.conf'. ( commands: 2, files: 0, ... )
Sep 15 15:32:08.114378 kairos- immucore[661]: 2026-09-15T15:32:08Z DBG Stage: schema.Stage{
Sep 15 15:32:08.114378 kairos- immucore[661]:   Commands: []string{
Sep 15 15:32:08.114378 kairos- immucore[661]:     "rm /etc/resolv.conf",
Sep 15 15:32:08.114378 kairos- immucore[661]:     "ln -s /run/systemd/resolve/resolv.conf /etc/resolv.conf",
Sep 15 15:32:08.114378 kairos- immucore[661]:   },
Sep 15 15:32:08.114378 kairos- immucore[661]:   If: "[ -f /etc/hosts ]",
Sep 15 15:32:08.114378 kairos- immucore[661]:   Name: "Link /etc/resolv.conf to systemd resolv.conf",
Sep 15 15:32:08.114378 kairos- immucore[661]:   OnlyIfServiceManager: "systemd",
Sep 15 15:32:08.114378 kairos- immucore[661]: }
Sep 15 15:32:08.075802 kairos- kairos-immucore[661]: 
[0;90m
[0;38:5:245m
[0;1;31m
[0;90m
[0;38:5:245mReading '/system/oem/05_network.yaml'
Sep 15 15:32:08.163872 kairos- passwd[1162]: password for 'root' changed by 'root'
Sep 15 15:32:08.204046 kairos- immucore[661]: 2026-09-15T15:32:08Z WRN (conditional) Skip 'Skipping stage (if statement error: failed to run cat /proc/cmdline | grep "selinux=1"
Sep 15 15:32:08.204046 kairos- immucore[661]: : exit status 1)' stage name: SELinux.Relabelling
Sep 15 15:32:08.204046 kairos- immucore[661]: 2026-09-15T15:32:08Z DBG If statement result
Sep 15 15:32:08.204046 kairos- immucore[661]: 2026-09-15T15:32:08Z INF Processing stage step '/system/oem/31_hosts.yaml.Ensure persistent hostname'. ( commands: 2, files: 1, ... )
Sep 15 15:32:08.204046 kairos- immucore[661]: 2026-09-15T15:32:08Z DBG Stage: schema.Stage{
Sep 15 15:32:08.204046 kairos- immucore[661]:   Commands: []string{
Sep 15 15:32:08.204046 kairos- immucore[661]:     "rm -f /etc/hostname",
Sep 15 15:32:08.204046 kairos- immucore[661]:     "ln -sf /usr/local/etc/hostname /etc/hostname",
Sep 15 15:32:08.204046 kairos- immucore[661]:   },
Sep 15 15:32:08.204046 kairos- immucore[661]:   Files: []schema.File{
Sep 15 15:32:08.204046 kairos- immucore[661]:     schema.File{
Sep 15 15:32:08.204046 kairos- immucore[661]:       Path: "/usr/local/etc/hostname",
Sep 15 15:32:08.204046 kairos- immucore[661]:       Permissions: 420,
Sep 15 15:32:08.204046 kairos- immucore[661]:     },
Sep 15 15:32:08.204046 kairos- immucore[661]:   },
Sep 15 15:32:08.204046 kairos- immucore[661]:   If: "[ ! -f \"/run/cos/recovery_mode\" ] && [ ! -L \"/etc/hostname\" ]",
Sep 15 15:32:08.204046 kairos- immucore[661]:   Hostname: "kairos-{{ trunc 4 .MachineID }}",
Sep 15 15:32:08.204046 kairos- immucore[661]:   Name: "Ensure persistent hostname",
Sep 15 15:32:08.204046 kairos- immucore[661]: }
Sep 15 15:32:08.204046 kairos- immucore[661]: 2026-09-15T15:32:08Z DBG Creating file /usr/local/etc/hostname
Sep 15 15:32:08.204046 kairos- immucore[661]: 2026-09-15T15:32:08Z DBG Empty command output
Sep 15 15:32:08.204046 kairos- immucore[661]: 2026-09-15T15:32:08Z DBG Empty command output
Sep 15 15:32:08.204046 kairos- immucore[661]: 2026-09-15T15:32:08Z ERR Error on file /system/oem/05_network.yaml on stage Link /etc/resolv.conf to systemd resolv.conf: 1 error occurred:
Sep 15 15:32:08.204046 kairos- immucore[661]:         * failed to run rm /etc/resolv.conf: exit status 1
Sep 15 15:32:08.204046 kairos- immucore[661]: command output:
Sep 15 15:32:08.204046 kairos- immucore[661]: rm: cannot remove '/etc/resolv.conf': No such file or directory
Sep 15 15:32:08.204046 kairos- immucore[661]: 
Sep 15 15:32:08.204046 kairos- immucore[661]: 2026-09-15T15:32:08Z INF Running layout plugin
Sep 15 15:32:08.204046 kairos- immucore[661]: 2026-09-15T15:32:08Z DBG Device field empty, skipping layout plugin
Sep 15 15:32:08.204046 kairos- immucore[661]: 2026-09-15T15:32:08Z DBG Empty command output
Sep 15 15:32:08.204046 kairos- immucore[661]: 2026-09-15T15:32:08Z INF Running layout plugin
Sep 15 15:32:08.204046 kairos- immucore[661]: 2026-09-15T15:32:08Z DBG Device field empty, skipping layout plugin
Sep 15 15:32:08.204046 kairos- immucore[661]: 2026-09-15T15:32:08Z DBG Command output: Initializing machine ID from random generator.
Sep 15 15:32:08.204046 kairos- immucore[661]: 2026-09-15T15:32:08Z INF Running layout plugin
Sep 15 15:32:08.204046 kairos- immucore[661]: 2026-09-15T15:32:08Z DBG Device field empty, skipping layout plugin
Sep 15 15:32:08.204046 kairos- immucore[661]: 2026-09-15T15:32:08Z DBG Reading '/system/oem/05_network.yaml'
Sep 15 15:32:08.075814 kairos- kairos-immucore[661]: 
[0;90m
[0;38:5:245m
[0;1;31m
[0;90m
[0;38:5:245mExecuting stage 'Default network configuration.Link /etc/resolv.conf to systemd resolv.conf'
Sep 15 15:32:08.300963 kairos- immucore[661]: 2026-09-15T15:32:08Z DBG Executing stage 'Default network configuration.Enabled systemd-networkd on Red Hat if available'
Sep 15 15:32:08.300963 kairos- immucore[661]: 2026-09-15T15:32:08Z DBG Reading '/system/oem/32_profile.yaml'
Sep 15 15:32:08.300963 kairos- immucore[661]: 2026-09-15T15:32:08Z DBG Executing stage 'Profile extensions.Set KUBECONFIG to access k9s and kubectl'
Sep 15 15:32:08.300963 kairos- immucore[661]: 2026-09-15T15:32:08Z INF Processing stage step 'Profile extensions.Set KUBECONFIG to access k9s and kubectl'. ( commands: 0, files: 1, ... )
Sep 15 15:32:08.300963 kairos- immucore[661]: 2026-09-15T15:32:08Z DBG Stage: schema.Stage{
Sep 15 15:32:08.300963 kairos- immucore[661]:   Files: []schema.File{
Sep 15 15:32:08.300963 kairos- immucore[661]:     schema.File{
Sep 15 15:32:08.300963 kairos- immucore[661]:       Path: "/etc/profile.d/kairos.sh",
Sep 15 15:32:08.300963 kairos- immucore[661]:       Permissions: 420,
Sep 15 15:32:08.300963 kairos- immucore[661]:       Content: "if [ -z \"$KUBECONFIG\" ]; then\n    if [ -e /etc/rancher/k3s/k3s.yaml ]; then\n        export KUBECONFIG=\"/etc/rancher/k3s/k3s.yaml\"\n    fi\nfi\n",
Sep 15 15:32:08.300963 kairos- immucore[661]:     },
Sep 15 15:32:08.300963 kairos- immucore[661]:   },
Sep 15 15:32:08.300963 kairos- immucore[661]:   Name: "Set KUBECONFIG to access k9s and kubectl",
Sep 15 15:32:08.300963 kairos- immucore[661]: }
Sep 15 15:32:08.300963 kairos- immucore[661]: 2026-09-15T15:32:08Z DBG Creating file /etc/profile.d/kairos.sh
Sep 15 15:32:08.300963 kairos- immucore[661]: 2026-09-15T15:32:08Z DBG Reading '/system/oem/00_rootfs.yaml'
Sep 15 15:32:08.300963 kairos- immucore[661]: 2026-09-15T15:32:08Z DBG Executing stage 'Rootfs Layout Settings.Ensure /etc/machine-id for openrc systems'
Sep 15 15:32:08.300963 kairos- immucore[661]: 2026-09-15T15:32:08Z DBG Found systemd at /bin/systemctl
Sep 15 15:32:08.300963 kairos- immucore[661]: 2026-09-15T15:32:08Z WRN (conditional) Skip 'service manager doesn't match openrc' stage name: Rootfs Layout Settings.Ensure /etc/machine-id for openrc systems
Sep 15 15:32:08.300963 kairos- immucore[661]: 2026-09-15T15:32:08Z DBG Reading '/system/oem/09_systemd_services.yaml'
Sep 15 15:32:08.300963 kairos- immucore[661]: 2026-09-15T15:32:08Z DBG Executing stage 'Default config.Default systemd config'
Sep 15 15:32:08.300963 kairos- immucore[661]: 2026-09-15T15:32:08Z DBG Found systemd at /bin/systemctl
Sep 15 15:32:08.300963 kairos- immucore[661]: 2026-09-15T15:32:08Z INF Processing stage step 'Default config.Default systemd config'. ( commands: 1, files: 0, ... )
Sep 15 15:32:08.300963 kairos- immucore[661]: 2026-09-15T15:32:08Z DBG Stage: schema.Stage{
Sep 15 15:32:08.300963 kairos- immucore[661]:   Commands: []string{
Sep 15 15:32:08.300963 kairos- immucore[661]:     "systemctl set-default multi-user.target",
Sep 15 15:32:08.300963 kairos- immucore[661]:   },
Sep 15 15:32:08.300963 kairos- immucore[661]:   Name: "Default systemd config",
Sep 15 15:32:08.300963 kairos- immucore[661]:   Systemctl: schema.Systemctl{
Sep 15 15:32:08.300963 kairos- immucore[661]:     Enable: []string{
Sep 15 15:32:08.300963 kairos- immucore[661]:       "multi-user.target",
Sep 15 15:32:08.300963 kairos- immucore[661]:       "getty@tty1",
Sep 15 15:32:08.076572 kairos- kairos-immucore[661]: 
[0;90m
[0;38:5:245m
[0;1;31m
[0;90m
[0;38:5:245mReading '/system/oem/31_hosts.yaml'
Sep 15 15:32:08.389090 kairos- immucore[661]:       "iscsid",
Sep 15 15:32:08.389090 kairos- immucore[661]:       "logrotate.timer",
Sep 15 15:32:08.389090 kairos- immucore[661]:     },
Sep 15 15:32:08.389090 kairos- immucore[661]:     Mask: []string{
Sep 15 15:32:08.389090 kairos- immucore[661]:       "purge-kernels",
Sep 15 15:32:08.389090 kairos- immucore[661]:     },
Sep 15 15:32:08.389090 kairos- immucore[661]:   },
Sep 15 15:32:08.389090 kairos- immucore[661]:   OnlyIfServiceManager: "systemd",
Sep 15 15:32:08.389090 kairos- immucore[661]: }
Sep 15 15:32:08.389090 kairos- immucore[661]: 2026-09-15T15:32:08Z DBG If statement result
Sep 15 15:32:08.389090 kairos- immucore[661]: 2026-09-15T15:32:08Z WRN (conditional) Skip 'OnlyIfOs regex (Red.*Hat.*) doesn't match os name Hadron Linux' stage name: Default network configuration.Enabled systemd-networkd on Red Hat if available
Sep 15 15:32:08.389090 kairos- immucore[661]: 2026-09-15T15:32:08Z INF Running layout plugin
Sep 15 15:32:08.389090 kairos- immucore[661]: 2026-09-15T15:32:08Z DBG Device field empty, skipping layout plugin
Sep 15 15:32:08.389090 kairos- immucore[661]: 2026-09-15T15:32:08Z DBG Command output: Created symlink '/etc/systemd/system/default.target' 
 '/usr/lib/systemd/system/multi-user.target'.
Sep 15 15:32:08.389090 kairos- immucore[661]: 2026-09-15T15:32:08Z DBG Run template output="Failed to enable unit: Unit logrotate.timer does not exist\n"
Sep 15 15:32:08.389090 kairos- immucore[661]: 2026-09-15T15:32:08Z ERR Error on file /system/oem/09_systemd_services.yaml on stage Default systemd config: 1 error occurred:
Sep 15 15:32:08.389090 kairos- immucore[661]:         * failed to run systemctl enable logrotate.timer: exit status 1
Sep 15 15:32:08.389090 kairos- immucore[661]: 
Sep 15 15:32:08.389090 kairos- immucore[661]: 2026-09-15T15:32:08Z INF Running layout plugin
Sep 15 15:32:08.389090 kairos- immucore[661]: 2026-09-15T15:32:08Z DBG Device field empty, skipping layout plugin
Sep 15 15:32:08.389090 kairos- immucore[661]: 2026-09-15T15:32:08Z DBG Reading '/system/oem/05_network.yaml'
Sep 15 15:32:08.389090 kairos- immucore[661]: 2026-09-15T15:32:08Z DBG Executing stage 'Default network configuration.Enable systemd-resolved on Red Hat if available'
Sep 15 15:32:08.389090 kairos- immucore[661]: 2026-09-15T15:32:08Z DBG Reading '/system/oem/09_systemd_services.yaml'
Sep 15 15:32:08.389090 kairos- immucore[661]: 2026-09-15T15:32:08Z DBG Executing stage 'Default config.Create systemd services'
Sep 15 15:32:08.389090 kairos- immucore[661]: 2026-09-15T15:32:08Z DBG Found systemd at /bin/systemctl
Sep 15 15:32:08.389090 kairos- immucore[661]: 2026-09-15T15:32:08Z INF Processing stage step 'Default config.Create systemd services'. ( commands: 0, files: 5, ... )
Sep 15 15:32:08.389090 kairos- immucore[661]: 2026-09-15T15:32:08Z DBG Stage: schema.Stage{
Sep 15 15:32:08.389090 kairos- immucore[661]:   Files: []schema.File{
Sep 15 15:32:08.389090 kairos- immucore[661]:     schema.File{
Sep 15 15:32:08.389090 kairos- immucore[661]:       Path: "/etc/systemd/system/cos-setup-boot.service",
Sep 15 15:32:08.389090 kairos- immucore[661]:       Permissions: 420,
Sep 15 15:32:08.076634 kairos- kairos-immucore[661]: 
[0;90m
[0;38:5:245m
[0;1;31m
[0;90m
[0;38:5:245mExecuting stage '/system/oem/31_hosts.yaml.Ensure persistent hostname'
Sep 15 15:32:08.475450 kairos- immucore[661]:       Content: "[Unit]\nDescription=cOS system configuration\nBefore=getty.target\n\n[Service]\nType=oneshot\nRemainAfterExit=yes\nExecStart=/usr/bin/kairos-agent run-stage boot\n\n[Install]\nWantedBy=multi-user.target\n",
Sep 15 15:32:08.475450 kairos- immucore[661]:     },
Sep 15 15:32:08.475450 kairos- immucore[661]:     schema.File{
Sep 15 15:32:08.475450 kairos- immucore[661]:       Path: "/etc/systemd/system/cos-setup-fs.service",
Sep 15 15:32:08.475450 kairos- immucore[661]:       Permissions: 420,
Sep 15 15:32:08.475450 kairos- immucore[661]:       Content: "[Unit]\nDescription=cOS system after FS setup\nDefaultDependencies=no\nAfter=local-fs.target\nWants=local-fs.target\nBefore=sysinit.target\n\n[Service]\nType=oneshot\nRemainAfterExit=yes\nExecStart=/usr/bin/kairos-agent run-stage fs\n# Belt-and-suspenders for the sysinit.target ordering: this\n# service is Before=sysinit.target, so if it hangs, every\n# later target (basic, multi-user) hangs with it and sshd\n# never comes up. run-stage fs pulls in config_url fetches\n# against a network that is not yet up at this ordering\n# point, and any silent stall inside kairos-agent (an\n# unbounded http.Get in old sdk/collector builds, a wedged\n# DNS resolver, a slow yip stage) becomes an invisible boot\n# hang. Cap the whole stage so a stall fails cleanly and\n# boot proceeds instead of dying at the login prompt.\nTimeoutStartSec=90\n\n[Install]\nWantedBy=sysinit.target\n",
Sep 15 15:32:08.475450 kairos- immucore[661]:     },
Sep 15 15:32:08.475450 kairos- immucore[661]:     schema.File{
Sep 15 15:32:08.475450 kairos- immucore[661]:       Path: "/etc/systemd/system/cos-setup-network.service",
Sep 15 15:32:08.475450 kairos- immucore[661]:       Permissions: 420,
Sep 15 15:32:08.475450 kairos- immucore[661]:       Content: "[Unit]\nDescription=cOS setup after network\nAfter=network-online.target\n\n[Service]\nType=oneshot\nRemainAfterExit=yes\nExecStart=/usr/bin/kairos-agent run-stage network\n\n[Install]\nWantedBy=multi-user.target\n",
Sep 15 15:32:08.475450 kairos- immucore[661]:     },
Sep 15 15:32:08.475450 kairos- immucore[661]:     schema.File{
Sep 15 15:32:08.475450 kairos- immucore[661]:       Path: "/etc/systemd/system/cos-setup-reconcile.service",
Sep 15 15:32:08.475450 kairos- immucore[661]:       Permissions: 420,
Sep 15 15:32:08.475450 kairos- immucore[661]:       Content: "[Unit]\nDescription=cOS setup reconciler\n\n[Service]\nNice=19\nIOSchedulingClass=2\nIOSchedulingPriority=7\nType=oneshot\nExecStart=/bin/bash -c \"systemd-inhibit /usr/bin/kairos-agent run-stage reconcile\"\nTimeoutStopSec=180\nKillMode=process\nKillSignal=SIGINT\n\n[Install]\nWantedBy=multi-user.target\n",
Sep 15 15:32:08.475450 kairos- immucore[661]:     },
Sep 15 15:32:08.475450 kairos- immucore[661]:     schema.File{
Sep 15 15:32:08.078798 kairos- kairos-immucore[661]: 
[0;90m
[0;38:5:245m
[0;1;31m
[0;90m
[0;38:5:245mReading '/system/oem/09_openrc_services.yaml'
Sep 15 15:32:08.547514 kairos- immucore[661]:       Path: "/etc/systemd/system/cos-setup-reconcile.timer",
Sep 15 15:32:08.547514 kairos- immucore[661]:       Permissions: 420,
Sep 15 15:32:08.547514 kairos- immucore[661]:       Content: "[Unit]\nDescription=cOS setup reconciler\n\n[Timer]\nOnBootSec=5min\nOnUnitActiveSec=60min\nUnit=cos-setup-reconcile.service\n\n[Install]\nWantedBy=multi-user.target\n",
Sep 15 15:32:08.547514 kairos- immucore[661]:     },
Sep 15 15:32:08.547514 kairos- immucore[661]:   },
Sep 15 15:32:08.547514 kairos- immucore[661]:   Name: "Create systemd services",
Sep 15 15:32:08.547514 kairos- immucore[661]:   OnlyIfServiceManager: "systemd",
Sep 15 15:32:08.547514 kairos- immucore[661]: }
Sep 15 15:32:08.547514 kairos- immucore[661]: 2026-09-15T15:32:08Z DBG Creating file /etc/systemd/system/cos-setup-boot.service
Sep 15 15:32:08.547514 kairos- immucore[661]: 2026-09-15T15:32:08Z DBG Creating file /etc/systemd/system/cos-setup-fs.service
Sep 15 15:32:08.547514 kairos- immucore[661]: 2026-09-15T15:32:08Z DBG Creating file /etc/systemd/system/cos-setup-network.service
Sep 15 15:32:08.547514 kairos- immucore[661]: 2026-09-15T15:32:08Z DBG Creating file /etc/systemd/system/cos-setup-reconcile.service
Sep 15 15:32:08.547514 kairos- immucore[661]: 2026-09-15T15:32:08Z DBG Creating file /etc/systemd/system/cos-setup-reconcile.timer
Sep 15 15:32:08.547514 kairos- immucore[661]: 2026-09-15T15:32:08Z INF Running layout plugin
Sep 15 15:32:08.547514 kairos- immucore[661]: 2026-09-15T15:32:08Z DBG Device field empty, skipping layout plugin
Sep 15 15:32:08.547514 kairos- immucore[661]: 2026-09-15T15:32:08Z DBG Reading '/system/oem/50_recovery.yaml'
Sep 15 15:32:08.547514 kairos- immucore[661]: 2026-09-15T15:32:08Z DBG Executing stage 'Start recovery on tty1.Starts kairos-recovery and generate a temporary pass'
Sep 15 15:32:08.547514 kairos- immucore[661]: 2026-09-15T15:32:08Z DBG If statement result
Sep 15 15:32:08.547514 kairos- immucore[661]: 2026-09-15T15:32:08Z WRN (conditional) Skip 'Skipping stage (if statement error: failed to run grep -q "kairos.remote_recovery_mode" /proc/cmdline
Sep 15 15:32:08.547514 kairos- immucore[661]: : exit status 1)' stage name: Start recovery on tty1.Starts kairos-recovery and generate a temporary pass
Sep 15 15:32:08.547514 kairos- immucore[661]: 2026-09-15T15:32:08Z WRN (conditional) Skip 'OnlyIfOs regex (Red.*Hat.*) doesn't match os name Hadron Linux' stage name: Default network configuration.Enable systemd-resolved on Red Hat if available
Sep 15 15:32:08.547514 kairos- immucore[661]: 2026-09-15T15:32:08Z DBG Reading '/system/oem/08_efi_assessment.yaml'
Sep 15 15:32:08.547514 kairos- immucore[661]: 2026-09-15T15:32:08Z DBG Executing stage 'Enable EFI assessment.Override systemd-boot services to enable RW on /efi partition'
Sep 15 15:32:08.547514 kairos- immucore[661]: 2026-09-15T15:32:08Z DBG Reading '/system/oem/09_systemd_services.yaml'
Sep 15 15:32:08.078834 kairos- kairos-immucore[661]: 
[0;90m
[0;38:5:245m
[0;1;31m
[0;90m
[0;38:5:245mExecuting stage 'Create openrc services.Enable OpenRC services'
Sep 15 15:32:08.625134 kairos- immucore[661]: 2026-09-15T15:32:08Z DBG Executing stage 'Default config.Override systemd-tpm2-setup/systemd-pcrproduct with temporary RW under /efi'
Sep 15 15:32:08.625134 kairos- immucore[661]: 2026-09-15T15:32:08Z WRN (conditional) Skip 'Skipping stage (if statement error: failed to run [ -e "/run/cos/uki_boot_mode" ]: exit status 1)' stage name: Default config.Override systemd-tpm2-setup/systemd-pcrproduct with temporary RW under /efi
Sep 15 15:32:08.625134 kairos- immucore[661]: 2026-09-15T15:32:08Z DBG Reading '/system/oem/50_recovery.yaml'
Sep 15 15:32:08.625134 kairos- immucore[661]: 2026-09-15T15:32:08Z DBG Executing stage 'Start recovery on tty1.Starts kairos-recovery for openRC based systems'
Sep 15 15:32:08.625134 kairos- immucore[661]: 2026-09-15T15:32:08Z WRN (conditional) Skip 'Skipping stage (if statement error: failed to run [ -e "/run/cos/uki_boot_mode" ]: exit status 1)' stage name: Enable EFI assessment.Override systemd-boot services to enable RW on /efi partition
Sep 15 15:32:08.625134 kairos- immucore[661]: 2026-09-15T15:32:08Z WRN (conditional) Skip 'Skipping stage (if statement error: failed to run grep -q "kairos.remote_recovery_mode" /proc/cmdline: exit status 1)' stage name: Start recovery on tty1.Starts kairos-recovery for openRC based systems
Sep 15 15:32:08.625134 kairos- immucore[661]: 2026-09-15T15:32:08Z DBG Reading '/system/oem/09_systemd_services.yaml'
Sep 15 15:32:08.625134 kairos- immucore[661]: 2026-09-15T15:32:08Z DBG Executing stage 'Default config.Enable systemd services'
Sep 15 15:32:08.625134 kairos- immucore[661]: 2026-09-15T15:32:08Z DBG Reading '/system/oem/08_efi_assessment.yaml'
Sep 15 15:32:08.625134 kairos- immucore[661]: 2026-09-15T15:32:08Z DBG Executing stage 'Enable EFI assessment.Enable boot assessment'
Sep 15 15:32:08.625134 kairos- immucore[661]: 2026-09-15T15:32:08Z DBG Found systemd at /bin/systemctl
Sep 15 15:32:08.625134 kairos- immucore[661]: 2026-09-15T15:32:08Z INF Processing stage step 'Default config.Enable systemd services'. ( commands: 4, files: 0, ... )
Sep 15 15:32:08.625134 kairos- immucore[661]: 2026-09-15T15:32:08Z DBG Stage: schema.Stage{
Sep 15 15:32:08.625134 kairos- immucore[661]:   Commands: []string{
Sep 15 15:32:08.625134 kairos- immucore[661]:     "ln -sf /etc/systemd/system/cos-setup-reconcile.timer /etc/systemd/system/multi-user.target.wants/cos-setup-reconcile.timer",
Sep 15 15:32:08.625134 kairos- immucore[661]:     "ln -sf /etc/systemd/system/cos-setup-fs.service /etc/systemd/system/sysinit.target.wants/cos-setup-fs.service",
Sep 15 15:32:08.078860 kairos- kairos-immucore[661]: 
[0;90m
[0;38:5:245m
[0;1;31m
[0;90m
[0;38:5:245mFound systemd at /bin/systemctl
Sep 15 15:32:08.693646 kairos- immucore[661]:     "ln -sf /etc/systemd/system/cos-setup-boot.service /etc/systemd/system/multi-user.target.wants/cos-setup-boot.service",
Sep 15 15:32:08.693646 kairos- immucore[661]:     "ln -sf /etc/systemd/system/cos-setup-network.service /etc/systemd/system/multi-user.target.wants/cos-setup-network.service",
Sep 15 15:32:08.693646 kairos- immucore[661]:   },
Sep 15 15:32:08.693646 kairos- immucore[661]:   Name: "Enable systemd services",
Sep 15 15:32:08.693646 kairos- immucore[661]:   OnlyIfServiceManager: "systemd",
Sep 15 15:32:08.693646 kairos- immucore[661]: }
Sep 15 15:32:08.693646 kairos- immucore[661]: 2026-09-15T15:32:08Z DBG Empty command output
Sep 15 15:32:08.693646 kairos- immucore[661]: 2026-09-15T15:32:08Z DBG Empty command output
Sep 15 15:32:08.693646 kairos- immucore[661]: 2026-09-15T15:32:08Z WRN (conditional) Skip 'Skipping stage (if statement error: failed to run [ -e "/run/cos/uki_boot_mode" ]: exit status 1)' stage name: Enable EFI assessment.Enable boot assessment
Sep 15 15:32:08.693646 kairos- immucore[661]: 2026-09-15T15:32:08Z DBG Reading '/system/oem/51_reset.yaml'
Sep 15 15:32:08.693646 kairos- immucore[661]: 2026-09-15T15:32:08Z DBG Executing stage 'Start reset on tty1.Starts kairos-reset for systemd based systems'
Sep 15 15:32:08.693646 kairos- immucore[661]: 2026-09-15T15:32:08Z DBG Empty command output
Sep 15 15:32:08.693646 kairos- immucore[661]: 2026-09-15T15:32:08Z DBG Empty command output
Sep 15 15:32:08.693646 kairos- immucore[661]: 2026-09-15T15:32:08Z INF Running layout plugin
Sep 15 15:32:08.693646 kairos- immucore[661]: 2026-09-15T15:32:08Z DBG Device field empty, skipping layout plugin
Sep 15 15:32:08.693646 kairos- immucore[661]: 2026-09-15T15:32:08Z WRN (conditional) Skip 'Skipping stage (if statement error: failed to run (grep -q "kairos.reset" /proc/cmdline || [ -f /run/cos/autoreset_mode ])
Sep 15 15:32:08.693646 kairos- immucore[661]: : exit status 1)' stage name: Start reset on tty1.Starts kairos-reset for systemd based systems
Sep 15 15:32:08.693646 kairos- immucore[661]: 2026-09-15T15:32:08Z DBG Reading '/system/oem/51_reset.yaml'
Sep 15 15:32:08.693646 kairos- immucore[661]: 2026-09-15T15:32:08Z DBG Executing stage 'Start reset on tty1.Starts kairos-reset for openRC-based systems'
Sep 15 15:32:08.693646 kairos- immucore[661]: 2026-09-15T15:32:08Z DBG Reading '/system/oem/10_accounting.yaml'
Sep 15 15:32:08.693646 kairos- immucore[661]: 2026-09-15T15:32:08Z DBG Executing stage 'Default user, permissions and serial login.Setup groups.0'
Sep 15 15:32:08.693646 kairos- immucore[661]: 2026-09-15T15:32:08Z INF Processing stage step 'Default user, permissions and serial login.Setup groups.0'. ( commands: 0, files: 0, ... )
Sep 15 15:32:08.693646 kairos- immucore[661]: 2026-09-15T15:32:08Z DBG Stage: schema.Stage{
Sep 15 15:32:08.693646 kairos- immucore[661]:   EnsureEntities: []schema.YipEntity{
Sep 15 15:32:08.078891 kairos- kairos-immucore[661]: 
[0;1;33m
[0;1;38:5:185m
[0;1;39m
[0;1;33m
[0;1;38:5:185m(conditional) Skip 'service manager doesn't match openrc' stage name: Create openrc services.Enable OpenRC services
Sep 15 15:32:08.774329 kairos- immucore[661]:     schema.YipEntity{
Sep 15 15:32:08.774329 kairos- immucore[661]:       Entity: "kind: \"group\"\ngroup_name: \"admin\"\npassword: \"x\"\ngid: 900\n",
Sep 15 15:32:08.774329 kairos- immucore[661]:     },
Sep 15 15:32:08.774329 kairos- immucore[661]:   },
Sep 15 15:32:08.774329 kairos- immucore[661]:   Name: "Setup groups",
Sep 15 15:32:08.774329 kairos- immucore[661]: }
Sep 15 15:32:08.774329 kairos- immucore[661]: 2026-09-15T15:32:08Z WRN (conditional) Skip 'Skipping stage (if statement error: failed to run grep -q "kairos.reset" /proc/cmdline: exit status 1)' stage name: Start reset on tty1.Starts kairos-reset for openRC-based systems
Sep 15 15:32:08.774329 kairos- immucore[661]: 2026-09-15T15:32:08Z INF Running layout plugin
Sep 15 15:32:08.774329 kairos- immucore[661]: 2026-09-15T15:32:08Z DBG Device field empty, skipping layout plugin
Sep 15 15:32:08.774329 kairos- immucore[661]: 2026-09-15T15:32:08Z DBG Reading '/system/oem/52_installer.yaml'
Sep 15 15:32:08.774329 kairos- immucore[661]: 2026-09-15T15:32:08Z DBG Executing stage 'Start installer on tty1..0'
Sep 15 15:32:08.774329 kairos- immucore[661]: 2026-09-15T15:32:08Z DBG Reading '/system/oem/10_accounting.yaml'
Sep 15 15:32:08.774329 kairos- immucore[661]: 2026-09-15T15:32:08Z DBG Executing stage 'Default user, permissions and serial login.Setup users.1'
Sep 15 15:32:08.774329 kairos- immucore[661]: 2026-09-15T15:32:08Z INF Processing stage step 'Default user, permissions and serial login.Setup users.1'. ( commands: 0, files: 0, ... )
Sep 15 15:32:08.774329 kairos- immucore[661]: 2026-09-15T15:32:08Z DBG Stage: schema.Stage{
Sep 15 15:32:08.774329 kairos- immucore[661]:   Name: "Setup users",
Sep 15 15:32:08.774329 kairos- immucore[661]:   Users: map[string]schema.User{
Sep 15 15:32:08.774329 kairos- immucore[661]:     "kairos": schema.User{
Sep 15 15:32:08.774329 kairos- immucore[661]:       PasswordHash: "!",
Sep 15 15:32:08.774329 kairos- immucore[661]:       Homedir: "/home/kairos",
Sep 15 15:32:08.774329 kairos- immucore[661]:       Groups: []string{
Sep 15 15:32:08.774329 kairos- immucore[661]:         "admin",
Sep 15 15:32:08.774329 kairos- immucore[661]:       },
Sep 15 15:32:08.774329 kairos- immucore[661]:       Shell: "/bin/bash",
Sep 15 15:32:08.774329 kairos- immucore[661]:     },
Sep 15 15:32:08.774329 kairos- immucore[661]:   },
Sep 15 15:32:08.774329 kairos- immucore[661]: }
Sep 15 15:32:08.774329 kairos- immucore[661]: 2026-09-15T15:32:08Z INF Running layout plugin
Sep 15 15:32:08.774329 kairos- immucore[661]: 2026-09-15T15:32:08Z DBG Device field empty, skipping layout plugin
Sep 15 15:32:08.774329 kairos- immucore[661]: 2026-09-15T15:32:08Z WRN (conditional) Skip 'Skipping stage (if statement error: failed to run (grep -q "install-mode" /proc/cmdline || grep -q "nodepair.enable" /proc/cmdline ) && \
Sep 15 15:32:08.774329 kairos- immucore[661]: ([ -f /run/cos/live_mode ] || [ -f /run/cos/uki_install_mode ])
Sep 15 15:32:08.774329 kairos- immucore[661]: : exit status 1)' stage name: Start installer on tty1..0
Sep 15 15:32:08.774329 kairos- immucore[661]: 2026-09-15T15:32:08Z DBG Reading '/system/oem/10_accounting.yaml'
Sep 15 15:32:08.774329 kairos- immucore[661]: 2026-09-15T15:32:08Z DBG Executing stage 'Default user, permissions and serial login.Set user password if running in live or uki.2'
Sep 15 15:32:08.080815 kairos- kairos-immucore[661]: 
[0;90m
[0;38:5:245m
[0;1;31m
[0;90m
[0;38:5:245mReading '/system/oem/00_rootfs.yaml'
Sep 15 15:32:08.865640 kairos- immucore[661]: 2026-09-15T15:32:08Z DBG Reading '/system/oem/52_installer.yaml'
Sep 15 15:32:08.865640 kairos- immucore[661]: 2026-09-15T15:32:08Z DBG Executing stage 'Start installer on tty1..1'
Sep 15 15:32:08.865640 kairos- immucore[661]: 2026-09-15T15:32:08Z WRN (conditional) Skip 'Skipping stage (if statement error: failed to run [ -e /run/cos/live_mode ] || [ -e /run/cos/uki_install_mode ]: exit status 1)' stage name: Default user, permissions and serial login.Set user password if running in live or uki.2
Sep 15 15:32:08.865640 kairos- immucore[661]: 2026-09-15T15:32:08Z WRN (conditional) Skip 'Skipping stage (if statement error: failed to run (grep -q "install-mode" /proc/cmdline || grep -q "nodepair.enable" /proc/cmdline ) && \
Sep 15 15:32:08.865640 kairos- immucore[661]: ([ -f /run/cos/live_mode ] || [ -f /run/cos/uki_install_mode ])
Sep 15 15:32:08.865640 kairos- immucore[661]: : exit status 1)' stage name: Start installer on tty1..1
Sep 15 15:32:08.865640 kairos- immucore[661]: 2026-09-15T15:32:08Z DBG Reading '/system/oem/10_accounting.yaml'
Sep 15 15:32:08.865640 kairos- immucore[661]: 2026-09-15T15:32:08Z DBG Executing stage 'Default user, permissions and serial login.Setup sudo.3'
Sep 15 15:32:08.865640 kairos- immucore[661]: 2026-09-15T15:32:08Z DBG Reading '/system/oem/52_installer.yaml'
Sep 15 15:32:08.865640 kairos- immucore[661]: 2026-09-15T15:32:08Z DBG Executing stage 'Start installer on tty1..2'
Sep 15 15:32:08.865640 kairos- immucore[661]: 2026-09-15T15:32:08Z INF Processing stage step 'Default user, permissions and serial login.Setup sudo.3'. ( commands: 1, files: 1, ... )
Sep 15 15:32:08.865640 kairos- immucore[661]: 2026-09-15T15:32:08Z DBG Stage: schema.Stage{
Sep 15 15:32:08.865640 kairos- immucore[661]:   Commands: []string{
Sep 15 15:32:08.865640 kairos- immucore[661]:     "passwd -l root",
Sep 15 15:32:08.865640 kairos- immucore[661]:   },
Sep 15 15:32:08.865640 kairos- immucore[661]:   Files: []schema.File{
Sep 15 15:32:08.865640 kairos- immucore[661]:     schema.File{
Sep 15 15:32:08.865640 kairos- immucore[661]:       Path: "/etc/sudoers",
Sep 15 15:32:08.865640 kairos- immucore[661]:       Content: "Defaults always_set_home\nDefaults secure_path=\"/usr/sbin:/usr/bin:/sbin:/bin:/usr/local/bin:/usr/local/sbin\"\nDefaults env_reset\nDefaults env_keep = \"LANG LC_ADDRESS LC_CTYPE LC_COLLATE LC_IDENTIFICATION LC_MEASUREMENT LC_MESSAGES LC_MONETARY LC_NAME LC_NUMERIC LC_PAPER LC_TELEPHONE LC_ATIME LC_ALL LANGUAGE LINGUAS XDG_SESSION_COOKIE\"\nDefaults !insults\nroot ALL=(ALL) ALL\n%admin ALL=(ALL) NOPASSWD: ALL\n#includedir /etc/sudoers.d\n",
Sep 15 15:32:08.865640 kairos- immucore[661]:     },
Sep 15 15:32:08.865640 kairos- immucore[661]:   },
Sep 15 15:32:08.865640 kairos- immucore[661]:   Name: "Setup sudo",
Sep 15 15:32:08.865640 kairos- immucore[661]: }
Sep 15 15:32:08.865640 kairos- immucore[661]: 2026-09-15T15:32:08Z DBG Creating file /etc/sudoers
Sep 15 15:32:08.080847 kairos- kairos-immucore[661]: 
[0;90m
[0;38:5:245m
[0;1;31m
[0;90m
[0;38:5:245mExecuting stage 'Rootfs Layout Settings.Ensure /etc/machine-id for systemd systems'
Sep 15 15:32:08.944792 kairos- immucore[661]: 2026-09-15T15:32:08Z WRN (conditional) Skip 'Skipping stage (if statement error: failed to run (grep -q "interactive-install" /proc/cmdline || grep -q "install-mode-interactive" /proc/cmdline) && \
Sep 15 15:32:08.944792 kairos- immucore[661]: ([ -f /run/cos/live_mode ] || [ -f /run/cos/uki_install_mode ])
Sep 15 15:32:08.944792 kairos- immucore[661]: : exit status 1)' stage name: Start installer on tty1..2
Sep 15 15:32:08.944792 kairos- immucore[661]: 2026-09-15T15:32:08Z DBG Command output: passwd: password changed.
Sep 15 15:32:08.944792 kairos- immucore[661]: 2026-09-15T15:32:08Z INF Running layout plugin
Sep 15 15:32:08.944792 kairos- immucore[661]: 2026-09-15T15:32:08Z DBG Device field empty, skipping layout plugin
Sep 15 15:32:08.944792 kairos- immucore[661]: 2026-09-15T15:32:08Z DBG Reading '/system/oem/10_accounting.yaml'
Sep 15 15:32:08.944792 kairos- immucore[661]: 2026-09-15T15:32:08Z DBG Reading '/system/oem/52_installer.yaml'
Sep 15 15:32:08.944792 kairos- immucore[661]: 2026-09-15T15:32:08Z DBG Executing stage 'Start installer on tty1..3'
Sep 15 15:32:08.944792 kairos- immucore[661]: 2026-09-15T15:32:08Z DBG Executing stage 'Default user, permissions and serial login.Ensure runtime permission.4'
Sep 15 15:32:08.944792 kairos- immucore[661]: 2026-09-15T15:32:08Z WRN (conditional) Skip 'Skipping stage (if statement error: failed to run (grep -q "interactive-install" /proc/cmdline || grep -q "install-mode-interactive" /proc/cmdline) && \
Sep 15 15:32:08.944792 kairos- immucore[661]: ([ -f /run/cos/live_mode ] || [ -f /run/cos/uki_install_mode ])
Sep 15 15:32:08.944792 kairos- immucore[661]: : exit status 1)' stage name: Start installer on tty1..3
Sep 15 15:32:08.944792 kairos- immucore[661]: 2026-09-15T15:32:08Z DBG If statement result
Sep 15 15:32:08.944792 kairos- immucore[661]: 2026-09-15T15:32:08Z INF Processing stage step 'Default user, permissions and serial login.Ensure runtime permission.4'. ( commands: 2, files: 0, ... )
Sep 15 15:32:08.944792 kairos- immucore[661]: 2026-09-15T15:32:08Z DBG Stage: schema.Stage{
Sep 15 15:32:08.944792 kairos- immucore[661]:   Commands: []string{
Sep 15 15:32:08.944792 kairos- immucore[661]:     "chown -R root:admin /oem",
Sep 15 15:32:08.944792 kairos- immucore[661]:     "chmod 770 /oem",
Sep 15 15:32:08.944792 kairos- immucore[661]:   },
Sep 15 15:32:08.944792 kairos- immucore[661]:   If: "[ -e \"/oem\" ]",
Sep 15 15:32:08.944792 kairos- immucore[661]:   Name: "Ensure runtime permission",
Sep 15 15:32:08.944792 kairos- immucore[661]: }
Sep 15 15:32:08.944792 kairos- immucore[661]: 2026-09-15T15:32:08Z DBG Empty command output
Sep 15 15:32:08.944792 kairos- immucore[661]: 2026-09-15T15:32:08Z DBG Empty command output
Sep 15 15:32:08.944792 kairos- immucore[661]: 2026-09-15T15:32:08Z INF Running layout plugin
Sep 15 15:32:08.944792 kairos- immucore[661]: 2026-09-15T15:32:08Z DBG Device field empty, skipping layout plugin
Sep 15 15:32:08.944792 kairos- immucore[661]: 2026-09-15T15:32:08Z DBG Reading '/system/oem/99_sysext.yaml'
Sep 15 15:32:08.080867 kairos- kairos-immucore[661]: 
[0;90m
[0;38:5:245m
[0;1;31m
[0;90m
[0;38:5:245mFound systemd at /bin/systemctl
Sep 15 15:32:08.080893 kairos- kairos-immucore[661]: Processing stage step 'Rootfs Layout Settings.Ensure /etc/machine-id for systemd systems'. ( commands: 1, files: 0, ... )
Sep 15 15:32:08.080938 kairos- kairos-immucore[661]: 
[0;90m
[0;38:5:245m
[0;1;31m
[0;90m
[0;38:5:245mStage: schema.Stage{
                                                     
[0;90m
[0;38:5:245m  Commands: []string{
                                                     
[0;90m
[0;38:5:245m    "systemd-machine-id-setup",
                                                     
[0;90m
[0;38:5:245m  },
                                                     
[0;90m
[0;38:5:245m  Name: "Ensure /etc/machine-id for systemd systems",
                                                     
[0;90m
[0;38:5:245m  OnlyIfServiceManager: "systemd",
                                                     
[0;90m
[0;38:5:245m}
Sep 15 15:32:08.081812 kairos- kairos-immucore[661]: 
[0;90m
[0;38:5:245m
[0;1;31m
[0;90m
[0;38:5:245mReading '/system/oem/26_selinux.yaml'
Sep 15 15:32:08.081832 kairos- kairos-immucore[661]: 
[0;90m
[0;38:5:245m
[0;1;31m
[0;90m
[0;38:5:245mExecuting stage 'SELinux.Relabelling'
Sep 15 15:32:08.086525 kairos- kairos-immucore[661]: 
[0;90m
[0;38:5:245m
[0;1;31m
[0;90m
[0;38:5:245mIf statement result 
Sep 15 15:32:08.086647 kairos- kairos-immucore[661]: 
[0;90m
[0;38:5:245m
[0;1;31m
[0;90m
[0;38:5:245mFound systemd at /bin/systemctl
Sep 15 15:32:08.086745 kairos- kairos-immucore[661]: Processing stage step 'Default network configuration.Link /etc/resolv.conf to systemd resolv.conf'. ( commands: 2, files: 0, ... )
Sep 15 15:32:08.086857 kairos- kairos-immucore[661]: 
[0;90m
[0;38:5:245m
[0;1;31m
[0;90m
[0;38:5:245mStage: schema.Stage{
                                                     
[0;90m
[0;38:5:245m  Commands: []string{
                                                     
[0;90m
[0;38:5:245m    "rm /etc/resolv.conf",
                                                     
[0;90m
[0;38:5:245m    "ln -s /run/systemd/resolve/resolv.conf /etc/resolv.conf",
                                                     
[0;90m
[0;38:5:245m  },
                                                     
[0;90m
[0;38:5:245m  If: "[ -f /etc/hosts ]",
                                                     
[0;90m
[0;38:5:245m  Name: "Link /etc/resolv.conf to systemd resolv.conf",
                                                     
[0;90m
[0;38:5:245m  OnlyIfServiceManager: "systemd",
                                                     
[0;90m
[0;38:5:245m}
Sep 15 15:32:08.087825 kairos- kairos-immucore[661]: 
[0;1;33m
[0;1;38:5:185m
[0;1;39m
[0;1;33m
[0;1;38:5:185m(conditional) Skip 'Skipping stage (if statement error: failed to run cat /proc/cmdline | grep "selinux=1"
                                                     
[0;1;33m
[0;1;38:5:185m: exit status 1)' stage name: SELinux.Relabelling
Sep 15 15:32:08.087851 kairos- kairos-immucore[661]: 
[0;90m
[0;38:5:245m
[0;1;31m
[0;90m
[0;38:5:245mIf statement result 
Sep 15 15:32:08.087864 kairos- kairos-immucore[661]: Processing stage step '/system/oem/31_hosts.yaml.Ensure persistent hostname'. ( commands: 2, files: 1, ... )
Sep 15 15:32:08.087900 kairos- kairos-immucore[661]: 
[0;90m
[0;38:5:245m
[0;1;31m
[0;90m
[0;38:5:245mStage: schema.Stage{
                                                     
[0;90m
[0;38:5:245m  Commands: []string{
                                                     
[0;90m
[0;38:5:245m    "rm -f /etc/hostname",
                                                     
[0;90m
[0;38:5:245m    "ln -sf /usr/local/etc/hostname /etc/hostname",
                                                     
[0;90m
[0;38:5:245m  },
                                                     
[0;90m
[0;38:5:245m  Files: []schema.File{
                                                     
[0;90m
[0;38:5:245m    schema.File{
                                                     
[0;90m
[0;38:5:245m      Path: "/usr/local/etc/hostname",
                                                     
[0;90m
[0;38:5:245m      Permissions: 420,
                                                     
[0;90m
[0;38:5:245m    },
                                                     
[0;90m
[0;38:5:245m  },
                                                     
[0;90m
[0;38:5:245m  If: "[ ! -f \"/run/cos/recovery_mode\" ] && [ ! -L \"/etc/hostname\" ]",
                                                     
[0;90m
[0;38:5:245m  Hostname: "kairos-{{ trunc 4 .MachineID }}",
                                                     
[0;90m
[0;38:5:245m  Name: "Ensure persistent hostname",
                                                     
[0;90m
[0;38:5:245m}
Sep 15 15:32:08.088012 kairos- kairos-immucore[661]: 
[0;90m
[0;38:5:245m
[0;1;31m
[0;90m
[0;38:5:245mCreating file /usr/local/etc/hostname
Sep 15 15:32:08.093750 kairos- kairos-immucore[661]: 
[0;90m
[0;38:5:245m
[0;1;31m
[0;90m
[0;38:5:245mEmpty command output
Sep 15 15:32:08.094291 kairos- kairos-immucore[661]: 
[0;90m
[0;38:5:245m
[0;1;31m
[0;90m
[0;38:5:245mEmpty command output
Sep 15 15:32:08.094366 kairos- kairos-immucore[661]: 
[0;1;31m
[0;1;39m
[0;1;31mError on file /system/oem/05_network.yaml on stage Link /etc/resolv.conf to systemd resolv.conf: 1 error occurred:
                                                     
[0;1;31m        * failed to run rm /etc/resolv.conf: exit status 1
                                                     
[0;1;31mcommand output:
                                                     
[0;1;31mrm: cannot remove '/etc/resolv.conf': No such file or directory
                                                     
[0;1;31m
                                                     
[0;1;31m
Sep 15 15:32:08.094393 kairos- kairos-immucore[661]: Running layout plugin
Sep 15 15:32:08.094403 kairos- kairos-immucore[661]: 
[0;90m
[0;38:5:245m
[0;1;31m
[0;90m
[0;38:5:245mDevice field empty, skipping layout plugin
Sep 15 15:32:08.095247 kairos- kairos-immucore[661]: 
[0;90m
[0;38:5:245m
[0;1;31m
[0;90m
[0;38:5:245mEmpty command output
Sep 15 15:32:08.095479 kairos- systemd-resolved[375]: System hostname changed to 'kairos-'.
Sep 15 15:32:08.095745 kairos- kairos-immucore[661]: Running layout plugin
Sep 15 15:32:08.095768 kairos- kairos-immucore[661]: 
[0;90m
[0;38:5:245m
[0;1;31m
[0;90m
[0;38:5:245mDevice field empty, skipping layout plugin
Sep 15 15:32:08.099466 kairos- kairos-immucore[661]: 
[0;90m
[0;38:5:245m
[0;1;31m
[0;90m
[0;38:5:245mCommand output: Initializing machine ID from random generator.
Sep 15 15:32:08.099504 kairos- kairos-immucore[661]: Running layout plugin
Sep 15 15:32:08.099602 kairos- kairos-immucore[661]: 
[0;90m
[0;38:5:245m
[0;1;31m
[0;90m
[0;38:5:245mDevice field empty, skipping layout plugin
Sep 15 15:32:08.099865 kairos- kairos-immucore[661]: 
[0;90m
[0;38:5:245m
[0;1;31m
[0;90m
[0;38:5:245mReading '/system/oem/05_network.yaml'
Sep 15 15:32:08.099922 kairos- kairos-immucore[661]: 
[0;90m
[0;38:5:245m
[0;1;31m
[0;90m
[0;38:5:245mExecuting stage 'Default network configuration.Enabled systemd-networkd on Red Hat if available'
Sep 15 15:32:08.100592 kairos- kairos-immucore[661]: 
[0;90m
[0;38:5:245m
[0;1;31m
[0;90m
[0;38:5:245mReading '/system/oem/32_profile.yaml'
Sep 15 15:32:08.100642 kairos- kairos-immucore[661]: 
[0;90m
[0;38:5:245m
[0;1;31m
[0;90m
[0;38:5:245mExecuting stage 'Profile extensions.Set KUBECONFIG to access k9s and kubectl'
Sep 15 15:32:08.100757 kairos- kairos-immucore[661]: 
[0;90m
[0;38:5:245m
[0;1;31m
[0;90m
[0;38:5:245mReading '/system/oem/00_rootfs.yaml'
Sep 15 15:32:08.100856 kairos- kairos-immucore[661]: 
[0;90m
[0;38:5:245m
[0;1;31m
[0;90m
[0;38:5:245mReading '/system/oem/09_systemd_services.yaml'
Sep 15 15:32:08.101912 kairos- kairos-immucore[661]: 
[0;90m
[0;38:5:245m
[0;1;31m
[0;90m
[0;38:5:245mIf statement result 
Sep 15 15:32:08.102110 kairos- kairos-immucore[661]: Processing stage step 'Profile extensions.Set KUBECONFIG to access k9s and kubectl'. ( commands: 0, files: 1, ... )
Sep 15 15:32:08.102153 kairos- kairos-immucore[661]: 
[0;90m
[0;38:5:245m
[0;1;31m
[0;90m
[0;38:5:245mStage: schema.Stage{
                                                     
[0;90m
[0;38:5:245m  Files: []schema.File{
                                                     
[0;90m
[0;38:5:245m    schema.File{
                                                     
[0;90m
[0;38:5:245m      Path: "/etc/profile.d/kairos.sh",
                                                     
[0;90m
[0;38:5:245m      Permissions: 420,
                                                     
[0;90m
[0;38:5:245m      Content: "if [ -z \"$KUBECONFIG\" ]; then\n    if [ -e /etc/rancher/k3s/k3s.yaml ]; then\n        export KUBECONFIG=\"/etc/rancher/k3s/k3s.yaml\"\n    fi\nfi\n",
                                                     
[0;90m
[0;38:5:245m    },
                                                     
[0;90m
[0;38:5:245m  },
                                                     
[0;90m
[0;38:5:245m  Name: "Set KUBECONFIG to access k9s and kubectl",
                                                     
[0;90m
[0;38:5:245m}
Sep 15 15:32:08.102180 kairos- kairos-immucore[661]: 
[0;90m
[0;38:5:245m
[0;1;31m
[0;90m
[0;38:5:245mCreating file /etc/profile.d/kairos.sh
Sep 15 15:32:08.102249 kairos- kairos-immucore[661]: 
[0;90m
[0;38:5:245m
[0;1;31m
[0;90m
[0;38:5:245mExecuting stage 'Rootfs Layout Settings.Ensure /etc/machine-id for openrc systems'
Sep 15 15:32:08.102315 kairos- kairos-immucore[661]: 
[0;90m
[0;38:5:245m
[0;1;31m
[0;90m
[0;38:5:245mFound systemd at /bin/systemctl
Sep 15 15:32:08.102354 kairos- kairos-immucore[661]: 
[0;1;33m
[0;1;38:5:185m
[0;1;39m
[0;1;33m
[0;1;38:5:185m(conditional) Skip 'service manager doesn't match openrc' stage name: Rootfs Layout Settings.Ensure /etc/machine-id for openrc systems
Sep 15 15:32:08.102370 kairos- kairos-immucore[661]: 
[0;90m
[0;38:5:245m
[0;1;31m
[0;90m
[0;38:5:245mExecuting stage 'Default config.Default systemd config'
Sep 15 15:32:08.102384 kairos- kairos-immucore[661]: 
[0;90m
[0;38:5:245m
[0;1;31m
[0;90m
[0;38:5:245mFound systemd at /bin/systemctl
Sep 15 15:32:08.102401 kairos- kairos-immucore[661]: Processing stage step 'Default config.Default systemd config'. ( commands: 1, files: 0, ... )
Sep 15 15:32:08.102434 kairos- kairos-immucore[661]: 
[0;90m
[0;38:5:245m
[0;1;31m
[0;90m
[0;38:5:245mStage: schema.Stage{
                                                     
[0;90m
[0;38:5:245m  Commands: []string{
                                                     
[0;90m
[0;38:5:245m    "systemctl set-default multi-user.target",
                                                     
[0;90m
[0;38:5:245m  },
                                                     
[0;90m
[0;38:5:245m  Name: "Default systemd config",
                                                     
[0;90m
[0;38:5:245m  Systemctl: schema.Systemctl{
                                                     
[0;90m
[0;38:5:245m    Enable: []string{
                                                     
[0;90m
[0;38:5:245m      "multi-user.target",
                                                     
[0;90m
[0;38:5:245m      "getty@tty1",
                                                     
[0;90m
[0;38:5:245m      "iscsid",
                                                     
[0;90m
[0;38:5:245m      "logrotate.timer",
                                                     
[0;90m
[0;38:5:245m    },
                                                     
[0;90m
[0;38:5:245m    Mask: []string{
                                                     
[0;90m
[0;38:5:245m      "purge-kernels",
                                                     
[0;90m
[0;38:5:245m    },
                                                     
[0;90m
[0;38:5:245m  },
                                                     
[0;90m
[0;38:5:245m  OnlyIfServiceManager: "systemd",
                                                     
[0;90m
[0;38:5:245m}
Sep 15 15:32:08.103310 kairos- kairos-immucore[661]: 
[0;1;33m
[0;1;38:5:185m
[0;1;39m
[0;1;33m
[0;1;38:5:185m(conditional) Skip 'OnlyIfOs regex (Red.*Hat.*) doesn't match os name Hadron Linux' stage name: Default network configuration.Enabled systemd-networkd on Red Hat if available
Sep 15 15:32:08.105399 kairos- kairos-immucore[661]: Running layout plugin
Sep 15 15:32:08.105493 kairos- kairos-immucore[661]: 
[0;90m
[0;38:5:245m
[0;1;31m
[0;90m
[0;38:5:245mDevice field empty, skipping layout plugin
Sep 15 15:32:08.108124 kairos- kairos-immucore[661]: 
[0;90m
[0;38:5:245m
[0;1;31m
[0;90m
[0;38:5:245mCommand output: Created symlink '/etc/systemd/system/default.target' 
 '/usr/lib/systemd/system/multi-user.target'.
Sep 15 15:32:08.122922 kairos- kairos-immucore[661]: 
[0;90m
[0;38:5:245m
[0;1;31m
[0;90m
[0;38:5:245mRun template
Sep 15 15:32:08.124385 kairos- kairos-immucore[661]: 
[0;1;31m
[0;1;39m
[0;1;31mError on file /system/oem/09_systemd_services.yaml on stage Default systemd config: 1 error occurred:
                                                     
[0;1;31m        * failed to run systemctl enable logrotate.timer: exit status 1
                                                     
[0;1;31m
Sep 15 15:32:08.124458 kairos- kairos-immucore[661]: Running layout plugin
Sep 15 15:32:08.124555 kairos- kairos-immucore[661]: 
[0;90m
[0;38:5:245m
[0;1;31m
[0;90m
[0;38:5:245mDevice field empty, skipping layout plugin
Sep 15 15:32:08.124828 kairos- kairos-immucore[661]: 
[0;90m
[0;38:5:245m
[0;1;31m
[0;90m
[0;38:5:245mReading '/system/oem/05_network.yaml'
Sep 15 15:32:08.124849 kairos- kairos-immucore[661]: 
[0;90m
[0;38:5:245m
[0;1;31m
[0;90m
[0;38:5:245mExecuting stage 'Default network configuration.Enable systemd-resolved on Red Hat if available'
Sep 15 15:32:08.125067 kairos- kairos-immucore[661]: 
[0;90m
[0;38:5:245m
[0;1;31m
[0;90m
[0;38:5:245mReading '/system/oem/09_systemd_services.yaml'
Sep 15 15:32:08.125086 kairos- kairos-immucore[661]: 
[0;90m
[0;38:5:245m
[0;1;31m
[0;90m
[0;38:5:245mExecuting stage 'Default config.Create systemd services'
Sep 15 15:32:08.125107 kairos- kairos-immucore[661]: 
[0;90m
[0;38:5:245m
[0;1;31m
[0;90m
[0;38:5:245mFound systemd at /bin/systemctl
Sep 15 15:32:08.125136 kairos- kairos-immucore[661]: Processing stage step 'Default config.Create systemd services'. ( commands: 0, files: 5, ... )
Sep 15 15:32:08.125210 kairos- kairos-immucore[661]: 
[0;90m
[0;38:5:245m
[0;1;31m
[0;90m
[0;38:5:245mStage: schema.Stage{
                                                     
[0;90m
[0;38:5:245m  Files: []schema.File{
                                                     
[0;90m
[0;38:5:245m    schema.File{
                                                     
[0;90m
[0;38:5:245m      Path: "/etc/systemd/system/cos-setup-boot.service",
                                                     
[0;90m
[0;38:5:245m      Permissions: 420,
                                                     
[0;90m
[0;38:5:245m      Content: "[Unit]\nDescription=cOS system configuration\nBefore=getty.target\n\n[Service]\nType=oneshot\nRemainAfterExit=yes\nExecStart=/usr/bin/kairos-agent run-stage boot\n\n[Install]\nWantedBy=multi-user.target\n",
                                                     
[0;90m
[0;38:5:245m    },
                                                     
[0;90m
[0;38:5:245m    schema.File{
                                                     
[0;90m
[0;38:5:245m      Path: "/etc/systemd/system/cos-setup-fs.service",
                                                     
[0;90m
[0;38:5:245m      Permissions: 420,
                                                     
[0;90m
[0;38:5:245m      Content: "[Unit]\nDescription=cOS system after FS setup\nDefaultDependencies=no\nAfter=local-fs.target\nWants=local-fs.target\nBefore=sysinit.target\n\n[Service]\nType=oneshot\nRemainAfterExit=yes\nExecStart=/usr/bin/kairos-agent run-stage fs\n# Belt-and-suspenders for the sysinit.target ordering: this\n# service is Before=sysinit.target, so if it hangs, every\n# later target (basic, multi-user) hangs with it and sshd\n# never comes up. run-stage fs pulls in config_url fetches\n# against a network that is not yet up at this ordering\n# point, and any silent stall inside kairos-agent (an\n# unbounded http.Get in old sdk/collector builds, a wedged\n# DNS resolver, a slow yip stage) becomes an invisible boot\n# hang. Cap the whole stage so a stall fails cleanly and\n# boot proceeds instead of dying at the login prompt.\nTimeoutStartSec=90\n\n[Install]\nWantedBy=sysinit.target\n",
                                                     
[0;90m
[0;38:5:245m    },
                                                     
[0;90m
[0;38:5:245m    schema.File{
                                                     
[0;90m
[0;38:5:245m      Path: "/etc/systemd/system/cos-setup-network.service",
                                                     
[0;90m
[0;38:5:245m      Permissions: 420,
                                                     
[0;90m
[0;38:5:245m      Content: "[Unit]\nDescription=cOS setup after network\nAfter=network-online.target\n\n[Service]\nType=oneshot\nRemainAfterExit=yes\nExecStart=/usr/bin/kairos-agent run-stage network\n\n[Install]\nWantedBy=multi-user.target\n",
                                                     
[0;90m
[0;38:5:245m    },
                                                     
[0;90m
[0;38:5:245m    schema.File{
                                                     
[0;90m
[0;38:5:245m      Path: "/etc/systemd/system/cos-setup-reconcile.service",
                                                     
[0;90m
[0;38:5:245m      Permissions: 420,
                                                     
[0;90m
[0;38:5:245m      Content: "[Unit]\nDescription=cOS setup reconciler\n\n[Service]\nNice=19\nIOSchedulingClass=2\nIOSchedulingPriority=7\nType=oneshot\nExecStart=/bin/bash -c \"systemd-inhibit /usr/bin/kairos-agent run-stage reconcile\"\nTimeoutStopSec=180\nKillMode=process\nKillSignal=SIGINT\n\n[Install]\nWantedBy=multi-user.target\n",
                                                     
[0;90m
[0;38:5:245m    },
                                                     
[0;90m
[0;38:5:245m    schema.File{
                                                     
[0;90m
[0;38:5:245m      Path: "/etc/systemd/system/cos-setup-reconcile.timer",
                                                     
[0;90m
[0;38:5:245m      Permissions: 420,
                                                     
[0;90m
[0;38:5:245m      Content: "[Unit]\nDescription=cOS setup reconciler\n\n[Timer]\nOnBootSec=5min\nOnUnitActiveSec=60min\nUnit=cos-setup-reconcile.service\n\n[Install]\nWantedBy=multi-user.target\n",
                                                     
[0;90m
[0;38:5:245m    },
                                                     
[0;90m
[0;38:5:245m  },
                                                     
[0;90m
[0;38:5:245m  Name: "Create systemd services",
                                                     
[0;90m
[0;38:5:245m  OnlyIfServiceManager: "systemd",
                                                     
[0;90m
[0;38:5:245m}
Sep 15 15:32:08.125254 kairos- kairos-immucore[661]: 
[0;90m
[0;38:5:245m
[0;1;31m
[0;90m
[0;38:5:245mCreating file /etc/systemd/system/cos-setup-boot.service
Sep 15 15:32:08.125390 kairos- kairos-immucore[661]: 
[0;90m
[0;38:5:245m
[0;1;31m
[0;90m
[0;38:5:245mCreating file /etc/systemd/system/cos-setup-fs.service
Sep 15 15:32:08.125473 kairos- kairos-immucore[661]: 
[0;90m
[0;38:5:245m
[0;1;31m
[0;90m
[0;38:5:245mCreating file /etc/systemd/system/cos-setup-network.service
Sep 15 15:32:08.125551 kairos- kairos-immucore[661]: 
[0;90m
[0;38:5:245m
[0;1;31m
[0;90m
[0;38:5:245mCreating file /etc/systemd/system/cos-setup-reconcile.service
Sep 15 15:32:08.125724 kairos- kairos-immucore[661]: 
[0;90m
[0;38:5:245m
[0;1;31m
[0;90m
[0;38:5:245mCreating file /etc/systemd/system/cos-setup-reconcile.timer
Sep 15 15:32:08.125860 kairos- kairos-immucore[661]: Running layout plugin
Sep 15 15:32:08.125871 kairos- kairos-immucore[661]: 
[0;90m
[0;38:5:245m
[0;1;31m
[0;90m
[0;38:5:245mDevice field empty, skipping layout plugin
Sep 15 15:32:08.125893 kairos- kairos-immucore[661]: 
[0;90m
[0;38:5:245m
[0;1;31m
[0;90m
[0;38:5:245mReading '/system/oem/50_recovery.yaml'
Sep 15 15:32:08.125904 kairos- kairos-immucore[661]: 
[0;90m
[0;38:5:245m
[0;1;31m
[0;90m
[0;38:5:245mExecuting stage 'Start recovery on tty1.Starts kairos-recovery and generate a temporary pass'
Sep 15 15:32:08.127215 kairos- kairos-immucore[661]: 
[0;90m
[0;38:5:245m
[0;1;31m
[0;90m
[0;38:5:245mIf statement result 
Sep 15 15:32:08.127953 kairos- kairos-immucore[661]: 
[0;1;33m
[0;1;38:5:185m
[0;1;39m
[0;1;33m
[0;1;38:5:185m(conditional) Skip 'Skipping stage (if statement error: failed to run grep -q "kairos.remote_recovery_mode" /proc/cmdline
                                                     
[0;1;33m
[0;1;38:5:185m: exit status 1)' stage name: Start recovery on tty1.Starts kairos-recovery and generate a temporary pass
Sep 15 15:32:08.128349 kairos- kairos-immucore[661]: 
[0;1;33m
[0;1;38:5:185m
[0;1;39m
[0;1;33m
[0;1;38:5:185m(conditional) Skip 'OnlyIfOs regex (Red.*Hat.*) doesn't match os name Hadron Linux' stage name: Default network configuration.Enable systemd-resolved on Red Hat if available
Sep 15 15:32:08.128980 kairos- kairos-immucore[661]: 
[0;90m
[0;38:5:245m
[0;1;31m
[0;90m
[0;38:5:245mReading '/system/oem/08_efi_assessment.yaml'
Sep 15 15:32:08.129004 kairos- kairos-immucore[661]: 
[0;90m
[0;38:5:245m
[0;1;31m
[0;90m
[0;38:5:245mExecuting stage 'Enable EFI assessment.Override systemd-boot services to enable RW on /efi partition'
Sep 15 15:32:08.129657 kairos- kairos-immucore[661]: 
[0;90m
[0;38:5:245m
[0;1;31m
[0;90m
[0;38:5:245mReading '/system/oem/09_systemd_services.yaml'
Sep 15 15:32:08.129736 kairos- kairos-immucore[661]: 
[0;90m
[0;38:5:245m
[0;1;31m
[0;90m
[0;38:5:245mExecuting stage 'Default config.Override systemd-tpm2-setup/systemd-pcrproduct with temporary RW under /efi'
Sep 15 15:32:08.130791 kairos- kairos-immucore[661]: 
[0;1;33m
[0;1;38:5:185m
[0;1;39m
[0;1;33m
[0;1;38:5:185m(conditional) Skip 'Skipping stage (if statement error: failed to run [ -e "/run/cos/uki_boot_mode" ]: exit status 1)' stage name: Default config.Override systemd-tpm2-setup/systemd-pcrproduct with temporary RW under /efi
Sep 15 15:32:08.130822 kairos- kairos-immucore[661]: 
[0;90m
[0;38:5:245m
[0;1;31m
[0;90m
[0;38:5:245mReading '/system/oem/50_recovery.yaml'
Sep 15 15:32:08.130836 kairos- kairos-immucore[661]: 
[0;90m
[0;38:5:245m
[0;1;31m
[0;90m
[0;38:5:245mExecuting stage 'Start recovery on tty1.Starts kairos-recovery for openRC based systems'
Sep 15 15:32:08.131268 kairos- kairos-immucore[661]: 
[0;1;33m
[0;1;38:5:185m
[0;1;39m
[0;1;33m
[0;1;38:5:185m(conditional) Skip 'Skipping stage (if statement error: failed to run [ -e "/run/cos/uki_boot_mode" ]: exit status 1)' stage name: Enable EFI assessment.Override systemd-boot services to enable RW on /efi partition
Sep 15 15:32:08.132065 kairos- kairos-immucore[661]: 
[0;1;33m
[0;1;38:5:185m
[0;1;39m
[0;1;33m
[0;1;38:5:185m(conditional) Skip 'Skipping stage (if statement error: failed to run grep -q "kairos.remote_recovery_mode" /proc/cmdline: exit status 1)' stage name: Start recovery on tty1.Starts kairos-recovery for openRC based systems
Sep 15 15:32:08.132176 kairos- kairos-immucore[661]: 
[0;90m
[0;38:5:245m
[0;1;31m
[0;90m
[0;38:5:245mReading '/system/oem/09_systemd_services.yaml'
Sep 15 15:32:08.132305 kairos- kairos-immucore[661]: 
[0;90m
[0;38:5:245m
[0;1;31m
[0;90m
[0;38:5:245mExecuting stage 'Default config.Enable systemd services'
Sep 15 15:32:08.132427 kairos- kairos-immucore[661]: 
[0;90m
[0;38:5:245m
[0;1;31m
[0;90m
[0;38:5:245mReading '/system/oem/08_efi_assessment.yaml'
Sep 15 15:32:08.132456 kairos- kairos-immucore[661]: 
[0;90m
[0;38:5:245m
[0;1;31m
[0;90m
[0;38:5:245mExecuting stage 'Enable EFI assessment.Enable boot assessment'
Sep 15 15:32:08.132588 kairos- kairos-immucore[661]: 
[0;90m
[0;38:5:245m
[0;1;31m
[0;90m
[0;38:5:245mFound systemd at /bin/systemctl
Sep 15 15:32:08.132658 kairos- kairos-immucore[661]: Processing stage step 'Default config.Enable systemd services'. ( commands: 4, files: 0, ... )
Sep 15 15:32:08.132751 kairos- kairos-immucore[661]: 
[0;90m
[0;38:5:245m
[0;1;31m
[0;90m
[0;38:5:245mStage: schema.Stage{
                                                     
[0;90m
[0;38:5:245m  Commands: []string{
                                                     
[0;90m
[0;38:5:245m    "ln -sf /etc/systemd/system/cos-setup-reconcile.timer /etc/systemd/system/multi-user.target.wants/cos-setup-reconcile.timer",
                                                     
[0;90m
[0;38:5:245m    "ln -sf /etc/systemd/system/cos-setup-fs.service /etc/systemd/system/sysinit.target.wants/cos-setup-fs.service",
                                                     
[0;90m
[0;38:5:245m    "ln -sf /etc/systemd/system/cos-setup-boot.service /etc/systemd/system/multi-user.target.wants/cos-setup-boot.service",
                                                     
[0;90m
[0;38:5:245m    "ln -sf /etc/systemd/system/cos-setup-network.service /etc/systemd/system/multi-user.target.wants/cos-setup-network.service",
                                                     
[0;90m
[0;38:5:245m  },
                                                     
[0;90m
[0;38:5:245m  Name: "Enable systemd services",
                                                     
[0;90m
[0;38:5:245m  OnlyIfServiceManager: "systemd",
                                                     
[0;90m
[0;38:5:245m}
Sep 15 15:32:08.134219 kairos- kairos-immucore[661]: 
[0;90m
[0;38:5:245m
[0;1;31m
[0;90m
[0;38:5:245mEmpty command output
Sep 15 15:32:08.135416 kairos- kairos-immucore[661]: 
[0;90m
[0;38:5:245m
[0;1;31m
[0;90m
[0;38:5:245mEmpty command output
Sep 15 15:32:08.136497 kairos- kairos-immucore[661]: 
[0;1;33m
[0;1;38:5:185m
[0;1;39m
[0;1;33m
[0;1;38:5:185m(conditional) Skip 'Skipping stage (if statement error: failed to run [ -e "/run/cos/uki_boot_mode" ]: exit status 1)' stage name: Enable EFI assessment.Enable boot assessment
Sep 15 15:32:08.136514 kairos- kairos-immucore[661]: 
[0;90m
[0;38:5:245m
[0;1;31m
[0;90m
[0;38:5:245mReading '/system/oem/51_reset.yaml'
Sep 15 15:32:08.136526 kairos- kairos-immucore[661]: 
[0;90m
[0;38:5:245m
[0;1;31m
[0;90m
[0;38:5:245mExecuting stage 'Start reset on tty1.Starts kairos-reset for systemd based systems'
Sep 15 15:32:08.136639 kairos- kairos-immucore[661]: 
[0;90m
[0;38:5:245m
[0;1;31m
[0;90m
[0;38:5:245mEmpty command output
Sep 15 15:32:08.137938 kairos- kairos-immucore[661]: 
[0;90m
[0;38:5:245m
[0;1;31m
[0;90m
[0;38:5:245mEmpty command output
Sep 15 15:32:08.137964 kairos- kairos-immucore[661]: Running layout plugin
Sep 15 15:32:08.137976 kairos- kairos-immucore[661]: 
[0;90m
[0;38:5:245m
[0;1;31m
[0;90m
[0;38:5:245mDevice field empty, skipping layout plugin
Sep 15 15:32:08.140212 kairos- kairos-immucore[661]: 
[0;1;33m
[0;1;38:5:185m
[0;1;39m
[0;1;33m
[0;1;38:5:185m(conditional) Skip 'Skipping stage (if statement error: failed to run (grep -q "kairos.reset" /proc/cmdline || [ -f /run/cos/autoreset_mode ])
                                                     
[0;1;33m
[0;1;38:5:185m: exit status 1)' stage name: Start reset on tty1.Starts kairos-reset for systemd based systems
Sep 15 15:32:08.140265 kairos- kairos-immucore[661]: 
[0;90m
[0;38:5:245m
[0;1;31m
[0;90m
[0;38:5:245mReading '/system/oem/51_reset.yaml'
Sep 15 15:32:08.140276 kairos- kairos-immucore[661]: 
[0;90m
[0;38:5:245m
[0;1;31m
[0;90m
[0;38:5:245mExecuting stage 'Start reset on tty1.Starts kairos-reset for openRC-based systems'
Sep 15 15:32:08.141080 kairos- kairos-immucore[661]: 
[0;90m
[0;38:5:245m
[0;1;31m
[0;90m
[0;38:5:245mReading '/system/oem/10_accounting.yaml'
Sep 15 15:32:08.141150 kairos- kairos-immucore[661]: 
[0;90m
[0;38:5:245m
[0;1;31m
[0;90m
[0;38:5:245mExecuting stage 'Default user, permissions and serial login.Setup groups.0'
Sep 15 15:32:08.141165 kairos- kairos-immucore[661]: Processing stage step 'Default user, permissions and serial login.Setup groups.0'. ( commands: 0, files: 0, ... )
Sep 15 15:32:08.141197 kairos- kairos-immucore[661]: 
[0;90m
[0;38:5:245m
[0;1;31m
[0;90m
[0;38:5:245mStage: schema.Stage{
                                                     
[0;90m
[0;38:5:245m  EnsureEntities: []schema.YipEntity{
                                                     
[0;90m
[0;38:5:245m    schema.YipEntity{
                                                     
[0;90m
[0;38:5:245m      Entity: "kind: \"group\"\ngroup_name: \"admin\"\npassword: \"x\"\ngid: 900\n",
                                                     
[0;90m
[0;38:5:245m    },
                                                     
[0;90m
[0;38:5:245m  },
                                                     
[0;90m
[0;38:5:245m  Name: "Setup groups",
                                                     
[0;90m
[0;38:5:245m}
Sep 15 15:32:08.142706 kairos- kairos-immucore[661]: 
[0;1;33m
[0;1;38:5:185m
[0;1;39m
[0;1;33m
[0;1;38:5:185m(conditional) Skip 'Skipping stage (if statement error: failed to run grep -q "kairos.reset" /proc/cmdline: exit status 1)' stage name: Start reset on tty1.Starts kairos-reset for openRC-based systems
Sep 15 15:32:08.142925 kairos- kairos-immucore[661]: Running layout plugin
Sep 15 15:32:08.142978 kairos- kairos-immucore[661]: 
[0;90m
[0;38:5:245m
[0;1;31m
[0;90m
[0;38:5:245mDevice field empty, skipping layout plugin
Sep 15 15:32:08.143084 kairos- kairos-immucore[661]: 
[0;90m
[0;38:5:245m
[0;1;31m
[0;90m
[0;38:5:245mReading '/system/oem/52_installer.yaml'
Sep 15 15:32:08.143206 kairos- kairos-immucore[661]: 
[0;90m
[0;38:5:245m
[0;1;31m
[0;90m
[0;38:5:245mExecuting stage 'Start installer on tty1..0'
Sep 15 15:32:08.143309 kairos- kairos-immucore[661]: 
[0;90m
[0;38:5:245m
[0;1;31m
[0;90m
[0;38:5:245mReading '/system/oem/10_accounting.yaml'
Sep 15 15:32:08.143336 kairos- kairos-immucore[661]: 
[0;90m
[0;38:5:245m
[0;1;31m
[0;90m
[0;38:5:245mExecuting stage 'Default user, permissions and serial login.Setup users.1'
Sep 15 15:32:08.143350 kairos- kairos-immucore[661]: Processing stage step 'Default user, permissions and serial login.Setup users.1'. ( commands: 0, files: 0, ... )
Sep 15 15:32:08.143386 kairos- kairos-immucore[661]: 
[0;90m
[0;38:5:245m
[0;1;31m
[0;90m
[0;38:5:245mStage: schema.Stage{
                                                     
[0;90m
[0;38:5:245m  Name: "Setup users",
                                                     
[0;90m
[0;38:5:245m  Users: map[string]schema.User{
                                                     
[0;90m
[0;38:5:245m    "kairos": schema.User{
                                                     
[0;90m
[0;38:5:245m      PasswordHash: "!",
                                                     
[0;90m
[0;38:5:245m      Homedir: "/home/kairos",
                                                     
[0;90m
[0;38:5:245m      Groups: []string{
                                                     
[0;90m
[0;38:5:245m        "admin",
                                                     
[0;90m
[0;38:5:245m      },
                                                     
[0;90m
[0;38:5:245m      Shell: "/bin/bash",
                                                     
[0;90m
[0;38:5:245m    },
                                                     
[0;90m
[0;38:5:245m  },
                                                     
[0;90m
[0;38:5:245m}
Sep 15 15:32:08.143900 kairos- kairos-immucore[661]: Running layout plugin
Sep 15 15:32:08.143918 kairos- kairos-immucore[661]: 
[0;90m
[0;38:5:245m
[0;1;31m
[0;90m
[0;38:5:245mDevice field empty, skipping layout plugin
Sep 15 15:32:08.147373 kairos- kairos-immucore[661]: 
[0;1;33m
[0;1;38:5:185m
[0;1;39m
[0;1;33m
[0;1;38:5:185m(conditional) Skip 'Skipping stage (if statement error: failed to run (grep -q "install-mode" /proc/cmdline || grep -q "nodepair.enable" /proc/cmdline ) && \
                                                     
[0;1;33m
[0;1;38:5:185m([ -f /run/cos/live_mode ] || [ -f /run/cos/uki_install_mode ])
                                                     
[0;1;33m
[0;1;38:5:185m: exit status 1)' stage name: Start installer on tty1..0
Sep 15 15:32:08.147506 kairos- kairos-immucore[661]: 
[0;90m
[0;38:5:245m
[0;1;31m
[0;90m
[0;38:5:245mReading '/system/oem/10_accounting.yaml'
Sep 15 15:32:08.147524 kairos- kairos-immucore[661]: 
[0;90m
[0;38:5:245m
[0;1;31m
[0;90m
[0;38:5:245mExecuting stage 'Default user, permissions and serial login.Set user password if running in live or uki.2'
Sep 15 15:32:08.148128 kairos- kairos-immucore[661]: 
[0;90m
[0;38:5:245m
[0;1;31m
[0;90m
[0;38:5:245mReading '/system/oem/52_installer.yaml'
Sep 15 15:32:08.148153 kairos- kairos-immucore[661]: 
[0;90m
[0;38:5:245m
[0;1;31m
[0;90m
[0;38:5:245mExecuting stage 'Start installer on tty1..1'
Sep 15 15:32:08.148809 kairos- kairos-immucore[661]: 
[0;1;33m
[0;1;38:5:185m
[0;1;39m
[0;1;33m
[0;1;38:5:185m(conditional) Skip 'Skipping stage (if statement error: failed to run [ -e /run/cos/live_mode ] || [ -e /run/cos/uki_install_mode ]: exit status 1)' stage name: Default user, permissions and serial login.Set user password if running in live or uki.2
Sep 15 15:32:09.031961 kairos- immucore[661]: 2026-09-15T15:32:08Z DBG Executing stage 'sysext and confext configuration.systemd-sysext/confext uki config'
Sep 15 15:32:08.149395 kairos- kairos-immucore[661]: 
[0;1;33m
[0;1;38:5:185m
[0;1;39m
[0;1;33m
[0;1;38:5:185m(conditional) Skip 'Skipping stage (if statement error: failed to run (grep -q "install-mode" /proc/cmdline || grep -q "nodepair.enable" /proc/cmdline ) && \
                                                     
[0;1;33m
[0;1;38:5:185m([ -f /run/cos/live_mode ] || [ -f /run/cos/uki_install_mode ])
                                                     
[0;1;33m
[0;1;38:5:185m: exit status 1)' stage name: Start installer on tty1..1
Sep 15 15:32:09.036097 kairos- immucore[661]: 2026-09-15T15:32:08Z DBG Reading '/system/oem/10_accounting.yaml'
Sep 15 15:32:09.036097 kairos- immucore[661]: 2026-09-15T15:32:09Z DBG Executing stage 'Default user, permissions and serial login.Ensure runtime permission.5'
Sep 15 15:32:09.036097 kairos- immucore[661]: 2026-09-15T15:32:09Z WRN (conditional) Skip 'Skipping stage (if statement error: failed to run [ -e "/usr/local/cloud-config" ]: exit status 1)' stage name: Default user, permissions and serial login.Ensure runtime permission.5
Sep 15 15:32:09.036097 kairos- immucore[661]: 2026-09-15T15:32:09Z WRN (conditional) Skip 'Skipping stage (if statement error: failed to run [ -e "/run/cos/uki_boot_mode" ] && [ ! -e "/run/cos/recovery_mode" ] && [ ! -e "/run/cos/autoreset_mode" ]: exit status 1)' stage name: sysext and confext configuration.systemd-sysext/confext uki config
Sep 15 15:32:09.036097 kairos- immucore[661]: 2026-09-15T15:32:09Z DBG Reading '/system/oem/99_sysext.yaml'
Sep 15 15:32:09.036097 kairos- immucore[661]: 2026-09-15T15:32:09Z DBG Executing stage 'sysext and confext configuration.systemd-sysext/confext config'
Sep 15 15:32:09.036097 kairos- immucore[661]: 2026-09-15T15:32:09Z DBG If statement result
Sep 15 15:32:09.036097 kairos- immucore[661]: 2026-09-15T15:32:09Z DBG Found systemd at /bin/systemctl
Sep 15 15:32:09.036097 kairos- immucore[661]: 2026-09-15T15:32:09Z INF Processing stage step 'sysext and confext configuration.systemd-sysext/confext config'. ( commands: 0, files: 2, ... )
Sep 15 15:32:08.149498 kairos- kairos-immucore[661]: 
[0;90m
[0;38:5:245m
[0;1;31m
[0;90m
[0;38:5:245mReading '/system/oem/10_accounting.yaml'
Sep 15 15:32:09.081130 kairos- immucore[661]: 2026-09-15T15:32:09Z DBG Stage: schema.Stage{
Sep 15 15:32:09.081130 kairos- immucore[661]:   Files: []schema.File{
Sep 15 15:32:09.081130 kairos- immucore[661]:     schema.File{
Sep 15 15:32:09.081130 kairos- immucore[661]:       Path: "/etc/systemd/system/systemd-sysext.service.d/kairos.conf",
Sep 15 15:32:09.081130 kairos- immucore[661]:       Permissions: 420,
Sep 15 15:32:09.081130 kairos- immucore[661]:       Content: "[Service]\n# Make it timeout early to avoid blocking boot if keys are not in there to unlock sysext\nTimeoutStartSec=10\n# override exec and reload to set the image policy\nExecStart=\nExecStart=systemd-sysext refresh --image-policy=\"root=verity+absent:usr=verity+absent\"\nExecReload=\nExecReload=systemd-sysext refresh --image-policy=\"root=verity+absent:usr=verity+absent\"\n# set the sysext hierarchies so we dont overwrite our mount at /usr/local\n# set them very specifically instead of a generic /usr/local as systemd <= 255 mounts the overlay as RO\n# and we dont want the full /usr/local to be RO as we store state in there\n# on systemd 256 we can control if they are mutable or not\nEnvironment=\"SYSTEMD_SYSEXT_HIERARCHIES=/usr/local/bin:/usr/local/sbin:/usr/local/include:/usr/local/lib:/usr/local/share:/usr/local/src:/usr/bin:/usr/share:/usr/lib:/usr/include:/usr/src:/usr/sbin\"\n[Unit]\n# Make it timeout early to avoid blocking boot if keys are not in there to unlock sysext\nJobRunningTimeoutSec=5\n",
Sep 15 15:32:09.081130 kairos- immucore[661]:     },
Sep 15 15:32:09.081130 kairos- immucore[661]:     schema.File{
Sep 15 15:32:09.081130 kairos- immucore[661]:       Path: "/etc/systemd/system/systemd-confext.service.d/kairos.conf",
Sep 15 15:32:09.081130 kairos- immucore[661]:       Permissions: 420,
Sep 15 15:32:09.081130 kairos- immucore[661]:       Content: "[Service]\n# Make it timeout early to avoid blocking boot if keys are not in there to unlock sysext\nTimeoutStartSec=10\n# override exec and reload to set the image policy\nExecStart=\nExecStart=systemd-confext refresh --image-policy=\"root=verity+absent:usr=verity+absent\"\nExecReload=\nExecReload=systemd-confext refresh --image-policy=\"root=verity+absent:usr=verity+absent\"\n[Unit]\n# Make it timeout early to avoid blocking boot if keys are not in there to unlock sysext\nJobRunningTimeoutSec=5\n",
Sep 15 15:32:09.081130 kairos- immucore[661]:     },
Sep 15 15:32:09.081130 kairos- immucore[661]:   },
Sep 15 15:32:09.081130 kairos- immucore[661]:   If: "[ ! -e \"/run/cos/uki_boot_mode\" ] && [ ! -e \"/run/cos/recovery_mode\" ] && [ ! -e \"/run/cos/autoreset_mode\" ]",
Sep 15 15:32:08.149625 kairos- kairos-immucore[661]: 
[0;90m
[0;38:5:245m
[0;1;31m
[0;90m
[0;38:5:245mExecuting stage 'Default user, permissions and serial login.Setup sudo.3'
Sep 15 15:32:09.155137 kairos- immucore[661]:   Name: "systemd-sysext/confext config",
Sep 15 15:32:09.155137 kairos- immucore[661]:   OnlyIfServiceManager: "systemd",
Sep 15 15:32:09.155137 kairos- immucore[661]: }
Sep 15 15:32:09.155137 kairos- immucore[661]: 2026-09-15T15:32:09Z DBG Creating file /etc/systemd/system/systemd-sysext.service.d/kairos.conf
Sep 15 15:32:09.155137 kairos- immucore[661]: 2026-09-15T15:32:09Z DBG Creating parent directories
Sep 15 15:32:09.155137 kairos- immucore[661]: 2026-09-15T15:32:09Z DBG Adding execution bit to parent directory
Sep 15 15:32:09.155137 kairos- immucore[661]: 2026-09-15T15:32:09Z DBG Creating directory /etc/systemd/system/systemd-sysext.service.d
Sep 15 15:32:09.155137 kairos- immucore[661]: 2026-09-15T15:32:09Z DBG Creating file /etc/systemd/system/systemd-confext.service.d/kairos.conf
Sep 15 15:32:09.155137 kairos- immucore[661]: 2026-09-15T15:32:09Z DBG Creating parent directories
Sep 15 15:32:09.155137 kairos- immucore[661]: 2026-09-15T15:32:09Z DBG Adding execution bit to parent directory
Sep 15 15:32:09.155137 kairos- immucore[661]: 2026-09-15T15:32:09Z DBG Creating directory /etc/systemd/system/systemd-confext.service.d
Sep 15 15:32:09.155137 kairos- immucore[661]: 2026-09-15T15:32:09Z INF Running layout plugin
Sep 15 15:32:09.155137 kairos- immucore[661]: 2026-09-15T15:32:09Z DBG Device field empty, skipping layout plugin
Sep 15 15:32:09.155137 kairos- immucore[661]: 2026-09-15T15:32:09Z DBG Reading '/system/oem/99_sysext.yaml'
Sep 15 15:32:09.155137 kairos- immucore[661]: 2026-09-15T15:32:09Z DBG Executing stage 'sysext and confext configuration.systemd-sysext set hierarchy system-wide'
Sep 15 15:32:09.155137 kairos- immucore[661]: 2026-09-15T15:32:09Z DBG If statement result
Sep 15 15:32:09.155137 kairos- immucore[661]: 2026-09-15T15:32:09Z DBG Found systemd at /bin/systemctl
Sep 15 15:32:09.155137 kairos- immucore[661]: 2026-09-15T15:32:09Z INF Processing stage step 'sysext and confext configuration.systemd-sysext set hierarchy system-wide'. ( commands: 0, files: 1, ... )
Sep 15 15:32:09.155137 kairos- immucore[661]: 2026-09-15T15:32:09Z DBG Stage: schema.Stage{
Sep 15 15:32:09.155137 kairos- immucore[661]:   Files: []schema.File{
Sep 15 15:32:09.155137 kairos- immucore[661]:     schema.File{
Sep 15 15:32:09.155137 kairos- immucore[661]:       Path: "/etc/profile.d/systemd-sysext.sh",
Sep 15 15:32:09.155137 kairos- immucore[661]:       Permissions: 420,
Sep 15 15:32:09.155137 kairos- immucore[661]:       Content: "export SYSTEMD_SYSEXT_HIERARCHIES=\"/usr/local/bin:/usr/local/sbin:/usr/local/include:/usr/local/lib:/usr/local/share:/usr/local/src:/usr/bin:/usr/share:/usr/lib:/usr/include:/usr/src:/usr/sbin\"\n",
Sep 15 15:32:09.155137 kairos- immucore[661]:     },
Sep 15 15:32:09.155137 kairos- immucore[661]:   },
Sep 15 15:32:09.155137 kairos- immucore[661]:   If: "[ ! -e \"/run/cos/recovery_mode\" ] && [ ! -e \"/run/cos/autoreset_mode\" ]",
Sep 15 15:32:09.155137 kairos- immucore[661]:   Name: "systemd-sysext set hierarchy system-wide",
Sep 15 15:32:09.155137 kairos- immucore[661]:   OnlyIfServiceManager: "systemd",
Sep 15 15:32:09.155137 kairos- immucore[661]: }
Sep 15 15:32:08.149708 kairos- kairos-immucore[661]: 
[0;90m
[0;38:5:245m
[0;1;31m
[0;90m
[0;38:5:245mReading '/system/oem/52_installer.yaml'
Sep 15 15:32:09.297758 kairos- dracut-pre-pivot[1182]: Using tmpfs overlay (changes will not persist across reboots)
Sep 15 15:32:09.299564 kairos- immucore[661]: 2026-09-15T15:32:09Z DBG Creating file /etc/profile.d/systemd-sysext.sh
Sep 15 15:32:09.299564 kairos- immucore[661]: 2026-09-15T15:32:09Z INF Running layout plugin
Sep 15 15:32:09.299564 kairos- immucore[661]: 2026-09-15T15:32:09Z DBG Device field empty, skipping layout plugin
Sep 15 15:32:09.299564 kairos- immucore[661]: 2026-09-15T15:32:09Z DBG Reading '/system/oem/99_sysext.yaml'
Sep 15 15:32:09.299564 kairos- immucore[661]: 2026-09-15T15:32:09Z DBG Executing stage 'sysext and confext configuration.systemd-sysext/confext initramfs settings'
Sep 15 15:32:09.299564 kairos- immucore[661]: 2026-09-15T15:32:09Z DBG Found systemd at /bin/systemctl
Sep 15 15:32:09.299564 kairos- immucore[661]: 2026-09-15T15:32:09Z INF Processing stage step 'sysext and confext configuration.systemd-sysext/confext initramfs settings'. ( commands: 0, files: 0, ... )
Sep 15 15:32:09.299564 kairos- immucore[661]: 2026-09-15T15:32:09Z DBG Stage: schema.Stage{
Sep 15 15:32:09.299564 kairos- immucore[661]:   Name: "systemd-sysext/confext initramfs settings",
Sep 15 15:32:09.299564 kairos- immucore[661]:   Systemctl: schema.Systemctl{
Sep 15 15:32:09.299564 kairos- immucore[661]:     Enable: []string{
Sep 15 15:32:09.299564 kairos- immucore[661]:       "systemd-sysext",
Sep 15 15:32:09.299564 kairos- immucore[661]:       "systemd-confext",
Sep 15 15:32:09.299564 kairos- immucore[661]:     },
Sep 15 15:32:09.299564 kairos- immucore[661]:   },
Sep 15 15:32:09.299564 kairos- immucore[661]:   OnlyIfServiceManager: "systemd",
Sep 15 15:32:09.299564 kairos- immucore[661]: }
Sep 15 15:32:09.299564 kairos- immucore[661]: 2026-09-15T15:32:09Z INF Running layout plugin
Sep 15 15:32:09.299564 kairos- immucore[661]: 2026-09-15T15:32:09Z DBG Device field empty, skipping layout plugin
Sep 15 15:32:09.299564 kairos- immucore[661]: 2026-09-15T15:32:09Z DBG Generating op for stage '/oem/95_userdata/userdata.yaml.0'
Sep 15 15:32:09.299564 kairos- immucore[661]: 2026-09-15T15:32:09Z DBG Generating op for stage '/oem/95_userdata/userdata.yaml.Set user and password'
Sep 15 15:32:09.299564 kairos- immucore[661]: 2026-09-15T15:32:09Z DBG Reading '/oem/95_userdata/userdata.yaml'
Sep 15 15:32:09.299564 kairos- immucore[661]: 2026-09-15T15:32:09Z DBG Executing stage '/oem/95_userdata/userdata.yaml.0'
Sep 15 15:32:09.299564 kairos- immucore[661]: 2026-09-15T15:32:09Z INF Processing stage step '/oem/95_userdata/userdata.yaml.0'. ( commands: 0, files: 0, ... )
Sep 15 15:32:09.299564 kairos- immucore[661]: 2026-09-15T15:32:09Z DBG Stage: schema.Stage{}
Sep 15 15:32:09.299564 kairos- immucore[661]: 2026-09-15T15:32:09Z INF Running layout plugin
Sep 15 15:32:09.299564 kairos- immucore[661]: 2026-09-15T15:32:09Z DBG Device field empty, skipping layout plugin
Sep 15 15:32:09.299564 kairos- immucore[661]: 2026-09-15T15:32:09Z DBG Reading '/oem/95_userdata/userdata.yaml'
Sep 15 15:32:09.299564 kairos- immucore[661]: 2026-09-15T15:32:09Z DBG Executing stage '/oem/95_userdata/userdata.yaml.Set user and password'
Sep 15 15:32:08.149734 kairos- kairos-immucore[661]: 
[0;90m
[0;38:5:245m
[0;1;31m
[0;90m
[0;38:5:245mExecuting stage 'Start installer on tty1..2'
Sep 15 15:32:09.418007 kairos- immucore[661]: 2026-09-15T15:32:09Z INF Processing stage step '/oem/95_userdata/userdata.yaml.Set user and password'. ( commands: 0, files: 0, ... )
Sep 15 15:32:09.418007 kairos- immucore[661]: 2026-09-15T15:32:09Z DBG Stage: schema.Stage{
Sep 15 15:32:09.418007 kairos- immucore[661]:   Name: "Set user and password",
Sep 15 15:32:09.418007 kairos- immucore[661]:   Users: map[string]schema.User{
Sep 15 15:32:09.418007 kairos- immucore[661]:     "kairos": schema.User{
Sep 15 15:32:09.418007 kairos- immucore[661]:       PasswordHash: "kairos",
Sep 15 15:32:09.418007 kairos- immucore[661]:       Groups: []string{
Sep 15 15:32:09.418007 kairos- immucore[661]:         "admin",
Sep 15 15:32:09.418007 kairos- immucore[661]:       },
Sep 15 15:32:09.418007 kairos- immucore[661]:     },
Sep 15 15:32:09.418007 kairos- immucore[661]:   },
Sep 15 15:32:09.418007 kairos- immucore[661]: }
Sep 15 15:32:09.418007 kairos- immucore[661]: 2026-09-15T15:32:09Z INF Running layout plugin
Sep 15 15:32:09.418007 kairos- immucore[661]: 2026-09-15T15:32:09Z DBG Device field empty, skipping layout plugin
Sep 15 15:32:09.418007 kairos- immucore[661]: 2026-09-15T15:32:09Z INF Done executing stage 'initramfs'
Sep 15 15:32:09.418007 kairos- immucore[661]: 
Sep 15 15:32:09.418007 kairos- immucore[661]: 2026-09-15T15:32:09Z INF Running stage: initramfs.after
Sep 15 15:32:09.418007 kairos- immucore[661]: 
Sep 15 15:32:09.418007 kairos- immucore[661]: 2026-09-15T15:32:09Z DBG Generating op for stage 'Fonts fix for ubuntu QR code display.setup console fonts'
Sep 15 15:32:09.418007 kairos- immucore[661]: 2026-09-15T15:32:09Z DBG Generating op for stage 'Default user, permissions and serial login.Enable serial login for alpine'
Sep 15 15:32:09.418007 kairos- immucore[661]: 2026-09-15T15:32:09Z DBG Reading '/system/oem/10_accounting.yaml'
Sep 15 15:32:09.418007 kairos- immucore[661]: 2026-09-15T15:32:09Z DBG Executing stage 'Default user, permissions and serial login.Enable serial login for alpine'
Sep 15 15:32:09.418007 kairos- immucore[661]: 2026-09-15T15:32:09Z DBG Found systemd at /bin/systemctl
Sep 15 15:32:09.418007 kairos- immucore[661]: 2026-09-15T15:32:09Z WRN (conditional) Skip 'service manager doesn't match openrc' stage name: Default user, permissions and serial login.Enable serial login for alpine
Sep 15 15:32:09.418007 kairos- immucore[661]: 2026-09-15T15:32:09Z DBG Reading '/system/oem/03-setupcon.yaml'
Sep 15 15:32:09.418007 kairos- immucore[661]: 2026-09-15T15:32:09Z DBG Executing stage 'Fonts fix for ubuntu QR code display.setup console fonts'
Sep 15 15:32:09.418007 kairos- immucore[661]: 2026-09-15T15:32:09Z WRN (conditional) Skip 'OnlyIfOs regex (Ubuntu.*|Debian.*) doesn't match os name Hadron Linux' stage name: Fonts fix for ubuntu QR code display.setup console fonts
Sep 15 15:32:09.418007 kairos- immucore[661]: 2026-09-15T15:32:09Z INF Done executing stage 'initramfs.after'
Sep 15 15:32:09.418007 kairos- immucore[661]: 
Sep 15 15:32:09.418007 kairos- immucore[661]: 2026-09-15T15:32:09Z INF Running stage: initramfs.before
Sep 15 15:32:09.418007 kairos- immucore[661]: 
Sep 15 15:32:09.531968 kairos- multipathd[372]: multipathd: shut down
Sep 15 15:32:08.150230 kairos- kairos-immucore[661]: Processing stage step 'Default user, permissions and serial login.Setup sudo.3'. ( commands: 1, files: 1, ... )
Sep 15 15:32:09.532156 kairos- dracut-pre-pivot[1219]: 16.792869 | A dynamic linking error occurred: (Symbol not found: __epoll_pwait2_time64)
Sep 15 15:32:09.536046 kairos- immucore[661]: 2026-09-15T15:32:09Z INF Done executing stage 'initramfs.before'
Sep 15 15:32:09.536046 kairos- immucore[661]: 
Sep 15 15:32:09.536046 kairos- immucore[661]: 2026-09-15T15:32:09Z INF Running stage: initramfs
Sep 15 15:32:09.536046 kairos- immucore[661]: 
Sep 15 15:32:09.536046 kairos- immucore[661]: 2026-09-15T15:32:09Z INF Done executing stage 'initramfs'
Sep 15 15:32:09.536046 kairos- immucore[661]: 
Sep 15 15:32:09.536046 kairos- immucore[661]: 2026-09-15T15:32:09Z INF Running stage: initramfs.after
Sep 15 15:32:09.536046 kairos- immucore[661]: 
Sep 15 15:32:09.536046 kairos- immucore[661]: 2026-09-15T15:32:09Z INF Done executing stage 'initramfs.after'
Sep 15 15:32:09.536046 kairos- immucore[661]: 
Sep 15 15:32:09.536046 kairos- immucore[661]: 2026-09-15T15:32:09Z DBG Closing chroot activeMounts=["/sysroot/sys","/sysroot/dev","/sysroot/dev/pts","/sysroot/dev/shm","/sysroot/proc","/sysroot/tmp","/sysroot/run/rootfsbase","/sysroot/run/initramfs/live","/sysroot/run"]
Sep 15 15:32:09.536046 kairos- immucore[661]: 2026-09-15T15:32:09Z DBG Unmounting from chroot what=/sysroot/run
Sep 15 15:32:09.536046 kairos- immucore[661]: 2026-09-15T15:32:09Z DBG Unmounting from chroot what=/sysroot/run/initramfs/live
Sep 15 15:32:09.536046 kairos- immucore[661]: 2026-09-15T15:32:09Z DBG Unmounting from chroot what=/sysroot/run/rootfsbase
Sep 15 15:32:09.536046 kairos- immucore[661]: 2026-09-15T15:32:09Z DBG Unmounting from chroot what=/sysroot/tmp
Sep 15 15:32:09.536046 kairos- immucore[661]: 2026-09-15T15:32:09Z DBG Unmounting from chroot what=/sysroot/proc
Sep 15 15:32:09.536046 kairos- immucore[661]: 2026-09-15T15:32:09Z DBG Unmounting from chroot what=/sysroot/dev/shm
Sep 15 15:32:09.536046 kairos- immucore[661]: 2026-09-15T15:32:09Z DBG Unmounting from chroot what=/sysroot/dev/pts
Sep 15 15:32:09.536046 kairos- immucore[661]: 2026-09-15T15:32:09Z DBG Unmounting from chroot what=/sysroot/dev
Sep 15 15:32:09.536046 kairos- immucore[661]: 2026-09-15T15:32:09Z DBG Unmounting from chroot what=/sysroot/sys
Sep 15 15:32:09.536046 kairos- immucore[661]: 2026-09-15T15:32:09Z INF 1.
Sep 15 15:32:09.536046 kairos- immucore[661]:  <init> (background: false) (weak: false) (run: false)
Sep 15 15:32:09.536046 kairos- immucore[661]: 2.
Sep 15 15:32:09.536046 kairos- immucore[661]:  <create-sentinel> (background: false) (weak: false) (run: true)
Sep 15 15:32:09.536046 kairos- immucore[661]:  <mount-tmpfs> (background: false) (weak: false) (run: true)
Sep 15 15:32:09.536046 kairos- immucore[661]:  <wait-for-sysroot> (background: false) (weak: false) (run: true)
Sep 15 15:32:09.536046 kairos- immucore[661]: 3.
Sep 15 15:32:09.536046 kairos- immucore[661]:  <ensure-partitions> (background: false) (weak: false) (run: true)
Sep 15 15:32:09.536046 kairos- immucore[661]: 4.
Sep 15 15:32:09.536046 kairos- immucore[661]:  <upgrade-kcrypt> (background: false) (weak: false) (run: true)
Sep 15 15:32:09.536046 kairos- immucore[661]:  <mount-oem> (background: false) (weak: false) (run: true)
Sep 15 15:32:09.536046 kairos- immucore[661]: 5.
Sep 15 15:32:09.536046 kairos- immucore[661]:  <rootfs-hook> (background: false) (weak: false) (run: true)
Sep 15 15:32:08.150276 kairos- kairos-immucore[661]: 
[0;90m
[0;38:5:245m
[0;1;31m
[0;90m
[0;38:5:245mStage: schema.Stage{
                                                     
[0;90m
[0;38:5:245m  Commands: []string{
                                                     
[0;90m
[0;38:5:245m    "passwd -l root",
                                                     
[0;90m
[0;38:5:245m  },
                                                     
[0;90m
[0;38:5:245m  Files: []schema.File{
                                                     
[0;90m
[0;38:5:245m    schema.File{
                                                     
[0;90m
[0;38:5:245m      Path: "/etc/sudoers",
                                                     
[0;90m
[0;38:5:245m      Content: "Defaults always_set_home\nDefaults secure_path=\"/usr/sbin:/usr/bin:/sbin:/bin:/usr/local/bin:/usr/local/sbin\"\nDefaults env_reset\nDefaults env_keep = \"LANG LC_ADDRESS LC_CTYPE LC_COLLATE LC_IDENTIFICATION LC_MEASUREMENT LC_MESSAGES LC_MONETARY LC_NAME LC_NUMERIC LC_PAPER LC_TELEPHONE LC_ATIME LC_ALL LANGUAGE LINGUAS XDG_SESSION_COOKIE\"\nDefaults !insults\nroot ALL=(ALL) ALL\n%admin ALL=(ALL) NOPASSWD: ALL\n#includedir /etc/sudoers.d\n",
                                                     
[0;90m
[0;38:5:245m    },
                                                     
[0;90m
[0;38:5:245m  },
                                                     
[0;90m
[0;38:5:245m  Name: "Setup sudo",
                                                     
[0;90m
[0;38:5:245m}
Sep 15 15:32:09.624304 kairos- systemd-journald[361]: Received SIGTERM from PID 1 (systemd).
Sep 15 15:32:09.624415 kairos- immucore[661]:  <unlock-all> (background: false) (weak: false) (run: true)
Sep 15 15:32:09.624415 kairos- immucore[661]: 6.
Sep 15 15:32:09.624415 kairos- immucore[661]:  <load-config> (background: false) (weak: false) (run: true)
Sep 15 15:32:09.624415 kairos- immucore[661]: 7.
Sep 15 15:32:09.624415 kairos- immucore[661]:  <custom-mount> (background: false) (weak: false) (run: true)
Sep 15 15:32:09.624415 kairos- immucore[661]:  <mount-base-overlay> (background: false) (weak: false) (run: true)
Sep 15 15:32:09.624415 kairos- immucore[661]: 8.
Sep 15 15:32:09.624415 kairos- immucore[661]:  <overlay-mount> (background: false) (weak: false) (run: true)
Sep 15 15:32:09.624415 kairos- immucore[661]: 9.
Sep 15 15:32:09.624415 kairos- immucore[661]:  <mount-bind> (background: false) (weak: false) (run: true)
Sep 15 15:32:09.624415 kairos- immucore[661]: 10.
Sep 15 15:32:09.624415 kairos- immucore[661]:  <enable-sysext-confext> (background: false) (weak: false) (run: true)
Sep 15 15:32:09.624415 kairos- immucore[661]:  <write-fstab> (background: false) (weak: false) (run: true)
Sep 15 15:32:09.624415 kairos- immucore[661]: 11.
Sep 15 15:32:09.624415 kairos- immucore[661]:  <initramfs-hook> (background: false) (weak: false) (run: true)
Sep 15 15:32:09.624415 kairos- immucore[661]: 
Sep 15 15:32:09.624415 kairos- immucore[661]: 2026-09-15T15:32:09Z INF Boot timeline (slowest first):
Sep 15 15:32:09.624415 kairos- immucore[661]: 1. <initramfs-hook> 2.92s (ok)
Sep 15 15:32:09.624415 kairos- immucore[661]: 2. <wait-for-sysroot> 2s (ok)
Sep 15 15:32:09.624415 kairos- immucore[661]: 3. <mount-bind> 1.926s (ok)
Sep 15 15:32:09.624415 kairos- immucore[661]: 4. <mount-oem> 1.068s (ok)
Sep 15 15:32:09.624415 kairos- immucore[661]: 5. <custom-mount> 1.059s (ok)
Sep 15 15:32:09.624415 kairos- immucore[661]: 6. <ensure-partitions> 1.006s (ok)
Sep 15 15:32:09.624415 kairos- immucore[661]: 7. <mount-tmpfs> 1.001s (ok)
Sep 15 15:32:09.624415 kairos- immucore[661]: 8. <rootfs-hook> 887ms (ok)
Sep 15 15:32:09.624415 kairos- immucore[661]: 9. <enable-sysext-confext> 12ms (ok)
Sep 15 15:32:09.624415 kairos- immucore[661]: 10. <create-sentinel> 7ms (ok)
Sep 15 15:32:09.624415 kairos- immucore[661]: 11. <overlay-mount> 5ms (ok)
Sep 15 15:32:09.624415 kairos- immucore[661]: 12. <mount-base-overlay> 4ms (ok)
Sep 15 15:32:09.624415 kairos- immucore[661]: 13. <upgrade-kcrypt> 2ms (ok)
Sep 15 15:32:09.624415 kairos- immucore[661]: 14. <write-fstab> 2ms (ok)
Sep 15 15:32:09.624415 kairos- immucore[661]: 15. <unlock-all> 0s (ok)
Sep 15 15:32:09.624415 kairos- immucore[661]: 16. <load-config> 0s (ok)
Sep 15 15:32:09.624415 kairos- immucore[661]: 
Sep 15 15:32:09.624415 kairos- immucore[661]: 2026-09-15T15:32:09Z INF Boot timeline step duration=2919.775086 rank=1 step=initramfs-hook
Sep 15 15:32:09.624415 kairos- immucore[661]: 2026-09-15T15:32:09Z INF Boot timeline step duration=2000.285387 rank=2 step=wait-for-sysroot
Sep 15 15:32:09.624415 kairos- immucore[661]: 2026-09-15T15:32:09Z INF Boot timeline step duration=1926.216397 rank=3 step=mount-bind
Sep 15 15:32:09.624415 kairos- immucore[661]: 2026-09-15T15:32:09Z INF Boot timeline step duration=1068.448552 rank=4 step=mount-oem
Sep 15 15:32:09.624415 kairos- immucore[661]: 2026-09-15T15:32:09Z INF Boot timeline step duration=1059.171943 rank=5 step=custom-mount
Sep 15 15:32:09.624415 kairos- immucore[661]: 2026-09-15T15:32:09Z INF Boot timeline step duration=1006.11689 rank=6 step=ensure-partitions
Sep 15 15:32:08.150307 kairos- kairos-immucore[661]: 
[0;90m
[0;38:5:245m
[0;1;31m
[0;90m
[0;38:5:245mCreating file /etc/sudoers
Sep 15 15:32:09.718871 kairos- immucore[661]: 2026-09-15T15:32:09Z INF Boot timeline step duration=1000.531991 rank=7 step=mount-tmpfs
Sep 15 15:32:09.718871 kairos- immucore[661]: 2026-09-15T15:32:09Z INF Boot timeline step duration=887.091572 rank=8 step=rootfs-hook
Sep 15 15:32:09.718871 kairos- immucore[661]: 2026-09-15T15:32:09Z INF Boot timeline step duration=12.474404 rank=9 step=enable-sysext-confext
Sep 15 15:32:09.718871 kairos- immucore[661]: 2026-09-15T15:32:09Z INF Boot timeline step duration=7.425831 rank=10 step=create-sentinel
Sep 15 15:32:09.718871 kairos- immucore[661]: 2026-09-15T15:32:09Z INF Boot timeline step duration=4.881507 rank=11 step=overlay-mount
Sep 15 15:32:09.718871 kairos- immucore[661]: 2026-09-15T15:32:09Z INF Boot timeline step duration=3.970925 rank=12 step=mount-base-overlay
Sep 15 15:32:09.718871 kairos- immucore[661]: 2026-09-15T15:32:09Z INF Boot timeline step duration=2.322125 rank=13 step=upgrade-kcrypt
Sep 15 15:32:09.718871 kairos- immucore[661]: 2026-09-15T15:32:09Z INF Boot timeline step duration=2.045435 rank=14 step=write-fstab
Sep 15 15:32:09.718871 kairos- immucore[661]: 2026-09-15T15:32:09Z INF Boot timeline step duration=0.487656 rank=15 step=unlock-all
Sep 15 15:32:09.718871 kairos- immucore[661]: 2026-09-15T15:32:09Z INF Boot timeline step duration=0.315663 rank=16 step=load-config
Sep 15 15:32:09.718871 kairos- immucore[661]: 2026-09-15T15:32:09Z INF Wrote boot timeline trace path=/run/immucore/boot-timeline.json
Sep 15 15:32:08.159769 kairos- kairos-immucore[661]: 
[0;1;33m
[0;1;38:5:185m
[0;1;39m
[0;1;33m
[0;1;38:5:185m(conditional) Skip 'Skipping stage (if statement error: failed to run (grep -q "interactive-install" /proc/cmdline || grep -q "install-mode-interactive" /proc/cmdline) && \
                                                     
[0;1;33m
[0;1;38:5:185m([ -f /run/cos/live_mode ] || [ -f /run/cos/uki_install_mode ])
                                                     
[0;1;33m
[0;1;38:5:185m: exit status 1)' stage name: Start installer on tty1..2
Sep 15 15:32:08.164013 kairos- kairos-immucore[661]: 
[0;90m
[0;38:5:245m
[0;1;31m
[0;90m
[0;38:5:245mCommand output: passwd: password changed.
Sep 15 15:32:08.164122 kairos- kairos-immucore[661]: Running layout plugin
Sep 15 15:32:08.164190 kairos- kairos-immucore[661]: 
[0;90m
[0;38:5:245m
[0;1;31m
[0;90m
[0;38:5:245mDevice field empty, skipping layout plugin
Sep 15 15:32:08.164336 kairos- kairos-immucore[661]: 
[0;90m
[0;38:5:245m
[0;1;31m
[0;90m
[0;38:5:245mReading '/system/oem/10_accounting.yaml'
Sep 15 15:32:08.164469 kairos- kairos-immucore[661]: 
[0;90m
[0;38:5:245m
[0;1;31m
[0;90m
[0;38:5:245mReading '/system/oem/52_installer.yaml'
Sep 15 15:32:08.164503 kairos- kairos-immucore[661]: 
[0;90m
[0;38:5:245m
[0;1;31m
[0;90m
[0;38:5:245mExecuting stage 'Default user, permissions and serial login.Ensure runtime permission.4'
Sep 15 15:32:08.164568 kairos- kairos-immucore[661]: 
[0;90m
[0;38:5:245m
[0;1;31m
[0;90m
[0;38:5:245mExecuting stage 'Start installer on tty1..3'
Sep 15 15:32:08.166918 kairos- kairos-immucore[661]: 
[0;90m
[0;38:5:245m
[0;1;31m
[0;90m
[0;38:5:245mIf statement result 
Sep 15 15:32:08.166951 kairos- kairos-immucore[661]: 
[0;1;33m
[0;1;38:5:185m
[0;1;39m
[0;1;33m
[0;1;38:5:185m(conditional) Skip 'Skipping stage (if statement error: failed to run (grep -q "interactive-install" /proc/cmdline || grep -q "install-mode-interactive" /proc/cmdline) && \
                                                     
[0;1;33m
[0;1;38:5:185m([ -f /run/cos/live_mode ] || [ -f /run/cos/uki_install_mode ])
                                                     
[0;1;33m
[0;1;38:5:185m: exit status 1)' stage name: Start installer on tty1..3
Sep 15 15:32:08.167013 kairos- kairos-immucore[661]: Processing stage step 'Default user, permissions and serial login.Ensure runtime permission.4'. ( commands: 2, files: 0, ... )
Sep 15 15:32:08.167133 kairos- kairos-immucore[661]: 
[0;90m
[0;38:5:245m
[0;1;31m
[0;90m
[0;38:5:245mStage: schema.Stage{
                                                     
[0;90m
[0;38:5:245m  Commands: []string{
                                                     
[0;90m
[0;38:5:245m    "chown -R root:admin /oem",
                                                     
[0;90m
[0;38:5:245m    "chmod 770 /oem",
                                                     
[0;90m
[0;38:5:245m  },
                                                     
[0;90m
[0;38:5:245m  If: "[ -e \"/oem\" ]",
                                                     
[0;90m
[0;38:5:245m  Name: "Ensure runtime permission",
                                                     
[0;90m
[0;38:5:245m}
Sep 15 15:32:08.169561 kairos- kairos-immucore[661]: 
[0;90m
[0;38:5:245m
[0;1;31m
[0;90m
[0;38:5:245mEmpty command output
Sep 15 15:32:08.172237 kairos- kairos-immucore[661]: 
[0;90m
[0;38:5:245m
[0;1;31m
[0;90m
[0;38:5:245mEmpty command output
Sep 15 15:32:08.172266 kairos- kairos-immucore[661]: Running layout plugin
Sep 15 15:32:08.172279 kairos- kairos-immucore[661]: 
[0;90m
[0;38:5:245m
[0;1;31m
[0;90m
[0;38:5:245mDevice field empty, skipping layout plugin
Sep 15 15:32:08.172319 kairos- kairos-immucore[661]: 
[0;90m
[0;38:5:245m
[0;1;31m
[0;90m
[0;38:5:245mReading '/system/oem/99_sysext.yaml'
Sep 15 15:32:09.031888 kairos- kairos-immucore[661]: 
[0;90m
[0;38:5:245m
[0;1;31m
[0;90m
[0;38:5:245mExecuting stage 'sysext and confext configuration.systemd-sysext/confext uki config'
Sep 15 15:32:09.032989 kairos- kairos-immucore[661]: 
[0;90m
[0;38:5:245m
[0;1;31m
[0;90m
[0;38:5:245mReading '/system/oem/10_accounting.yaml'
Sep 15 15:32:09.033075 kairos- kairos-immucore[661]: 
[0;90m
[0;38:5:245m
[0;1;31m
[0;90m
[0;38:5:245mExecuting stage 'Default user, permissions and serial login.Ensure runtime permission.5'
Sep 15 15:32:09.033934 kairos- kairos-immucore[661]: 
[0;1;33m
[0;1;38:5:185m
[0;1;39m
[0;1;33m
[0;1;38:5:185m(conditional) Skip 'Skipping stage (if statement error: failed to run [ -e "/usr/local/cloud-config" ]: exit status 1)' stage name: Default user, permissions and serial login.Ensure runtime permission.5
Sep 15 15:32:09.034104 kairos- kairos-immucore[661]: 
[0;1;33m
[0;1;38:5:185m
[0;1;39m
[0;1;33m
[0;1;38:5:185m(conditional) Skip 'Skipping stage (if statement error: failed to run [ -e "/run/cos/uki_boot_mode" ] && [ ! -e "/run/cos/recovery_mode" ] && [ ! -e "/run/cos/autoreset_mode" ]: exit status 1)' stage name: sysext and confext configuration.systemd-sysext/confext uki config
Sep 15 15:32:09.034226 kairos- kairos-immucore[661]: 
[0;90m
[0;38:5:245m
[0;1;31m
[0;90m
[0;38:5:245mReading '/system/oem/99_sysext.yaml'
Sep 15 15:32:09.034246 kairos- kairos-immucore[661]: 
[0;90m
[0;38:5:245m
[0;1;31m
[0;90m
[0;38:5:245mExecuting stage 'sysext and confext configuration.systemd-sysext/confext config'
Sep 15 15:32:09.035900 kairos- kairos-immucore[661]: 
[0;90m
[0;38:5:245m
[0;1;31m
[0;90m
[0;38:5:245mIf statement result 
Sep 15 15:32:09.035938 kairos- kairos-immucore[661]: 
[0;90m
[0;38:5:245m
[0;1;31m
[0;90m
[0;38:5:245mFound systemd at /bin/systemctl
Sep 15 15:32:09.035976 kairos- kairos-immucore[661]: Processing stage step 'sysext and confext configuration.systemd-sysext/confext config'. ( commands: 0, files: 2, ... )
Sep 15 15:32:09.036132 kairos- kairos-immucore[661]: 
[0;90m
[0;38:5:245m
[0;1;31m
[0;90m
[0;38:5:245mStage: schema.Stage{
                                                     
[0;90m
[0;38:5:245m  Files: []schema.File{
                                                     
[0;90m
[0;38:5:245m    schema.File{
                                                     
[0;90m
[0;38:5:245m      Path: "/etc/systemd/system/systemd-sysext.service.d/kairos.conf",
                                                     
[0;90m
[0;38:5:245m      Permissions: 420,
                                                     
[0;90m
[0;38:5:245m      Content: "[Service]\n# Make it timeout early to avoid blocking boot if keys are not in there to unlock sysext\nTimeoutStartSec=10\n# override exec and reload to set the image policy\nExecStart=\nExecStart=systemd-sysext refresh --image-policy=\"root=verity+absent:usr=verity+absent\"\nExecReload=\nExecReload=systemd-sysext refresh --image-policy=\"root=verity+absent:usr=verity+absent\"\n# set the sysext hierarchies so we dont overwrite our mount at /usr/local\n# set them very specifically instead of a generic /usr/local as systemd <= 255 mounts the overlay as RO\n# and we dont want the full /usr/local to be RO as we store state in there\n# on systemd 256 we can control if they are mutable or not\nEnvironment=\"SYSTEMD_SYSEXT_HIERARCHIES=/usr/local/bin:/usr/local/sbin:/usr/local/include:/usr/local/lib:/usr/local/share:/usr/local/src:/usr/bin:/usr/share:/usr/lib:/usr/include:/usr/src:/usr/sbin\"\n[Unit]\n# Make it timeout early to avoid blocking boot if keys are not in there to unlock sysext\nJobRunningTimeoutSec=5\n",
                                                     
[0;90m
[0;38:5:245m    },
                                                     
[0;90m
[0;38:5:245m    schema.File{
                                                     
[0;90m
[0;38:5:245m      Path: "/etc/systemd/system/systemd-confext.service.d/kairos.conf",
                                                     
[0;90m
[0;38:5:245m      Permissions: 420,
                                                     
[0;90m
[0;38:5:245m      Content: "[Service]\n# Make it timeout early to avoid blocking boot if keys are not in there to unlock sysext\nTimeoutStartSec=10\n# override exec and reload to set the image policy\nExecStart=\nExecStart=systemd-confext refresh --image-policy=\"root=verity+absent:usr=verity+absent\"\nExecReload=\nExecReload=systemd-confext refresh --image-policy=\"root=verity+absent:usr=verity+absent\"\n[Unit]\n# Make it timeout early to avoid blocking boot if keys are not in there to unlock sysext\nJobRunningTimeoutSec=5\n",
                                                     
[0;90m
[0;38:5:245m    },
                                                     
[0;90m
[0;38:5:245m  },
                                                     
[0;90m
[0;38:5:245m  If: "[ ! -e \"/run/cos/uki_boot_mode\" ] && [ ! -e \"/run/cos/recovery_mode\" ] && [ ! -e \"/run/cos/autoreset_mode\" ]",
                                                     
[0;90m
[0;38:5:245m  Name: "systemd-sysext/confext config",
                                                     
[0;90m
[0;38:5:245m  OnlyIfServiceManager: "systemd",
                                                     
[0;90m
[0;38:5:245m}
Sep 15 15:32:09.036225 kairos- kairos-immucore[661]: 
[0;90m
[0;38:5:245m
[0;1;31m
[0;90m
[0;38:5:245mCreating file /etc/systemd/system/systemd-sysext.service.d/kairos.conf
Sep 15 15:32:09.036251 kairos- kairos-immucore[661]: 
[0;90m
[0;38:5:245m
[0;1;31m
[0;90m
[0;38:5:245mCreating parent directories
Sep 15 15:32:09.036265 kairos- kairos-immucore[661]: 
[0;90m
[0;38:5:245m
[0;1;31m
[0;90m
[0;38:5:245mAdding execution bit to parent directory
Sep 15 15:32:09.036278 kairos- kairos-immucore[661]: 
[0;90m
[0;38:5:245m
[0;1;31m
[0;90m
[0;38:5:245mCreating directory /etc/systemd/system/systemd-sysext.service.d
Sep 15 15:32:09.036716 kairos- kairos-immucore[661]: 
[0;90m
[0;38:5:245m
[0;1;31m
[0;90m
[0;38:5:245mCreating file /etc/systemd/system/systemd-confext.service.d/kairos.conf
Sep 15 15:32:09.036749 kairos- kairos-immucore[661]: 
[0;90m
[0;38:5:245m
[0;1;31m
[0;90m
[0;38:5:245mCreating parent directories
Sep 15 15:32:09.036786 kairos- kairos-immucore[661]: 
[0;90m
[0;38:5:245m
[0;1;31m
[0;90m
[0;38:5:245mAdding execution bit to parent directory
Sep 15 15:32:09.036802 kairos- kairos-immucore[661]: 
[0;90m
[0;38:5:245m
[0;1;31m
[0;90m
[0;38:5:245mCreating directory /etc/systemd/system/systemd-confext.service.d
Sep 15 15:32:09.037796 kairos- kairos-immucore[661]: Running layout plugin
Sep 15 15:32:09.037863 kairos- kairos-immucore[661]: 
[0;90m
[0;38:5:245m
[0;1;31m
[0;90m
[0;38:5:245mDevice field empty, skipping layout plugin
Sep 15 15:32:09.037895 kairos- kairos-immucore[661]: 
[0;90m
[0;38:5:245m
[0;1;31m
[0;90m
[0;38:5:245mReading '/system/oem/99_sysext.yaml'
Sep 15 15:32:09.037909 kairos- kairos-immucore[661]: 
[0;90m
[0;38:5:245m
[0;1;31m
[0;90m
[0;38:5:245mExecuting stage 'sysext and confext configuration.systemd-sysext set hierarchy system-wide'
Sep 15 15:32:09.038558 kairos- kairos-immucore[661]: 
[0;90m
[0;38:5:245m
[0;1;31m
[0;90m
[0;38:5:245mIf statement result 
Sep 15 15:32:09.038611 kairos- kairos-immucore[661]: 
[0;90m
[0;38:5:245m
[0;1;31m
[0;90m
[0;38:5:245mFound systemd at /bin/systemctl
Sep 15 15:32:09.038646 kairos- kairos-immucore[661]: Processing stage step 'sysext and confext configuration.systemd-sysext set hierarchy system-wide'. ( commands: 0, files: 1, ... )
Sep 15 15:32:09.038733 kairos- kairos-immucore[661]: 
[0;90m
[0;38:5:245m
[0;1;31m
[0;90m
[0;38:5:245mStage: schema.Stage{
                                                     
[0;90m
[0;38:5:245m  Files: []schema.File{
                                                     
[0;90m
[0;38:5:245m    schema.File{
                                                     
[0;90m
[0;38:5:245m      Path: "/etc/profile.d/systemd-sysext.sh",
                                                     
[0;90m
[0;38:5:245m      Permissions: 420,
                                                     
[0;90m
[0;38:5:245m      Content: "export SYSTEMD_SYSEXT_HIERARCHIES=\"/usr/local/bin:/usr/local/sbin:/usr/local/include:/usr/local/lib:/usr/local/share:/usr/local/src:/usr/bin:/usr/share:/usr/lib:/usr/include:/usr/src:/usr/sbin\"\n",
                                                     
[0;90m
[0;38:5:245m    },
                                                     
[0;90m
[0;38:5:245m  },
                                                     
[0;90m
[0;38:5:245m  If: "[ ! -e \"/run/cos/recovery_mode\" ] && [ ! -e \"/run/cos/autoreset_mode\" ]",
                                                     
[0;90m
[0;38:5:245m  Name: "systemd-sysext set hierarchy system-wide",
                                                     
[0;90m
[0;38:5:245m  OnlyIfServiceManager: "systemd",
                                                     
[0;90m
[0;38:5:245m}
Sep 15 15:32:09.038797 kairos- kairos-immucore[661]: 
[0;90m
[0;38:5:245m
[0;1;31m
[0;90m
[0;38:5:245mCreating file /etc/profile.d/systemd-sysext.sh
Sep 15 15:32:09.039134 kairos- kairos-immucore[661]: Running layout plugin
Sep 15 15:32:09.039236 kairos- kairos-immucore[661]: 
[0;90m
[0;38:5:245m
[0;1;31m
[0;90m
[0;38:5:245mDevice field empty, skipping layout plugin
Sep 15 15:32:09.039348 kairos- kairos-immucore[661]: 
[0;90m
[0;38:5:245m
[0;1;31m
[0;90m
[0;38:5:245mReading '/system/oem/99_sysext.yaml'
Sep 15 15:32:09.039444 kairos- kairos-immucore[661]: 
[0;90m
[0;38:5:245m
[0;1;31m
[0;90m
[0;38:5:245mExecuting stage 'sysext and confext configuration.systemd-sysext/confext initramfs settings'
Sep 15 15:32:09.039461 kairos- kairos-immucore[661]: 
[0;90m
[0;38:5:245m
[0;1;31m
[0;90m
[0;38:5:245mFound systemd at /bin/systemctl
Sep 15 15:32:09.039557 kairos- kairos-immucore[661]: Processing stage step 'sysext and confext configuration.systemd-sysext/confext initramfs settings'. ( commands: 0, files: 0, ... )
Sep 15 15:32:09.039649 kairos- kairos-immucore[661]: 
[0;90m
[0;38:5:245m
[0;1;31m
[0;90m
[0;38:5:245mStage: schema.Stage{
                                                     
[0;90m
[0;38:5:245m  Name: "systemd-sysext/confext initramfs settings",
                                                     
[0;90m
[0;38:5:245m  Systemctl: schema.Systemctl{
                                                     
[0;90m
[0;38:5:245m    Enable: []string{
                                                     
[0;90m
[0;38:5:245m      "systemd-sysext",
                                                     
[0;90m
[0;38:5:245m      "systemd-confext",
                                                     
[0;90m
[0;38:5:245m    },
                                                     
[0;90m
[0;38:5:245m  },
                                                     
[0;90m
[0;38:5:245m  OnlyIfServiceManager: "systemd",
                                                     
[0;90m
[0;38:5:245m}
Sep 15 15:32:09.049102 kairos- kairos-immucore[661]: Running layout plugin
Sep 15 15:32:09.049201 kairos- kairos-immucore[661]: 
[0;90m
[0;38:5:245m
[0;1;31m
[0;90m
[0;38:5:245mDevice field empty, skipping layout plugin
Sep 15 15:32:09.049793 kairos- kairos-immucore[661]: 
[0;90m
[0;38:5:245m
[0;1;31m
[0;90m
[0;38:5:245mGenerating op for stage '/oem/95_userdata/userdata.yaml.0'
Sep 15 15:32:09.049847 kairos- kairos-immucore[661]: 
[0;90m
[0;38:5:245m
[0;1;31m
[0;90m
[0;38:5:245mGenerating op for stage '/oem/95_userdata/userdata.yaml.Set user and password'
Sep 15 15:32:09.049975 kairos- kairos-immucore[661]: 
[0;90m
[0;38:5:245m
[0;1;31m
[0;90m
[0;38:5:245mReading '/oem/95_userdata/userdata.yaml'
Sep 15 15:32:09.050083 kairos- kairos-immucore[661]: 
[0;90m
[0;38:5:245m
[0;1;31m
[0;90m
[0;38:5:245mExecuting stage '/oem/95_userdata/userdata.yaml.0'
Sep 15 15:32:09.050196 kairos- kairos-immucore[661]: Processing stage step '/oem/95_userdata/userdata.yaml.0'. ( commands: 0, files: 0, ... )
Sep 15 15:32:09.050296 kairos- kairos-immucore[661]: 
[0;90m
[0;38:5:245m
[0;1;31m
[0;90m
[0;38:5:245mStage: schema.Stage{}
Sep 15 15:32:09.050422 kairos- kairos-immucore[661]: Running layout plugin
Sep 15 15:32:09.050619 kairos- kairos-immucore[661]: 
[0;90m
[0;38:5:245m
[0;1;31m
[0;90m
[0;38:5:245mDevice field empty, skipping layout plugin
Sep 15 15:32:09.050658 kairos- kairos-immucore[661]: 
[0;90m
[0;38:5:245m
[0;1;31m
[0;90m
[0;38:5:245mReading '/oem/95_userdata/userdata.yaml'
Sep 15 15:32:09.050789 kairos- kairos-immucore[661]: 
[0;90m
[0;38:5:245m
[0;1;31m
[0;90m
[0;38:5:245mExecuting stage '/oem/95_userdata/userdata.yaml.Set user and password'
Sep 15 15:32:09.050891 kairos- kairos-immucore[661]: Processing stage step '/oem/95_userdata/userdata.yaml.Set user and password'. ( commands: 0, files: 0, ... )
Sep 15 15:32:09.051012 kairos- kairos-immucore[661]: 
[0;90m
[0;38:5:245m
[0;1;31m
[0;90m
[0;38:5:245mStage: schema.Stage{
                                                     
[0;90m
[0;38:5:245m  Name: "Set user and password",
                                                     
[0;90m
[0;38:5:245m  Users: map[string]schema.User{
                                                     
[0;90m
[0;38:5:245m    "kairos": schema.User{
                                                     
[0;90m
[0;38:5:245m      PasswordHash: "kairos",
                                                     
[0;90m
[0;38:5:245m      Groups: []string{
                                                     
[0;90m
[0;38:5:245m        "admin",
                                                     
[0;90m
[0;38:5:245m      },
                                                     
[0;90m
[0;38:5:245m    },
                                                     
[0;90m
[0;38:5:245m  },
                                                     
[0;90m
[0;38:5:245m}
Sep 15 15:32:09.053753 kairos- kairos-immucore[661]: Running layout plugin
Sep 15 15:32:09.053858 kairos- kairos-immucore[661]: 
[0;90m
[0;38:5:245m
[0;1;31m
[0;90m
[0;38:5:245mDevice field empty, skipping layout plugin
Sep 15 15:32:09.054087 kairos- kairos-immucore[661]: Done executing stage 'initramfs'
Sep 15 15:32:09.054114 kairos- kairos-immucore[661]: Running stage: initramfs.after
Sep 15 15:32:09.056504 kairos- kairos-immucore[661]: 
[0;90m
[0;38:5:245m
[0;1;31m
[0;90m
[0;38:5:245mGenerating op for stage 'Fonts fix for ubuntu QR code display.setup console fonts'
Sep 15 15:32:09.057418 kairos- kairos-immucore[661]: 
[0;90m
[0;38:5:245m
[0;1;31m
[0;90m
[0;38:5:245mGenerating op for stage 'Default user, permissions and serial login.Enable serial login for alpine'
Sep 15 15:32:09.058390 kairos- kairos-immucore[661]: 
[0;90m
[0;38:5:245m
[0;1;31m
[0;90m
[0;38:5:245mReading '/system/oem/10_accounting.yaml'
Sep 15 15:32:09.058407 kairos- kairos-immucore[661]: 
[0;90m
[0;38:5:245m
[0;1;31m
[0;90m
[0;38:5:245mExecuting stage 'Default user, permissions and serial login.Enable serial login for alpine'
Sep 15 15:32:09.058425 kairos- kairos-immucore[661]: 
[0;90m
[0;38:5:245m
[0;1;31m
[0;90m
[0;38:5:245mFound systemd at /bin/systemctl
Sep 15 15:32:09.058445 kairos- kairos-immucore[661]: 
[0;1;33m
[0;1;38:5:185m
[0;1;39m
[0;1;33m
[0;1;38:5:185m(conditional) Skip 'service manager doesn't match openrc' stage name: Default user, permissions and serial login.Enable serial login for alpine
Sep 15 15:32:09.058458 kairos- kairos-immucore[661]: 
[0;90m
[0;38:5:245m
[0;1;31m
[0;90m
[0;38:5:245mReading '/system/oem/03-setupcon.yaml'
Sep 15 15:32:09.058468 kairos- kairos-immucore[661]: 
[0;90m
[0;38:5:245m
[0;1;31m
[0;90m
[0;38:5:245mExecuting stage 'Fonts fix for ubuntu QR code display.setup console fonts'
Sep 15 15:32:09.058999 kairos- kairos-immucore[661]: 
[0;1;33m
[0;1;38:5:185m
[0;1;39m
[0;1;33m
[0;1;38:5:185m(conditional) Skip 'OnlyIfOs regex (Ubuntu.*|Debian.*) doesn't match os name Hadron Linux' stage name: Fonts fix for ubuntu QR code display.setup console fonts
Sep 15 15:32:09.059125 kairos- kairos-immucore[661]: Done executing stage 'initramfs.after'
Sep 15 15:32:09.059156 kairos- kairos-immucore[661]: Running stage: initramfs.before
Sep 15 15:32:09.059310 kairos- kairos-immucore[661]: Done executing stage 'initramfs.before'
Sep 15 15:32:09.059321 kairos- kairos-immucore[661]: Running stage: initramfs
Sep 15 15:32:09.060273 kairos- kairos-immucore[661]: Done executing stage 'initramfs'
Sep 15 15:32:09.060296 kairos- kairos-immucore[661]: Running stage: initramfs.after
Sep 15 15:32:09.060630 kairos- kairos-immucore[661]: Done executing stage 'initramfs.after'
Sep 15 15:32:09.060739 kairos- kairos-immucore[661]: 
[0;90m
[0;38:5:245m
[0;1;31m
[0;90m
[0;38:5:245mClosing chroot
Sep 15 15:32:09.060782 kairos- kairos-immucore[661]: 
[0;90m
[0;38:5:245m
[0;1;31m
[0;90m
[0;38:5:245mUnmounting from chroot
Sep 15 15:32:09.062990 kairos- kairos-immucore[661]: 
[0;90m
[0;38:5:245m
[0;1;31m
[0;90m
[0;38:5:245mUnmounting from chroot
Sep 15 15:32:09.063077 kairos- kairos-immucore[661]: 
[0;90m
[0;38:5:245m
[0;1;31m
[0;90m
[0;38:5:245mUnmounting from chroot
Sep 15 15:32:09.063985 kairos- systemd[1]: sysroot-run.mount: Deactivated successfully.
Sep 15 15:32:09.065115 kairos- systemd[1]: sysroot-run-initramfs-live.mount: Deactivated successfully.
Sep 15 15:32:09.065169 kairos- systemd[1]: sysroot-run-rootfsbase.mount: Deactivated successfully.
Sep 15 15:32:09.066776 kairos- kairos-immucore[661]: 
[0;90m
[0;38:5:245m
[0;1;31m
[0;90m
[0;38:5:245mUnmounting from chroot
Sep 15 15:32:09.067012 kairos- kairos-immucore[661]: 
[0;90m
[0;38:5:245m
[0;1;31m
[0;90m
[0;38:5:245mUnmounting from chroot
Sep 15 15:32:09.067088 kairos- kairos-immucore[661]: 
[0;90m
[0;38:5:245m
[0;1;31m
[0;90m
[0;38:5:245mUnmounting from chroot
Sep 15 15:32:09.067849 kairos- systemd[1]: sysroot-tmp.mount: Deactivated successfully.
Sep 15 15:32:09.068949 kairos- systemd[1]: sysroot-proc.mount: Deactivated successfully.
Sep 15 15:32:09.068987 kairos- systemd[1]: sysroot-dev-shm.mount: Deactivated successfully.
Sep 15 15:32:09.069376 kairos- kairos-immucore[661]: 
[0;90m
[0;38:5:245m
[0;1;31m
[0;90m
[0;38:5:245mUnmounting from chroot
Sep 15 15:32:09.070727 kairos- systemd[1]: sysroot-dev-pts.mount: Deactivated successfully.
Sep 15 15:32:09.072212 kairos- kairos-immucore[661]: 
[0;90m
[0;38:5:245m
[0;1;31m
[0;90m
[0;38:5:245mUnmounting from chroot
Sep 15 15:32:09.072461 kairos- kairos-immucore[661]: 
[0;90m
[0;38:5:245m
[0;1;31m
[0;90m
[0;38:5:245mUnmounting from chroot
Sep 15 15:32:09.074953 kairos- kairos-immucore[661]: 1.
                                                      <init> (background: false) (weak: false) (run: false)
                                                     2.
                                                      <create-sentinel> (background: false) (weak: false) (run: true)
                                                      <mount-tmpfs> (background: false) (weak: false) (run: true)
                                                      <wait-for-sysroot> (background: false) (weak: false) (run: true)
                                                     3.
                                                      <ensure-partitions> (background: false) (weak: false) (run: true)
                                                     4.
                                                      <upgrade-kcrypt> (background: false) (weak: false) (run: true)
                                                      <mount-oem> (background: false) (weak: false) (run: true)
                                                     5.
                                                      <rootfs-hook> (background: false) (weak: false) (run: true)
                                                      <unlock-all> (background: false) (weak: false) (run: true)
                                                     6.
                                                      <load-config> (background: false) (weak: false) (run: true)
                                                     7.
                                                      <custom-mount> (background: false) (weak: false) (run: true)
                                                      <mount-base-overlay> (background: false) (weak: false) (run: true)
                                                     8.
                                                      <overlay-mount> (background: false) (weak: false) (run: true)
                                                     9.
                                                      <mount-bind> (background: false) (weak: false) (run: true)
                                                     10.
                                                      <enable-sysext-confext> (background: false) (weak: false) (run: true)
                                                      <write-fstab> (background: false) (weak: false) (run: true)
                                                     11.
                                                      <initramfs-hook> (background: false) (weak: false) (run: true)
Sep 15 15:32:09.074996 kairos- kairos-immucore[661]: Boot timeline (slowest first):
                                                     1. <initramfs-hook> 2.92s (ok)
                                                     2. <wait-for-sysroot> 2s (ok)
                                                     3. <mount-bind> 1.926s (ok)
                                                     4. <mount-oem> 1.068s (ok)
                                                     5. <custom-mount> 1.059s (ok)
                                                     6. <ensure-partitions> 1.006s (ok)
                                                     7. <mount-tmpfs> 1.001s (ok)
                                                     8. <rootfs-hook> 887ms (ok)
                                                     9. <enable-sysext-confext> 12ms (ok)
                                                     10. <create-sentinel> 7ms (ok)
                                                     11. <overlay-mount> 5ms (ok)
                                                     12. <mount-base-overlay> 4ms (ok)
                                                     13. <upgrade-kcrypt> 2ms (ok)
                                                     14. <write-fstab> 2ms (ok)
                                                     15. <unlock-all> 0s (ok)
                                                     16. <load-config> 0s (ok)
Sep 15 15:32:09.075045 kairos- kairos-immucore[661]: Boot timeline step
Sep 15 15:32:09.075062 kairos- kairos-immucore[661]: Boot timeline step
Sep 15 15:32:09.075076 kairos- kairos-immucore[661]: Boot timeline step
Sep 15 15:32:09.075087 kairos- kairos-immucore[661]: Boot timeline step
Sep 15 15:32:09.075099 kairos- kairos-immucore[661]: Boot timeline step
Sep 15 15:32:09.075111 kairos- kairos-immucore[661]: Boot timeline step
Sep 15 15:32:09.075123 kairos- kairos-immucore[661]: Boot timeline step
Sep 15 15:32:09.075135 kairos- kairos-immucore[661]: Boot timeline step
Sep 15 15:32:09.075146 kairos- kairos-immucore[661]: Boot timeline step
Sep 15 15:32:09.075158 kairos- kairos-immucore[661]: Boot timeline step
Sep 15 15:32:09.075170 kairos- kairos-immucore[661]: Boot timeline step
Sep 15 15:32:09.075185 kairos- kairos-immucore[661]: Boot timeline step
Sep 15 15:32:09.075198 kairos- kairos-immucore[661]: Boot timeline step
Sep 15 15:32:09.075210 kairos- kairos-immucore[661]: Boot timeline step
Sep 15 15:32:09.075221 kairos- kairos-immucore[661]: Boot timeline step
Sep 15 15:32:09.075232 kairos- kairos-immucore[661]: Boot timeline step
Sep 15 15:32:09.075311 kairos- kairos-immucore[661]: Wrote boot timeline trace
Sep 15 15:32:09.081332 kairos- systemd[1]: Finished immucore.
Sep 15 15:32:09.087310 kairos- systemd[1]: Reached target Initrd File Systems.
Sep 15 15:32:09.090565 kairos- systemd[1]: Reached target Initrd Default Target.
Sep 15 15:32:09.125312 kairos- systemd[1]: Starting dracut pre-pivot and cleanup hook...
Sep 15 15:32:09.161286 kairos- systemd[1]: Finished dracut pre-pivot and cleanup hook.
Sep 15 15:32:09.176834 kairos- systemd[1]: Starting Cleaning Up and Shutting Down Daemons...
Sep 15 15:32:09.186185 kairos- systemd[1]: initrd-cleanup.service: Deactivated successfully.
Sep 15 15:32:09.186351 kairos- systemd[1]: Finished Cleaning Up and Shutting Down Daemons.
Sep 15 15:32:09.190011 kairos- systemd[1]: Stopped target Network.
Sep 15 15:32:09.194403 kairos- systemd[1]: Stopped target Host and Network Name Lookups.
Sep 15 15:32:09.196748 kairos- systemd[1]: Stopped target Remote Encrypted Volumes.
Sep 15 15:32:09.201767 kairos- systemd[1]: Stopped target Remote Verity Protected Volumes.
Sep 15 15:32:09.210040 kairos- systemd[1]: Stopped target Timer Units.
Sep 15 15:32:09.211908 kairos- systemd[1]: dracut-pre-pivot.service: Deactivated successfully.
Sep 15 15:32:09.211944 kairos- systemd[1]: Stopped dracut pre-pivot and cleanup hook.
Sep 15 15:32:09.218190 kairos- systemd[1]: Stopped target Initrd Default Target.
Sep 15 15:32:09.220254 kairos- systemd[1]: Stopped target Basic System.
Sep 15 15:32:09.224371 kairos- systemd[1]: Stopped target Initrd Root Device.
Sep 15 15:32:09.226301 kairos- systemd[1]: Stopped target Initrd /usr File System.
Sep 15 15:32:09.228357 kairos- systemd[1]: Stopped target Path Units.
Sep 15 15:32:09.230081 kairos- systemd[1]: Stopped target Remote File Systems.
Sep 15 15:32:09.234807 kairos- systemd[1]: Stopped target Preparation for Remote File Systems.
Sep 15 15:32:09.242973 kairos- systemd[1]: Stopped target Slice Units.
Sep 15 15:32:09.244774 kairos- systemd[1]: Stopped target Socket Units.
Sep 15 15:32:09.249073 kairos- systemd[1]: Stopped target System Initialization.
Sep 15 15:32:09.252838 kairos- systemd[1]: Stopped target Swaps.
Sep 15 15:32:09.255989 kairos- systemd[1]: Stopped target Local Verity Protected Volumes.
Sep 15 15:32:09.260465 kairos- systemd[1]: iscsid.socket: Deactivated successfully.
Sep 15 15:32:09.260525 kairos- systemd[1]: Closed Open-iSCSI iscsid Socket.
Sep 15 15:32:09.264146 kairos- systemd[1]: iscsiuio.socket: Deactivated successfully.
Sep 15 15:32:09.264187 kairos- systemd[1]: Closed Open-iSCSI iscsiuio Socket.
Sep 15 15:32:09.272329 kairos- systemd[1]: dracut-mount.service: Deactivated successfully.
Sep 15 15:32:09.272368 kairos- systemd[1]: Stopped dracut mount hook.
Sep 15 15:32:09.275392 kairos- systemd[1]: dracut-pre-mount.service: Deactivated successfully.
Sep 15 15:32:09.275432 kairos- systemd[1]: Stopped dracut pre-mount hook.
Sep 15 15:32:09.278532 kairos- systemd[1]: Stopped target Local Encrypted Volumes.
Sep 15 15:32:09.283853 kairos- systemd[1]: systemd-ask-password-console.path: Deactivated successfully.
Sep 15 15:32:09.284068 kairos- systemd[1]: Stopped Dispatch Password Requests to Console Directory Watch.
Sep 15 15:32:09.288954 kairos- systemd[1]: Stopped target Local Encrypted Volumes (Pre).
Sep 15 15:32:09.293213 kairos- systemd[1]: dracut-initqueue.service: Deactivated successfully.
Sep 15 15:32:09.293249 kairos- systemd[1]: Stopped dracut initqueue hook.
Sep 15 15:32:09.296148 kairos- systemd[1]: immucore.service: Deactivated successfully.
Sep 15 15:32:09.296176 kairos- systemd[1]: Stopped immucore.
Sep 15 15:32:09.297717 kairos- systemd[1]: immucore.service: Consumed 2.679s CPU time over 11.133s wall clock time, 153.3M memory peak.
Sep 15 15:32:09.297848 kairos- systemd[1]: Stopping Network Management...
Sep 15 15:32:09.299794 kairos- systemd[1]: Stopping Network Name Resolution...
Sep 15 15:32:09.304723 kairos- systemd[1]: systemd-tmpfiles-setup.service: Deactivated successfully.
Sep 15 15:32:09.304757 kairos- systemd[1]: Stopped Create System Files and Directories.
Sep 15 15:32:09.310135 kairos- systemd[1]: Stopped target Local File Systems.
Sep 15 15:32:09.312524 kairos- systemd[1]: Stopped target Preparation for Local File Systems.
Sep 15 15:32:09.326249 kairos- systemd[1]: Stopping Device-Mapper Multipath Device Controller...
Sep 15 15:32:09.335113 kairos- systemd[1]: systemd-udev-settle.service: Deactivated successfully.
Sep 15 15:32:09.335534 kairos- systemd[1]: Stopped Wait for udev To Complete Device Initialization.
Sep 15 15:32:09.338214 kairos- systemd[1]: systemd-udev-trigger.service: Deactivated successfully.
Sep 15 15:32:09.338245 kairos- systemd[1]: Stopped Coldplug All udev Devices.
Sep 15 15:32:09.344871 kairos- systemd[1]: dracut-pre-trigger.service: Deactivated successfully.
Sep 15 15:32:09.344898 kairos- systemd[1]: Stopped dracut pre-trigger hook.
Sep 15 15:32:09.349944 kairos- systemd[1]: systemd-vconsole-setup.service: Deactivated successfully.
Sep 15 15:32:09.350034 kairos- systemd[1]: Stopped Virtual Console Setup.
Sep 15 15:32:09.355293 kairos- systemd[1]: systemd-resolved.service: Deactivated successfully.
Sep 15 15:32:09.355412 kairos- systemd[1]: Stopped Network Name Resolution.
Sep 15 15:32:09.360132 kairos- systemd[1]: multipathd.service: Deactivated successfully.
Sep 15 15:32:09.360289 kairos- systemd[1]: Stopped Device-Mapper Multipath Device Controller.
Sep 15 15:32:09.364764 kairos- systemd[1]: systemd-networkd.service: Deactivated successfully.
Sep 15 15:32:09.364930 kairos- systemd[1]: Stopped Network Management.
Sep 15 15:32:09.374255 kairos- systemd[1]: systemd-networkd-resolve-hook.socket: Deactivated successfully.
Sep 15 15:32:09.374302 kairos- systemd[1]: Closed Network Management Resolve Hook Socket.
Sep 15 15:32:09.379242 kairos- systemd[1]: Stopped target Preparation for Network.
Sep 15 15:32:09.381320 kairos- systemd[1]: systemd-networkd.socket: Deactivated successfully.
Sep 15 15:32:09.381352 kairos- systemd[1]: Closed Network Management Netlink Socket.
Sep 15 15:32:09.387248 kairos- systemd[1]: systemd-sysctl.service: Deactivated successfully.
Sep 15 15:32:09.387275 kairos- systemd[1]: Stopped Apply Kernel Variables.
Sep 15 15:32:09.387383 kairos- systemd[1]: Stopping Rule-based Manager for Device Events and Files...
Sep 15 15:32:09.423203 kairos- systemd[1]: systemd-udevd.service: Deactivated successfully.
Sep 15 15:32:09.423341 kairos- systemd[1]: Stopped Rule-based Manager for Device Events and Files.
Sep 15 15:32:09.428166 kairos- systemd[1]: systemd-udevd.service: Consumed 1.209s CPU time over 12.196s wall clock time, 20.4M memory peak.
Sep 15 15:32:09.428265 kairos- systemd[1]: systemd-udevd-control.socket: Deactivated successfully.
Sep 15 15:32:09.428292 kairos- systemd[1]: Closed udev Control Socket.
Sep 15 15:32:09.431860 kairos- systemd[1]: dracut-pre-udev.service: Deactivated successfully.
Sep 15 15:32:09.431887 kairos- systemd[1]: Stopped dracut pre-udev hook.
Sep 15 15:32:09.435786 kairos- systemd[1]: dracut-cmdline.service: Deactivated successfully.
Sep 15 15:32:09.435811 kairos- systemd[1]: Stopped dracut cmdline hook.
Sep 15 15:32:09.445719 kairos- systemd[1]: Starting Cleanup udev Database...
Sep 15 15:32:09.447448 kairos- systemd[1]: systemd-network-generator.service: Deactivated successfully.
Sep 15 15:32:09.447481 kairos- systemd[1]: Stopped Generate Network Units from Kernel Command Line.
Sep 15 15:32:09.449956 kairos- systemd[1]: systemd-tmpfiles-setup-dev.service: Deactivated successfully.
Sep 15 15:32:09.450003 kairos- systemd[1]: Stopped Create Static Device Nodes in /dev.
Sep 15 15:32:09.453285 kairos- systemd[1]: systemd-tmpfiles-setup-dev-early.service: Deactivated successfully.
Sep 15 15:32:09.453314 kairos- systemd[1]: Stopped Create Static Device Nodes in /dev gracefully.
Sep 15 15:32:09.457012 kairos- systemd[1]: kmod-static-nodes.service: Deactivated successfully.
Sep 15 15:32:09.457047 kairos- systemd[1]: Stopped Create List of Static Device Nodes.
Sep 15 15:32:09.460440 kairos- systemd[1]: initrd-udevadm-cleanup-db.service: Deactivated successfully.
Sep 15 15:32:09.460623 kairos- systemd[1]: Finished Cleanup udev Database.
Sep 15 15:32:09.465284 kairos- systemd[1]: Reached target Switch Root.
Sep 15 15:32:09.480014 kairos- systemd[1]: Starting Switch Root...
Sep 15 15:32:09.486982 kairos- systemd[1]: 
[0;1;39m
[0;1;31m
[0;1;39mSwitching root.
Sep 15 15:32:09.772794 kairos- systemd-journald[361]: Journal stopped
Sep 15 15:32:11.152126 kairos kernel: NET: Registered PF_VSOCK protocol family
Sep 15 15:32:11.152160 kairos systemd[1]: systemd 261.1 running in system mode (+PAM -AUDIT -SELINUX -APPARMOR +IMA +IPE +SMACK +SECCOMP -GCRYPT -GNUTLS +OPENSSL +ACL +BLKID -CURL -ELFUTILS -FIDO2 -IDN2 +KMOD +LIBCRYPTSETUP +LIBCRYPTSETUP_PLUGINS +LIBFDISK -PCRE2 -PWQUALITY -P11KIT -QRENCODE +TPM2 -BZIP2 +LZ4 +XZ +ZLIB +ZSTD -BPF_FRAMEWORK -BTF -XKBCOMMON -UTMP -LIBARCHIVE)
Sep 15 15:32:11.152175 kairos systemd[1]: Detected virtualization kvm.
Sep 15 15:32:11.152183 kairos systemd[1]: Detected architecture x86-64.
Sep 15 15:32:11.152188 kairos systemd[1]: Hostname set to <kairos>.
Sep 15 15:32:11.152195 kairos systemd[1]: initrd-switch-root.service: Deactivated successfully.
Sep 15 15:32:11.152203 kairos systemd[1]: Stopped Switch Root.
Sep 15 15:32:11.152212 kairos systemd[1]: systemd-journald.service: Scheduled restart job, restart counter is at 1.
Sep 15 15:32:11.152218 kairos systemd[1]: Created slice Slice /system/getty.
Sep 15 15:32:11.152223 kairos systemd[1]: Created slice Slice /system/serial-getty.
Sep 15 15:32:11.152229 kairos systemd[1]: Created slice User and Session Slice.
Sep 15 15:32:11.152235 kairos systemd[1]: Started Dispatch Password Requests to Console Directory Watch.
Sep 15 15:32:11.152240 kairos systemd[1]: Started Forward Password Requests to Wall Directory Watch.
Sep 15 15:32:11.152247 kairos systemd[1]: Set up automount Arbitrary Executable File Formats File System Automount Point.
Sep 15 15:32:11.152254 kairos systemd[1]: Expecting device /dev/ttyS0...
Sep 15 15:32:11.152260 kairos systemd[1]: Stopped target Switch Root.
Sep 15 15:32:11.152266 kairos systemd[1]: Stopped target Initrd File Systems.
Sep 15 15:32:11.152271 kairos systemd[1]: Stopped target Initrd Root File System.
Sep 15 15:32:11.152277 kairos systemd[1]: Reached target Local Integrity Protected Volumes.
Sep 15 15:32:11.152283 kairos systemd[1]: Reached target Path Units.
Sep 15 15:32:11.152289 kairos systemd[1]: Reached target Slice Units.
Sep 15 15:32:11.152294 kairos systemd[1]: Reached target Swaps.
Sep 15 15:32:11.152300 kairos systemd[1]: Reached target Local Verity Protected Volumes.
Sep 15 15:32:11.152305 kairos systemd[1]: Listening on Query the User Interactively for a Password.
Sep 15 15:32:11.152311 kairos systemd[1]: Listening on Credential Encryption/Decryption.
Sep 15 15:32:11.152317 kairos systemd[1]: Listening on Factory Reset Management.
Sep 15 15:32:11.152322 kairos systemd[1]: Listening on Hostname Service Socket.
Sep 15 15:32:11.152328 kairos systemd[1]: Journal Audit Socket skipped, unmet condition check ConditionSecurity=audit
Sep 15 15:32:11.152333 kairos systemd[1]: Listening on DDI File System Mounter Socket.
Sep 15 15:32:11.152339 kairos systemd[1]: Listening on Console Output Muting Service Socket.
Sep 15 15:32:11.152345 kairos systemd[1]: Listening on Network Management Metrics Varlink Socket.
Sep 15 15:32:11.152351 kairos systemd[1]: Listening on Network Management Varlink Socket.
Sep 15 15:32:11.152356 kairos systemd[1]: Listening on Network Management Netlink Socket.
Sep 15 15:32:11.152362 kairos systemd[1]: Listening on Userspace Out-Of-Memory (OOM) Killer Socket.
Sep 15 15:32:11.152368 kairos systemd[1]: TPM PCR Measurements skipped, unmet condition check ConditionSecurity=measured-os
Sep 15 15:32:11.152373 kairos systemd[1]: Make TPM PCR Policy skipped, unmet condition check ConditionSecurity=measured-uki
Sep 15 15:32:11.152379 kairos systemd[1]: Listening on Report System Basic Metrics Socket.
Sep 15 15:32:11.152385 kairos systemd[1]: Listening on CGroup Report Varlink Socket.
Sep 15 15:32:11.152391 kairos systemd[1]: Listening on Resolve Monitor Varlink Socket.
Sep 15 15:32:11.152396 kairos systemd[1]: Listening on Resolve Service Varlink Socket.
Sep 15 15:32:11.152403 kairos systemd[1]: Listening on Simple Block Device Backed Storage Provider.
Sep 15 15:32:11.152410 kairos systemd[1]: Listening on Simple File System Backed Storage Provider.
Sep 15 15:32:11.152415 kairos systemd[1]: Listening on udev Control Socket.
Sep 15 15:32:11.152421 kairos systemd[1]: Listening on udev Varlink Socket.
Sep 15 15:32:11.152426 kairos systemd[1]: Mounting Huge Pages File System...
Sep 15 15:32:11.152432 kairos systemd[1]: Mounting POSIX Message Queue File System...
Sep 15 15:32:11.152437 kairos systemd[1]: Mounting Kernel Debug File System...
Sep 15 15:32:11.152443 kairos systemd[1]: Mounting Kernel Trace File System...
Sep 15 15:32:11.152449 kairos systemd[1]: Starting Create List of Static Device Nodes...
Sep 15 15:32:11.152455 kairos systemd[1]: Load Kernel Module configfs skipped, unmet condition check ConditionKernelModuleLoaded=!configfs
Sep 15 15:32:11.152461 kairos systemd[1]: Load Kernel Module dm_multipath skipped, unmet condition check ConditionKernelModuleLoaded=!dm_multipath
Sep 15 15:32:11.152466 kairos systemd[1]: Load Kernel Module drm skipped, unmet condition check ConditionKernelModuleLoaded=!drm
Sep 15 15:32:11.152472 kairos systemd[1]: Load Kernel Module fuse skipped, unmet condition check ConditionKernelModuleLoaded=!fuse
Sep 15 15:32:11.152478 kairos systemd[1]: Mounting FUSE Control File System...
Sep 15 15:32:11.152485 kairos systemd[1]: Clear SysFail Entry If The Boot Is Successful skipped, unmet condition check ConditionPathExists=/sys/firmware/efi/efivars/LoaderEntrySysFail-4a67b082-0a4c-41cf-b6c7-440b29bb8c4f
Sep 15 15:32:11.152495 kairos systemd[1]: Clear Stale Hibernate Storage Info skipped, unmet condition check ConditionPathExists=/sys/firmware/efi/efivars/HibernateLocation-8cf2644b-4b0b-428f-9387-6d876050dc67
Sep 15 15:32:11.152532 kairos systemd[1]: Starting Journal Service...
Sep 15 15:32:11.152546 kairos systemd[1]: Load Kernel Modules skipped, no trigger condition checks were met.
Sep 15 15:32:11.152553 kairos systemd[1]: Starting Generate Network Units from Kernel Command Line...
Sep 15 15:32:11.152559 kairos systemd[1]: TPM PCR Machine ID Measurement skipped, unmet condition check ConditionSecurity=measured-os
Sep 15 15:32:11.152579 kairos systemd-journald[1265]: Collecting audit messages is disabled.
Sep 15 15:32:11.152597 kairos systemd[1]: TPM PCR OS Separator skipped, unmet condition check ConditionSecurity=measured-os
Sep 15 15:32:11.152604 kairos systemd-journald[1265]: Journal started
Sep 15 15:32:11.152625 kairos systemd-journald[1265]: Runtime Journal (/run/log/journal/84c4d66fbbf449f4a3c8c9240cf27738) is 7.4M, max 59.3M, 51.8M free.
Sep 15 15:32:10.803956 kairos systemd[1]: Queued start job for default target Multi-User System.
Sep 15 15:32:10.805782 kairos systemd[1]: Unnecessary job was removed for /dev/vda1.
Sep 15 15:32:10.805794 kairos systemd[1]: Unnecessary job was removed for /dev/vda2.
Sep 15 15:32:10.806170 kairos systemd[1]: systemd-journald.service: Deactivated successfully.
Sep 15 15:32:10.806323 kairos systemd[1]: systemd-journald.service: Consumed 4.861s CPU time over 13.947s wall clock time, 8.9M memory peak.
Sep 15 15:32:11.162182 kairos systemd[1]: Starting Remount Root and Kernel File Systems...
Sep 15 15:32:11.168916 kairos systemd[1]: Starting Apply Kernel Variables...
Sep 15 15:32:11.179118 kairos systemd[1]: Early TPM SRK Setup skipped, unmet condition check ConditionSecurity=measured-os
Sep 15 15:32:11.179152 kairos systemd[1]: TPM PCR NvPCR Initialization Separator skipped, unmet condition check ConditionPathExists=/etc/initrd-release
Sep 15 15:32:11.182258 kairos systemd[1]: Reached target Local Encrypted Volumes.
Sep 15 15:32:11.189722 kairos systemd[1]: TPM NvPCR Product ID Measurement skipped, unmet condition check ConditionSecurity=measured-os
Sep 15 15:32:11.202952 kairos systemd[1]: Starting Load udev Rules from Credentials...
Sep 15 15:32:11.208740 kairos systemd[1]: Starting Coldplug All udev Devices...
Sep 15 15:32:11.214731 kairos systemd[1]: Started Journal Service.
Sep 15 15:32:11.216797 kairos systemd[1]: Mounted Huge Pages File System.
Sep 15 15:32:11.218808 kairos systemd[1]: Mounted POSIX Message Queue File System.
Sep 15 15:32:11.221079 kairos systemd[1]: Mounted Kernel Debug File System.
Sep 15 15:32:11.223096 kairos systemd[1]: Mounted Kernel Trace File System.
Sep 15 15:32:11.225361 kairos systemd[1]: Finished Create List of Static Device Nodes.
Sep 15 15:32:11.227637 kairos systemd[1]: Mounted FUSE Control File System.
Sep 15 15:32:11.230007 kairos systemd[1]: Finished Generate Network Units from Kernel Command Line.
Sep 15 15:32:11.233449 kairos systemd[1]: Finished Remount Root and Kernel File Systems.
Sep 15 15:32:11.236147 kairos systemd[1]: Finished Apply Kernel Variables.
Sep 15 15:32:11.239608 kairos systemd[1]: Finished Load udev Rules from Credentials.
Sep 15 15:32:11.244435 kairos systemd[1]: Reached target Preparation for Network.
Sep 15 15:32:11.247242 kairos systemd[1]: Listening on Network Management Resolve Hook Socket.
Sep 15 15:32:11.254967 kairos systemd[1]: Starting Device-Mapper Multipath Device Controller...
Sep 15 15:32:11.257360 kairos systemd[1]: One time configuration for iscsi.service skipped, unmet condition check ConditionPathExists=!/etc/iscsi/initiatorname.iscsi
Sep 15 15:32:11.272491 kairos systemd[1]: Starting Rebuild Hardware Database...
Sep 15 15:32:11.283320 kairos systemd[1]: Starting Flush Journal to Persistent Storage...
Sep 15 15:32:11.285550 kairos systemd[1]: Lock File Systems to TPM PCR Policy skipped, unmet condition check ConditionSecurity=measured-uki
Sep 15 15:32:11.285580 kairos systemd[1]: Lock Machine ID to TPM PCR Policy skipped, unmet condition check ConditionSecurity=measured-uki
Sep 15 15:32:11.286247 kairos systemd[1]: Starting Load/Save OS Random Seed...
Sep 15 15:32:11.291265 kairos systemd[1]: Starting Create Static Device Nodes in /dev gracefully...
Sep 15 15:32:11.295702 kairos systemd[1]: TPM SRK Setup skipped, unmet condition check ConditionSecurity=measured-os
Sep 15 15:32:11.295745 kairos systemd[1]: Lock Firmware Code to TPM PCR Policy skipped, unmet condition check ConditionSecurity=measured-uki
Sep 15 15:32:11.295758 kairos systemd[1]: Lock Firmware Configuration to TPM PCR Policy skipped, unmet condition check ConditionSecurity=measured-uki
Sep 15 15:32:11.295770 kairos systemd[1]: Lock UEFI SecureBoot Authority to TPM PCR Policy skipped, unmet condition check ConditionSecurity=measured-uki
Sep 15 15:32:11.295779 kairos systemd[1]: Lock UEFI SecureBoot Policy to TPM PCR Policy skipped, unmet condition check ConditionSecurity=measured-uki
Sep 15 15:32:11.298463 kairos systemd-journald[1265]: Time spent on flushing to /var/log/journal/84c4d66fbbf449f4a3c8c9240cf27738 is 26.761ms for 3190 entries.
Sep 15 15:32:11.298463 kairos systemd-journald[1265]: System Journal (/var/log/journal/84c4d66fbbf449f4a3c8c9240cf27738) is 8M, max 388.6M, 380.6M free.
Sep 15 15:32:11.308967 kairos systemd[1]: Finished Coldplug All udev Devices.
Sep 15 15:32:11.350465 kairos multipathd[1282]: multipathd v0.14.3: start up
Sep 15 15:32:11.350465 kairos multipathd[1282]: A dynamic linking error occurred: (Symbol not found: __epoll_pwait2_time64)
Sep 15 15:32:11.350465 kairos multipathd[1282]: Could not set SCHED_RR at priority 10
Sep 15 15:32:11.350465 kairos multipathd[1282]: reconfigure: setting up paths and maps
Sep 15 15:32:11.350465 kairos multipathd[1282]: _check_bindings_file: failed to read header from /etc/multipath/bindings
Sep 15 15:32:11.350465 kairos multipathd[1282]: updated bindings file /etc/multipath/bindings
Sep 15 15:32:11.350768 kairos systemd-journald[1265]: Received client request to flush runtime journal.
Sep 15 15:32:11.327993 kairos systemd[1]: Finished Load/Save OS Random Seed.
Sep 15 15:32:11.336478 kairos systemd[1]: First Boot Complete skipped, unmet condition check ConditionFirstBoot=yes
Sep 15 15:32:11.341315 kairos systemd[1]: Started Device-Mapper Multipath Device Controller.
Sep 15 15:32:11.349337 kairos systemd[1]: Finished Create Static Device Nodes in /dev gracefully.
Sep 15 15:32:11.352305 kairos systemd[1]: Finished Flush Journal to Persistent Storage.
Sep 15 15:32:11.361328 kairos systemd[1]: Starting Create System Users...
Sep 15 15:32:11.377781 kairos systemd[1]: Finished Create System Users.
Sep 15 15:32:11.384109 kairos systemd[1]: Starting Journal Log Access Socket...
Sep 15 15:32:11.394114 kairos systemd[1]: Starting Userspace Out-Of-Memory (OOM) Killer...
Sep 15 15:32:11.408517 kairos systemd[1]: Starting Network Name Resolution...
Sep 15 15:32:11.419081 kairos systemd[1]: Starting Network Time Synchronization...
Sep 15 15:32:11.429616 kairos systemd[1]: Starting Create Static Device Nodes in /dev...
Sep 15 15:32:11.436152 kairos systemd[1]: Listening on Journal Log Access Socket.
Sep 15 15:32:11.438942 kairos systemd[1]: Finished Create Static Device Nodes in /dev.
Sep 15 15:32:11.441479 kairos systemd[1]: proc-sys-fs-binfmt_misc.automount: Got automount request for /proc/sys/fs/binfmt_misc, triggered by 1303 ((systemd-oomd))
Sep 15 15:32:11.441905 kairos systemd[1]: Reached target Preparation for Local File Systems.
Sep 15 15:32:11.712989 kairos systemd[1]: Finished Rebuild Hardware Database.
Sep 15 15:32:11.719870 kairos systemd[1]: Starting Rule-based Manager for Device Events and Files...
Sep 15 15:32:11.737866 kairos systemd-udevd[1312]: Using default interface naming scheme 'v261'.
Sep 15 15:32:11.758759 kairos systemd-udevd[1312]: 
[0;1;31m
[0;1;39m
[0;1;31m/usr/lib/udev/rules.d/tpm-udev.rules:3 Failed to resolve user 'tss', ignoring: Unknown user
Sep 15 15:32:11.759075 kairos systemd-udevd[1312]: 
[0;1;31m
[0;1;39m
[0;1;31m/usr/lib/udev/rules.d/tpm-udev.rules:4 Failed to resolve group 'tss', ignoring: Unknown group
Sep 15 15:32:11.759263 kairos systemd[1]: Started Rule-based Manager for Device Events and Files.
Sep 15 15:32:11.767025 kairos systemd[1]: Starting Network Management...
Sep 15 15:32:11.790978 kairos systemd[1]: Load Kernel Module configfs skipped, unmet condition check ConditionKernelModuleLoaded=!configfs
Sep 15 15:32:11.794004 kairos systemd[1]: Load Kernel Module fuse skipped, unmet condition check ConditionKernelModuleLoaded=!fuse
Sep 15 15:32:11.814219 kairos systemd[1]: Mounting Arbitrary Executable File Formats File System...
Sep 15 15:32:11.821090 kairos systemd[1]: Mounting /tmp...
Sep 15 15:32:11.838436 kairos systemd[1]: Virtual Machine and Container Storage (Compatibility) skipped, unmet condition check ConditionPathExists=/var/lib/machines.raw
Sep 15 15:32:11.838473 kairos systemd[1]: Reached target Virtual Machines and Containers.
Sep 15 15:32:11.848056 kairos systemd[1]: Mounted Arbitrary Executable File Formats File System.
Sep 15 15:32:11.850845 kairos systemd[1]: Mounted /tmp.
Sep 15 15:32:11.857092 kairos systemd[1]: Condition check resulted in /dev/ttyS0 being skipped.
Sep 15 15:32:11.866827 kairos systemd[1]: Reached target Local File Systems.
Sep 15 15:32:11.877216 kairos systemd[1]: Listening on Boot Loader Control Service Socket.
Sep 15 15:32:11.884150 kairos systemd[1]: Listening on System Extension Image Management.
Sep 15 15:32:11.894352 kairos systemd[1]: Starting cOS system after FS setup...
Sep 15 15:32:11.898439 kairos systemd[1]: Set Up Additional Binary Formats skipped, no trigger condition checks were met.
Sep 15 15:32:11.898468 kairos systemd[1]: Update Boot Loader Random Seed skipped, no trigger condition checks were met.
Sep 15 15:32:11.901760 kairos systemd[1]: Starting Automatic Boot Loader Update...
Sep 15 15:32:11.904447 kairos systemd[1]: Merge System Configuration Images into /etc/ skipped, no trigger condition checks were met.
Sep 15 15:32:11.904510 kairos systemd[1]: Save Transient machine-id to Disk skipped, unmet condition check ConditionPathIsMountPoint=/etc/machine-id
Sep 15 15:32:11.904653 kairos systemd[1]: Merge System Extension Images into /usr/ and /opt/ skipped, no trigger condition checks were met.
Sep 15 15:32:11.905857 kairos systemd[1]: Starting Create System Files and Directories...
Sep 15 15:32:11.926013 kairos bootctl[1346]: Couldn't find EFI system partition, skipping.
Sep 15 15:32:11.926570 kairos systemd[1]: Finished Automatic Boot Loader Update.
Sep 15 15:32:11.979348 kairos systemd[1]: Condition check resulted in /sys/devices/virtual/misc/rfkill being skipped.
Sep 15 15:32:11.979458 kairos systemd[1]: Listening on Load/Save RF Kill Switch Status /dev/rfkill Watch.
Sep 15 15:32:11.995287 kairos systemd[1]: Starting Virtual Console Setup...
Sep 15 15:32:12.038541 kairos systemd[1]: Finished Create System Files and Directories.
Sep 15 15:32:12.050005 kairos systemd[1]: Starting Rebuild Journal Catalog...
Sep 15 15:32:12.082418 kairos nfsrahead[1357]: skipping non-NFS device 7:0
Sep 15 15:32:12.082864 kairos nfsrahead[1356]: skipping non-NFS device 11:0
Sep 15 15:32:12.083131 kairos nfsrahead[1352]: skipping non-NFS device 253:0
Sep 15 15:32:12.083460 kairos nfsrahead[1354]: skipping non-NFS device 11:2
Sep 15 15:32:12.084709 kairos nfsrahead[1353]: skipping non-NFS device 2:0
Sep 15 15:32:12.089456 kairos systemd-resolved[1304]: Positive Trust Anchors:
Sep 15 15:32:12.089708 kairos systemd-resolved[1304]: . IN DS 20326 8 2 e06d44b80b8f1d39a95c0b0d7c65d08458e880409bbc683457104237c7f8ec8d
Sep 15 15:32:12.089880 kairos systemd-resolved[1304]: . IN DS 38696 8 2 683d2d0acb8c9b712a1948b27f741219298d0a450d612c483af444a4c0fb2b16
Sep 15 15:32:12.089973 kairos systemd-resolved[1304]: Negative trust anchors: home.arpa 10.in-addr.arpa 16.172.in-addr.arpa 17.172.in-addr.arpa 18.172.in-addr.arpa 19.172.in-addr.arpa 20.172.in-addr.arpa 21.172.in-addr.arpa 22.172.in-addr.arpa 23.172.in-addr.arpa 24.172.in-addr.arpa 25.172.in-addr.arpa 26.172.in-addr.arpa 27.172.in-addr.arpa 28.172.in-addr.arpa 29.172.in-addr.arpa 30.172.in-addr.arpa 31.172.in-addr.arpa 170.0.0.192.in-addr.arpa 171.0.0.192.in-addr.arpa 168.192.in-addr.arpa d.f.ip6.arpa ipv4only.arpa resolver.arpa corp home internal intranet lan local private test
Sep 15 15:32:12.092563 kairos nfsrahead[1355]: skipping non-NFS device 11:1
Sep 15 15:32:12.094754 kairos systemd[1]: Started Network Time Synchronization.
Sep 15 15:32:12.096081 kairos kernel: piix4_smbus 0000:00:01.3: SMBus Host Controller at 0x700, revision 0
Sep 15 15:32:12.096274 kairos kernel: i2c i2c-0: Memory type 0x07 not supported yet, not instantiating SPD
Sep 15 15:32:12.100373 kairos systemd[1]: Reached target System Time Set.
Sep 15 15:32:12.152173 kairos systemd-oomd[1303]: 
[0;1;33m
[0;1;38:5:185m
[0;1;39m
[0;1;33m
[0;1;38:5:185mNo swap; memory pressure usage will be degraded
Sep 15 15:32:12.159051 kairos kairos-agent[1345]: Kairos Agent
Sep 15 15:32:12.159284 kairos kairos-agent[1345]: 2026-09-15T15:32:12Z INF Kairos Agent version=v4.3.0-rc3-5-g3b0005495
Sep 15 15:32:12.167649 kairos systemd[1]: Started Userspace Out-Of-Memory (OOM) Killer.
Sep 15 15:32:12.590628 kairos kernel: input: PC Speaker as /devices/platform/pcspkr/input/input5
Sep 15 15:32:12.590549 kairos systemd-timesyncd[1306]: Contacted time server 216.239.35.0:123 (time1.google.com).
Sep 15 15:32:12.590611 kairos systemd-timesyncd[1306]: Initial clock synchronization to Tue 2026-09-15 15:32:12.590425 UTC.
Sep 15 15:32:12.596717 kairos kairos-agent[1345]: Boot Mode
Sep 15 15:32:12.597529 kairos kairos-agent[1345]: 2026-09-15T15:32:12Z INF Boot Mode boot_mode=active_boot
Sep 15 15:32:12.603420 kairos kairos-agent[1345]: Boot in uki mode
Sep 15 15:32:12.606530 kairos kairos-agent[1345]: 2026-09-15T15:32:12Z INF Boot in uki mode result=false
Sep 15 15:32:12.606530 kairos kairos-agent[1345]: 2026-09-15T15:32:12Z INF Running stage: fs.before
Sep 15 15:32:12.606530 kairos kairos-agent[1345]: 
Sep 15 15:32:12.603639 kairos kairos-agent[1345]: Running stage: fs.before
Sep 15 15:32:12.608083 kairos kernel: parport_pc 00:03: reported by Plug and Play ACPI
Sep 15 15:32:12.608256 kairos kernel: parport0: PC-style at 0x378, irq 7 [PCSPP,TRISTATE]
Sep 15 15:32:12.609998 kairos systemd-resolved[1304]: Using system hostname 'kairos'.
Sep 15 15:32:12.610570 kairos systemd-networkd[1314]: lo: Link UP
Sep 15 15:32:12.610578 kairos systemd-networkd[1314]: lo: Gained carrier
Sep 15 15:32:12.610595 kairos systemd-networkd[1314]: ens3: Link UP
Sep 15 15:32:12.610598 kairos systemd-networkd[1314]: ens3: Gained carrier
Sep 15 15:32:12.614664 kairos systemd[1]: Finished Rebuild Journal Catalog.
Sep 15 15:32:12.619971 kairos systemd-networkd[1314]: ens3: Gained IPv6LL
Sep 15 15:32:12.620135 kairos systemd[1]: Starting Update is Completed...
Sep 15 15:32:12.621406 kairos systemd-networkd[1314]: ens3: Configuring with /etc/systemd/network/20-dhcp.network.
Sep 15 15:32:12.622344 kairos systemd[1]: Started Network Management.
Sep 15 15:32:12.629194 kairos systemd[1]: Starting Enable Persistent Storage in systemd-networkd...
Sep 15 15:32:12.633660 kairos systemd[1]: Starting Wait for Network to be Online...
Sep 15 15:32:12.642954 kairos systemd[1]: Started Network Name Resolution.
Sep 15 15:32:12.645641 kairos systemd[1]: Reached target Network.
Sep 15 15:32:12.647795 kairos systemd[1]: Reached target Host and Network Name Lookups.
Sep 15 15:32:12.663649 kairos kairos-agent[1345]: Done executing stage 'fs.before'
Sep 15 15:32:12.668426 kairos kairos-agent[1345]: 2026-09-15T15:32:12Z INF Done executing stage 'fs.before'
Sep 15 15:32:12.668426 kairos kairos-agent[1345]: 
Sep 15 15:32:12.668426 kairos kairos-agent[1345]: 2026-09-15T15:32:12Z INF Running stage: fs
Sep 15 15:32:12.668426 kairos kairos-agent[1345]: 
Sep 15 15:32:12.667396 kairos kairos-agent[1345]: Running stage: fs
Sep 15 15:32:12.670553 kairos systemd[1]: Finished Update is Completed.
Sep 15 15:32:12.675413 kairos systemd-vconsole-setup[1359]: 
[0;1;39m
[0;1;31m
[0;1;39mConfiguration of first virtual console was skipped, ignoring remaining ones.
Sep 15 15:32:12.678172 kairos systemd[1]: Finished Virtual Console Setup.
Sep 15 15:32:12.683335 kairos systemd[1]: Finished Enable Persistent Storage in systemd-networkd.
Sep 15 15:32:12.717703 kairos kairos-agent[1345]: Processing stage step 'Rootfs Layout Settings.Save /etc/machine-id for systemd systems'. ( commands: 1, files: 0, ... )
Sep 15 15:32:12.718295 kairos kairos-agent[1345]: 2026-09-15T15:32:12Z INF Processing stage step 'Rootfs Layout Settings.Save /etc/machine-id for systemd systems'. ( commands: 1, files: 0, ... )
Sep 15 15:32:12.725079 kairos kairos-agent[1345]: Running layout plugin
Sep 15 15:32:12.725216 kairos kairos-agent[1345]: 2026-09-15T15:32:12Z INF Running layout plugin
Sep 15 15:32:12.726430 kairos kairos-agent[1345]: 
[0;1;33m
[0;1;38:5:185m
[0;1;39m
[0;1;33m
[0;1;38:5:185m(conditional) Skip 'Skipping stage (if statement error: failed to run [ ! -f "/run/cos/recovery_mode" ] && [ ! -s /var/lib/dbus/machine-id ]: exit status 1)' stage name: Rootfs Layout Settings.Save /etc/machine-id for openrc systems
Sep 15 15:32:12.726551 kairos kairos-agent[1345]: 2026-09-15T15:32:12Z WRN (conditional) Skip 'Skipping stage (if statement error: failed to run [ ! -f "/run/cos/recovery_mode" ] && [ ! -s /var/lib/dbus/machine-id ]: exit status 1)' stage name: Rootfs Layout Settings.Save /etc/machine-id for openrc systems
Sep 15 15:32:12.727552 kairos kairos-agent[1345]: Done executing stage 'fs'
Sep 15 15:32:12.727973 kairos kairos-agent[1345]: 2026-09-15T15:32:12Z INF Done executing stage 'fs'
Sep 15 15:32:12.727973 kairos kairos-agent[1345]: 
Sep 15 15:32:12.728262 kairos kairos-agent[1345]: Running stage: fs.after
Sep 15 15:32:12.728717 kairos kairos-agent[1345]: 2026-09-15T15:32:12Z INF Running stage: fs.after
Sep 15 15:32:12.728717 kairos kairos-agent[1345]: 
Sep 15 15:32:12.756600 kairos kairos-agent[1345]: Processing stage step 'sysext and confext configuration.Default sysext/confext extensions dirs'. ( commands: 0, files: 0, ... )
Sep 15 15:32:12.757640 kairos kairos-agent[1345]: 2026-09-15T15:32:12Z INF Processing stage step 'sysext and confext configuration.Default sysext/confext extensions dirs'. ( commands: 0, files: 0, ... )
Sep 15 15:32:12.763846 kairos kairos-agent[1345]: Running layout plugin
Sep 15 15:32:12.766871 kairos kairos-agent[1345]: 2026-09-15T15:32:12Z INF Running layout plugin
Sep 15 15:32:12.766871 kairos kairos-agent[1345]: 2026-09-15T15:32:12Z WRN (conditional) Skip 'Skipping stage (if statement error: failed to run [ ! -d /usr/local/cloud-config ]: exit status 1)' stage name: Rootfs Layout Settings.Ensure /usr/local/cloud-config exists
Sep 15 15:32:12.766574 kairos kairos-agent[1345]: 
[0;1;33m
[0;1;38:5:185m
[0;1;39m
[0;1;33m
[0;1;38:5:185m(conditional) Skip 'Skipping stage (if statement error: failed to run [ ! -d /usr/local/cloud-config ]: exit status 1)' stage name: Rootfs Layout Settings.Ensure /usr/local/cloud-config exists
Sep 15 15:32:12.766998 kairos kairos-agent[1345]: 
[0;1;33m
[0;1;38:5:185m
[0;1;39m
[0;1;33m
[0;1;38:5:185m(conditional) Skip 'Skipping stage (if statement error: failed to run [ -d "/usr/local/.c3os" ]: exit status 1)' stage name: c3os sentinel migration.Rename sentinel dir
Sep 15 15:32:12.767119 kairos kairos-agent[1345]: 2026-09-15T15:32:12Z WRN (conditional) Skip 'Skipping stage (if statement error: failed to run [ -d "/usr/local/.c3os" ]: exit status 1)' stage name: c3os sentinel migration.Rename sentinel dir
Sep 15 15:32:12.768919 kairos kairos-agent[1345]: Done executing stage 'fs.after'
Sep 15 15:32:12.768988 kairos kairos-agent[1345]: 2026-09-15T15:32:12Z INF Done executing stage 'fs.after'
Sep 15 15:32:12.768988 kairos kairos-agent[1345]: 
Sep 15 15:32:12.769546 kairos kairos-agent[1345]: 2026-09-15T15:32:12Z INF Running stage: fs.before
Sep 15 15:32:12.769546 kairos kairos-agent[1345]: 
Sep 15 15:32:12.769546 kairos kairos-agent[1345]: 2026-09-15T15:32:12Z INF Done executing stage 'fs.before'
Sep 15 15:32:12.769546 kairos kairos-agent[1345]: 
Sep 15 15:32:12.769546 kairos kairos-agent[1345]: 2026-09-15T15:32:12Z INF Running stage: fs
Sep 15 15:32:12.769546 kairos kairos-agent[1345]: 
Sep 15 15:32:12.769546 kairos kairos-agent[1345]: 2026-09-15T15:32:12Z INF Done executing stage 'fs'
Sep 15 15:32:12.769546 kairos kairos-agent[1345]: 
Sep 15 15:32:12.769546 kairos kairos-agent[1345]: 2026-09-15T15:32:12Z INF Running stage: fs.after
Sep 15 15:32:12.769546 kairos kairos-agent[1345]: 
Sep 15 15:32:12.769546 kairos kairos-agent[1345]: 2026-09-15T15:32:12Z INF Done executing stage 'fs.after'
Sep 15 15:32:12.769546 kairos kairos-agent[1345]: 
Sep 15 15:32:12.769082 kairos kairos-agent[1345]: Running stage: fs.before
Sep 15 15:32:12.769275 kairos kairos-agent[1345]: Done executing stage 'fs.before'
Sep 15 15:32:12.769296 kairos kairos-agent[1345]: Running stage: fs
Sep 15 15:32:12.769396 kairos kairos-agent[1345]: Done executing stage 'fs'
Sep 15 15:32:12.769433 kairos kairos-agent[1345]: Running stage: fs.after
Sep 15 15:32:12.769513 kairos kairos-agent[1345]: Done executing stage 'fs.after'
Sep 15 15:32:12.772898 kairos systemd[1]: Finished cOS system after FS setup.
Sep 15 15:32:12.780959 kairos systemd[1]: Reached target System Initialization.
Sep 15 15:32:12.784928 kairos systemd[1]: Started cOS setup reconciler.
Sep 15 15:32:12.789148 kairos systemd[1]: Started Daily Cleanup of Temporary Directories.
Sep 15 15:32:12.793426 kairos systemd[1]: Reached target Timer Units.
Sep 15 15:32:12.797189 kairos systemd[1]: Listening on D-Bus System Message Bus Socket.
Sep 15 15:32:12.800796 kairos systemd[1]: Listening on Open-iSCSI iscsid Socket.
Sep 15 15:32:12.803966 kairos systemd[1]: Listening on Open-iSCSI iscsiuio Socket.
Sep 15 15:32:12.812721 kairos systemd[1]: Listening on OpenSSH Server Socket (systemd-ssh-generator, AF_UNIX Local).
Sep 15 15:32:12.816725 kairos kernel: kvm_amd: TSC scaling supported
Sep 15 15:32:12.816754 kairos kernel: kvm_amd: Nested Virtualization enabled
Sep 15 15:32:12.823636 kairos kernel: kvm_amd: Nested Paging enabled
Sep 15 15:32:12.823660 kairos kernel: kvm_amd: LBR virtualization supported
Sep 15 15:32:12.825914 kairos kernel: kvm_amd: Virtual VMLOAD VMSAVE supported
Sep 15 15:32:12.828889 kairos kernel: kvm_amd: Virtual GIF supported
Sep 15 15:32:12.828879 kairos systemd[1]: Listening on User Login Management Varlink Socket.
Sep 15 15:32:12.831930 kairos kernel: 
[0;1;31m
[0;1;39m
[0;1;31mError: Driver 'pcspkr' is already registered, aborting...
Sep 15 15:32:12.831954 kairos kernel: kvm_amd: Virtual NMI enabled
Sep 15 15:32:12.841472 kairos kernel: ppdev: user-space parallel port driver
Sep 15 15:32:12.845880 kairos systemd[1]: Listening on Virtual Machine and Container Registration Service Socket.
Sep 15 15:32:12.849956 kairos systemd[1]: Reached target Socket Units.
Sep 15 15:32:12.887662 kairos systemd[1]: Starting iSCSI UserSpace I/O driver...
Sep 15 15:32:12.890571 kairos systemd[1]: TPM PCR Barrier (Initialization) skipped, unmet condition check ConditionSecurity=measured-os
Sep 15 15:32:12.890655 kairos systemd[1]: Reached target Basic System.
Sep 15 15:32:12.897207 kairos iscsiuio[1388]: INFO Started iSCSI uio stack: Ver 0.7.8.8
Sep 15 15:32:12.903328 kairos systemd[1]: Starting cOS system configuration...
Sep 15 15:32:12.906906 kairos systemd[1]: Starting D-Bus System Message Bus...
Sep 15 15:32:12.911431 kairos systemd[1]: Starting Restore /run/initramfs on shutdown...
Sep 15 15:32:12.924540 kairos systemd[1]: Starting SSH Key Generation...
Sep 15 15:32:12.931135 kairos systemd[1]: Starting User Login Management...
Sep 15 15:32:12.932862 kairos ssh-keygen[1397]: ssh-keygen: generating new host keys: ECDSA
Sep 15 15:32:12.935004 kairos systemd[1]: Started iSCSI UserSpace I/O driver.
Sep 15 15:32:12.937422 kairos systemd[1]: sshkeygen.service: Deactivated successfully.
Sep 15 15:32:12.937624 kairos systemd[1]: Finished SSH Key Generation.
Sep 15 15:32:12.946662 kairos systemd[1]: Starting OpenSSH Daemon...
Sep 15 15:32:12.954295 kairos kairos-agent[1391]: Kairos Agent
Sep 15 15:32:12.954491 kairos kairos-agent[1391]: 2026-09-15T15:32:12Z INF Kairos Agent version=v4.3.0-rc3-5-g3b0005495
Sep 15 15:32:12.954520 kairos systemd[1]: Finished Restore /run/initramfs on shutdown.
Sep 15 15:32:12.966550 kairos kairos-agent[1391]: Boot Mode
Sep 15 15:32:12.967127 kairos kairos-agent[1391]: 2026-09-15T15:32:12Z INF Boot Mode boot_mode=active_boot
Sep 15 15:32:12.967127 kairos kairos-agent[1391]: 2026-09-15T15:32:12Z INF Boot in uki mode result=false
Sep 15 15:32:12.967127 kairos kairos-agent[1391]: 2026-09-15T15:32:12Z INF Running stage: boot.before
Sep 15 15:32:12.967127 kairos kairos-agent[1391]: 
Sep 15 15:32:12.966605 kairos kairos-agent[1391]: Boot in uki mode
Sep 15 15:32:12.966772 kairos kairos-agent[1391]: Running stage: boot.before
Sep 15 15:32:12.974517 kairos sshd[1405]: Server listening on 0.0.0.0 port 22.
Sep 15 15:32:12.974639 kairos systemd[1]: Started OpenSSH Daemon.
Sep 15 15:32:12.974534 kairos sshd[1405]: Server listening on :: port 22.
Sep 15 15:32:12.977171 kairos systemd[1]: Reached target SSH Access Available.
Sep 15 15:32:12.984481 kairos kairos-agent[1391]: 
[0;1;33m
[0;1;38:5:185m
[0;1;39m
[0;1;33m
[0;1;38:5:185m(conditional) Skip 'service manager doesn't match openrc' stage name: /system/oem/30_ulimit.yaml.Setup higher limit for open files
Sep 15 15:32:12.984763 kairos kairos-agent[1391]: 2026-09-15T15:32:12Z WRN (conditional) Skip 'service manager doesn't match openrc' stage name: /system/oem/30_ulimit.yaml.Setup higher limit for open files
Sep 15 15:32:12.984784 kairos dbus-daemon[1392]: 
[0;1;33m
[0;1;38:5:185m
[0;1;39m
[0;1;33m
[0;1;38:5:185mFailed to drop supplementary groups: Operation not permitted
Sep 15 15:32:12.984955 kairos systemd[1]: Started D-Bus System Message Bus.
Sep 15 15:32:12.994193 kairos kairos-agent[1391]: 
[0;1;33m
[0;1;38:5:185m
[0;1;39m
[0;1;33m
[0;1;38:5:185m(conditional) Skip 'Skipping stage (if statement error: failed to run cat /proc/cmdline | grep -q "active.img" && grep -vq "rd.immucore.uki" /proc/cmdline
                                                  
[0;1;33m
[0;1;38:5:185m: exit status 1)' stage name: Boot assessment and branding.Remove GRUB sentinels
Sep 15 15:32:12.994401 kairos kairos-agent[1391]: 2026-09-15T15:32:12Z WRN (conditional) Skip 'Skipping stage (if statement error: failed to run cat /proc/cmdline | grep -q "active.img" && grep -vq "rd.immucore.uki" /proc/cmdline
Sep 15 15:32:12.994401 kairos kairos-agent[1391]: : exit status 1)' stage name: Boot assessment and branding.Remove GRUB sentinels
Sep 15 15:32:13.006188 kairos systemd-logind[1400]: New seat seat0.
Sep 15 15:32:13.007279 kairos systemd-logind[1400]: Watching system buttons on /dev/input/event0 (Power Button)
Sep 15 15:32:13.007390 kairos systemd-logind[1400]: Watching system buttons on /dev/input/event1 (AT Translated Set 2 keyboard)
Sep 15 15:32:13.007744 kairos systemd[1]: Started User Login Management.
Sep 15 15:32:13.010414 kairos kairos-agent[1391]: 
[0;1;33m
[0;1;38:5:185m
[0;1;39m
[0;1;33m
[0;1;38:5:185m(conditional) Skip 'Skipping stage (if statement error: failed to run [[ $(kairos-agent state get kairos.flavor) =~ ^alpine ]]: exit status 1)' stage name: Rootfs Layout Settings.Mount tmp on alpine
Sep 15 15:32:13.010632 kairos kairos-agent[1391]: 2026-09-15T15:32:13Z WRN (conditional) Skip 'Skipping stage (if statement error: failed to run [[ $(kairos-agent state get kairos.flavor) =~ ^alpine ]]: exit status 1)' stage name: Rootfs Layout Settings.Mount tmp on alpine
Sep 15 15:32:13.013573 kairos kairos-agent[1391]: 
[0;1;33m
[0;1;38:5:185m
[0;1;39m
[0;1;33m
[0;1;38:5:185m(conditional) Skip 'Skipping stage (if statement error: failed to run cat /proc/cmdline | grep -q "upgrade_failure" && grep -vq "rd.immucore.uki" /proc/cmdline
                                                  
[0;1;33m
[0;1;38:5:185m: exit status 1)' stage name: Boot assessment and branding.Create upgrade failure sentinel if necessary
Sep 15 15:32:13.013641 kairos kairos-agent[1391]: 2026-09-15T15:32:13Z WRN (conditional) Skip 'Skipping stage (if statement error: failed to run cat /proc/cmdline | grep -q "upgrade_failure" && grep -vq "rd.immucore.uki" /proc/cmdline
Sep 15 15:32:13.013641 kairos kairos-agent[1391]: : exit status 1)' stage name: Boot assessment and branding.Create upgrade failure sentinel if necessary
Sep 15 15:32:13.026114 kairos kairos-agent[1391]: 
[0;1;33m
[0;1;38:5:185m
[0;1;39m
[0;1;33m
[0;1;38:5:185m(conditional) Skip 'Skipping stage (if statement error: failed to run [[ $(kairos-agent state get kairos.flavor) =~ ^alpine ]]: exit status 1)' stage name: Rootfs Layout Settings.Mount BPF on Alpine systems
Sep 15 15:32:13.026217 kairos kairos-agent[1391]: 2026-09-15T15:32:13Z WRN (conditional) Skip 'Skipping stage (if statement error: failed to run [[ $(kairos-agent state get kairos.flavor) =~ ^alpine ]]: exit status 1)' stage name: Rootfs Layout Settings.Mount BPF on Alpine systems
Sep 15 15:32:13.026454 kairos kairos-agent[1391]: Done executing stage 'boot.before'
Sep 15 15:32:13.026479 kairos kairos-agent[1391]: Running stage: boot
Sep 15 15:32:13.026512 kairos kairos-agent[1391]: 2026-09-15T15:32:13Z INF Done executing stage 'boot.before'
Sep 15 15:32:13.026512 kairos kairos-agent[1391]: 
Sep 15 15:32:13.026512 kairos kairos-agent[1391]: 2026-09-15T15:32:13Z INF Running stage: boot
Sep 15 15:32:13.026512 kairos kairos-agent[1391]: 
Sep 15 15:32:13.031302 kairos kairos-agent[1391]: 
[0;1;33m
[0;1;38:5:185m
[0;1;39m
[0;1;33m
[0;1;38:5:185m(conditional) Skip 'Skipping stage (if statement error: failed to run [ -f "/run/cos/recovery_mode" ]: exit status 1)' stage name: Start recovery on tty1.Recovery
Sep 15 15:32:13.031530 kairos kairos-agent[1391]: 2026-09-15T15:32:13Z WRN (conditional) Skip 'Skipping stage (if statement error: failed to run [ -f "/run/cos/recovery_mode" ]: exit status 1)' stage name: Start recovery on tty1.Recovery
Sep 15 15:32:13.031673 kairos kairos-agent[1391]: Processing stage step 'Default config.Default sysctl settings'. ( commands: 0, files: 0, ... )
Sep 15 15:32:13.031750 kairos kairos-agent[1391]: 2026-09-15T15:32:13Z INF Processing stage step 'Default config.Default sysctl settings'. ( commands: 0, files: 0, ... )
Sep 15 15:32:13.031768 kairos kairos-agent[1391]: Running layout plugin
Sep 15 15:32:13.031815 kairos kairos-agent[1391]: 2026-09-15T15:32:13Z INF Running layout plugin
Sep 15 15:32:13.032715 kairos kairos-agent[1391]: 
[0;1;33m
[0;1;38:5:185m
[0;1;39m
[0;1;33m
[0;1;38:5:185m(conditional) Skip 'service manager doesn't match openrc' stage name: Enable QEMU tools.Enable QEMU.0
Sep 15 15:32:13.032737 kairos kairos-agent[1391]: 
[0;1;33m
[0;1;38:5:185m
[0;1;39m
[0;1;33m
[0;1;38:5:185m(conditional) Skip 'Skipping stage (if statement error: failed to run ([ -f /run/cos/live_mode ] || [ -f /run/cos/uki_install_mode ])
                                                  
[0;1;33m
[0;1;38:5:185m: exit status 1)' stage name: Start installer on tty1..0
Sep 15 15:32:13.032852 kairos kairos-agent[1391]: 2026-09-15T15:32:13Z WRN (conditional) Skip 'service manager doesn't match openrc' stage name: Enable QEMU tools.Enable QEMU.0
Sep 15 15:32:13.032852 kairos kairos-agent[1391]: 2026-09-15T15:32:13Z WRN (conditional) Skip 'Skipping stage (if statement error: failed to run ([ -f /run/cos/live_mode ] || [ -f /run/cos/uki_install_mode ])
Sep 15 15:32:13.032852 kairos kairos-agent[1391]: : exit status 1)' stage name: Start installer on tty1..0
Sep 15 15:32:13.032996 kairos kairos-agent[1391]: Processing stage step 'Start agent.0'. ( commands: 2, files: 1, ... )
Sep 15 15:32:13.033107 kairos kairos-agent[1391]: 2026-09-15T15:32:13Z INF Processing stage step 'Start agent.0'. ( commands: 2, files: 1, ... )
Sep 15 15:32:13.042735 kairos systemd[1]: 
[0;1;39m
[0;1;31m
[0;1;39mReload requested from client PID 1440 ('systemctl') (unit cos-setup-boot.service)...
Sep 15 15:32:13.042775 kairos systemd[1]: Reloading...
Sep 15 15:32:13.195915 kairos systemd[1]: Reloading finished in 152 ms.
Sep 15 15:32:13.222983 kairos kairos-agent[1391]: Running layout plugin
Sep 15 15:32:13.223583 kairos kairos-agent[1391]: 2026-09-15T15:32:13Z INF Running layout plugin
Sep 15 15:32:13.228000 kairos kairos-agent[1391]: 
[0;1;33m
[0;1;38:5:185m
[0;1;39m
[0;1;33m
[0;1;38:5:185m(conditional) Skip 'Skipping stage (if statement error: failed to run ([ -f /run/cos/live_mode ] || [ -f /run/cos/uki_install_mode ])
                                                  
[0;1;33m
[0;1;38:5:185m: exit status 1)' stage name: Start installer on tty1..1
Sep 15 15:32:13.228210 kairos kairos-agent[1391]: 2026-09-15T15:32:13Z WRN (conditional) Skip 'Skipping stage (if statement error: failed to run ([ -f /run/cos/live_mode ] || [ -f /run/cos/uki_install_mode ])
Sep 15 15:32:13.228210 kairos kairos-agent[1391]: : exit status 1)' stage name: Start installer on tty1..1
Sep 15 15:32:13.229622 kairos kairos-agent[1391]: Processing stage step 'Enable QEMU tools.Enable QEMU.1'. ( commands: 1, files: 0, ... )
Sep 15 15:32:13.229812 kairos kairos-agent[1391]: 2026-09-15T15:32:13Z INF Processing stage step 'Enable QEMU tools.Enable QEMU.1'. ( commands: 1, files: 0, ... )
Sep 15 15:32:13.234218 kairos kairos-agent[1391]: 
[0;1;31m
[0;1;39m
[0;1;31mError on file /system/oem/26_vm.yaml on stage Enable QEMU: 1 error occurred:
                                                  
[0;1;31m        * failed to run systemctl start qemu-guest-agent: exit status 5
                                                  
[0;1;31mcommand output:
                                                  
[0;1;31mFailed to start qemu-guest-agent.service: Unit qemu-guest-agent.service not found.
                                                  
[0;1;31m
                                                  
[0;1;31m
Sep 15 15:32:13.234400 kairos kairos-agent[1391]: 2026-09-15T15:32:13Z ERR Error on file /system/oem/26_vm.yaml on stage Enable QEMU: 1 error occurred:
Sep 15 15:32:13.234400 kairos kairos-agent[1391]:         * failed to run systemctl start qemu-guest-agent: exit status 5
Sep 15 15:32:13.234400 kairos kairos-agent[1391]: command output:
Sep 15 15:32:13.234400 kairos kairos-agent[1391]: Failed to start qemu-guest-agent.service: Unit qemu-guest-agent.service not found.
Sep 15 15:32:13.234400 kairos kairos-agent[1391]: 
Sep 15 15:32:13.234618 kairos kairos-agent[1391]: Running layout plugin
Sep 15 15:32:13.234882 kairos kairos-agent[1391]: 2026-09-15T15:32:13Z INF Running layout plugin
Sep 15 15:32:13.236119 kairos kairos-agent[1391]: 
[0;1;33m
[0;1;38:5:185m
[0;1;39m
[0;1;33m
[0;1;38:5:185m(conditional) Skip 'Skipping stage (if statement error: failed to run grep -iE "Virtualbox" /sys/class/dmi/id/product_name
                                                  
[0;1;33m
[0;1;38:5:185m: exit status 1)' stage name: Enable QEMU tools.Enable VBOX.2
Sep 15 15:32:13.236184 kairos kairos-agent[1391]: 2026-09-15T15:32:13Z WRN (conditional) Skip 'Skipping stage (if statement error: failed to run grep -iE "Virtualbox" /sys/class/dmi/id/product_name
Sep 15 15:32:13.236184 kairos kairos-agent[1391]: : exit status 1)' stage name: Enable QEMU tools.Enable VBOX.2
Sep 15 15:32:13.237270 kairos kairos-agent[1391]: 
[0;1;33m
[0;1;38:5:185m
[0;1;39m
[0;1;33m
[0;1;38:5:185m(conditional) Skip 'Skipping stage (if statement error: failed to run grep -iE "Virtualbox" /sys/class/dmi/id/product_name
                                                  
[0;1;33m
[0;1;38:5:185m: exit status 1)' stage name: Enable QEMU tools.Enable VBOX.3
Sep 15 15:32:13.237333 kairos kairos-agent[1391]: 2026-09-15T15:32:13Z WRN (conditional) Skip 'Skipping stage (if statement error: failed to run grep -iE "Virtualbox" /sys/class/dmi/id/product_name
Sep 15 15:32:13.237333 kairos kairos-agent[1391]: : exit status 1)' stage name: Enable QEMU tools.Enable VBOX.3
Sep 15 15:32:13.238362 kairos kairos-agent[1391]: 
[0;1;33m
[0;1;38:5:185m
[0;1;39m
[0;1;33m
[0;1;38:5:185m(conditional) Skip 'Skipping stage (if statement error: failed to run grep -iE "VMware" /sys/class/dmi/id/product_name
                                                  
[0;1;33m
[0;1;38:5:185m: exit status 1)' stage name: Enable QEMU tools.Enable VMWARE.4
Sep 15 15:32:13.238529 kairos kairos-agent[1391]: 2026-09-15T15:32:13Z WRN (conditional) Skip 'Skipping stage (if statement error: failed to run grep -iE "VMware" /sys/class/dmi/id/product_name
Sep 15 15:32:13.238529 kairos kairos-agent[1391]: : exit status 1)' stage name: Enable QEMU tools.Enable VMWARE.4
Sep 15 15:32:13.240212 kairos kairos-agent[1391]: 
[0;1;33m
[0;1;38:5:185m
[0;1;39m
[0;1;33m
[0;1;38:5:185m(conditional) Skip 'Skipping stage (if statement error: failed to run grep -iE "VMware" /sys/class/dmi/id/product_name
                                                  
[0;1;33m
[0;1;38:5:185m: exit status 1)' stage name: Enable QEMU tools.Enable VMWARE.5
Sep 15 15:32:13.240521 kairos kairos-agent[1391]: 2026-09-15T15:32:13Z WRN (conditional) Skip 'Skipping stage (if statement error: failed to run grep -iE "VMware" /sys/class/dmi/id/product_name
Sep 15 15:32:13.240521 kairos kairos-agent[1391]: : exit status 1)' stage name: Enable QEMU tools.Enable VMWARE.5
Sep 15 15:32:13.241164 kairos kairos-agent[1391]: Processing stage step '/oem/95_userdata/userdata.yaml.0'. ( commands: 0, files: 0, ... )
Sep 15 15:32:13.241265 kairos kairos-agent[1391]: Running layout plugin
Sep 15 15:32:13.241305 kairos kairos-agent[1391]: 2026-09-15T15:32:13Z INF Processing stage step '/oem/95_userdata/userdata.yaml.0'. ( commands: 0, files: 0, ... )
Sep 15 15:32:13.241305 kairos kairos-agent[1391]: 2026-09-15T15:32:13Z INF Running layout plugin
Sep 15 15:32:13.241327 kairos kairos-agent[1391]: 2026-09-15T15:32:13Z INF Done executing stage 'boot'
Sep 15 15:32:13.241327 kairos kairos-agent[1391]: 
Sep 15 15:32:13.241316 kairos kairos-agent[1391]: Done executing stage 'boot'
Sep 15 15:32:13.241354 kairos kairos-agent[1391]: 2026-09-15T15:32:13Z INF Running stage: boot.after
Sep 15 15:32:13.241354 kairos kairos-agent[1391]: 
Sep 15 15:32:13.241329 kairos kairos-agent[1391]: Running stage: boot.after
Sep 15 15:32:13.243964 kairos kairos-agent[1391]: Done executing stage 'boot.after'
Sep 15 15:32:13.244178 kairos kairos-agent[1391]: 2026-09-15T15:32:13Z INF Done executing stage 'boot.after'
Sep 15 15:32:13.244178 kairos kairos-agent[1391]: 
Sep 15 15:32:13.244178 kairos kairos-agent[1391]: 2026-09-15T15:32:13Z INF Running stage: boot.before
Sep 15 15:32:13.244178 kairos kairos-agent[1391]: 
Sep 15 15:32:13.244060 kairos kairos-agent[1391]: Running stage: boot.before
Sep 15 15:32:13.245753 kairos kairos-agent[1391]: 2026-09-15T15:32:13Z INF Done executing stage 'boot.before'
Sep 15 15:32:13.245753 kairos kairos-agent[1391]: 
Sep 15 15:32:13.245753 kairos kairos-agent[1391]: 2026-09-15T15:32:13Z INF Running stage: boot
Sep 15 15:32:13.245753 kairos kairos-agent[1391]: 
Sep 15 15:32:13.245753 kairos kairos-agent[1391]: 2026-09-15T15:32:13Z INF Done executing stage 'boot'
Sep 15 15:32:13.245753 kairos kairos-agent[1391]: 
Sep 15 15:32:13.245753 kairos kairos-agent[1391]: 2026-09-15T15:32:13Z INF Running stage: boot.after
Sep 15 15:32:13.245753 kairos kairos-agent[1391]: 
Sep 15 15:32:13.244325 kairos kairos-agent[1391]: Done executing stage 'boot.before'
Sep 15 15:32:13.244425 kairos kairos-agent[1391]: Running stage: boot
Sep 15 15:32:13.245509 kairos kairos-agent[1391]: Done executing stage 'boot'
Sep 15 15:32:13.245533 kairos kairos-agent[1391]: Running stage: boot.after
Sep 15 15:32:13.246268 kairos kairos-agent[1391]: Done executing stage 'boot.after'
Sep 15 15:32:13.246503 kairos kairos-agent[1391]: 2026-09-15T15:32:13Z INF Done executing stage 'boot.after'
Sep 15 15:32:13.246503 kairos kairos-agent[1391]: 
Sep 15 15:32:13.246625 kairos kairos-agent[1391]: Some errors found but were ignored. Enable --strict mode to fail on those or --debug to see them in the log
Sep 15 15:32:13.246675 kairos kairos-agent[1391]: 
[0;1;33m
[0;1;38:5:185m
[0;1;39m
[0;1;33m
[0;1;38:5:185m1 error occurred:
                                                  
[0;1;33m
[0;1;38:5:185m        * failed to run systemctl start qemu-guest-agent: exit status 5
                                                  
[0;1;33m
[0;1;38:5:185mcommand output:
                                                  
[0;1;33m
[0;1;38:5:185mFailed to start qemu-guest-agent.service: Unit qemu-guest-agent.service not found.
                                                  
[0;1;33m
[0;1;38:5:185m
                                                  
[0;1;33m
[0;1;38:5:185m
Sep 15 15:32:13.246710 kairos kairos-agent[1391]: 2026-09-15T15:32:13Z INF Some errors found but were ignored. Enable --strict mode to fail on those or --debug to see them in the log
Sep 15 15:32:13.246710 kairos kairos-agent[1391]: 2026-09-15T15:32:13Z WRN 1 error occurred:
Sep 15 15:32:13.246710 kairos kairos-agent[1391]:         * failed to run systemctl start qemu-guest-agent: exit status 5
Sep 15 15:32:13.246710 kairos kairos-agent[1391]: command output:
Sep 15 15:32:13.246710 kairos kairos-agent[1391]: Failed to start qemu-guest-agent.service: Unit qemu-guest-agent.service not found.
Sep 15 15:32:13.246710 kairos kairos-agent[1391]: 
Sep 15 15:32:13.247981 kairos systemd[1]: Finished cOS system configuration.
Sep 15 15:32:13.667246 kairos kernel: 
[0;1;33m
[0;1;38:5:185m
[0;1;39m
[0;1;33m
[0;1;38:5:185mIPv4: martian source (src=10.0.2.2, dst=255.255.255.255, dev=ens3)
Sep 15 15:32:13.667312 kairos kernel: 
[0;1;33m
[0;1;38:5:185m
[0;1;39m
[0;1;33m
[0;1;38:5:185mll header: 00000000: ff ff ff ff ff ff 52 55 0a 00 02 02 08 00
Sep 15 15:32:13.681253 kairos kernel: 
[0;1;33m
[0;1;38:5:185m
[0;1;39m
[0;1;33m
[0;1;38:5:185mIPv4: martian source (src=10.0.2.2, dst=255.255.255.255, dev=ens3)
Sep 15 15:32:13.681301 kairos kernel: 
[0;1;33m
[0;1;38:5:185m
[0;1;39m
[0;1;33m
[0;1;38:5:185mll header: 00000000: ff ff ff ff ff ff 52 55 0a 00 02 02 08 00
Sep 15 15:32:13.683244 kairos systemd-networkd[1314]: ens3: DHCPv4 address 10.0.2.15/24, gateway 10.0.2.2 acquired from 10.0.2.2
Sep 15 15:32:13.691054 kairos systemd[1]: Finished Wait for Network to be Online.
Sep 15 15:32:13.693753 kairos systemd[1]: Reached target Network is Online.
Sep 15 15:32:13.708437 kairos systemd[1]: Starting cOS setup after network...
Sep 15 15:32:13.712181 kairos systemd[1]: Starting Open-iSCSI...
Sep 15 15:32:13.724088 kairos systemd[1]: Started Open-iSCSI.
Sep 15 15:32:13.726150 kairos systemd[1]: Reached target Preparation for Remote File Systems.
Sep 15 15:32:13.728885 kairos systemd[1]: Reached target Remote Encrypted Volumes.
Sep 15 15:32:13.731320 kairos systemd[1]: Reached target Remote Integrity Protected Volumes.
Sep 15 15:32:13.733972 kairos systemd[1]: Reached target Remote Verity Protected Volumes.
Sep 15 15:32:13.737428 kairos kairos-agent[1487]: Kairos Agent
Sep 15 15:32:13.737648 kairos kairos-agent[1487]: 2026-09-15T15:32:13Z INF Kairos Agent version=v4.3.0-rc3-5-g3b0005495
Sep 15 15:32:13.740283 kairos systemd[1]: Starting Login and scanning of iSCSI devices...
Sep 15 15:32:13.743265 kairos kairos-agent[1487]: Boot Mode
Sep 15 15:32:13.743389 kairos kairos-agent[1487]: 2026-09-15T15:32:13Z INF Boot Mode boot_mode=active_boot
Sep 15 15:32:13.743389 kairos kairos-agent[1487]: 2026-09-15T15:32:13Z INF Boot in uki mode result=false
Sep 15 15:32:13.743315 kairos kairos-agent[1487]: Boot in uki mode
Sep 15 15:32:13.743909 kairos kairos-agent[1487]: Running stage: network.before
Sep 15 15:32:13.743971 kairos kairos-agent[1487]: 2026-09-15T15:32:13Z INF Running stage: network.before
Sep 15 15:32:13.743971 kairos kairos-agent[1487]: 
Sep 15 15:32:13.744154 kairos iscsiadm[1494]: iscsiadm: No records found
Sep 15 15:32:13.744646 kairos systemd[1]: Finished Login and scanning of iSCSI devices.
Sep 15 15:32:13.747464 kairos systemd[1]: Reached target Remote File Systems.
Sep 15 15:32:13.748662 kairos kairos-agent[1487]: Done executing stage 'network.before'
Sep 15 15:32:13.748718 kairos kairos-agent[1487]: 2026-09-15T15:32:13Z INF Done executing stage 'network.before'
Sep 15 15:32:13.748718 kairos kairos-agent[1487]: 
Sep 15 15:32:13.748747 kairos kairos-agent[1487]: Running stage: network
Sep 15 15:32:13.750067 kairos kairos-agent[1487]: 2026-09-15T15:32:13Z INF Running stage: network
Sep 15 15:32:13.750067 kairos kairos-agent[1487]: 
Sep 15 15:32:13.751203 kairos systemd[1]: Starting Enable queuing for multipath maps...
Sep 15 15:32:13.753904 kairos systemd[1]: TPM PCR Barrier (User) skipped, unmet condition check ConditionSecurity=measured-os
Sep 15 15:32:13.754697 kairos systemd[1]: Starting Permit User Sessions...
Sep 15 15:32:13.757233 kairos kairos-agent[1487]: 
[0;1;33m
[0;1;38:5:185m
[0;1;39m
[0;1;33m
[0;1;38:5:185m(conditional) Skip 'Skipping stage (if statement error: failed to run [ -d /oem/userdata ] && [ ! -d /oem/95_userdata ]: exit status 1)' stage name: Datasource handling.Move old datasource to new location
Sep 15 15:32:13.757535 kairos kairos-agent[1487]: 2026-09-15T15:32:13Z WRN (conditional) Skip 'Skipping stage (if statement error: failed to run [ -d /oem/userdata ] && [ ! -d /oem/95_userdata ]: exit status 1)' stage name: Datasource handling.Move old datasource to new location
Sep 15 15:32:13.757863 kairos systemd[1]: Finished Enable queuing for multipath maps.
Sep 15 15:32:13.758639 kairos kairos-agent[1487]: 
[0;1;33m
[0;1;38:5:185m
[0;1;39m
[0;1;33m
[0;1;38:5:185m(conditional) Skip 'Skipping stage (if statement error: failed to run [ -d /oem/userdata ] && [ -d /oem/95_userdata ]: exit status 1)' stage name: Datasource handling.Remove old userdata
Sep 15 15:32:13.758698 kairos kairos-agent[1487]: 2026-09-15T15:32:13Z WRN (conditional) Skip 'Skipping stage (if statement error: failed to run [ -d /oem/userdata ] && [ -d /oem/95_userdata ]: exit status 1)' stage name: Datasource handling.Remove old userdata
Sep 15 15:32:13.760961 kairos kairos-agent[1487]: 
[0;1;33m
[0;1;38:5:185m
[0;1;39m
[0;1;33m
[0;1;38:5:185m(conditional) Skip 'Skipping stage (if statement error: failed to run [ ! -e /oem/95_userdata ] && ([ ! -f /run/cos/uki_boot_mode ] || grep -q "kairos.pull_datasources" /proc/cmdline ): exit status 1)' stage name: Datasource handling.Pull data from provider
Sep 15 15:32:13.762481 kairos kairos-agent[1487]: 2026-09-15T15:32:13Z WRN (conditional) Skip 'Skipping stage (if statement error: failed to run [ ! -e /oem/95_userdata ] && ([ ! -f /run/cos/uki_boot_mode ] || grep -q "kairos.pull_datasources" /proc/cmdline ): exit status 1)' stage name: Datasource handling.Pull data from provider
Sep 15 15:32:13.762589 kairos kairos-agent[1487]: 
[0;1;33m
[0;1;38:5:185m
[0;1;39m
[0;1;33m
[0;1;38:5:185m(conditional) Skip 'Skipping stage (if statement error: failed to run [ -e /oem/95_userdata ] && [ -f /run/.userdata_load ]: exit status 1)' stage name: Datasource handling.Run stages if userdata is found
Sep 15 15:32:13.762663 kairos kairos-agent[1487]: 2026-09-15T15:32:13Z WRN (conditional) Skip 'Skipping stage (if statement error: failed to run [ -e /oem/95_userdata ] && [ -f /run/.userdata_load ]: exit status 1)' stage name: Datasource handling.Run stages if userdata is found
Sep 15 15:32:13.763425 kairos kairos-agent[1487]: 
[0;1;33m
[0;1;38:5:185m
[0;1;39m
[0;1;33m
[0;1;38:5:185m(conditional) Skip 'Skipping stage (if statement error: failed to run [ ! -e /oem/95_userdata ] && [ -f /run/.userdata_load ]: exit status 1)' stage name: Datasource handling.Remove userdata sentinel
Sep 15 15:32:13.763475 kairos kairos-agent[1487]: 2026-09-15T15:32:13Z WRN (conditional) Skip 'Skipping stage (if statement error: failed to run [ ! -e /oem/95_userdata ] && [ -f /run/.userdata_load ]: exit status 1)' stage name: Datasource handling.Remove userdata sentinel
Sep 15 15:32:13.763546 kairos kairos-agent[1487]: Processing stage step 'Fix home directory permissions (kairos issue #2797).Fix home dir ownership'. ( commands: 1, files: 1, ... )
Sep 15 15:32:13.763580 kairos kairos-agent[1487]: 2026-09-15T15:32:13Z INF Processing stage step 'Fix home directory permissions (kairos issue #2797).Fix home dir ownership'. ( commands: 1, files: 1, ... )
Sep 15 15:32:13.763948 kairos systemd[1]: Finished Permit User Sessions.
Sep 15 15:32:13.773838 kairos systemd[1]: Started Getty on tty1.
Sep 15 15:32:13.777120 kairos systemd[1]: Started Serial Getty on ttyS0.
Sep 15 15:32:13.779227 kairos systemd[1]: Reached target Login Prompts.
Sep 15 15:32:13.781742 kairos kairos-agent[1487]: Running layout plugin
Sep 15 15:32:13.781859 kairos kairos-agent[1487]: 2026-09-15T15:32:13Z INF Running layout plugin
Sep 15 15:32:13.782172 kairos kairos-agent[1487]: Processing stage step '/oem/95_userdata/userdata.yaml.0'. ( commands: 0, files: 0, ... )
Sep 15 15:32:13.782250 kairos kairos-agent[1487]: 2026-09-15T15:32:13Z INF Processing stage step '/oem/95_userdata/userdata.yaml.0'. ( commands: 0, files: 0, ... )
Sep 15 15:32:13.782283 kairos kairos-agent[1487]: Running layout plugin
Sep 15 15:32:13.782421 kairos kairos-agent[1487]: 2026-09-15T15:32:13Z INF Running layout plugin
Sep 15 15:32:13.782509 kairos kairos-agent[1487]: Done executing stage 'network'
Sep 15 15:32:13.782535 kairos kairos-agent[1487]: 2026-09-15T15:32:13Z INF Done executing stage 'network'
Sep 15 15:32:13.782535 kairos kairos-agent[1487]: 
Sep 15 15:32:13.782552 kairos kairos-agent[1487]: 2026-09-15T15:32:13Z INF Running stage: network.after
Sep 15 15:32:13.782552 kairos kairos-agent[1487]: 
Sep 15 15:32:13.782543 kairos kairos-agent[1487]: Running stage: network.after
Sep 15 15:32:13.785943 kairos kairos-agent[1487]: Done executing stage 'network.after'
Sep 15 15:32:13.786060 kairos kairos-agent[1487]: Running stage: network.before
Sep 15 15:32:13.786111 kairos kairos-agent[1487]: 2026-09-15T15:32:13Z INF Done executing stage 'network.after'
Sep 15 15:32:13.786111 kairos kairos-agent[1487]: 
Sep 15 15:32:13.786111 kairos kairos-agent[1487]: 2026-09-15T15:32:13Z INF Running stage: network.before
Sep 15 15:32:13.786111 kairos kairos-agent[1487]: 
Sep 15 15:32:13.786222 kairos kairos-agent[1487]: Done executing stage 'network.before'
Sep 15 15:32:13.786286 kairos kairos-agent[1487]: 2026-09-15T15:32:13Z INF Done executing stage 'network.before'
Sep 15 15:32:13.786286 kairos kairos-agent[1487]: 
Sep 15 15:32:13.786304 kairos kairos-agent[1487]: 2026-09-15T15:32:13Z INF Running stage: network
Sep 15 15:32:13.786304 kairos kairos-agent[1487]: 
Sep 15 15:32:13.786296 kairos kairos-agent[1487]: Running stage: network
Sep 15 15:32:13.786404 kairos kairos-agent[1487]: Done executing stage 'network'
Sep 15 15:32:13.786459 kairos kairos-agent[1487]: Running stage: network.after
Sep 15 15:32:13.786484 kairos kairos-agent[1487]: 2026-09-15T15:32:13Z INF Done executing stage 'network'
Sep 15 15:32:13.786484 kairos kairos-agent[1487]: 
Sep 15 15:32:13.786484 kairos kairos-agent[1487]: 2026-09-15T15:32:13Z INF Running stage: network.after
Sep 15 15:32:13.786484 kairos kairos-agent[1487]: 
Sep 15 15:32:13.786546 kairos kairos-agent[1487]: Done executing stage 'network.after'
Sep 15 15:32:13.786607 kairos kairos-agent[1487]: 2026-09-15T15:32:13Z INF Done executing stage 'network.after'
Sep 15 15:32:13.786607 kairos kairos-agent[1487]: 
Sep 15 15:32:13.787460 kairos systemd[1]: Finished cOS setup after network.
Sep 15 15:32:13.795318 kairos systemd[1]: Started kairos agent.
Sep 15 15:32:13.798349 kairos systemd[1]: Reached target Multi-User System.
Sep 15 15:32:13.803079 kairos systemd[1]: Startup finished in 3.149s (kernel) + 14.034s (initrd) + 3.846s (userspace) = 21.030s.
Sep 15 15:32:13.809045 kairos kairos-agent[1515]: warning: skipping /oem/95_userdata/userdata (extension).
Sep 15 15:32:13.816045 kairos kairos-agent[1515]: WARNING: jsonschema: '' does not validate with file:///schema.json#/required: missing properties: 'users'
Sep 15 15:32:13.816175 kairos kairos-agent[1515]: Kairos Agent
Sep 15 15:32:13.817084 kairos kairos-agent[1515]: 2026-09-15T15:32:13Z INF Kairos Agent version=v4.3.0-rc3-5-g3b0005495
Sep 15 15:32:13.819547 kairos kairos-agent[1515]: Boot Mode
Sep 15 15:32:13.819605 kairos kairos-agent[1515]: 2026-09-15T15:32:13Z INF Boot Mode boot_mode=active_boot
Sep 15 15:32:13.819639 kairos kairos-agent[1515]: Boot in uki mode
Sep 15 15:32:13.819669 kairos kairos-agent[1515]: 2026-09-15T15:32:13Z INF Boot in uki mode result=false
Sep 15 15:32:13.821824 kairos kairos-agent[1515]: warning: skipping /oem/95_userdata/userdata (extension).
Sep 15 15:32:13.827387 kairos kairos-agent[1515]: WARNING: jsonschema: '' does not validate with file:///schema.json#/required: missing properties: 'users'
Sep 15 15:32:13.827447 kairos kairos-agent[1515]: Kairos Agent
Sep 15 15:32:13.827486 kairos kairos-agent[1515]: 2026-09-15T15:32:13Z INF Kairos Agent version=v4.3.0-rc3-5-g3b0005495
Sep 15 15:32:13.831546 kairos kairos-agent[1515]: Boot Mode
Sep 15 15:32:13.831659 kairos kairos-agent[1515]: 2026-09-15T15:32:13Z INF Boot Mode boot_mode=active_boot
Sep 15 15:32:13.831722 kairos kairos-agent[1515]: Boot in uki mode
Sep 15 15:32:13.831825 kairos kairos-agent[1515]: 2026-09-15T15:32:13Z INF Boot in uki mode result=false
Sep 15 15:32:13.851360 kairos kairos-agent[1515]: [provider event: agent.bootstrap] no P2P or kubernetes configured
Sep 15 15:32:13.852580 kairos systemd[1]: kairos-agent.service: Deactivated successfully.
Sep 15 15:32:17.023274 kairos login[1510]: pam_unix(login:session): session opened for user kairos(uid=1000) by (uid=0)
Sep 15 15:32:17.032303 kairos systemd[1]: Created slice User Slice of UID 1000.
Sep 15 15:32:17.038278 kairos systemd[1]: Starting User Runtime Directory /run/user/1000...
Sep 15 15:32:17.044310 kairos systemd-logind[1400]: New session '1' of user 'kairos' with class 'user' and type 'tty'.
Sep 15 15:32:17.049403 kairos systemd-user-runtime-dir[1537]: Successfully configured disk quota for UID 1000 on /dev/shm to 1.1G
Sep 15 15:32:17.052044 kairos systemd[1]: Finished User Runtime Directory /run/user/1000.
Sep 15 15:32:17.057575 kairos systemd[1]: Starting User Manager for UID 1000...
Sep 15 15:32:17.064223 kairos [1539]: pam_unix(systemd-user:session): session opened for user kairos(uid=1000) by (uid=0)
Sep 15 15:32:17.065238 kairos systemd-logind[1400]: New session 'c1' of user 'kairos' with class 'manager' and type 'unspecified'.
Sep 15 15:32:17.067901 kairos systemd[1539]: 
[0;1;33m
[0;1;38:5:185m
[0;1;39m
[0;1;33m
[0;1;38:5:185mFailed to chase and open directory '/usr/local/lib/systemd/user.conf.d', ignoring: Permission denied
Sep 15 15:32:17.073326 kairos systemd[1539]: 
[0;1;33m
[0;1;38:5:185m
[0;1;39m
[0;1;33m
[0;1;38:5:185mFailed to check if generator dir '/usr/local/lib/systemd/user-environment-generators' exists, assuming not: Permission denied
Sep 15 15:32:17.073706 kairos systemd[1539]: 
[0;1;33m
[0;1;38:5:185m
[0;1;39m
[0;1;33m
[0;1;38:5:185mFailed to chase and open directory '/usr/local/lib/systemd/user-environment-generators', ignoring: Permission denied
Sep 15 15:32:17.075734 kairos 30-systemd-environment-d-generator[1543]: 
[0;1;33m
[0;1;38:5:185m
[0;1;39m
[0;1;33m
[0;1;38:5:185mFailed to chase and open directory '/usr/local/lib/environment.d', ignoring: Permission denied
Sep 15 15:32:17.076239 kairos systemd[1539]: 
[0;1;33m
[0;1;38:5:185m
[0;1;39m
[0;1;33m
[0;1;38:5:185mFailed to check if generator dir '/usr/local/lib/systemd/user-generators' exists, assuming not: Permission denied
Sep 15 15:32:17.076529 kairos systemd[1539]: 
[0;1;33m
[0;1;38:5:185m
[0;1;39m
[0;1;33m
[0;1;38:5:185mFailed to chase and open directory '/usr/local/lib/systemd/user-generators', ignoring: Permission denied
Sep 15 15:32:17.091370 kairos systemd[1539]: 
[0;1;33m
[0;1;38:5:185m
[0;1;39m
[0;1;33m
[0;1;38:5:185mFailed to resolve symlink /usr/local/lib/systemd/user, ignoring: Permission denied
Sep 15 15:32:17.091437 kairos systemd[1539]: 
[0;1;33m
[0;1;38:5:185m
[0;1;39m
[0;1;33m
[0;1;38:5:185mFailed to open "/usr/local/lib/systemd/user", ignoring: Permission denied
Sep 15 15:32:17.148645 kairos systemd[1539]: Queued start job for default target Main User Target.
Sep 15 15:32:17.153772 kairos systemd[1539]: Created slice User Application Slice.
Sep 15 15:32:17.153801 kairos systemd[1539]: Reached target Paths.
Sep 15 15:32:17.153834 kairos systemd[1539]: Reached target Timers.
Sep 15 15:32:17.154485 kairos systemd[1539]: Starting D-Bus User Message Bus Socket...
Sep 15 15:32:17.155762 kairos systemd[1539]: Listening on Query the User Interactively for a Password.
Sep 15 15:32:17.156754 kairos systemd[1539]: Listening on Journal Log Access Socket.
Sep 15 15:32:17.156823 kairos systemd[1539]: Listening on Virtual Machine and Container Registration Service Socket.
Sep 15 15:32:17.158058 kairos systemd[1539]: Listening on Simple File System Backed Storage Provider.
Sep 15 15:32:17.160910 kairos systemd[1539]: Listening on D-Bus User Message Bus Socket.
Sep 15 15:32:17.160976 kairos systemd[1539]: Reached target Sockets.
Sep 15 15:32:17.161114 kairos systemd[1539]: Reached target Basic System.
Sep 15 15:32:17.161241 kairos systemd[1]: Started User Manager for UID 1000.
Sep 15 15:32:17.161794 kairos systemd[1539]: Reached target Main User Target.
Sep 15 15:32:17.161814 kairos systemd[1539]: Startup finished in 94ms.
Sep 15 15:32:17.166279 kairos systemd[1]: Started Session 1 of User kairos.
Sep 15 15:32:17.170351 kairos login[1548]: 'kairos' logged in  on '/dev/ttyS0'
Sep 15 15:32:19.096554 kairos sudo[1574]: 
[0;1;39m
[0;1;31m
[0;1;39m  kairos : TTY=ttyS0 ; PWD=/home/kairos ; USER=root ; COMMAND=/bin/sh -c 'echo BEGIN_"CHECK"; cat /proc/cmdline; echo ---SHIM-ALL---; dmesg | grep BLKIDSHIM; echo ---COUNT-ALL---; dmesg | grep -c BLKIDSHIM; echo ---COUNT-HELP---; dmesg | grep BLKIDSHIM | grep -c -- --help; echo ---MOUNTS---; findmnt -n -o TARGET,SOURCE,FSTYPE /oem /usr/local; echo ---PARTS---; lsblk -o NAME,LABEL,FSTYPE; echo ---KAIROS-STATE---; kairos-agent state | head -30; echo END_"CHECK"'
Sep 15 15:32:19.096758 kairos sudo[1574]: pam_unix(sudo:session): session opened for user root(uid=0) by kairos(uid=1000)
Sep 15 15:32:19.235558 kairos kernel: 
[0;1;31m
[0;1;39m
[0;1;31mI/O error, dev fd0, sector 0 op 0x0:(READ) flags 0x0 phys_seg 1 prio class 2
Sep 15 15:32:19.235683 kairos kernel: floppy: error 10 while reading block 0
Sep 15 15:32:19.300194 kairos sudo[1574]: pam_unix(sudo:session): session closed for user root
Sep 15 15:32:19.342654 kairos sudo[1605]: 
[0;1;39m
[0;1;31m
[0;1;39m  kairos : TTY=ttyS0 ; PWD=/home/kairos ; USER=root ; COMMAND=/bin/sh -c 'echo BEGIN_"IMMUCORE_LOG"; cat /run/immucore/immucore.log; echo END_"IMMUCORE_LOG"'
Sep 15 15:32:19.342789 kairos sudo[1605]: pam_unix(sudo:session): session opened for user root(uid=0) by kairos(uid=1000)
Sep 15 15:32:22.882742 kairos sudo[1605]: pam_unix(sudo:session): session closed for user root
Sep 15 15:32:22.926180 kairos sudo[1620]: 
[0;1;39m
[0;1;31m
[0;1;39m  kairos : TTY=ttyS0 ; PWD=/home/kairos ; USER=root ; COMMAND=/bin/sh -c 'echo BEGIN_"JOURNAL"; journalctl -b --no-pager -o short-precise; echo END_"JOURNAL"'
Sep 15 15:32:22.926335 kairos sudo[1620]: pam_unix(sudo:session): session opened for user root(uid=0) by kairos(uid=1000)
