Sep 15 15:34:22.947261 localhost kernel: 
[0;1;39m
[0;1;31m
[0;1;39mLinux version 7.1.3-hadron (root@buildkitsandbox) (gcc (GCC) 15.3.0, GNU ld (GNU Binutils) 2.46.1) #1 SMP PREEMPT_DYNAMIC Tue Jul  7 08:02:27 UTC 2026
Sep 15 15:34:22.947290 localhost kernel: Command line: cdroot root=live:CDLABEL=COS_LIVE rd.live.dir=/ rd.live.squashimg=rootfs.squashfs rd.live.overlay.overlayfs net.ifnames=1 console=tty1 console=ttyS0 kairos.ram kairos.ram.create_partitions nomodeset selinux=0 rd.immucore.debug ignore_loglevel
Sep 15 15:34:22.947298 localhost kernel: BIOS-provided physical RAM map:
Sep 15 15:34:22.947303 localhost kernel: BIOS-e820: [mem 0x0000000000000000-0x000000000009fbff]  System RAM
Sep 15 15:34:22.947307 localhost kernel: BIOS-e820: [mem 0x000000000009fc00-0x000000000009ffff]  device reserved
Sep 15 15:34:22.947312 localhost kernel: BIOS-e820: [gap 0x00000000000a0000-0x00000000000effff]
Sep 15 15:34:22.947318 localhost kernel: BIOS-e820: [mem 0x00000000000f0000-0x00000000000fffff]  device reserved
Sep 15 15:34:22.947322 localhost kernel: BIOS-e820: [mem 0x0000000000100000-0x00000000bffdcfff]  System RAM
Sep 15 15:34:22.947327 localhost kernel: BIOS-e820: [mem 0x00000000bffdd000-0x00000000bfffffff]  device reserved
Sep 15 15:34:22.947331 localhost kernel: BIOS-e820: [gap 0x00000000c0000000-0x00000000feffbfff]
Sep 15 15:34:22.947335 localhost kernel: BIOS-e820: [mem 0x00000000feffc000-0x00000000feffffff]  device reserved
Sep 15 15:34:22.947339 localhost kernel: BIOS-e820: [gap 0x00000000ff000000-0x00000000fffbffff]
Sep 15 15:34:22.947343 localhost kernel: BIOS-e820: [mem 0x00000000fffc0000-0x00000000ffffffff]  device reserved
Sep 15 15:34:22.947347 localhost kernel: BIOS-e820: [gap 0x0000000100000000-0x000000fcffffffff]
Sep 15 15:34:22.947353 localhost kernel: BIOS-e820: [mem 0x000000fd00000000-0x000000ffffffffff]  device reserved
Sep 15 15:34:22.947357 localhost kernel: printk: debug: ignoring loglevel setting.
Sep 15 15:34:22.947361 localhost kernel: NX (Execute Disable) protection: active
Sep 15 15:34:22.947365 localhost kernel: APIC: Static calls initialized
Sep 15 15:34:22.947369 localhost kernel: DMI: SMBIOS 3.0.0 present.
Sep 15 15:34:22.947374 localhost kernel: DMI: QEMU Ubuntu 24.04 PC v2 (i440FX + PIIX, arch_caps fix, 1996), BIOS 1.16.3-debian-1.16.3-2 04/01/2014
Sep 15 15:34:22.947378 localhost kernel: DMI: Memory slots populated: 1/1
Sep 15 15:34:22.947382 localhost kernel: Hypervisor detected: KVM
Sep 15 15:34:22.947386 localhost kernel: last_pfn = 0xbffdd max_arch_pfn = 0x400000000
Sep 15 15:34:22.947389 localhost kernel: kvm-clock: Using msrs 4b564d01 and 4b564d00
Sep 15 15:34:22.947394 localhost kernel: kvm-clock: using sched offset of 352354596 cycles
Sep 15 15:34:22.947399 localhost kernel: clocksource: kvm-clock: mask: 0xffffffffffffffff max_cycles: 0x1cd42e4dffb, max_idle_ns: 881590591483 ns
Sep 15 15:34:22.947404 localhost kernel: tsc: Detected 4291.916 MHz processor
Sep 15 15:34:22.947409 localhost kernel: 
[0;90m
[0;38:5:245m
[0;1;31m
[0;90m
[0;38:5:245me820: update [mem 0x00000000-0x00000fff] System RAM ==> device reserved
Sep 15 15:34:22.947414 localhost kernel: 
[0;90m
[0;38:5:245m
[0;1;31m
[0;90m
[0;38:5:245me820: remove [mem 0x000a0000-0x000fffff] System RAM
Sep 15 15:34:22.947419 localhost kernel: last_pfn = 0xbffdd max_arch_pfn = 0x400000000
Sep 15 15:34:22.947452 localhost kernel: MTRR map: 4 entries (3 fixed + 1 variable; max 19), built from 8 variable MTRRs
Sep 15 15:34:22.947464 localhost kernel: x86/PAT: Configuration [0-7]: WB  WC  UC- UC  WB  WP  UC- WT  
Sep 15 15:34:22.947470 localhost kernel: found SMP MP-table at [mem 0x000f5470-0x000f547f]
Sep 15 15:34:22.947475 localhost kernel: Using GB pages for direct mapping
Sep 15 15:34:22.947479 localhost kernel: RAMDISK: [mem 0xbc130000-0xbffcffff]
Sep 15 15:34:22.947484 localhost kernel: ACPI: Early table checksum verification disabled
Sep 15 15:34:22.947489 localhost kernel: ACPI: RSDP 0x00000000000F5280 000014 (v00 BOCHS )
Sep 15 15:34:22.947541 localhost kernel: ACPI: RSDT 0x00000000BFFE1CB3 000034 (v01 BOCHS  BXPC     00000001 BXPC 00000001)
Sep 15 15:34:22.947548 localhost kernel: ACPI: FACP 0x00000000BFFE1B5F 000074 (v01 BOCHS  BXPC     00000001 BXPC 00000001)
Sep 15 15:34:22.947556 localhost kernel: ACPI: DSDT 0x00000000BFFE0040 001B1F (v01 BOCHS  BXPC     00000001 BXPC 00000001)
Sep 15 15:34:22.947562 localhost kernel: ACPI: FACS 0x00000000BFFE0000 000040
Sep 15 15:34:22.947567 localhost kernel: ACPI: APIC 0x00000000BFFE1BD3 000080 (v03 BOCHS  BXPC     00000001 BXPC 00000001)
Sep 15 15:34:22.947573 localhost kernel: ACPI: HPET 0x00000000BFFE1C53 000038 (v01 BOCHS  BXPC     00000001 BXPC 00000001)
Sep 15 15:34:22.947578 localhost kernel: ACPI: WAET 0x00000000BFFE1C8B 000028 (v01 BOCHS  BXPC     00000001 BXPC 00000001)
Sep 15 15:34:22.947582 localhost kernel: ACPI: Reserving FACP table memory at [mem 0xbffe1b5f-0xbffe1bd2]
Sep 15 15:34:22.947587 localhost kernel: ACPI: Reserving DSDT table memory at [mem 0xbffe0040-0xbffe1b5e]
Sep 15 15:34:22.947592 localhost kernel: ACPI: Reserving FACS table memory at [mem 0xbffe0000-0xbffe003f]
Sep 15 15:34:22.947596 localhost kernel: ACPI: Reserving APIC table memory at [mem 0xbffe1bd3-0xbffe1c52]
Sep 15 15:34:22.947601 localhost kernel: ACPI: Reserving HPET table memory at [mem 0xbffe1c53-0xbffe1c8a]
Sep 15 15:34:22.947605 localhost kernel: ACPI: Reserving WAET table memory at [mem 0xbffe1c8b-0xbffe1cb2]
Sep 15 15:34:22.947609 localhost kernel: No NUMA configuration found
Sep 15 15:34:22.947615 localhost kernel: Faking a node at [mem 0x0000000000000000-0x00000000bffdcfff]
Sep 15 15:34:22.947619 localhost kernel: NODE_DATA(0) allocated [mem 0xbc104f80-0xbc12ffff]
Sep 15 15:34:22.947624 localhost kernel: ACPI: PM-Timer IO Port: 0x608
Sep 15 15:34:22.947629 localhost kernel: ACPI: LAPIC_NMI (acpi_id[0xff] dfl dfl lint[0x1])
Sep 15 15:34:22.947633 localhost kernel: IOAPIC[0]: apic_id 0, version 17, address 0xfec00000, GSI 0-23
Sep 15 15:34:22.947638 localhost kernel: ACPI: INT_SRC_OVR (bus 0 bus_irq 0 global_irq 2 dfl dfl)
Sep 15 15:34:22.947643 localhost kernel: ACPI: INT_SRC_OVR (bus 0 bus_irq 5 global_irq 5 high level)
Sep 15 15:34:22.947647 localhost kernel: ACPI: INT_SRC_OVR (bus 0 bus_irq 9 global_irq 9 high level)
Sep 15 15:34:22.947652 localhost kernel: ACPI: INT_SRC_OVR (bus 0 bus_irq 10 global_irq 10 high level)
Sep 15 15:34:22.947658 localhost kernel: ACPI: INT_SRC_OVR (bus 0 bus_irq 11 global_irq 11 high level)
Sep 15 15:34:22.947662 localhost kernel: ACPI: Using ACPI (MADT) for SMP configuration information
Sep 15 15:34:22.947667 localhost kernel: ACPI: HPET id: 0x8086a201 base: 0xfed00000
Sep 15 15:34:22.947671 localhost kernel: TSC deadline timer available
Sep 15 15:34:22.947676 localhost kernel: CPU topo: Max. logical packages:   1
Sep 15 15:34:22.947680 localhost kernel: CPU topo: Max. logical nodes:      1
Sep 15 15:34:22.947685 localhost kernel: CPU topo: Num. nodes per package:  1
Sep 15 15:34:22.947689 localhost kernel: CPU topo: Max. logical dies:       1
Sep 15 15:34:22.947694 localhost kernel: CPU topo: Max. dies per package:   1
Sep 15 15:34:22.947698 localhost kernel: CPU topo: Max. threads per core:   1
Sep 15 15:34:22.947703 localhost kernel: CPU topo: Num. cores per package:     2
Sep 15 15:34:22.947708 localhost kernel: CPU topo: Num. threads per package:   2
Sep 15 15:34:22.947712 localhost kernel: CPU topo: Allowing 2 present CPUs plus 0 hotplug CPUs
Sep 15 15:34:22.947717 localhost kernel: kvm-guest: APIC: eoi() replaced with kvm_guest_apic_eoi_write()
Sep 15 15:34:22.947722 localhost kernel: kvm-guest: KVM setup pv remote TLB flush
Sep 15 15:34:22.947729 localhost kernel: kvm-guest: setup PV sched yield
Sep 15 15:34:22.947743 localhost kernel: PM: hibernation: Registered nosave memory: [mem 0x00000000-0x00000fff]
Sep 15 15:34:22.947755 localhost kernel: PM: hibernation: Registered nosave memory: [mem 0x0009f000-0x000fffff]
Sep 15 15:34:22.947760 localhost kernel: [gap 0xc0000000-0xfeffbfff] available for PCI devices
Sep 15 15:34:22.947765 localhost kernel: Booting paravirtualized kernel on KVM
Sep 15 15:34:22.947772 localhost kernel: clocksource: refined-jiffies: mask: 0xffffffff max_cycles: 0xffffffff, max_idle_ns: 1910969940391419 ns
Sep 15 15:34:22.947777 localhost kernel: Zone ranges:
Sep 15 15:34:22.947782 localhost kernel:   DMA      [mem 0x0000000000001000-0x0000000000ffffff]
Sep 15 15:34:22.947787 localhost kernel:   DMA32    [mem 0x0000000001000000-0x00000000bffdcfff]
Sep 15 15:34:22.947792 localhost kernel:   Normal   empty
Sep 15 15:34:22.947796 localhost kernel:   Device   empty
Sep 15 15:34:22.947801 localhost kernel: Movable zone start for each node
Sep 15 15:34:22.947805 localhost kernel: Early memory node ranges
Sep 15 15:34:22.947810 localhost kernel:   node   0: [mem 0x0000000000001000-0x000000000009efff]
Sep 15 15:34:22.947815 localhost kernel:   node   0: [mem 0x0000000000100000-0x00000000bffdcfff]
Sep 15 15:34:22.947820 localhost kernel: Initmem setup node 0 [mem 0x0000000000001000-0x00000000bffdcfff]
Sep 15 15:34:22.947825 localhost kernel: On node 0, zone DMA: 1 pages in unavailable ranges
Sep 15 15:34:22.947830 localhost kernel: On node 0, zone DMA: 97 pages in unavailable ranges
Sep 15 15:34:22.947834 localhost kernel: On node 0, zone DMA32: 35 pages in unavailable ranges
Sep 15 15:34:22.947839 localhost kernel: setup_percpu: NR_CPUS:8192 nr_cpumask_bits:2 nr_cpu_ids:2 nr_node_ids:1
Sep 15 15:34:22.947844 localhost kernel: percpu: Embedded 84 pages/cpu s221184 r8192 d114688 u1048576
Sep 15 15:34:22.947848 localhost kernel: 
[0;90m
[0;38:5:245m
[0;1;31m
[0;90m
[0;38:5:245mpcpu-alloc: s221184 r8192 d114688 u1048576 alloc=1*2097152
Sep 15 15:34:22.947853 localhost kernel: 
[0;90m
[0;38:5:245m
[0;1;31m
[0;90m
[0;38:5:245mpcpu-alloc: [0] 0 1 
Sep 15 15:34:22.947858 localhost kernel: kvm-guest: PV spinlocks enabled
Sep 15 15:34:22.947863 localhost kernel: PV qspinlock hash table entries: 256 (order: 0, 4096 bytes, linear)
Sep 15 15:34:22.947868 localhost kernel: 
[0;1;39m
[0;1;31m
[0;1;39mKernel command line: cdroot root=live:CDLABEL=COS_LIVE rd.live.dir=/ rd.live.squashimg=rootfs.squashfs rd.live.overlay.overlayfs net.ifnames=1 console=tty1 console=ttyS0 kairos.ram kairos.ram.create_partitions nomodeset selinux=0 rd.immucore.debug ignore_loglevel
Sep 15 15:34:22.947873 localhost kernel: 
[0;1;33m
[0;1;38:5:185m
[0;1;39m
[0;1;33m
[0;1;38:5:185mBooted with the nomodeset parameter. Only the system framebuffer will be available
Sep 15 15:34:22.947878 localhost kernel: 
[0;1;39m
[0;1;31m
[0;1;39mUnknown kernel command line parameters "cdroot", will be passed to user space.
Sep 15 15:34:22.947883 localhost kernel: 
[0;1;39m
[0;1;31m
[0;1;39mrandom: crng init done
Sep 15 15:34:22.947888 localhost kernel: printk: log buffer data + meta data: 262144 + 1114112 = 1376256 bytes
Sep 15 15:34:22.947893 localhost kernel: Dentry cache hash table entries: 524288 (order: 10, 4194304 bytes, linear)
Sep 15 15:34:22.947898 localhost kernel: Inode-cache hash table entries: 262144 (order: 9, 2097152 bytes, linear)
Sep 15 15:34:22.947903 localhost kernel: Fallback order for Node 0: 0 
Sep 15 15:34:22.947907 localhost kernel: Built 1 zonelists, mobility grouping on.  Total pages: 786299
Sep 15 15:34:22.947912 localhost kernel: Policy zone: DMA32
Sep 15 15:34:22.947917 localhost kernel: mem auto-init: stack:all(zero), heap alloc:on, heap free:off
Sep 15 15:34:22.947921 localhost kernel: SLUB: HWalign=64, Order=0-3, MinObjects=0, CPUs=2, Nodes=1
Sep 15 15:34:22.947926 localhost kernel: ftrace: allocating 63540 entries in 250 pages
Sep 15 15:34:22.947930 localhost kernel: ftrace: allocated 250 pages with 6 groups
Sep 15 15:34:22.947935 localhost kernel: Dynamic Preempt: lazy
Sep 15 15:34:22.947940 localhost kernel: rcu: Preemptible hierarchical RCU implementation.
Sep 15 15:34:22.947946 localhost kernel: rcu:         RCU event tracing is enabled.
Sep 15 15:34:22.947951 localhost kernel: rcu:         RCU restricting CPUs from NR_CPUS=8192 to nr_cpu_ids=2.
Sep 15 15:34:22.947957 localhost kernel:         Trampoline variant of Tasks RCU enabled.
Sep 15 15:34:22.947963 localhost kernel:         Rude variant of Tasks RCU enabled.
Sep 15 15:34:22.947967 localhost kernel:         Tracing variant of Tasks RCU enabled.
Sep 15 15:34:22.947972 localhost kernel: rcu: RCU calculated value of scheduler-enlistment delay is 100 jiffies.
Sep 15 15:34:22.947976 localhost kernel: rcu: Adjusting geometry for rcu_fanout_leaf=16, nr_cpu_ids=2
Sep 15 15:34:22.947981 localhost kernel: RCU Tasks: Setting shift to 1 and lim to 1 rcu_task_cb_adjust=1 rcu_task_cpu_ids=2.
Sep 15 15:34:22.947986 localhost kernel: RCU Tasks Rude: Setting shift to 1 and lim to 1 rcu_task_cb_adjust=1 rcu_task_cpu_ids=2.
Sep 15 15:34:22.947991 localhost kernel: NR_IRQS: 524544, nr_irqs: 440, preallocated irqs: 16
Sep 15 15:34:22.947996 localhost kernel: rcu: srcu_init: Setting srcu_struct sizes based on contention.
Sep 15 15:34:22.948001 localhost kernel: kfence: initialized - using 2097152 bytes for 255 objects at 0x(____ptrval____)-0x(____ptrval____)
Sep 15 15:34:22.948005 localhost kernel: Console: colour VGA+ 80x25
Sep 15 15:34:22.948010 localhost kernel: printk: legacy console [tty1] enabled
Sep 15 15:34:22.948015 localhost kernel: printk: legacy console [ttyS0] enabled
Sep 15 15:34:22.948020 localhost kernel: ACPI: Core revision 20251212
Sep 15 15:34:22.948025 localhost kernel: clocksource: hpet: mask: 0xffffffff max_cycles: 0xffffffff, max_idle_ns: 19112604467 ns
Sep 15 15:34:22.948030 localhost kernel: APIC: Switch to symmetric I/O mode setup
Sep 15 15:34:22.948034 localhost kernel: x2apic enabled
Sep 15 15:34:22.948039 localhost kernel: APIC: Switched APIC routing to: physical x2apic
Sep 15 15:34:22.948044 localhost kernel: kvm-guest: APIC: send_IPI_mask() replaced with kvm_send_ipi_mask()
Sep 15 15:34:22.948048 localhost kernel: kvm-guest: APIC: send_IPI_mask_allbutself() replaced with kvm_send_ipi_mask_allbutself()
Sep 15 15:34:22.948053 localhost kernel: kvm-guest: setup PV IPIs
Sep 15 15:34:22.948058 localhost kernel: ..TIMER: vector=0x30 apic1=0 pin1=2 apic2=-1 pin2=-1
Sep 15 15:34:22.948062 localhost kernel: clocksource: tsc-early: mask: 0xffffffffffffffff max_cycles: 0x3ddd8f89348, max_idle_ns: 440795423566 ns
Sep 15 15:34:22.948067 localhost kernel: Calibrating delay loop (skipped) preset value.. 8583.83 BogoMIPS (lpj=4291916)
Sep 15 15:34:22.948072 localhost kernel: 
[0;1;31m
[0;1;39m
[0;1;31mRDSEED32 is broken. Disabling the corresponding CPUID bit.
Sep 15 15:34:22.948079 localhost kernel: x86/cpu: User Mode Instruction Prevention (UMIP) activated
Sep 15 15:34:22.948084 localhost kernel: Last level iTLB entries: 4KB 512, 2MB 255, 4MB 127
Sep 15 15:34:22.948089 localhost kernel: Last level dTLB entries: 4KB 512, 2MB 255, 4MB 127, 1GB 0
Sep 15 15:34:22.948093 localhost kernel: mitigations: Enabled attack vectors: user_kernel, user_user, guest_host, guest_guest, SMT mitigations: auto
Sep 15 15:34:22.948098 localhost kernel: Speculative Store Bypass: Mitigation: Speculative Store Bypass disabled via prctl
Sep 15 15:34:22.948103 localhost kernel: Spectre V2 : Mitigation: Enhanced / Automatic IBRS
Sep 15 15:34:22.948108 localhost kernel: Speculative Return Stack Overflow: Mitigation: IBPB on VMEXIT only
Sep 15 15:34:22.948113 localhost kernel: Spectre V1 : Mitigation: usercopy/swapgs barriers and __user pointer sanitization
Sep 15 15:34:22.948117 localhost kernel: Spectre V2 : mitigation: Enabling conditional Indirect Branch Prediction Barrier
Sep 15 15:34:22.948122 localhost kernel: x86/fpu: Supporting XSAVE feature 0x001: 'x87 floating point registers'
Sep 15 15:34:22.948127 localhost kernel: x86/fpu: Supporting XSAVE feature 0x002: 'SSE registers'
Sep 15 15:34:22.948131 localhost kernel: x86/fpu: Supporting XSAVE feature 0x004: 'AVX registers'
Sep 15 15:34:22.948136 localhost kernel: x86/fpu: Supporting XSAVE feature 0x020: 'AVX-512 opmask'
Sep 15 15:34:22.948140 localhost kernel: x86/fpu: Supporting XSAVE feature 0x040: 'AVX-512 Hi256'
Sep 15 15:34:22.948145 localhost kernel: x86/fpu: Supporting XSAVE feature 0x080: 'AVX-512 ZMM_Hi256'
Sep 15 15:34:22.948150 localhost kernel: x86/fpu: Supporting XSAVE feature 0x200: 'Protection Keys User registers'
Sep 15 15:34:22.948155 localhost kernel: x86/fpu: xstate_offset[2]:  576, xstate_sizes[2]:  256
Sep 15 15:34:22.948159 localhost kernel: x86/fpu: xstate_offset[5]:  832, xstate_sizes[5]:   64
Sep 15 15:34:22.948164 localhost kernel: x86/fpu: xstate_offset[6]:  896, xstate_sizes[6]:  512
Sep 15 15:34:22.948169 localhost kernel: x86/fpu: xstate_offset[7]: 1408, xstate_sizes[7]: 1024
Sep 15 15:34:22.948173 localhost kernel: x86/fpu: xstate_offset[9]: 2432, xstate_sizes[9]:    8
Sep 15 15:34:22.948178 localhost kernel: x86/fpu: Enabled xstate features 0x2e7, context size is 2440 bytes, using 'compacted' format.
Sep 15 15:34:22.948183 localhost kernel: pid_max: default: 32768 minimum: 301
Sep 15 15:34:22.948188 localhost kernel: Yama: becoming mindful.
Sep 15 15:34:22.948192 localhost kernel: LSM support for eBPF active
Sep 15 15:34:22.948197 localhost kernel: landlock: Up and running.
Sep 15 15:34:22.948201 localhost kernel: Mount-cache hash table entries: 8192 (order: 4, 65536 bytes, linear)
Sep 15 15:34:22.948206 localhost kernel: Mountpoint-cache hash table entries: 8192 (order: 4, 65536 bytes, linear)
Sep 15 15:34:22.948211 localhost kernel: VFS: Finished mounting rootfs on nullfs
Sep 15 15:34:22.948216 localhost kernel: smpboot: CPU0: AMD Ryzen 9 9950X3D 16-Core Processor (family: 0x1a, model: 0x44, stepping: 0x0)
Sep 15 15:34:22.948220 localhost kernel: Performance Events: Fam17h+ core perfctr, AMD PMU driver.
Sep 15 15:34:22.948225 localhost kernel: ... version:                   0
Sep 15 15:34:22.948230 localhost kernel: ... bit width:                 48
Sep 15 15:34:22.948234 localhost kernel: ... generic counters:          6
Sep 15 15:34:22.948253 localhost kernel: ... generic bitmap:            000000000000003f
Sep 15 15:34:22.948260 localhost kernel: ... fixed-purpose counters:    0
Sep 15 15:34:22.948265 localhost kernel: ... fixed-purpose bitmap:      0000000000000000
Sep 15 15:34:22.948270 localhost kernel: ... value mask:                0000ffffffffffff
Sep 15 15:34:22.948275 localhost kernel: ... max period:                00007fffffffffff
Sep 15 15:34:22.948280 localhost kernel: ... global_ctrl mask:          000000000000003f
Sep 15 15:34:22.948284 localhost kernel: signal: max sigframe size: 3376
Sep 15 15:34:22.948291 localhost kernel: rcu: Hierarchical SRCU implementation.
Sep 15 15:34:22.948296 localhost kernel: rcu:         Max phase no-delay instances is 400.
Sep 15 15:34:22.948301 localhost kernel: Timer migration: 1 hierarchy levels; 8 children per group; 1 crossnode level
Sep 15 15:34:22.948306 localhost kernel: smp: Bringing up secondary CPUs ...
Sep 15 15:34:22.948311 localhost kernel: smpboot: x86: Booting SMP configuration:
Sep 15 15:34:22.948317 localhost kernel: .... node  #0, CPUs:      #1
Sep 15 15:34:22.948324 localhost kernel: smp: Brought up 1 node, 2 CPUs
Sep 15 15:34:22.948340 localhost kernel: smpboot: Total of 2 processors activated (17167.66 BogoMIPS)
Sep 15 15:34:22.948353 localhost kernel: Memory: 2954664K/3145196K available (22615K kernel code, 4720K rwdata, 11396K rodata, 5212K init, 5636K bss, 182784K reserved, 0K cma-reserved)
Sep 15 15:34:22.948361 localhost kernel: devtmpfs: initialized
Sep 15 15:34:22.948366 localhost kernel: x86/mm: Memory block size: 128MB
Sep 15 15:34:22.948371 localhost kernel: clocksource: jiffies: mask: 0xffffffff max_cycles: 0xffffffff, max_idle_ns: 1911260446275000 ns
Sep 15 15:34:22.948376 localhost kernel: posixtimers hash table entries: 1024 (order: 2, 16384 bytes, linear)
Sep 15 15:34:22.948381 localhost kernel: futex hash table entries: 512 (32768 bytes on 1 NUMA nodes, total 32 KiB, linear).
Sep 15 15:34:22.948385 localhost kernel: xor: automatically using best checksumming function   avx       
Sep 15 15:34:22.948390 localhost kernel: PM: RTC time: 15:34:18, date: 2026-09-15
Sep 15 15:34:22.948395 localhost kernel: NET: Registered PF_NETLINK/PF_ROUTE protocol family
Sep 15 15:34:22.948400 localhost kernel: DMA: preallocated 512 KiB GFP_KERNEL|GFP_DMA pool for atomic allocations
Sep 15 15:34:22.948405 localhost kernel: DMA: preallocated 512 KiB GFP_KERNEL|GFP_DMA32 pool for atomic allocations
Sep 15 15:34:22.948409 localhost kernel: audit: initializing netlink subsys (disabled)
Sep 15 15:34:22.948414 localhost kernel: 
[0;1;39m
[0;1;31m
[0;1;39maudit: type=2000 audit(1789486457.910:1): state=initialized audit_enabled=0 res=1
Sep 15 15:34:22.948419 localhost kernel: thermal_sys: Registered thermal governor 'fair_share'
Sep 15 15:34:22.948449 localhost kernel: thermal_sys: Registered thermal governor 'bang_bang'
Sep 15 15:34:22.948462 localhost kernel: thermal_sys: Registered thermal governor 'step_wise'
Sep 15 15:34:22.948467 localhost kernel: thermal_sys: Registered thermal governor 'user_space'
Sep 15 15:34:22.948472 localhost kernel: cpuidle: using governor menu
Sep 15 15:34:22.948479 localhost kernel: Freeing SMP alternatives memory: 56K
Sep 15 15:34:22.948484 localhost kernel: acpiphp: ACPI Hot Plug PCI Controller Driver version: 0.5
Sep 15 15:34:22.948489 localhost kernel: PCI: Using configuration type 1 for base access
Sep 15 15:34:22.948541 localhost kernel: PCI: Using configuration type 1 for extended access
Sep 15 15:34:22.948547 localhost kernel: 
[0;1;31m
[0;1;39m
[0;1;31mvirt/tdx: TDX not supported by the host platform
Sep 15 15:34:22.948553 localhost kernel: kprobes: kprobe jump-optimization is enabled. All kprobes are optimized if possible.
Sep 15 15:34:22.948558 localhost kernel: HugeTLB: registered 1.00 GiB page size, pre-allocated 0 pages
Sep 15 15:34:22.948563 localhost kernel: HugeTLB: 16380 KiB vmemmap can be freed for a 1.00 GiB page
Sep 15 15:34:22.948570 localhost kernel: HugeTLB: registered 2.00 MiB page size, pre-allocated 0 pages
Sep 15 15:34:22.948575 localhost kernel: HugeTLB: 28 KiB vmemmap can be freed for a 2.00 MiB page
Sep 15 15:34:22.948579 localhost kernel: raid6: skipped pq benchmark and selected avx512x4
Sep 15 15:34:22.948584 localhost kernel: raid6: using avx512x2 recovery algorithm
Sep 15 15:34:22.948589 localhost kernel: ACPI: Added _OSI(Module Device)
Sep 15 15:34:22.948593 localhost kernel: ACPI: Added _OSI(Processor Device)
Sep 15 15:34:22.948598 localhost kernel: ACPI: Added _OSI(Processor Aggregator Device)
Sep 15 15:34:22.948603 localhost kernel: ACPI: 1 ACPI AML tables successfully acquired and loaded
Sep 15 15:34:22.948608 localhost kernel: ACPI: \_SB_: platform _OSC: OS support mask [006e7eff]
Sep 15 15:34:22.948613 localhost kernel: ACPI: Interpreter enabled
Sep 15 15:34:22.948618 localhost kernel: ACPI: PM: (supports S0 S3 S4 S5)
Sep 15 15:34:22.948622 localhost kernel: ACPI: Using IOAPIC for interrupt routing
Sep 15 15:34:22.948627 localhost kernel: PCI: Using host bridge windows from ACPI; if necessary, use "pci=nocrs" and report a bug
Sep 15 15:34:22.948632 localhost kernel: PCI: Using E820 reservations for host bridge windows
Sep 15 15:34:22.948637 localhost kernel: ACPI: Enabled 2 GPEs in block 00 to 0F
Sep 15 15:34:22.948641 localhost kernel: ACPI: PCI Root Bridge [PCI0] (domain 0000 [bus 00-ff])
Sep 15 15:34:22.948797 localhost kernel: acpi PNP0A03:00: _OSC: OS supports [ExtendedConfig ASPM ClockPM Segments MSI EDR HPX-Type3]
Sep 15 15:34:22.948873 localhost kernel: acpi PNP0A03:00: _OSC: OS requested [PCIeHotplug SHPCHotplug PME AER PCIeCapability LTR DPC]
Sep 15 15:34:22.948921 localhost kernel: acpi PNP0A03:00: _OSC: platform willing to grant [PCIeHotplug SHPCHotplug PME AER PCIeCapability LTR DPC]
Sep 15 15:34:22.948966 localhost kernel: acpi PNP0A03:00: _OSC: platform retains control of PCIe features (AE_ERROR)
Sep 15 15:34:22.948972 localhost kernel: acpiphp: Slot [3] registered
Sep 15 15:34:22.948977 localhost kernel: acpiphp: Slot [4] registered
Sep 15 15:34:22.948982 localhost kernel: acpiphp: Slot [5] registered
Sep 15 15:34:22.948986 localhost kernel: acpiphp: Slot [6] registered
Sep 15 15:34:22.948991 localhost kernel: acpiphp: Slot [7] registered
Sep 15 15:34:22.948996 localhost kernel: acpiphp: Slot [8] registered
Sep 15 15:34:22.949001 localhost kernel: acpiphp: Slot [9] registered
Sep 15 15:34:22.949006 localhost kernel: acpiphp: Slot [10] registered
Sep 15 15:34:22.949010 localhost kernel: acpiphp: Slot [11] registered
Sep 15 15:34:22.949015 localhost kernel: acpiphp: Slot [12] registered
Sep 15 15:34:22.949020 localhost kernel: acpiphp: Slot [13] registered
Sep 15 15:34:22.949024 localhost kernel: acpiphp: Slot [14] registered
Sep 15 15:34:22.949029 localhost kernel: acpiphp: Slot [15] registered
Sep 15 15:34:22.949034 localhost kernel: acpiphp: Slot [16] registered
Sep 15 15:34:22.949039 localhost kernel: acpiphp: Slot [17] registered
Sep 15 15:34:22.949043 localhost kernel: acpiphp: Slot [18] registered
Sep 15 15:34:22.949048 localhost kernel: acpiphp: Slot [19] registered
Sep 15 15:34:22.949052 localhost kernel: acpiphp: Slot [20] registered
Sep 15 15:34:22.949058 localhost kernel: acpiphp: Slot [21] registered
Sep 15 15:34:22.949065 localhost kernel: acpiphp: Slot [22] registered
Sep 15 15:34:22.949072 localhost kernel: acpiphp: Slot [23] registered
Sep 15 15:34:22.949089 localhost kernel: acpiphp: Slot [24] registered
Sep 15 15:34:22.949098 localhost kernel: acpiphp: Slot [25] registered
Sep 15 15:34:22.949103 localhost kernel: acpiphp: Slot [26] registered
Sep 15 15:34:22.949110 localhost kernel: acpiphp: Slot [27] registered
Sep 15 15:34:22.949115 localhost kernel: acpiphp: Slot [28] registered
Sep 15 15:34:22.949120 localhost kernel: acpiphp: Slot [29] registered
Sep 15 15:34:22.949125 localhost kernel: acpiphp: Slot [30] registered
Sep 15 15:34:22.949129 localhost kernel: acpiphp: Slot [31] registered
Sep 15 15:34:22.949134 localhost kernel: PCI host bridge to bus 0000:00
Sep 15 15:34:22.949255 localhost kernel: pci_bus 0000:00: root bus resource [io  0x0000-0x0cf7 window]
Sep 15 15:34:22.949334 localhost kernel: pci_bus 0000:00: root bus resource [io  0x0d00-0xffff window]
Sep 15 15:34:22.949475 localhost kernel: pci_bus 0000:00: root bus resource [mem 0x000a0000-0x000bffff window]
Sep 15 15:34:22.949633 localhost kernel: pci_bus 0000:00: root bus resource [mem 0xc0000000-0xfebfffff window]
Sep 15 15:34:22.949684 localhost kernel: pci_bus 0000:00: root bus resource [mem 0x100000000-0x17fffffff window]
Sep 15 15:34:22.949727 localhost kernel: pci_bus 0000:00: root bus resource [bus 00-ff]
Sep 15 15:34:22.949840 localhost kernel: pci 0000:00:00.0: [8086:1237] type 00 class 0x060000 conventional PCI endpoint
Sep 15 15:34:22.949903 localhost kernel: pci 0000:00:01.0: [8086:7000] type 00 class 0x060100 conventional PCI endpoint
Sep 15 15:34:22.949959 localhost kernel: pci 0000:00:01.1: [8086:7010] type 00 class 0x010180 conventional PCI endpoint
Sep 15 15:34:22.950010 localhost kernel: pci 0000:00:01.1: BAR 4 [io  0xc0c0-0xc0cf]
Sep 15 15:34:22.950058 localhost kernel: pci 0000:00:01.1: BAR 0 [io  0x01f0-0x01f7]: legacy IDE quirk
Sep 15 15:34:22.950105 localhost kernel: pci 0000:00:01.1: BAR 1 [io  0x03f6]: legacy IDE quirk
Sep 15 15:34:22.950151 localhost kernel: pci 0000:00:01.1: BAR 2 [io  0x0170-0x0177]: legacy IDE quirk
Sep 15 15:34:22.950198 localhost kernel: pci 0000:00:01.1: BAR 3 [io  0x0376]: legacy IDE quirk
Sep 15 15:34:22.950285 localhost kernel: pci 0000:00:01.3: [8086:7113] type 00 class 0x068000 conventional PCI endpoint
Sep 15 15:34:22.950355 localhost kernel: pci 0000:00:01.3: quirk: [io  0x0600-0x063f] claimed by PIIX4 ACPI
Sep 15 15:34:22.950406 localhost kernel: pci 0000:00:01.3: quirk: [io  0x0700-0x070f] claimed by PIIX4 SMB
Sep 15 15:34:22.950579 localhost kernel: pci 0000:00:02.0: [1234:1111] type 00 class 0x030000 conventional PCI endpoint
Sep 15 15:34:22.950650 localhost kernel: pci 0000:00:02.0: BAR 0 [mem 0xfd000000-0xfdffffff pref]
Sep 15 15:34:22.950699 localhost kernel: pci 0000:00:02.0: BAR 2 [mem 0xfebb0000-0xfebb0fff]
Sep 15 15:34:22.950784 localhost kernel: pci 0000:00:02.0: ROM [mem 0xfeba0000-0xfebaffff pref]
Sep 15 15:34:22.950885 localhost kernel: pci 0000:00:02.0: Video device with shadowed ROM at [mem 0x000c0000-0x000dffff]
Sep 15 15:34:22.950954 localhost kernel: pci 0000:00:03.0: [8086:100e] type 00 class 0x020000 conventional PCI endpoint
Sep 15 15:34:22.951004 localhost kernel: pci 0000:00:03.0: BAR 0 [mem 0xfeb80000-0xfeb9ffff]
Sep 15 15:34:22.951049 localhost kernel: pci 0000:00:03.0: BAR 1 [io  0xc080-0xc0bf]
Sep 15 15:34:22.951094 localhost kernel: pci 0000:00:03.0: ROM [mem 0xfeb00000-0xfeb7ffff pref]
Sep 15 15:34:22.951147 localhost kernel: pci 0000:00:04.0: [1af4:1001] type 00 class 0x010000 conventional PCI endpoint
Sep 15 15:34:22.951194 localhost kernel: pci 0000:00:04.0: BAR 0 [io  0xc000-0xc07f]
Sep 15 15:34:22.951263 localhost kernel: pci 0000:00:04.0: BAR 1 [mem 0xfebb1000-0xfebb1fff]
Sep 15 15:34:22.951340 localhost kernel: pci 0000:00:04.0: BAR 4 [mem 0xfe000000-0xfe003fff 64bit pref]
Sep 15 15:34:22.951349 localhost kernel: ACPI: PCI: Interrupt link LNKA configured for IRQ 10
Sep 15 15:34:22.951355 localhost kernel: ACPI: PCI: Interrupt link LNKB configured for IRQ 10
Sep 15 15:34:22.951360 localhost kernel: ACPI: PCI: Interrupt link LNKC configured for IRQ 11
Sep 15 15:34:22.951365 localhost kernel: ACPI: PCI: Interrupt link LNKD configured for IRQ 11
Sep 15 15:34:22.951369 localhost kernel: ACPI: PCI: Interrupt link LNKS configured for IRQ 9
Sep 15 15:34:22.951374 localhost kernel: iommu: Default domain type: Translated
Sep 15 15:34:22.951379 localhost kernel: iommu: DMA domain TLB invalidation policy: lazy mode
Sep 15 15:34:22.951384 localhost kernel: 
[0;1;39m
[0;1;31m
[0;1;39mSCSI subsystem initialized
Sep 15 15:34:22.951389 localhost kernel: 
[0;90m
[0;38:5:245m
[0;1;31m
[0;90m
[0;38:5:245mlibata version 3.00 loaded.
Sep 15 15:34:22.951394 localhost kernel: ACPI: bus type USB registered
Sep 15 15:34:22.951399 localhost kernel: usbcore: registered new interface driver usbfs
Sep 15 15:34:22.951404 localhost kernel: usbcore: registered new interface driver hub
Sep 15 15:34:22.951408 localhost kernel: usbcore: registered new device driver usb
Sep 15 15:34:22.951413 localhost kernel: pps_core: LinuxPPS API ver. 1 registered
Sep 15 15:34:22.951418 localhost kernel: pps_core: Software ver. 5.3.6 - Copyright 2005-2007 Rodolfo Giometti <giometti@linux.it>
Sep 15 15:34:22.951423 localhost kernel: PTP clock support registered
Sep 15 15:34:22.951461 localhost kernel: EDAC MC: Ver: 3.0.0
Sep 15 15:34:22.951467 localhost kernel: NetLabel: Initializing
Sep 15 15:34:22.951474 localhost kernel: NetLabel:  domain hash size = 128
Sep 15 15:34:22.951479 localhost kernel: NetLabel:  protocols = UNLABELED CIPSOv4 CALIPSO
Sep 15 15:34:22.951485 localhost kernel: NetLabel:  unlabeled traffic allowed by default
Sep 15 15:34:22.951526 localhost kernel: mctp: management component transport protocol core
Sep 15 15:34:22.951543 localhost kernel: NET: Registered PF_MCTP protocol family
Sep 15 15:34:22.951548 localhost kernel: PCI: Using ACPI for IRQ routing
Sep 15 15:34:22.951553 localhost kernel: 
[0;90m
[0;38:5:245m
[0;1;31m
[0;90m
[0;38:5:245mPCI: pci_cache_line_size set to 64 bytes
Sep 15 15:34:22.951558 localhost kernel: e820: register RAM buffer resource [mem 0x0009fc00-0x0009ffff]
Sep 15 15:34:22.951563 localhost kernel: e820: register RAM buffer resource [mem 0xbffdd000-0xbfffffff]
Sep 15 15:34:22.951649 localhost kernel: pci 0000:00:02.0: vgaarb: setting as boot VGA device
Sep 15 15:34:22.951699 localhost kernel: pci 0000:00:02.0: vgaarb: bridge control possible
Sep 15 15:34:22.951779 localhost kernel: pci 0000:00:02.0: vgaarb: VGA device added: decodes=io+mem,owns=io+mem,locks=none
Sep 15 15:34:22.951792 localhost kernel: vgaarb: loaded
Sep 15 15:34:22.951798 localhost kernel: hpet0: at MMIO 0xfed00000, IRQs 2, 8, 0
Sep 15 15:34:22.951803 localhost kernel: hpet0: 3 comparators, 64-bit 100.000000 MHz counter
Sep 15 15:34:22.951808 localhost kernel: clocksource: Switched to clocksource kvm-clock
Sep 15 15:34:22.951813 localhost kernel: 
[0;1;39m
[0;1;31m
[0;1;39mVFS: Disk quotas dquot_6.6.0
Sep 15 15:34:22.951821 localhost kernel: VFS: Dquot-cache hash table entries: 512 (order 0, 4096 bytes)
Sep 15 15:34:22.951827 localhost kernel: pnp: PnP ACPI init
Sep 15 15:34:22.951958 localhost kernel: 
[0;90m
[0;38:5:245m
[0;1;31m
[0;90m
[0;38:5:245mpnp 00:02: [dma 2]
Sep 15 15:34:22.951975 localhost kernel: pnp: PnP ACPI: found 5 devices
Sep 15 15:34:22.951983 localhost kernel: clocksource: acpi_pm: mask: 0xffffff max_cycles: 0xffffff, max_idle_ns: 2085701024 ns
Sep 15 15:34:22.951999 localhost kernel: NET: Registered PF_INET protocol family
Sep 15 15:34:22.952007 localhost kernel: IP idents hash table entries: 65536 (order: 7, 524288 bytes, linear)
Sep 15 15:34:22.952015 localhost kernel: tcp_listen_portaddr_hash hash table entries: 2048 (order: 3, 32768 bytes, linear)
Sep 15 15:34:22.952032 localhost kernel: Table-perturb hash table entries: 65536 (order: 6, 262144 bytes, linear)
Sep 15 15:34:22.952044 localhost kernel: TCP established hash table entries: 32768 (order: 6, 262144 bytes, linear)
Sep 15 15:34:22.952052 localhost kernel: TCP bind hash table entries: 32768 (order: 8, 1048576 bytes, linear)
Sep 15 15:34:22.952060 localhost kernel: TCP: Hash tables configured (established 32768 bind 32768)
Sep 15 15:34:22.952067 localhost kernel: MPTCP token hash table entries: 4096 (order: 5, 98304 bytes, linear)
Sep 15 15:34:22.952075 localhost kernel: UDP hash table entries: 2048 (order: 5, 131072 bytes, linear)
Sep 15 15:34:22.952082 localhost kernel: NET: Registered PF_UNIX/PF_LOCAL protocol family
Sep 15 15:34:22.952090 localhost kernel: NET: Registered PF_XDP protocol family
Sep 15 15:34:22.952194 localhost kernel: pci_bus 0000:00: resource 4 [io  0x0000-0x0cf7 window]
Sep 15 15:34:22.952300 localhost kernel: pci_bus 0000:00: resource 5 [io  0x0d00-0xffff window]
Sep 15 15:34:22.952355 localhost kernel: pci_bus 0000:00: resource 6 [mem 0x000a0000-0x000bffff window]
Sep 15 15:34:22.952914 localhost kernel: pci_bus 0000:00: resource 7 [mem 0xc0000000-0xfebfffff window]
Sep 15 15:34:22.952986 localhost kernel: pci_bus 0000:00: resource 8 [mem 0x100000000-0x17fffffff window]
Sep 15 15:34:22.953049 localhost kernel: pci 0000:00:01.0: PIIX3: Enabling Passive Release
Sep 15 15:34:22.953155 localhost kernel: pci 0000:00:00.0: Limiting direct PCI/PCI transfers
Sep 15 15:34:22.953172 localhost kernel: PCI: CLS 0 bytes, default 64
Sep 15 15:34:22.953180 localhost kernel: clocksource: tsc: mask: 0xffffffffffffffff max_cycles: 0x3ddd8f89348, max_idle_ns: 440795423566 ns
Sep 15 15:34:22.953187 localhost kernel: Trying to unpack rootfs image as initramfs...
Sep 15 15:34:22.953194 localhost kernel: 
[0;1;39m
[0;1;31m
[0;1;39mInitialise system trusted keyrings
Sep 15 15:34:22.953209 localhost kernel: 
[0;1;39m
[0;1;31m
[0;1;39mKey type blacklist registered
Sep 15 15:34:22.953217 localhost kernel: workingset: timestamp_bits=36 (anon: 32) max_order=20 bucket_order=0 (anon: 0)
Sep 15 15:34:22.953225 localhost kernel: 
[0;1;39m
[0;1;31m
[0;1;39mintegrity: Platform Keyring initialized
Sep 15 15:34:22.953230 localhost kernel: 
[0;1;39m
[0;1;31m
[0;1;39mintegrity: Machine keyring initialized
Sep 15 15:34:22.953235 localhost kernel: cryptd: max_cpu_qlen set to 1000
Sep 15 15:34:22.953254 localhost kernel: NET: Registered PF_ALG protocol family
Sep 15 15:34:22.953261 localhost kernel: 
[0;1;39m
[0;1;31m
[0;1;39mKey type asymmetric registered
Sep 15 15:34:22.953289 localhost kernel: 
[0;1;39m
[0;1;31m
[0;1;39mAsymmetric key parser 'x509' registered
Sep 15 15:34:22.953303 localhost kernel: 
[0;1;33m
[0;1;38:5:185m
[0;1;39m
[0;1;33m
[0;1;38:5:185malg: full crypto tests enabled.  This is intended for developer use only.
Sep 15 15:34:22.953309 localhost kernel: Block layer SCSI generic (bsg) driver version 0.4 loaded (major 244)
Sep 15 15:34:22.953314 localhost kernel: io scheduler mq-deadline registered
Sep 15 15:34:22.953322 localhost kernel: io scheduler kyber registered
Sep 15 15:34:22.953327 localhost kernel: io scheduler bfq registered
Sep 15 15:34:22.953332 localhost kernel: atomic64_test: passed for x86-64 platform with CX8 and with SSE
Sep 15 15:34:22.953337 localhost kernel: input: Power Button as /devices/platform/LNXPWRBN:00/input/input0
Sep 15 15:34:22.953342 localhost kernel: ACPI: button: Power Button [PWRF]
Sep 15 15:34:22.953348 localhost kernel: ACPI: \_SB_.LNKD: Enabled at IRQ 11
Sep 15 15:34:22.953354 localhost kernel: Serial: 8250/16550 driver, 32 ports, IRQ sharing enabled
Sep 15 15:34:22.953358 localhost kernel: 00:04: ttyS0 at I/O 0x3f8 (irq = 4, base_baud = 115200) is a 16550A
Sep 15 15:34:22.953363 localhost kernel: Non-volatile memory driver v1.3
Sep 15 15:34:22.953368 localhost kernel: ACPI: bus type drm_connector registered
Sep 15 15:34:22.953612 localhost kernel: virtio_blk virtio0: 2/0/0 default/read/poll queues
Sep 15 15:34:22.953688 localhost kernel: 
[0;1;39m
[0;1;31m
[0;1;39mvirtio_blk virtio0: [vda] 8388608 512-byte logical blocks (4.29 GB/4.00 GiB)
Sep 15 15:34:22.953795 localhost kernel: scsi host0: ata_piix
Sep 15 15:34:22.953872 localhost kernel: scsi host1: ata_piix
Sep 15 15:34:22.953880 localhost kernel: ata1: PATA max MWDMA2 cmd 0x1f0 ctl 0x3f6 bmdma 0xc0c0 irq 14 lpm-pol 0
Sep 15 15:34:22.953885 localhost kernel: ata2: PATA max MWDMA2 cmd 0x170 ctl 0x376 bmdma 0xc0c8 irq 15 lpm-pol 0
Sep 15 15:34:22.953890 localhost kernel: usbcore: registered new interface driver usbserial_generic
Sep 15 15:34:22.953896 localhost kernel: usbserial: USB Serial support registered for generic
Sep 15 15:34:22.953903 localhost kernel: i8042: PNP: PS/2 Controller [PNP0303:KBD,PNP0f13:MOU] at 0x60,0x64 irq 1,12
Sep 15 15:34:22.953908 localhost kernel: serio: i8042 KBD port at 0x60,0x64 irq 1
Sep 15 15:34:22.953913 localhost kernel: serio: i8042 AUX port at 0x60,0x64 irq 12
Sep 15 15:34:22.953917 localhost kernel: mousedev: PS/2 mouse device common for all mice
Sep 15 15:34:22.953975 localhost kernel: rtc_cmos PNP0B00:00: RTC can wake from S4
Sep 15 15:34:22.954023 localhost kernel: rtc_cmos PNP0B00:00: registered as rtc0
Sep 15 15:34:22.954067 localhost kernel: rtc_cmos PNP0B00:00: setting system clock to 2026-09-15T15:34:19 UTC (1789486459)
Sep 15 15:34:22.954112 localhost kernel: rtc_cmos PNP0B00:00: alarms up to one day, y3k, 242 bytes nvram, hpet irqs
Sep 15 15:34:22.954117 localhost kernel: input: AT Translated Set 2 keyboard as /devices/platform/i8042/serio0/input/input1
Sep 15 15:34:22.954122 localhost kernel: device-mapper: core: CONFIG_IMA_DISABLE_HTABLE is disabled. Duplicate IMA measurements will not be recorded in the IMA log.
Sep 15 15:34:22.954127 localhost kernel: device-mapper: uevent: version 1.0.3
Sep 15 15:34:22.954133 localhost kernel: device-mapper: ioctl: 4.50.0-ioctl (2025-04-28) initialised: dm-devel@lists.linux.dev
Sep 15 15:34:22.954138 localhost kernel: 
[0;1;33m
[0;1;38:5:185m
[0;1;39m
[0;1;33m
[0;1;38:5:185mamd_pstate: The CPPC feature is supported but currently disabled by the BIOS.
                                         
[0;1;33m
[0;1;38:5:185mPlease enable it if your BIOS has the CPPC option.
Sep 15 15:34:22.954143 localhost kernel: input: VirtualPS/2 VMware VMMouse as /devices/platform/i8042/serio1/input/input4
Sep 15 15:34:22.954148 localhost kernel: input: VirtualPS/2 VMware VMMouse as /devices/platform/i8042/serio1/input/input3
Sep 15 15:34:22.954153 localhost kernel: 
[0;1;33m
[0;1;38:5:185m
[0;1;39m
[0;1;33m
[0;1;38:5:185mamd_pstate: the _CPC object is not present in SBIOS or ACPI disabled
Sep 15 15:34:22.954159 localhost kernel: hid: raw HID events driver (C) Jiri Kosina
Sep 15 15:34:22.954164 localhost kernel: usbcore: registered new interface driver usbhid
Sep 15 15:34:22.954169 localhost kernel: usbhid: USB HID core driver
Sep 15 15:34:22.954174 localhost kernel: drop_monitor: Initializing network drop monitor service
Sep 15 15:34:22.954179 localhost kernel: Initializing XFRM netlink socket
Sep 15 15:34:22.954183 localhost kernel: NET: Registered PF_INET6 protocol family
Sep 15 15:34:22.954188 localhost kernel: Segment Routing with IPv6
Sep 15 15:34:22.954193 localhost kernel: RPL Segment Routing with IPv6
Sep 15 15:34:22.954197 localhost kernel: In-situ OAM (IOAM) with IPv6
Sep 15 15:34:22.954202 localhost kernel: mip6: Mobile IPv6
Sep 15 15:34:22.954207 localhost kernel: NET: Registered PF_PACKET protocol family
Sep 15 15:34:22.954212 localhost kernel: IPI shorthand broadcast: enabled
Sep 15 15:34:22.954216 localhost kernel: ata2: found unknown device (class 0)
Sep 15 15:34:22.954221 localhost kernel: registered taskstats version 1
Sep 15 15:34:22.954226 localhost kernel: ata2.00: ATAPI: QEMU DVD-ROM, 2.5+, max UDMA/100
Sep 15 15:34:22.954230 localhost kernel: 
[0;1;39m
[0;1;31m
[0;1;39mLoading compiled-in X.509 certificates
Sep 15 15:34:22.954235 localhost kernel: ata1.00: ATAPI: QEMU DVD-ROM, 2.5+, max UDMA/100
Sep 15 15:34:22.955299 localhost kernel: ata1.01: ATAPI: QEMU DVD-ROM, 2.5+, max UDMA/100
Sep 15 15:34:22.955315 localhost kernel: 
[0;1;39m
[0;1;31m
[0;1;39mLoaded X.509 cert 'Build time autogenerated kernel key: ab95a56bab632f55234099faf71fd1f7b65f6d2e'
Sep 15 15:34:22.955459 localhost kernel: 
[0;1;39m
[0;1;31m
[0;1;39mscsi 0:0:0:0: CD-ROM            QEMU     QEMU DVD-ROM     2.5+ PQ: 0 ANSI: 5
Sep 15 15:34:22.955475 localhost kernel: Demotion targets for Node 0: null
Sep 15 15:34:22.955481 localhost kernel: page_owner is disabled
Sep 15 15:34:22.955486 localhost kernel: 
[0;1;39m
[0;1;31m
[0;1;39mKey type .fscrypt registered
Sep 15 15:34:22.955537 localhost kernel: 
[0;1;39m
[0;1;31m
[0;1;39mKey type fscrypt-provisioning registered
Sep 15 15:34:22.955545 localhost kernel: Btrfs loaded, zoned=yes, fsverity=yes
Sep 15 15:34:22.955550 localhost kernel: 
[0;1;39m
[0;1;31m
[0;1;39mKey type big_key registered
Sep 15 15:34:22.955645 localhost kernel: sr 0:0:0:0: [sr0] scsi3-mmc drive: 4x/4x cd/rw xa/form2 tray
Sep 15 15:34:22.955653 localhost kernel: cdrom: Uniform CD-ROM driver Revision: 3.20
Sep 15 15:34:22.955710 localhost kernel: 
[0;90m
[0;38:5:245m
[0;1;31m
[0;90m
[0;38:5:245msr 0:0:0:0: Attached scsi CD-ROM sr0
Sep 15 15:34:22.955833 localhost kernel: 
[0;1;39m
[0;1;31m
[0;1;39msr 0:0:0:0: Attached scsi generic sg0 type 5
Sep 15 15:34:22.955908 localhost kernel: 
[0;1;39m
[0;1;31m
[0;1;39mscsi 0:0:1:0: CD-ROM            QEMU     QEMU DVD-ROM     2.5+ PQ: 0 ANSI: 5
Sep 15 15:34:22.955964 localhost kernel: sr 0:0:1:0: [sr1] scsi3-mmc drive: 4x/4x cd/rw xa/form2 tray
Sep 15 15:34:22.956017 localhost kernel: 
[0;90m
[0;38:5:245m
[0;1;31m
[0;90m
[0;38:5:245msr 0:0:1:0: Attached scsi CD-ROM sr1
Sep 15 15:34:22.956069 localhost kernel: 
[0;1;39m
[0;1;31m
[0;1;39msr 0:0:1:0: Attached scsi generic sg1 type 5
Sep 15 15:34:22.956134 localhost kernel: 
[0;1;39m
[0;1;31m
[0;1;39mscsi 1:0:0:0: CD-ROM            QEMU     QEMU DVD-ROM     2.5+ PQ: 0 ANSI: 5
Sep 15 15:34:22.956187 localhost kernel: sr 1:0:0:0: [sr2] scsi3-mmc drive: 4x/4x cd/rw xa/form2 tray
Sep 15 15:34:22.956258 localhost kernel: 
[0;90m
[0;38:5:245m
[0;1;31m
[0;90m
[0;38:5:245msr 1:0:0:0: Attached scsi CD-ROM sr2
Sep 15 15:34:22.956346 localhost kernel: 
[0;1;39m
[0;1;31m
[0;1;39msr 1:0:0:0: Attached scsi generic sg2 type 5
Sep 15 15:34:22.956353 localhost kernel: 
[0;1;33m
[0;1;38:5:185m
[0;1;39m
[0;1;33m
[0;1;38:5:185mclocksource: Marking clocksource tsc unstable due to inter CPU skew
Sep 15 15:34:22.956359 localhost kernel: 
[0;1;33m
[0;1;38:5:185m
[0;1;39m
[0;1;33m
[0;1;38:5:185mclocksource: CPU0      12318825629 < CPU1      12318825930 (cycles)
Sep 15 15:34:22.956364 localhost kernel: tsc: Marking TSC unstable due to clocksource watchdog
Sep 15 15:34:22.956372 localhost kernel: Freeing initrd memory: 64128K
Sep 15 15:34:22.956377 localhost kernel: 
[0;1;39m
[0;1;31m
[0;1;39mKey type encrypted registered
Sep 15 15:34:22.956382 localhost kernel: ima: No TPM chip found, activating TPM-bypass!
Sep 15 15:34:22.956387 localhost kernel: 
[0;1;39m
[0;1;31m
[0;1;39mLoading compiled-in module X.509 certificates
Sep 15 15:34:22.956392 localhost kernel: 
[0;1;39m
[0;1;31m
[0;1;39mLoaded X.509 cert 'Build time autogenerated kernel key: ab95a56bab632f55234099faf71fd1f7b65f6d2e'
Sep 15 15:34:22.956397 localhost kernel: ima: Allocated hash algorithm: sha256
Sep 15 15:34:22.956402 localhost kernel: ima: No architecture policies found
Sep 15 15:34:22.956407 localhost kernel: evm: Initialising EVM extended attributes:
Sep 15 15:34:22.956412 localhost kernel: evm: security.selinux
Sep 15 15:34:22.956417 localhost kernel: evm: security.SMACK64 (disabled)
Sep 15 15:34:22.956423 localhost kernel: evm: security.SMACK64EXEC (disabled)
Sep 15 15:34:22.956461 localhost kernel: evm: security.SMACK64TRANSMUTE (disabled)
Sep 15 15:34:22.956467 localhost kernel: evm: security.SMACK64MMAP (disabled)
Sep 15 15:34:22.956472 localhost kernel: evm: security.apparmor (disabled)
Sep 15 15:34:22.956477 localhost kernel: evm: security.ima
Sep 15 15:34:22.956482 localhost kernel: evm: security.capability
Sep 15 15:34:22.956487 localhost kernel: evm: HMAC attrs: 0x1
Sep 15 15:34:22.956541 localhost kernel: alg: No test for 842 (842-scomp)
Sep 15 15:34:22.956547 localhost kernel: PM:   Magic number: 10:765:588
Sep 15 15:34:22.956556 localhost kernel: RAS: Correctable Errors collector initialized.
Sep 15 15:34:22.956562 localhost kernel: 
[0;1;33m
[0;1;38:5:185m
[0;1;39m
[0;1;33m
[0;1;38:5:185mUnstable clock detected, switching default tracing clock to "global"
                                         
[0;1;33m
[0;1;38:5:185mIf you want to keep using the local clock, then add:
                                         
[0;1;33m
[0;1;38:5:185m  "trace_clock=local"
                                         
[0;1;33m
[0;1;38:5:185mon the kernel command line
Sep 15 15:34:22.956568 localhost kernel: clk: Disabling unused clocks
Sep 15 15:34:22.956573 localhost kernel: PM: genpd: Disabling unused power domains
Sep 15 15:34:22.956578 localhost kernel: Freeing unused decrypted memory: 2028K
Sep 15 15:34:22.956583 localhost kernel: Freeing unused kernel image (initmem) memory: 5212K
Sep 15 15:34:22.956588 localhost kernel: Write protecting the kernel read-only data: 36864k
Sep 15 15:34:22.956593 localhost kernel: Freeing unused kernel image (text/rodata gap) memory: 1960K
Sep 15 15:34:22.956598 localhost kernel: Freeing unused kernel image (rodata/data gap) memory: 892K
Sep 15 15:34:22.956603 localhost kernel: x86/mm: Checked W+X mappings: passed, no W+X pages found.
Sep 15 15:34:22.956608 localhost kernel: Run /init as init process
Sep 15 15:34:22.956613 localhost kernel: 
[0;90m
[0;38:5:245m
[0;1;31m
[0;90m
[0;38:5:245m  with arguments:
Sep 15 15:34:22.956617 localhost kernel: 
[0;90m
[0;38:5:245m
[0;1;31m
[0;90m
[0;38:5:245m    /init
Sep 15 15:34:22.956622 localhost kernel: 
[0;90m
[0;38:5:245m
[0;1;31m
[0;90m
[0;38:5:245m    cdroot
Sep 15 15:34:22.956627 localhost kernel: 
[0;90m
[0;38:5:245m
[0;1;31m
[0;90m
[0;38:5:245m  with environment:
Sep 15 15:34:22.956632 localhost kernel: 
[0;90m
[0;38:5:245m
[0;1;31m
[0;90m
[0;38:5:245m    HOME=/
Sep 15 15:34:22.956636 localhost kernel: 
[0;90m
[0;38:5:245m
[0;1;31m
[0;90m
[0;38:5:245m    TERM=linux
Sep 15 15:34:22.956642 localhost kernel: fuse: init (API version 7.45)
Sep 15 15:34:22.956649 localhost systemd[1]: Successfully made /usr/ read-only.
Sep 15 15:34:22.956657 localhost systemd[1]: systemd 261.1 running in system mode (+PAM -AUDIT -SELINUX -APPARMOR +IMA +IPE +SMACK +SECCOMP -GCRYPT -GNUTLS +OPENSSL +ACL +BLKID -CURL -ELFUTILS -FIDO2 -IDN2 +KMOD +LIBCRYPTSETUP +LIBCRYPTSETUP_PLUGINS +LIBFDISK -PCRE2 -PWQUALITY -P11KIT -QRENCODE +TPM2 -BZIP2 +LZ4 +XZ +ZLIB +ZSTD -BPF_FRAMEWORK -BTF -XKBCOMMON -UTMP -LIBARCHIVE)
Sep 15 15:34:22.956664 localhost systemd[1]: Detected virtualization kvm.
Sep 15 15:34:22.956670 localhost systemd[1]: Detected architecture x86-64.
Sep 15 15:34:22.956675 localhost systemd[1]: Running in initrd.
Sep 15 15:34:22.956681 localhost systemd[1]: Initializing machine ID from random generator.
Sep 15 15:34:22.956762 localhost systemd[1]: No hostname configured, using default hostname.
Sep 15 15:34:22.956772 localhost systemd[1]: Hostname set to <localhost>.
Sep 15 15:34:22.956779 localhost (gene[247]: 
[0;1;31m
[0;1;39m
[0;1;31m'/usr/lib/systemd/system-generators/dracut-crypt-generator' failed with exit status 2.
Sep 15 15:34:22.956786 localhost unknown: 
[0;1;33m
[0;1;38:5:185m
[0;1;39m
[0;1;33m
[0;1;38:5:185mdracut Warning: Kernel command line option 'rd.live.overlay.overlayfs' is deprecated, use 'rd.overlay' instead.
Sep 15 15:34:22.956792 localhost systemd[1]: Queued start job for default target Initrd Default Target.
Sep 15 15:34:22.956798 localhost systemd[1]: Created slice Slice /system/modprobe.
Sep 15 15:34:22.956803 localhost systemd[1]: Started Dispatch Password Requests to Console Directory Watch.
Sep 15 15:34:22.956809 localhost systemd[1]: Reached target Initrd /usr File System.
Sep 15 15:34:22.956817 localhost systemd[1]: Reached target Path Units.
Sep 15 15:34:22.956822 localhost systemd[1]: Reached target Slice Units.
Sep 15 15:34:22.956828 localhost systemd[1]: Reached target Swaps.
Sep 15 15:34:22.956833 localhost systemd[1]: Reached target Timer Units.
Sep 15 15:34:22.956838 localhost systemd[1]: Reached target Local Verity Protected Volumes.
Sep 15 15:34:22.956843 localhost systemd[1]: Listening on Open-iSCSI iscsid Socket.
Sep 15 15:34:22.956849 localhost systemd[1]: Listening on Open-iSCSI iscsiuio Socket.
Sep 15 15:34:22.956854 localhost systemd[1]: Listening on Journal Socket (/dev/log).
Sep 15 15:34:22.956860 localhost systemd[1]: Listening on Journal Sockets.
Sep 15 15:34:22.956866 localhost systemd[1]: Listening on Network Management Netlink Socket.
Sep 15 15:34:22.956871 localhost systemd[1]: Listening on udev Control Socket.
Sep 15 15:34:22.956876 localhost systemd[1]: Listening on udev Kernel Socket.
Sep 15 15:34:22.956882 localhost systemd[1]: Reached target Socket Units.
Sep 15 15:34:22.956887 localhost systemd[1]: Starting Create List of Static Device Nodes...
Sep 15 15:34:22.956892 localhost systemd[1]: Load Kernel Module dm_mod skipped, unmet condition check ConditionKernelModuleLoaded=!dm_mod
Sep 15 15:34:22.956898 localhost systemd[1]: Starting Load Kernel Module dm_multipath...
Sep 15 15:34:22.956904 localhost systemd[1]: Starting Load Kernel Module loop...
Sep 15 15:34:22.956910 localhost systemd[1]: Early Battery Level Check skipped, unmet condition check ConditionDirectoryNotEmpty=/sys/class/power_supply
Sep 15 15:34:22.956915 localhost systemd[1]: Reached target Initrd Root Device.
Sep 15 15:34:22.956921 localhost kernel: loop: module loaded
Sep 15 15:34:22.956926 localhost systemd[1]: Starting Journal Service...
Sep 15 15:34:22.956931 localhost systemd[1]: Load Kernel Modules skipped, no trigger condition checks were met.
Sep 15 15:34:22.956955 localhost systemd-journald[358]: Collecting audit messages is disabled.
Sep 15 15:34:22.956971 localhost systemd[1]: Starting Generate Network Units from Kernel Command Line...
Sep 15 15:34:22.956977 localhost systemd[1]: TPM PCR Barrier (initrd) skipped, unmet condition check ConditionSecurity=measured-os
Sep 15 15:34:22.956985 localhost systemd-journald[358]: Journal started
Sep 15 15:34:22.957006 localhost systemd-journald[358]: Runtime Journal (/run/log/journal/dc2eff48c067471a98b87cd6ebbc72e7) is 7.4M, max 59.3M, 51.8M free.
Sep 15 15:34:22.964232 localhost systemd[1]: Starting Apply Kernel Variables...
Sep 15 15:34:22.974248 localhost systemd[1]: Starting Virtual Console Setup...
Sep 15 15:34:22.976071 localhost systemd-vconsole-setup[362]: 
[0;1;39m
[0;1;31m
[0;1;39mConfiguration of first virtual console was skipped, ignoring remaining ones.
Sep 15 15:34:22.981163 localhost systemd[1]: Started Journal Service.
Sep 15 15:34:22.981911 localhost systemd[1]: Finished Create List of Static Device Nodes.
Sep 15 15:34:22.985948 localhost systemd[1]: modprobe@dm_multipath.service: Deactivated successfully.
Sep 15 15:34:22.986172 localhost systemd[1]: Finished Load Kernel Module dm_multipath.
Sep 15 15:34:22.990046 localhost systemd[1]: modprobe@loop.service: Deactivated successfully.
Sep 15 15:34:22.990228 localhost systemd[1]: Finished Load Kernel Module loop.
Sep 15 15:34:22.994092 localhost systemd[1]: Finished Generate Network Units from Kernel Command Line.
Sep 15 15:34:22.999153 localhost systemd[1]: Finished Apply Kernel Variables.
Sep 15 15:34:23.003406 localhost systemd[1]: Finished Virtual Console Setup.
Sep 15 15:34:23.007962 localhost systemd[1]: Reached target Preparation for Network.
Sep 15 15:34:23.011672 localhost systemd[1]: Listening on Network Management Resolve Hook Socket.
Sep 15 15:34:23.019716 localhost systemd[1]: Starting Device-Mapper Multipath Device Controller...
Sep 15 15:34:23.023299 localhost systemd[1]: dracut ask for additional cmdline parameters skipped, no trigger condition checks were met.
Sep 15 15:34:23.025404 localhost systemd[1]: Starting dracut cmdline hook...
Sep 15 15:34:23.028044 localhost systemd[1]: Merge System Configuration Images into /etc/ of the initrd skipped, no trigger condition checks were met.
Sep 15 15:34:23.030601 localhost multipathd[370]: multipathd v0.14.3: start up
Sep 15 15:34:23.030601 localhost multipathd[370]: A dynamic linking error occurred: (Symbol not found: __epoll_pwait2_time64)
Sep 15 15:34:23.030950 localhost systemd[1]: Starting Network Name Resolution...
Sep 15 15:34:23.034798 localhost multipathd[370]: Could not set SCHED_RR at priority 10
Sep 15 15:34:23.034948 localhost systemd[1]: Merge System Extension Images into /usr/ and /opt/ of the initrd skipped, no trigger condition checks were met.
Sep 15 15:34:23.035130 localhost systemd[1]: Reached target Local Encrypted Volumes (Pre).
Sep 15 15:34:23.038819 localhost systemd[1]: Reached target Local Encrypted Volumes.
Sep 15 15:34:23.043649 localhost multipathd[370]: reconfigure: setting up paths and maps
Sep 15 15:34:23.043649 localhost multipathd[370]: _check_bindings_file: failed to read header from /etc/multipath/bindings
Sep 15 15:34:23.043649 localhost multipathd[370]: updated bindings file /etc/multipath/bindings
Sep 15 15:34:23.045819 localhost dracut-cmdline[373]: dracut-111
Sep 15 15:34:23.047718 localhost systemd[1]: Starting Create Static Device Nodes in /dev gracefully...
Sep 15 15:34:23.051551 localhost dracut-cmdline[373]: Using kernel command line parameters:    cdroot root=live:CDLABEL=COS_LIVE rd.live.dir=/ rd.live.squashimg=rootfs.squashfs rd.live.overlay.overlayfs net.ifnames=1 console=tty1 console=ttyS0 kairos.ram kairos.ram.create_partitions nomodeset selinux=0 rd.immucore.debug ignore_loglevel
Sep 15 15:34:23.055460 localhost systemd[1]: Started Device-Mapper Multipath Device Controller.
Sep 15 15:34:23.062396 localhost systemd[1]: Finished Create Static Device Nodes in /dev gracefully.
Sep 15 15:34:23.075934 localhost systemd[1]: Starting Create Static Device Nodes in /dev...
Sep 15 15:34:23.082589 localhost systemd-resolved[378]: Positive Trust Anchors:
Sep 15 15:34:23.082905 localhost systemd-resolved[378]: . IN DS 20326 8 2 e06d44b80b8f1d39a95c0b0d7c65d08458e880409bbc683457104237c7f8ec8d
Sep 15 15:34:23.082912 localhost systemd-resolved[378]: . IN DS 38696 8 2 683d2d0acb8c9b712a1948b27f741219298d0a450d612c483af444a4c0fb2b16
Sep 15 15:34:23.082951 localhost systemd-resolved[378]: Negative trust anchors: home.arpa 10.in-addr.arpa 16.172.in-addr.arpa 17.172.in-addr.arpa 18.172.in-addr.arpa 19.172.in-addr.arpa 20.172.in-addr.arpa 21.172.in-addr.arpa 22.172.in-addr.arpa 23.172.in-addr.arpa 24.172.in-addr.arpa 25.172.in-addr.arpa 26.172.in-addr.arpa 27.172.in-addr.arpa 28.172.in-addr.arpa 29.172.in-addr.arpa 30.172.in-addr.arpa 31.172.in-addr.arpa 170.0.0.192.in-addr.arpa 171.0.0.192.in-addr.arpa 168.192.in-addr.arpa d.f.ip6.arpa ipv4only.arpa resolver.arpa corp home internal intranet lan local private test
Sep 15 15:34:23.083880 localhost systemd[1]: Finished Create Static Device Nodes in /dev.
Sep 15 15:34:23.088485 localhost systemd[1]: Reached target Preparation for Local File Systems.
Sep 15 15:34:23.092391 localhost systemd-resolved[378]: Defaulting to hostname 'linux'.
Sep 15 15:34:23.093462 localhost systemd[1]: Reached target Local File Systems.
Sep 15 15:34:23.099924 localhost dracut-cmdline[373]: livenet: no url handler for CDLABEL=COS_LIVE
Sep 15 15:34:23.101602 localhost systemd[1]: Starting Create System Files and Directories...
Sep 15 15:34:23.105031 localhost systemd[1]: Started Network Name Resolution.
Sep 15 15:34:23.108271 localhost systemd[1]: Reached target Host and Network Name Lookups.
Sep 15 15:34:23.110584 localhost systemd-tmpfiles[441]: 
[0;1;39m
[0;1;31m
[0;1;39m/usr/lib/tmpfiles.d/systemd.conf:34: Duplicate line for path "/var/lib/systemd", ignoring.
Sep 15 15:34:23.110974 localhost systemd-tmpfiles[441]: 
[0;1;39m
[0;1;31m
[0;1;39m/usr/lib/tmpfiles.d/var.conf:14: Duplicate line for path "/var/log", ignoring.
Sep 15 15:34:23.113979 localhost systemd[1]: Finished Create System Files and Directories.
Sep 15 15:34:23.124319 localhost dracut-cmdline[373]: root was live:CDLABEL=COS_LIVE, is now live:/dev/disk/by-label/COS_LIVE
Sep 15 15:34:23.153565 localhost kernel: Loading iSCSI transport class v2.0-870.
Sep 15 15:34:23.160562 localhost kernel: 
[0;1;39m
[0;1;31m
[0;1;39miscsi: registered transport (tcp)
Sep 15 15:34:23.173153 localhost kernel: 
[0;1;39m
[0;1;31m
[0;1;39miscsi: registered transport (qla4xxx)
Sep 15 15:34:23.173215 localhost kernel: QLogic iSCSI HBA Driver
Sep 15 15:34:23.184632 localhost kernel: libcxgbi:libcxgbi_init_module: Chelsio iSCSI driver library libcxgbi v0.9.1-ko (Apr. 2015)
Sep 15 15:34:23.195335 localhost kernel: Chelsio T3 iSCSI Driver cxgb3i v2.0.1-ko (Apr. 2015)
Sep 15 15:34:23.195394 localhost kernel: 
[0;1;39m
[0;1;31m
[0;1;39miscsi: registered transport (cxgb3i)
Sep 15 15:34:23.221347 localhost kernel: Chelsio T4-T6 iSCSI Driver cxgb4i v0.9.5-ko (Apr. 2015)
Sep 15 15:34:23.221400 localhost kernel: 
[0;1;39m
[0;1;31m
[0;1;39miscsi: registered transport (cxgb4i)
Sep 15 15:34:23.225397 localhost kernel: cxgb4i:cxgb4i_init_module: cxgb4i dcb enabled.
Sep 15 15:34:23.235579 localhost kernel: cnic: QLogic cnicDriver v2.5.22 (July 20, 2015)
Sep 15 15:34:23.243929 localhost kernel: QLogic NetXtreme II iSCSI Driver bnx2i v2.7.10.1 (Jul 16, 2014)
Sep 15 15:34:23.243986 localhost kernel: 
[0;1;39m
[0;1;31m
[0;1;39miscsi: registered transport (bnx2i)
Sep 15 15:34:23.255233 localhost kernel: 
[0;1;39m
[0;1;31m
[0;1;39miscsi: registered transport (be2iscsi)
Sep 15 15:34:23.255293 localhost kernel: In beiscsi_module_init, tt=00000000aa536b69
Sep 15 15:34:23.272399 localhost systemd[1]: Finished dracut cmdline hook.
Sep 15 15:34:23.286703 localhost systemd[1]: Starting dracut pre-udev hook...
Sep 15 15:34:23.313788 localhost systemd[1]: Finished dracut pre-udev hook.
Sep 15 15:34:23.328786 localhost systemd[1]: Starting Rule-based Manager for Device Events and Files...
Sep 15 15:34:23.345245 localhost systemd-udevd[575]: Using default interface naming scheme 'v261'.
Sep 15 15:34:23.354024 localhost systemd[1]: Started Rule-based Manager for Device Events and Files.
Sep 15 15:34:23.364709 localhost systemd[1]: Starting dracut pre-trigger hook...
Sep 15 15:34:23.371574 localhost systemd[1]: Starting Network Management...
Sep 15 15:34:23.374879 localhost systemd[1]: Finished dracut pre-trigger hook.
Sep 15 15:34:23.380642 localhost systemd[1]: Starting Coldplug All udev Devices...
Sep 15 15:34:23.490562 localhost kernel: 
[0;1;39m
[0;1;31m
[0;1;39mcfg80211: Loading compiled-in X.509 certificates for regulatory database
Sep 15 15:34:23.503047 localhost kernel: 
[0;1;39m
[0;1;31m
[0;1;39mLoaded X.509 cert 'sforshee: 00b28ddf47aef9cea7'
Sep 15 15:34:23.503103 localhost kernel: 
[0;1;39m
[0;1;31m
[0;1;39mLoaded X.509 cert 'wens: 61c038651aabdcf94bd0ac7ff06c7248db18c600'
Sep 15 15:34:23.509048 localhost kernel: 
[0;1;33m
[0;1;38:5:185m
[0;1;39m
[0;1;33m
[0;1;38:5:185mfaux_driver regulatory: Direct firmware load for regulatory.db failed with error -2
Sep 15 15:34:23.512716 localhost kernel: cfg80211: failed to load regulatory.db
Sep 15 15:34:23.514887 localhost systemd-networkd[598]: 
[0;1;33m
[0;1;38:5:185m
[0;1;39m
[0;1;33m
[0;1;38:5:185mFailed to open nftables netlink socket. IPMasquerade= and NFTSet= settings will not be applied. Ignoring: Protocol not supported
Sep 15 15:34:23.516254 localhost systemd-networkd[598]: lo: Link UP
Sep 15 15:34:23.516258 localhost systemd-networkd[598]: lo: Gained carrier
Sep 15 15:34:23.517698 localhost systemd[1]: Started Network Management.
Sep 15 15:34:23.520488 localhost systemd[1]: Reached target Network.
Sep 15 15:34:23.523668 localhost systemd[1]: Wait for Network to be Online skipped, unmet condition check ConditionPathExists=/run/networkd/initrd/neednet
Sep 15 15:34:23.528528 localhost systemd[1]: Finished Coldplug All udev Devices.
Sep 15 15:34:23.535950 localhost systemd[1]: Starting dracut initqueue hook...
Sep 15 15:34:23.540668 localhost systemd[1]: Starting Wait for udev To Complete Device Initialization...
Sep 15 15:34:23.551116 localhost udevadm[615]: 
[0;1;39m
[0;1;31m
[0;1;39msystemd-udev-settle.service is deprecated. Please fix immucore.service not to pull it in.
Sep 15 15:34:23.559956 localhost systemd[1]: Load Kernel Module configfs skipped, unmet condition check ConditionKernelModuleLoaded=!configfs
Sep 15 15:34:23.656668 localhost kernel: Floppy drive(s): fd0 is 2.88M AMI BIOS
Sep 15 15:34:23.696057 localhost kernel: e1000: Intel(R) PRO/1000 Network Driver
Sep 15 15:34:23.696112 localhost kernel: FDC 0 is a S82078B
Sep 15 15:34:23.696128 localhost kernel: e1000: Copyright (c) 1999-2006 Intel Corporation.
Sep 15 15:34:23.725552 localhost kernel: ACPI: \_SB_.LNKC: Enabled at IRQ 10
Sep 15 15:34:23.726387 localhost systemd[1]: systemd-vconsole-setup.service: Deactivated successfully.
Sep 15 15:34:23.726614 localhost systemd[1]: Stopped Virtual Console Setup.
Sep 15 15:34:23.729962 localhost systemd[1]: Stopping Virtual Console Setup...
Sep 15 15:34:23.739274 localhost systemd[1]: Starting Virtual Console Setup...
Sep 15 15:34:23.757956 localhost systemd-vconsole-setup[635]: 
[0;1;39m
[0;1;31m
[0;1;39mConfiguration of first virtual console was skipped, ignoring remaining ones.
Sep 15 15:34:23.762958 localhost systemd[1]: Finished Virtual Console Setup.
Sep 15 15:34:23.984135 localhost systemd[1]: Mounting Kernel Configuration File System...
Sep 15 15:34:23.989957 localhost systemd[1]: Mounted Kernel Configuration File System.
Sep 15 15:34:24.263721 localhost kernel: e1000 0000:00:03.0 eth0: (PCI:33MHz:32-bit) 52:54:00:12:34:56
Sep 15 15:34:24.264021 localhost kernel: e1000 0000:00:03.0 eth0: Intel(R) PRO/1000 Network Connection
Sep 15 15:34:24.271830 localhost systemd-networkd[598]: eth0: Interface name change detected, renamed to ens3.
Sep 15 15:34:24.272551 localhost kernel: e1000 0000:00:03.0 ens3: renamed from eth0
Sep 15 15:34:24.277035 localhost systemd-networkd[598]: ens3: Configuring with /run/systemd/network/zzzz-dracut-default.network.
Sep 15 15:34:24.279216 localhost systemd[1]: Finished Wait for udev To Complete Device Initialization.
Sep 15 15:34:24.284949 localhost systemd[1]: Reached target System Initialization.
Sep 15 15:34:24.288171 localhost systemd-networkd[598]: ens3: Link UP
Sep 15 15:34:24.289267 localhost systemd[1]: Reached target Basic System.
Sep 15 15:34:24.292553 localhost systemd[1]: 
[0;1;39m
[0;1;31m
[0;1;39mSystem is tainted: unmerged-bin
Sep 15 15:34:24.295705 localhost systemd[1]: Starting immucore...
Sep 15 15:34:24.307338 localhost kairos-immucore[654]: Immucore
Sep 15 15:34:24.307483 localhost kairos-immucore[654]: 
[0;90m
[0;38:5:245m
[0;1;31m
[0;90m
[0;38:5:245mcmdline
Sep 15 15:34:24.307775 localhost immucore[654]: 2026-09-15T15:34:24Z INF Immucore go=go1.26.8 version=dev
Sep 15 15:34:24.307775 localhost immucore[654]: 2026-09-15T15:34:24Z DBG cmdline content="cdroot root=live:CDLABEL=COS_LIVE rd.live.dir=/ rd.live.squashimg=rootfs.squashfs rd.live.overlay.overlayfs net.ifnames=1 console=tty1 console=ttyS0 kairos.ram kairos.ram.create_partitions nomodeset selinux=0 rd.immucore.debug ignore_loglevel\n"
Sep 15 15:34:24.307775 localhost immucore[654]: 2026-09-15T15:34:24Z DBG detecting boot state
Sep 15 15:34:24.307775 localhost immucore[654]: 2026-09-15T15:34:24Z DBG Detected in-RAM boot; classifying as Active
Sep 15 15:34:24.307606 localhost kairos-immucore[654]: 
[0;90m
[0;38:5:245m
[0;1;31m
[0;90m
[0;38:5:245mdetecting boot state
Sep 15 15:34:24.307623 localhost kairos-immucore[654]: 
[0;90m
[0;38:5:245m
[0;1;31m
[0;90m
[0;38:5:245mDetected in-RAM boot; classifying as Active
Sep 15 15:34:24.344596 localhost kairos-immucore[654]: Booting in-RAM (kairos.ram) with OEM+persistent from disk.
Sep 15 15:34:24.345127 localhost immucore[654]: 2026-09-15T15:34:24Z INF Booting in-RAM (kairos.ram) with OEM+persistent from disk.
Sep 15 15:34:24.345127 localhost immucore[654]: 2026-09-15T15:34:24Z INF Checking OEM encryption status oem_encrypted=false
Sep 15 15:34:24.345127 localhost immucore[654]: 2026-09-15T15:34:24Z INF OEM is NOT encrypted: OEM mount will run before kcrypt unlock
Sep 15 15:34:24.345127 localhost immucore[654]: 2026-09-15T15:34:24Z INF 1.
Sep 15 15:34:24.345127 localhost immucore[654]:  <init> (background: false) (weak: false) (run: false)
Sep 15 15:34:24.345127 localhost immucore[654]: 2.
Sep 15 15:34:24.345127 localhost immucore[654]:  <create-sentinel> (background: false) (weak: false) (run: false)
Sep 15 15:34:24.345127 localhost immucore[654]:  <wait-for-sysroot> (background: false) (weak: false) (run: false)
Sep 15 15:34:24.345127 localhost immucore[654]:  <mount-tmpfs> (background: false) (weak: false) (run: false)
Sep 15 15:34:24.345127 localhost immucore[654]: 3.
Sep 15 15:34:24.345127 localhost immucore[654]:  <ensure-partitions> (background: false) (weak: false) (run: false)
Sep 15 15:34:24.345127 localhost immucore[654]: 4.
Sep 15 15:34:24.345127 localhost immucore[654]:  <mount-oem> (background: false) (weak: false) (run: false)
Sep 15 15:34:24.345127 localhost immucore[654]:  <upgrade-kcrypt> (background: false) (weak: false) (run: false)
Sep 15 15:34:24.345127 localhost immucore[654]: 5.
Sep 15 15:34:24.345127 localhost immucore[654]:  <unlock-all> (background: false) (weak: false) (run: false)
Sep 15 15:34:24.345127 localhost immucore[654]:  <rootfs-hook> (background: false) (weak: false) (run: false)
Sep 15 15:34:24.345127 localhost immucore[654]: 6.
Sep 15 15:34:24.345127 localhost immucore[654]:  <load-config> (background: false) (weak: false) (run: false)
Sep 15 15:34:24.345127 localhost immucore[654]: 7.
Sep 15 15:34:24.345127 localhost immucore[654]:  <custom-mount> (background: false) (weak: false) (run: false)
Sep 15 15:34:24.345127 localhost immucore[654]:  <mount-base-overlay> (background: false) (weak: false) (run: false)
Sep 15 15:34:24.345127 localhost immucore[654]: 8.
Sep 15 15:34:24.345127 localhost immucore[654]:  <overlay-mount> (background: false) (weak: false) (run: false)
Sep 15 15:34:24.345127 localhost immucore[654]: 9.
Sep 15 15:34:24.345127 localhost immucore[654]:  <mount-bind> (background: false) (weak: false) (run: false)
Sep 15 15:34:24.345127 localhost immucore[654]: 10.
Sep 15 15:34:24.345127 localhost immucore[654]:  <write-fstab> (background: false) (weak: false) (run: false)
Sep 15 15:34:24.345127 localhost immucore[654]:  <enable-sysext-confext> (background: false) (weak: false) (run: false)
Sep 15 15:34:24.345127 localhost immucore[654]: 11.
Sep 15 15:34:24.345127 localhost immucore[654]:  <initramfs-hook> (background: false) (weak: false) (run: false)
Sep 15 15:34:24.345127 localhost immucore[654]: 
Sep 15 15:34:24.344900 localhost kairos-immucore[654]: Checking OEM encryption status
Sep 15 15:34:24.457238 localhost immucore[654]: 2026-09-15T15:34:24Z DBG Waiting for sysroot timeout=2m0s
Sep 15 15:34:24.457238 localhost immucore[654]: 2026-09-15T15:34:24Z DBG Will now create /run/cos if not exists
Sep 15 15:34:24.457238 localhost immucore[654]: 2026-09-15T15:34:24Z DBG Will now create the runtime object
Sep 15 15:34:24.457238 localhost immucore[654]: 2026-09-15T15:34:24Z DBG detecting boot state
Sep 15 15:34:24.457238 localhost immucore[654]: 2026-09-15T15:34:24Z DBG Detected in-RAM boot; classifying as Active
Sep 15 15:34:24.457238 localhost immucore[654]: 2026-09-15T15:34:24Z DBG Bootstate: active_boot
Sep 15 15:34:24.457238 localhost immucore[654]: 2026-09-15T15:34:24Z DBG The BootState was BootState=active_boot
Sep 15 15:34:24.457238 localhost immucore[654]: 2026-09-15T15:34:24Z INF Setting sentinel file to=active_mode
Sep 15 15:34:24.457238 localhost immucore[654]: 2026-09-15T15:34:24Z INF Setting in-RAM sentinel file to=in_ram_mode
Sep 15 15:34:24.344922 localhost kairos-immucore[654]: OEM is NOT encrypted: OEM mount will run before kcrypt unlock
Sep 15 15:34:24.345032 localhost kairos-immucore[654]: 1.
                                                        <init> (background: false) (weak: false) (run: false)
                                                       2.
                                                        <create-sentinel> (background: false) (weak: false) (run: false)
                                                        <wait-for-sysroot> (background: false) (weak: false) (run: false)
                                                        <mount-tmpfs> (background: false) (weak: false) (run: false)
                                                       3.
                                                        <ensure-partitions> (background: false) (weak: false) (run: false)
                                                       4.
                                                        <mount-oem> (background: false) (weak: false) (run: false)
                                                        <upgrade-kcrypt> (background: false) (weak: false) (run: false)
                                                       5.
                                                        <unlock-all> (background: false) (weak: false) (run: false)
                                                        <rootfs-hook> (background: false) (weak: false) (run: false)
                                                       6.
                                                        <load-config> (background: false) (weak: false) (run: false)
                                                       7.
                                                        <custom-mount> (background: false) (weak: false) (run: false)
                                                        <mount-base-overlay> (background: false) (weak: false) (run: false)
                                                       8.
                                                        <overlay-mount> (background: false) (weak: false) (run: false)
                                                       9.
                                                        <mount-bind> (background: false) (weak: false) (run: false)
                                                       10.
                                                        <write-fstab> (background: false) (weak: false) (run: false)
                                                        <enable-sysext-confext> (background: false) (weak: false) (run: false)
                                                       11.
                                                        <initramfs-hook> (background: false) (weak: false) (run: false)
Sep 15 15:34:24.348613 localhost kairos-immucore[654]: 
[0;90m
[0;38:5:245m
[0;1;31m
[0;90m
[0;38:5:245mWaiting for sysroot
Sep 15 15:34:24.348684 localhost kairos-immucore[654]: 
[0;90m
[0;38:5:245m
[0;1;31m
[0;90m
[0;38:5:245mWill now create /run/cos if not exists
Sep 15 15:34:24.349731 localhost kairos-immucore[654]: 
[0;90m
[0;38:5:245m
[0;1;31m
[0;90m
[0;38:5:245mWill now create the runtime object
Sep 15 15:34:24.349749 localhost kairos-immucore[654]: 
[0;90m
[0;38:5:245m
[0;1;31m
[0;90m
[0;38:5:245mdetecting boot state
Sep 15 15:34:24.349771 localhost kairos-immucore[654]: 
[0;90m
[0;38:5:245m
[0;1;31m
[0;90m
[0;38:5:245mDetected in-RAM boot; classifying as Active
Sep 15 15:34:24.426606 localhost kairos-immucore[654]: 
[0;90m
[0;38:5:245m
[0;1;31m
[0;90m
[0;38:5:245mBootstate: active_boot
Sep 15 15:34:24.426644 localhost kairos-immucore[654]: 
[0;90m
[0;38:5:245m
[0;1;31m
[0;90m
[0;38:5:245mThe BootState was
Sep 15 15:34:24.426666 localhost kairos-immucore[654]: Setting sentinel file
Sep 15 15:34:24.426734 localhost kairos-immucore[654]: Setting in-RAM sentinel file
Sep 15 15:34:24.572554 localhost dracut-initqueue[718]: Warning: Kernel command line option 'rd.live.overlay.overlayfs' is deprecated, use 'rd.overlay' instead.
Sep 15 15:34:24.611902 localhost kernel: 
[0;90m
[0;38:5:245m
[0;1;31m
[0;90m
[0;38:5:245mISO 9660 Extensions: Microsoft Joliet Level 3
Sep 15 15:34:24.614566 localhost kernel: 
[0;90m
[0;38:5:245m
[0;1;31m
[0;90m
[0;38:5:245mISO 9660 Extensions: RRIP_1991A
Sep 15 15:34:24.623623 localhost kernel: loop0: detected capacity change from 0 to 651440
Sep 15 15:34:24.677540 localhost kernel: squashfs: version 4.0 (2009/01/31) Phillip Lougher
Sep 15 15:34:24.738848 localhost systemd[1]: Finished dracut initqueue hook.
Sep 15 15:34:24.742295 localhost systemd[1]: Reached target Preparation for Remote File Systems.
Sep 15 15:34:24.746402 localhost systemd[1]: Reached target Remote Encrypted Volumes.
Sep 15 15:34:24.749761 localhost systemd[1]: Reached target Remote File Systems.
Sep 15 15:34:24.752995 localhost systemd[1]: Reached target Remote Verity Protected Volumes.
Sep 15 15:34:24.762745 localhost systemd[1]: Starting dracut pre-mount hook...
Sep 15 15:34:24.776159 localhost dracut-pre-mount[767]: Using tmpfs overlay (changes will not persist across reboots)
Sep 15 15:34:24.782142 localhost systemd[1]: Finished dracut pre-mount hook.
Sep 15 15:34:24.975918 localhost systemd[1]: run-initramfs-squashfs.mount: Deactivated successfully.
Sep 15 15:34:24.979715 localhost systemd[1]: Mounting /sysroot...
Sep 15 15:34:24.984428 localhost systemd[1]: Mounted /sysroot.
Sep 15 15:34:24.988900 localhost systemd[1]: Merge System Configuration Images into /sysroot/etc/ skipped, no trigger condition checks were met.
Sep 15 15:34:24.989754 localhost systemd[1]: Merge System Extension Images into /sysroot/usr/ and /sysroot/opt/ skipped, no trigger condition checks were met.
Sep 15 15:34:24.989814 localhost systemd[1]: Reached target Initrd Root File System.
Sep 15 15:34:25.001725 localhost systemd[1]: Starting Mountpoints Configured in the Real Root...
Sep 15 15:34:25.008763 localhost systemd[1]: initrd-parse-etc.service: Deactivated successfully.
Sep 15 15:34:25.008948 localhost systemd[1]: Finished Mountpoints Configured in the Real Root.
Sep 15 15:34:25.012889 localhost systemd[1]: initrd-parse-etc.service: Triggering OnSuccess= dependencies.
Sep 15 15:34:25.017711 localhost systemd[1]: Starting dracut mount hook...
Sep 15 15:34:25.026900 localhost systemd[1]: Finished dracut mount hook.
Sep 15 15:34:25.348752 localhost kairos-immucore[654]: 
[0;90m
[0;38:5:245m
[0;1;31m
[0;90m
[0;38:5:245mCleaning for sysroot
Sep 15 15:34:25.349649 localhost immucore[654]: 2026-09-15T15:34:25Z DBG Cleaning for sysroot new=/tmp old=/tmp
Sep 15 15:34:25.349649 localhost immucore[654]: 2026-09-15T15:34:25Z DBG mount ready options=["rw"] type=tmpfs what=tmpfs where=/tmp
Sep 15 15:34:25.349649 localhost immucore[654]: 2026-09-15T15:34:25Z INF mount done options=["rw"] type=tmpfs what=tmpfs where=/tmp
Sep 15 15:34:25.348863 localhost kairos-immucore[654]: 
[0;90m
[0;38:5:245m
[0;1;31m
[0;90m
[0;38:5:245mmount ready
Sep 15 15:34:25.348988 localhost kairos-immucore[654]: mount done
Sep 15 15:34:26.342521 localhost kernel: e1000: ens3 NIC Link is Up 1000 Mbps Full Duplex, Flow Control: RX
Sep 15 15:34:26.342783 localhost systemd-networkd[598]: ens3: Gained carrier
Sep 15 15:34:26.355636 localhost kairos-immucore[654]: creating missing kairos partitions
Sep 15 15:34:26.356027 localhost immucore[654]: 2026-09-15T15:34:26Z INF creating missing kairos partitions init_disk=true oem_present=false oem_size_mib=64 persistent_present=false persistent_size_mib=0 target=/dev/vda
Sep 15 15:34:26.356027 localhost immucore[654]: 2026-09-15T15:34:26Z INF Running stage: ensure-partitions
Sep 15 15:34:26.356027 localhost immucore[654]: 
Sep 15 15:34:26.356027 localhost immucore[654]: 2026-09-15T15:34:26Z DBG Generating op for stage '<STDIN>.Create missing Kairos partitions'
Sep 15 15:34:26.356027 localhost immucore[654]: 2026-09-15T15:34:26Z DBG Reading '<STDIN>'
Sep 15 15:34:26.356027 localhost immucore[654]: 2026-09-15T15:34:26Z DBG Executing stage '<STDIN>.Create missing Kairos partitions'
Sep 15 15:34:26.356027 localhost immucore[654]: 2026-09-15T15:34:26Z INF Processing stage step '<STDIN>.Create missing Kairos partitions'. ( commands: 0, files: 0, ... )
Sep 15 15:34:26.355714 localhost kairos-immucore[654]: Running stage: ensure-partitions
Sep 15 15:34:26.400831 localhost immucore[654]: 2026-09-15T15:34:26Z DBG Stage: schema.Stage{
Sep 15 15:34:26.400831 localhost immucore[654]:   Name: "Create missing Kairos partitions",
Sep 15 15:34:26.400831 localhost immucore[654]:   Layout: schema.Layout{
Sep 15 15:34:26.400831 localhost immucore[654]:     Device: &schema.Device{
Sep 15 15:34:26.400831 localhost immucore[654]:       InitDisk: true,
Sep 15 15:34:26.400831 localhost immucore[654]:       Path: "/dev/vda",
Sep 15 15:34:26.400831 localhost immucore[654]:     },
Sep 15 15:34:26.400831 localhost immucore[654]:     Parts: []schema.Partition{
Sep 15 15:34:26.400831 localhost immucore[654]:       schema.Partition{
Sep 15 15:34:26.400831 localhost immucore[654]:         FSLabel: "COS_OEM",
Sep 15 15:34:26.400831 localhost immucore[654]:         Size: 64,
Sep 15 15:34:26.400831 localhost immucore[654]:         PLabel: "oem",
Sep 15 15:34:26.400831 localhost immucore[654]:         FileSystem: "ext4",
Sep 15 15:34:26.400831 localhost immucore[654]:       },
Sep 15 15:34:26.400831 localhost immucore[654]:       schema.Partition{
Sep 15 15:34:26.400831 localhost immucore[654]:         FSLabel: "COS_PERSISTENT",
Sep 15 15:34:26.400831 localhost immucore[654]:         PLabel: "persistent",
Sep 15 15:34:26.400831 localhost immucore[654]:         FileSystem: "ext4",
Sep 15 15:34:26.400831 localhost immucore[654]:       },
Sep 15 15:34:26.400831 localhost immucore[654]:     },
Sep 15 15:34:26.400831 localhost immucore[654]:   },
Sep 15 15:34:26.400831 localhost immucore[654]: }
Sep 15 15:34:26.400831 localhost immucore[654]: 2026-09-15T15:34:26Z INF Running layout plugin
Sep 15 15:34:26.400831 localhost immucore[654]: 2026-09-15T15:34:26Z DBG Initializing disk with path /dev/vda
Sep 15 15:34:26.355859 localhost kairos-immucore[654]: 
[0;90m
[0;38:5:245m
[0;1;31m
[0;90m
[0;38:5:245mGenerating op for stage '<STDIN>.Create missing Kairos partitions'
Sep 15 15:34:26.476899 localhost kernel:  vda:
Sep 15 15:34:26.476929 localhost immucore[654]: 2026-09-15T15:34:26Z DBG Initialized disk with path /dev/vda
Sep 15 15:34:26.476929 localhost immucore[654]: 2026-09-15T15:34:26Z DBG Checking layout device information
Sep 15 15:34:26.476929 localhost immucore[654]: 2026-09-15T15:34:26Z DBG Using path /dev/vda for layout expansion
Sep 15 15:34:26.476929 localhost immucore[654]: 2026-09-15T15:34:26Z DBG Checking for free space on device /dev/vda
Sep 15 15:34:26.476929 localhost immucore[654]: 2026-09-15T15:34:26Z DBG Checking if more than a partition is marked as bootable on device /dev/vda
Sep 15 15:34:26.476929 localhost immucore[654]: 2026-09-15T15:34:26Z DBG Verifying and repairing headers on device /dev/vda
Sep 15 15:34:26.476929 localhost immucore[654]: 2026-09-15T15:34:26Z DBG Going over the partition layout to create partitions on device /dev/vda
Sep 15 15:34:26.476929 localhost immucore[654]: 2026-09-15T15:34:26Z DBG Checking if partition with PLabel: oem exists on device /dev/vda
Sep 15 15:34:26.476929 localhost immucore[654]: 2026-09-15T15:34:26Z DBG Added partition (fslabel: COS_OEM) of size 64 MiB on device /dev/vda
Sep 15 15:34:26.476929 localhost immucore[654]: 2026-09-15T15:34:26Z DBG Checking if partition with PLabel: persistent exists on device /dev/vda
Sep 15 15:34:26.476929 localhost immucore[654]: 2026-09-15T15:34:26Z DBG Added partition (fslabel: COS_PERSISTENT) of size 4030 MiB on device /dev/vda
Sep 15 15:34:26.355988 localhost kairos-immucore[654]: 
[0;90m
[0;38:5:245m
[0;1;31m
[0;90m
[0;38:5:245mReading '<STDIN>'
Sep 15 15:34:26.540690 localhost kernel:  vda:
Sep 15 15:34:26.356013 localhost kairos-immucore[654]: 
[0;90m
[0;38:5:245m
[0;1;31m
[0;90m
[0;38:5:245mExecuting stage '<STDIN>.Create missing Kairos partitions'
Sep 15 15:34:26.540796 localhost kernel:  vda: vda1 vda2
Sep 15 15:34:26.356029 localhost kairos-immucore[654]: Processing stage step '<STDIN>.Create missing Kairos partitions'. ( commands: 0, files: 0, ... )
Sep 15 15:34:26.540831 localhost kernel:  vda: vda1 vda2
Sep 15 15:34:26.356085 localhost kairos-immucore[654]: 
[0;90m
[0;38:5:245m
[0;1;31m
[0;90m
[0;38:5:245mStage: schema.Stage{
                                                       
[0;90m
[0;38:5:245m  Name: "Create missing Kairos partitions",
                                                       
[0;90m
[0;38:5:245m  Layout: schema.Layout{
                                                       
[0;90m
[0;38:5:245m    Device: &schema.Device{
                                                       
[0;90m
[0;38:5:245m      InitDisk: true,
                                                       
[0;90m
[0;38:5:245m      Path: "/dev/vda",
                                                       
[0;90m
[0;38:5:245m    },
                                                       
[0;90m
[0;38:5:245m    Parts: []schema.Partition{
                                                       
[0;90m
[0;38:5:245m      schema.Partition{
                                                       
[0;90m
[0;38:5:245m        FSLabel: "COS_OEM",
                                                       
[0;90m
[0;38:5:245m        Size: 64,
                                                       
[0;90m
[0;38:5:245m        PLabel: "oem",
                                                       
[0;90m
[0;38:5:245m        FileSystem: "ext4",
                                                       
[0;90m
[0;38:5:245m      },
                                                       
[0;90m
[0;38:5:245m      schema.Partition{
                                                       
[0;90m
[0;38:5:245m        FSLabel: "COS_PERSISTENT",
                                                       
[0;90m
[0;38:5:245m        PLabel: "persistent",
                                                       
[0;90m
[0;38:5:245m        FileSystem: "ext4",
                                                       
[0;90m
[0;38:5:245m      },
                                                       
[0;90m
[0;38:5:245m    },
                                                       
[0;90m
[0;38:5:245m  },
                                                       
[0;90m
[0;38:5:245m}
Sep 15 15:34:26.357266 localhost kairos-immucore[654]: Running layout plugin
Sep 15 15:34:26.357413 localhost kairos-immucore[654]: 
[0;90m
[0;38:5:245m
[0;1;31m
[0;90m
[0;38:5:245mInitializing disk with path /dev/vda
Sep 15 15:34:26.445435 localhost kairos-immucore[654]: 
[0;90m
[0;38:5:245m
[0;1;31m
[0;90m
[0;38:5:245mInitialized disk with path /dev/vda
Sep 15 15:34:26.446150 localhost kairos-immucore[654]: 
[0;90m
[0;38:5:245m
[0;1;31m
[0;90m
[0;38:5:245mChecking layout device information
Sep 15 15:34:26.446368 localhost kairos-immucore[654]: 
[0;90m
[0;38:5:245m
[0;1;31m
[0;90m
[0;38:5:245mUsing path /dev/vda for layout expansion
Sep 15 15:34:26.447452 localhost kairos-immucore[654]: 
[0;90m
[0;38:5:245m
[0;1;31m
[0;90m
[0;38:5:245mChecking for free space on device /dev/vda
Sep 15 15:34:26.447540 localhost kairos-immucore[654]: 
[0;90m
[0;38:5:245m
[0;1;31m
[0;90m
[0;38:5:245mChecking if more than a partition is marked as bootable on device /dev/vda
Sep 15 15:34:26.447570 localhost kairos-immucore[654]: 
[0;90m
[0;38:5:245m
[0;1;31m
[0;90m
[0;38:5:245mVerifying and repairing headers on device /dev/vda
Sep 15 15:34:26.447804 localhost kairos-immucore[654]: 
[0;90m
[0;38:5:245m
[0;1;31m
[0;90m
[0;38:5:245mGoing over the partition layout to create partitions on device /dev/vda
Sep 15 15:34:26.447914 localhost kairos-immucore[654]: 
[0;90m
[0;38:5:245m
[0;1;31m
[0;90m
[0;38:5:245mChecking if partition with PLabel: oem exists on device /dev/vda
Sep 15 15:34:26.448342 localhost kairos-immucore[654]: 
[0;90m
[0;38:5:245m
[0;1;31m
[0;90m
[0;38:5:245mAdded partition (fslabel: COS_OEM) of size 64 MiB on device /dev/vda
Sep 15 15:34:26.448362 localhost kairos-immucore[654]: 
[0;90m
[0;38:5:245m
[0;1;31m
[0;90m
[0;38:5:245mChecking if partition with PLabel: persistent exists on device /dev/vda
Sep 15 15:34:26.448377 localhost kairos-immucore[654]: 
[0;90m
[0;38:5:245m
[0;1;31m
[0;90m
[0;38:5:245mAdded partition (fslabel: COS_PERSISTENT) of size 4030 MiB on device /dev/vda
Sep 15 15:34:26.795954 localhost kairos-immucore[654]: 
[0;90m
[0;38:5:245m
[0;1;31m
[0;90m
[0;38:5:245mFormatting partition COS_OEM on device /dev/vda
Sep 15 15:34:26.796370 localhost immucore[654]: 2026-09-15T15:34:26Z DBG Formatting partition COS_OEM on device /dev/vda
Sep 15 15:34:26.812483 localhost kairos-immucore[654]: 
[0;90m
[0;38:5:245m
[0;1;31m
[0;90m
[0;38:5:245mFormatting partition COS_PERSISTENT on device /dev/vda
Sep 15 15:34:26.812678 localhost immucore[654]: 2026-09-15T15:34:26Z DBG Formatting partition COS_PERSISTENT on device /dev/vda
Sep 15 15:34:26.836973 localhost kairos-immucore[654]: 
[0;90m
[0;38:5:245m
[0;1;31m
[0;90m
[0;38:5:245mChecking for layout expansion on device /dev/vda
Sep 15 15:34:26.837164 localhost immucore[654]: 2026-09-15T15:34:26Z DBG Checking for layout expansion on device /dev/vda
Sep 15 15:34:26.837164 localhost immucore[654]: 2026-09-15T15:34:26Z DBG All done with layout plugin for device /dev/vda
Sep 15 15:34:26.837164 localhost immucore[654]: 2026-09-15T15:34:26Z INF Done executing stage 'ensure-partitions'
Sep 15 15:34:26.837164 localhost immucore[654]: 
Sep 15 15:34:26.837034 localhost kairos-immucore[654]: 
[0;90m
[0;38:5:245m
[0;1;31m
[0;90m
[0;38:5:245mAll done with layout plugin for device /dev/vda
Sep 15 15:34:26.837091 localhost kairos-immucore[654]: Done executing stage 'ensure-partitions'
Sep 15 15:34:27.341328 localhost kairos-immucore[654]: kairos partitions ready
Sep 15 15:34:27.341701 localhost immucore[654]: 2026-09-15T15:34:27Z INF kairos partitions ready
Sep 15 15:34:27.341701 localhost immucore[654]: 2026-09-15T15:34:27Z DBG detecting boot state
Sep 15 15:34:27.341701 localhost immucore[654]: 2026-09-15T15:34:27Z DBG Detected in-RAM boot; classifying as Active
Sep 15 15:34:27.341483 localhost kairos-immucore[654]: 
[0;90m
[0;38:5:245m
[0;1;31m
[0;90m
[0;38:5:245mdetecting boot state
Sep 15 15:34:27.341566 localhost kairos-immucore[654]: 
[0;90m
[0;38:5:245m
[0;1;31m
[0;90m
[0;38:5:245mDetected in-RAM boot; classifying as Active
Sep 15 15:34:27.359487 localhost systemd-networkd[598]: ens3: DHCPv4 address 10.0.2.15/24, gateway 10.0.2.2 acquired from 10.0.2.2
Sep 15 15:34:27.366677 localhost kairos-immucore[654]: 
[0;90m
[0;38:5:245m
[0;1;31m
[0;90m
[0;38:5:245mResolved label to concrete device path
Sep 15 15:34:27.366756 localhost immucore[654]: 2026-09-15T15:34:27Z DBG Resolved label to concrete device path label=COS_OEM resolved=/dev/vda1
Sep 15 15:34:27.366756 localhost immucore[654]: 2026-09-15T15:34:27Z DBG Getting disk type for device device=/dev/vda1
Sep 15 15:34:27.366716 localhost kairos-immucore[654]: 
[0;90m
[0;38:5:245m
[0;1;31m
[0;90m
[0;38:5:245mGetting disk type for device
Sep 15 15:34:27.383582 localhost unknown: 
[0;1;33m
[0;1;38:5:185m
[0;1;39m
[0;1;33m
[0;1;38:5:185mBLKIDSHIM argv=[/dev/vda1 -s TYPE -o value]
Sep 15 15:34:27.392559 localhost unknown: 
[0;1;33m
[0;1;38:5:185m
[0;1;39m
[0;1;33m
[0;1;38:5:185mBLKIDSHIM argv=[--help]
Sep 15 15:34:27.392769 localhost kairos-immucore[654]: 
[0;90m
[0;38:5:245m
[0;1;31m
[0;90m
[0;38:5:245mPartition FS type
Sep 15 15:34:27.392841 localhost immucore[654]: 2026-09-15T15:34:27Z DBG Partition FS type type=ext4 what=/dev/vda1
Sep 15 15:34:27.398091 localhost immucore[654]: 2026-09-15T15:34:27Z DBG Getting disk type for device device=/dev/vda1
Sep 15 15:34:27.392866 localhost kairos-immucore[654]: 
[0;90m
[0;38:5:245m
[0;1;31m
[0;90m
[0;38:5:245mGetting disk type for device
Sep 15 15:34:27.408560 localhost unknown: 
[0;1;33m
[0;1;38:5:185m
[0;1;39m
[0;1;33m
[0;1;38:5:185mBLKIDSHIM argv=[/dev/vda1 -s TYPE -o value]
Sep 15 15:34:27.410654 localhost kairos-immucore[654]: 
[0;90m
[0;38:5:245m
[0;1;31m
[0;90m
[0;38:5:245mPartition FS type
Sep 15 15:34:27.410727 localhost immucore[654]: 2026-09-15T15:34:27Z DBG Partition FS type type=ext4 what=/dev/vda1
Sep 15 15:34:28.255066 localhost systemd-networkd[598]: ens3: Gained IPv6LL
Sep 15 15:34:28.411104 localhost kairos-immucore[654]: 
[0;90m
[0;38:5:245m
[0;1;31m
[0;90m
[0;38:5:245mCleaning for sysroot
Sep 15 15:34:28.411216 localhost kairos-immucore[654]: 
[0;90m
[0;38:5:245m
[0;1;31m
[0;90m
[0;38:5:245mfsck command
Sep 15 15:34:28.411708 localhost immucore[654]: 2026-09-15T15:34:28Z DBG Cleaning for sysroot new=/oem old=/sysroot/oem
Sep 15 15:34:28.411708 localhost immucore[654]: 2026-09-15T15:34:28Z DBG fsck command cmd="fsck /dev/vda1 -a"
Sep 15 15:34:28.428050 localhost kairos-immucore[654]: 
[0;90m
[0;38:5:245m
[0;1;31m
[0;90m
[0;38:5:245mmount ready
Sep 15 15:34:28.428219 localhost immucore[654]: 2026-09-15T15:34:28Z DBG mount ready options=["rw","suid","dev","exec","async"] type=ext4 what=/dev/vda1 where=/sysroot/oem
Sep 15 15:34:28.449002 localhost kernel: EXT4-fs (vda1): mounted filesystem a380271f-42ca-44e5-a5ab-fb94e3f94ef2 r/w with ordered data mode. Quota mode: none.
Sep 15 15:34:28.449146 localhost kairos-immucore[654]: mount done
Sep 15 15:34:28.449455 localhost immucore[654]: 2026-09-15T15:34:28Z INF mount done options=["rw","suid","dev","exec","async"] type=ext4 what=/dev/vda1 where=/sysroot/oem
Sep 15 15:34:28.449455 localhost immucore[654]: 2026-09-15T15:34:28Z INF Running rootfs stage
Sep 15 15:34:28.449455 localhost immucore[654]: 2026-09-15T15:34:28Z INF Running stage: rootfs.before
Sep 15 15:34:28.449455 localhost immucore[654]: 
Sep 15 15:34:28.449310 localhost kairos-immucore[654]: Running rootfs stage
Sep 15 15:34:28.474968 localhost immucore[654]: 2026-09-15T15:34:28Z DBG Getting encryptor for unlocking
Sep 15 15:34:28.474968 localhost immucore[654]: 2026-09-15T15:34:28Z DBG Scanning for encrypted partitions
Sep 15 15:34:28.474968 localhost immucore[654]: 2026-09-15T15:34:28Z DBG No encrypted partitions found
Sep 15 15:34:28.474968 localhost immucore[654]: 2026-09-15T15:34:28Z DBG Generating op for stage 'Datasource handling.Move old datasource to new location'
Sep 15 15:34:28.474968 localhost immucore[654]: 2026-09-15T15:34:28Z DBG Generating op for stage 'Datasource handling.Remove old userdata'
Sep 15 15:34:28.474968 localhost immucore[654]: 2026-09-15T15:34:28Z DBG Generating op for stage 'Datasource handling.Pull data from provider'
Sep 15 15:34:28.474968 localhost immucore[654]: 2026-09-15T15:34:28Z DBG Generating op for stage 'Datasource handling.Sentinel file for userdata'
Sep 15 15:34:28.474968 localhost immucore[654]: 2026-09-15T15:34:28Z DBG Generating op for stage 'Default network configuration.Enable systemd-network config files for DHCP'
Sep 15 15:34:28.449334 localhost kairos-immucore[654]: Running stage: rootfs.before
Sep 15 15:34:28.518477 localhost immucore[654]: 2026-09-15T15:34:28Z DBG Reading '/system/oem/05_network.yaml'
Sep 15 15:34:28.518477 localhost immucore[654]: 2026-09-15T15:34:28Z DBG Executing stage 'Default network configuration.Enable systemd-network config files for DHCP'
Sep 15 15:34:28.518477 localhost immucore[654]: 2026-09-15T15:34:28Z DBG Reading '/system/oem/00_datasource.yaml'
Sep 15 15:34:28.518477 localhost immucore[654]: 2026-09-15T15:34:28Z DBG Executing stage 'Datasource handling.Move old datasource to new location'
Sep 15 15:34:28.518477 localhost immucore[654]: 2026-09-15T15:34:28Z DBG running stage (OnlyIfOs regex (Ubuntu.*|Debian.*|Fedora.*|CentOS.*|Rocky.*|AlmaLinux.*|Oracle.*Linux.*|SUSE.*|[Oo]penSUSE.*|Hadron.*|Red.*Hat.*) matches os name 'Hadron Linux dracut-111 (Initramfs)
Sep 15 15:34:28.518477 localhost immucore[654]: 2026-09-15T15:34:28Z DBG Found systemd at /bin/systemctl
Sep 15 15:34:28.518477 localhost immucore[654]: 2026-09-15T15:34:28Z INF Processing stage step 'Default network configuration.Enable systemd-network config files for DHCP'. ( commands: 0, files: 2, ... )
Sep 15 15:34:28.518477 localhost immucore[654]: 2026-09-15T15:34:28Z DBG Stage: schema.Stage{
Sep 15 15:34:28.518477 localhost immucore[654]:   Files: []schema.File{
Sep 15 15:34:28.518477 localhost immucore[654]:     schema.File{
Sep 15 15:34:28.518477 localhost immucore[654]:       Path: "/etc/systemd/network/20-dhcp.network",
Sep 15 15:34:28.518477 localhost immucore[654]:       Permissions: 420,
Sep 15 15:34:28.518477 localhost immucore[654]:       Content: "[Match]\nName=en*\n[Network]\nDHCP=yes\n[DHCP]\nClientIdentifier=mac\n",
Sep 15 15:34:28.518477 localhost immucore[654]:     },
Sep 15 15:34:28.518477 localhost immucore[654]:     schema.File{
Sep 15 15:34:28.518477 localhost immucore[654]:       Path: "/etc/systemd/network/20-dhcp-legacy.network",
Sep 15 15:34:28.518477 localhost immucore[654]:       Permissions: 420,
Sep 15 15:34:28.518477 localhost immucore[654]:       Content: "[Match]\nName=eth*\n[Network]\nDHCP=yes\n[DHCP]\nClientIdentifier=mac\n",
Sep 15 15:34:28.518477 localhost immucore[654]:     },
Sep 15 15:34:28.518477 localhost immucore[654]:   },
Sep 15 15:34:28.518477 localhost immucore[654]:   Directories: []schema.Directory{
Sep 15 15:34:28.518477 localhost immucore[654]:     schema.Directory{
Sep 15 15:34:28.518477 localhost immucore[654]:       Path: "/etc/systemd/network",
Sep 15 15:34:28.518477 localhost immucore[654]:       Permissions: 509,
Sep 15 15:34:28.518477 localhost immucore[654]:     },
Sep 15 15:34:28.518477 localhost immucore[654]:   },
Sep 15 15:34:28.518477 localhost immucore[654]:   Name: "Enable systemd-network config files for DHCP",
Sep 15 15:34:28.518477 localhost immucore[654]:   OnlyIfOs: "Ubuntu.*|Debian.*|Fedora.*|CentOS.*|Rocky.*|AlmaLinux.*|Oracle.*Linux.*|SUSE.*|[Oo]penSUSE.*|Hadron.*|Red.*Hat.*",
Sep 15 15:34:28.518477 localhost immucore[654]:   OnlyIfServiceManager: "systemd",
Sep 15 15:34:28.518477 localhost immucore[654]: }
Sep 15 15:34:28.518477 localhost immucore[654]: 2026-09-15T15:34:28Z DBG Creating directory /etc/systemd/network
Sep 15 15:34:28.518477 localhost immucore[654]: 2026-09-15T15:34:28Z DBG Creating file /etc/systemd/network/20-dhcp.network
Sep 15 15:34:28.518477 localhost immucore[654]: 2026-09-15T15:34:28Z DBG Creating file /etc/systemd/network/20-dhcp-legacy.network
Sep 15 15:34:28.518477 localhost immucore[654]: 2026-09-15T15:34:28Z INF Running layout plugin
Sep 15 15:34:28.450909 localhost kairos-immucore[654]: 
[0;90m
[0;38:5:245m
[0;1;31m
[0;90m
[0;38:5:245mGetting encryptor for unlocking
Sep 15 15:34:28.670050 localhost kernel: 
[0;1;31m
[0;1;39m
[0;1;31mI/O error, dev fd0, sector 0 op 0x0:(READ) flags 0x0 phys_seg 1 prio class 2
Sep 15 15:34:28.670116 localhost immucore[654]: 2026-09-15T15:34:28Z DBG Device field empty, skipping layout plugin
Sep 15 15:34:28.670116 localhost immucore[654]: 2026-09-15T15:34:28Z WRN (conditional) Skip 'Skipping stage (if statement error: failed to run [ -d /oem/userdata ] && [ ! -d /oem/95_userdata ]: exit status 1)' stage name: Datasource handling.Move old datasource to new location
Sep 15 15:34:28.670116 localhost immucore[654]: 2026-09-15T15:34:28Z DBG Reading '/system/oem/00_datasource.yaml'
Sep 15 15:34:28.670116 localhost immucore[654]: 2026-09-15T15:34:28Z DBG Executing stage 'Datasource handling.Remove old userdata'
Sep 15 15:34:28.670116 localhost immucore[654]: 2026-09-15T15:34:28Z WRN (conditional) Skip 'Skipping stage (if statement error: failed to run [ -d /oem/userdata ] && [ -d /oem/95_userdata ]: exit status 1)' stage name: Datasource handling.Remove old userdata
Sep 15 15:34:28.670116 localhost immucore[654]: 2026-09-15T15:34:28Z DBG Reading '/system/oem/00_datasource.yaml'
Sep 15 15:34:28.670116 localhost immucore[654]: 2026-09-15T15:34:28Z DBG Executing stage 'Datasource handling.Pull data from provider'
Sep 15 15:34:28.670116 localhost immucore[654]: 2026-09-15T15:34:28Z DBG If statement result
Sep 15 15:34:28.670116 localhost immucore[654]: 2026-09-15T15:34:28Z INF Processing stage step 'Datasource handling.Pull data from provider'. ( commands: 0, files: 0, ... )
Sep 15 15:34:28.670116 localhost immucore[654]: 2026-09-15T15:34:28Z DBG Stage: schema.Stage{
Sep 15 15:34:28.670116 localhost immucore[654]:   If: "[ ! -e /oem/95_userdata ] && ([ ! -f /run/cos/uki_boot_mode ] || grep -q \"kairos.pull_datasources\" /proc/cmdline )",
Sep 15 15:34:28.670116 localhost immucore[654]:   Name: "Pull data from provider",
Sep 15 15:34:28.670116 localhost immucore[654]:   DataSources: schema.DataSource{
Sep 15 15:34:28.670116 localhost immucore[654]:     Providers: []string{
Sep 15 15:34:28.670116 localhost immucore[654]:       "cdrom",
Sep 15 15:34:28.670116 localhost immucore[654]:       "gcp",
Sep 15 15:34:28.670116 localhost immucore[654]:       "openstack",
Sep 15 15:34:28.670116 localhost immucore[654]:       "aws",
Sep 15 15:34:28.670116 localhost immucore[654]:       "azure",
Sep 15 15:34:28.670116 localhost immucore[654]:       "hetzner",
Sep 15 15:34:28.670116 localhost immucore[654]:       "packet",
Sep 15 15:34:28.670116 localhost immucore[654]:       "vultr",
Sep 15 15:34:28.670116 localhost immucore[654]:       "digitalocean",
Sep 15 15:34:28.670116 localhost immucore[654]:       "metaldata",
Sep 15 15:34:28.670116 localhost immucore[654]:       "vmware",
Sep 15 15:34:28.670116 localhost immucore[654]:       "config-drive",
Sep 15 15:34:28.670116 localhost immucore[654]:       "maas",
Sep 15 15:34:28.670116 localhost immucore[654]:     },
Sep 15 15:34:28.670116 localhost immucore[654]:     Path: "/oem/95_userdata",
Sep 15 15:34:28.670116 localhost immucore[654]:   },
Sep 15 15:34:28.670116 localhost immucore[654]: }
Sep 15 15:34:28.670116 localhost immucore[654]: 2026-09-15T15:34:28Z DBG cdrom devices to be checked: [/dev/sr0 /dev/sr1 /dev/sr2]
Sep 15 15:34:28.670116 localhost immucore[654]: 2026-09-15T15:34:28Z DBG adding device: /dev/sr1
Sep 15 15:34:28.450978 localhost kairos-immucore[654]: 
[0;90m
[0;38:5:245m
[0;1;31m
[0;90m
[0;38:5:245mScanning for encrypted partitions
Sep 15 15:34:28.798372 localhost kernel: floppy: error 10 while reading block 0
Sep 15 15:34:28.798445 localhost immucore[654]: 2026-09-15T15:34:28Z DBG CIDATA devices to be checked: [/dev/sr1]
Sep 15 15:34:28.798445 localhost immucore[654]: 2026-09-15T15:34:28Z DBG unique devices to be checked: [/dev/sr1 /dev/sr0 /dev/sr2]
Sep 15 15:34:28.451431 localhost kairos-immucore[654]: 
[0;90m
[0;38:5:245m
[0;1;31m
[0;90m
[0;38:5:245mNo encrypted partitions found
Sep 15 15:34:28.808253 localhost kernel: 
[0;90m
[0;38:5:245m
[0;1;31m
[0;90m
[0;38:5:245mISO 9660 Extensions: Microsoft Joliet Level 3
Sep 15 15:34:28.472182 localhost kairos-immucore[654]: 
[0;90m
[0;38:5:245m
[0;1;31m
[0;90m
[0;38:5:245mGenerating op for stage 'Datasource handling.Move old datasource to new location'
Sep 15 15:34:28.808353 localhost kernel: 
[0;90m
[0;38:5:245m
[0;1;31m
[0;90m
[0;38:5:245mISO 9660 Extensions: RRIP_1991A
Sep 15 15:34:28.472206 localhost kairos-immucore[654]: 
[0;90m
[0;38:5:245m
[0;1;31m
[0;90m
[0;38:5:245mGenerating op for stage 'Datasource handling.Remove old userdata'
Sep 15 15:34:28.472217 localhost kairos-immucore[654]: 
[0;90m
[0;38:5:245m
[0;1;31m
[0;90m
[0;38:5:245mGenerating op for stage 'Datasource handling.Pull data from provider'
Sep 15 15:34:28.472227 localhost kairos-immucore[654]: 
[0;90m
[0;38:5:245m
[0;1;31m
[0;90m
[0;38:5:245mGenerating op for stage 'Datasource handling.Sentinel file for userdata'
Sep 15 15:34:28.474317 localhost kairos-immucore[654]: 
[0;90m
[0;38:5:245m
[0;1;31m
[0;90m
[0;38:5:245mGenerating op for stage 'Default network configuration.Enable systemd-network config files for DHCP'
Sep 15 15:34:28.482193 localhost kairos-immucore[654]: 
[0;90m
[0;38:5:245m
[0;1;31m
[0;90m
[0;38:5:245mReading '/system/oem/05_network.yaml'
Sep 15 15:34:28.482317 localhost kairos-immucore[654]: 
[0;90m
[0;38:5:245m
[0;1;31m
[0;90m
[0;38:5:245mExecuting stage 'Default network configuration.Enable systemd-network config files for DHCP'
Sep 15 15:34:28.482422 localhost kairos-immucore[654]: 
[0;90m
[0;38:5:245m
[0;1;31m
[0;90m
[0;38:5:245mReading '/system/oem/00_datasource.yaml'
Sep 15 15:34:28.482443 localhost kairos-immucore[654]: 
[0;90m
[0;38:5:245m
[0;1;31m
[0;90m
[0;38:5:245mExecuting stage 'Datasource handling.Move old datasource to new location'
Sep 15 15:34:28.483873 localhost kairos-immucore[654]: 
[0;90m
[0;38:5:245m
[0;1;31m
[0;90m
[0;38:5:245mrunning stage (OnlyIfOs regex (Ubuntu.*|Debian.*|Fedora.*|CentOS.*|Rocky.*|AlmaLinux.*|Oracle.*Linux.*|SUSE.*|[Oo]penSUSE.*|Hadron.*|Red.*Hat.*) matches os name 'Hadron Linux dracut-111 (Initramfs)
Sep 15 15:34:28.483912 localhost kairos-immucore[654]: 
[0;90m
[0;38:5:245m
[0;1;31m
[0;90m
[0;38:5:245mFound systemd at /bin/systemctl
Sep 15 15:34:28.483930 localhost kairos-immucore[654]: Processing stage step 'Default network configuration.Enable systemd-network config files for DHCP'. ( commands: 0, files: 2, ... )
Sep 15 15:34:28.483993 localhost kairos-immucore[654]: 
[0;90m
[0;38:5:245m
[0;1;31m
[0;90m
[0;38:5:245mStage: schema.Stage{
                                                       
[0;90m
[0;38:5:245m  Files: []schema.File{
                                                       
[0;90m
[0;38:5:245m    schema.File{
                                                       
[0;90m
[0;38:5:245m      Path: "/etc/systemd/network/20-dhcp.network",
                                                       
[0;90m
[0;38:5:245m      Permissions: 420,
                                                       
[0;90m
[0;38:5:245m      Content: "[Match]\nName=en*\n[Network]\nDHCP=yes\n[DHCP]\nClientIdentifier=mac\n",
                                                       
[0;90m
[0;38:5:245m    },
                                                       
[0;90m
[0;38:5:245m    schema.File{
                                                       
[0;90m
[0;38:5:245m      Path: "/etc/systemd/network/20-dhcp-legacy.network",
                                                       
[0;90m
[0;38:5:245m      Permissions: 420,
                                                       
[0;90m
[0;38:5:245m      Content: "[Match]\nName=eth*\n[Network]\nDHCP=yes\n[DHCP]\nClientIdentifier=mac\n",
                                                       
[0;90m
[0;38:5:245m    },
                                                       
[0;90m
[0;38:5:245m  },
                                                       
[0;90m
[0;38:5:245m  Directories: []schema.Directory{
                                                       
[0;90m
[0;38:5:245m    schema.Directory{
                                                       
[0;90m
[0;38:5:245m      Path: "/etc/systemd/network",
                                                       
[0;90m
[0;38:5:245m      Permissions: 509,
                                                       
[0;90m
[0;38:5:245m    },
                                                       
[0;90m
[0;38:5:245m  },
                                                       
[0;90m
[0;38:5:245m  Name: "Enable systemd-network config files for DHCP",
                                                       
[0;90m
[0;38:5:245m  OnlyIfOs: "Ubuntu.*|Debian.*|Fedora.*|CentOS.*|Rocky.*|AlmaLinux.*|Oracle.*Linux.*|SUSE.*|[Oo]penSUSE.*|Hadron.*|Red.*Hat.*",
                                                       
[0;90m
[0;38:5:245m  OnlyIfServiceManager: "systemd",
                                                       
[0;90m
[0;38:5:245m}
Sep 15 15:34:28.484031 localhost kairos-immucore[654]: 
[0;90m
[0;38:5:245m
[0;1;31m
[0;90m
[0;38:5:245mCreating directory /etc/systemd/network
Sep 15 15:34:28.484051 localhost kairos-immucore[654]: 
[0;90m
[0;38:5:245m
[0;1;31m
[0;90m
[0;38:5:245mCreating file /etc/systemd/network/20-dhcp.network
Sep 15 15:34:28.484193 localhost kairos-immucore[654]: 
[0;90m
[0;38:5:245m
[0;1;31m
[0;90m
[0;38:5:245mCreating file /etc/systemd/network/20-dhcp-legacy.network
Sep 15 15:34:28.484348 localhost kairos-immucore[654]: Running layout plugin
Sep 15 15:34:28.484363 localhost kairos-immucore[654]: 
[0;90m
[0;38:5:245m
[0;1;31m
[0;90m
[0;38:5:245mDevice field empty, skipping layout plugin
Sep 15 15:34:28.486277 localhost kairos-immucore[654]: 
[0;1;33m
[0;1;38:5:185m
[0;1;39m
[0;1;33m
[0;1;38:5:185m(conditional) Skip 'Skipping stage (if statement error: failed to run [ -d /oem/userdata ] && [ ! -d /oem/95_userdata ]: exit status 1)' stage name: Datasource handling.Move old datasource to new location
Sep 15 15:34:28.486391 localhost kairos-immucore[654]: 
[0;90m
[0;38:5:245m
[0;1;31m
[0;90m
[0;38:5:245mReading '/system/oem/00_datasource.yaml'
Sep 15 15:34:28.486447 localhost kairos-immucore[654]: 
[0;90m
[0;38:5:245m
[0;1;31m
[0;90m
[0;38:5:245mExecuting stage 'Datasource handling.Remove old userdata'
Sep 15 15:34:28.487615 localhost kairos-immucore[654]: 
[0;1;33m
[0;1;38:5:185m
[0;1;39m
[0;1;33m
[0;1;38:5:185m(conditional) Skip 'Skipping stage (if statement error: failed to run [ -d /oem/userdata ] && [ -d /oem/95_userdata ]: exit status 1)' stage name: Datasource handling.Remove old userdata
Sep 15 15:34:28.487749 localhost kairos-immucore[654]: 
[0;90m
[0;38:5:245m
[0;1;31m
[0;90m
[0;38:5:245mReading '/system/oem/00_datasource.yaml'
Sep 15 15:34:28.487839 localhost kairos-immucore[654]: 
[0;90m
[0;38:5:245m
[0;1;31m
[0;90m
[0;38:5:245mExecuting stage 'Datasource handling.Pull data from provider'
Sep 15 15:34:28.491187 localhost kairos-immucore[654]: 
[0;90m
[0;38:5:245m
[0;1;31m
[0;90m
[0;38:5:245mIf statement result 
Sep 15 15:34:28.491206 localhost kairos-immucore[654]: Processing stage step 'Datasource handling.Pull data from provider'. ( commands: 0, files: 0, ... )
Sep 15 15:34:28.491276 localhost kairos-immucore[654]: 
[0;90m
[0;38:5:245m
[0;1;31m
[0;90m
[0;38:5:245mStage: schema.Stage{
                                                       
[0;90m
[0;38:5:245m  If: "[ ! -e /oem/95_userdata ] && ([ ! -f /run/cos/uki_boot_mode ] || grep -q \"kairos.pull_datasources\" /proc/cmdline )",
                                                       
[0;90m
[0;38:5:245m  Name: "Pull data from provider",
                                                       
[0;90m
[0;38:5:245m  DataSources: schema.DataSource{
                                                       
[0;90m
[0;38:5:245m    Providers: []string{
                                                       
[0;90m
[0;38:5:245m      "cdrom",
                                                       
[0;90m
[0;38:5:245m      "gcp",
                                                       
[0;90m
[0;38:5:245m      "openstack",
                                                       
[0;90m
[0;38:5:245m      "aws",
                                                       
[0;90m
[0;38:5:245m      "azure",
                                                       
[0;90m
[0;38:5:245m      "hetzner",
                                                       
[0;90m
[0;38:5:245m      "packet",
                                                       
[0;90m
[0;38:5:245m      "vultr",
                                                       
[0;90m
[0;38:5:245m      "digitalocean",
                                                       
[0;90m
[0;38:5:245m      "metaldata",
                                                       
[0;90m
[0;38:5:245m      "vmware",
                                                       
[0;90m
[0;38:5:245m      "config-drive",
                                                       
[0;90m
[0;38:5:245m      "maas",
                                                       
[0;90m
[0;38:5:245m    },
                                                       
[0;90m
[0;38:5:245m    Path: "/oem/95_userdata",
                                                       
[0;90m
[0;38:5:245m  },
                                                       
[0;90m
[0;38:5:245m}
Sep 15 15:34:28.491617 localhost kairos-immucore[654]: 
[0;90m
[0;38:5:245m
[0;1;31m
[0;90m
[0;38:5:245mcdrom devices to be checked: [/dev/sr0 /dev/sr1 /dev/sr2]
Sep 15 15:34:28.594972 localhost kairos-immucore[654]: 
[0;90m
[0;38:5:245m
[0;1;31m
[0;90m
[0;38:5:245madding device: /dev/sr1
Sep 15 15:34:28.676641 localhost kairos-immucore[654]: 
[0;90m
[0;38:5:245m
[0;1;31m
[0;90m
[0;38:5:245mCIDATA devices to be checked: [/dev/sr1]
Sep 15 15:34:28.676675 localhost kairos-immucore[654]: 
[0;90m
[0;38:5:245m
[0;1;31m
[0;90m
[0;38:5:245munique devices to be checked: [/dev/sr1 /dev/sr0 /dev/sr2]
Sep 15 15:34:28.706027 localhost systemd[1]: tmp-cd2847049127.mount: Deactivated successfully.
Sep 15 15:34:28.839572 localhost kernel: 
[0;1;31m
[0;1;39m
[0;1;31m/dev/sr2: Can't open blockdev
Sep 15 15:34:28.883371 localhost kairos-immucore[654]: 
[0;90m
[0;38:5:245m
[0;1;31m
[0;90m
[0;38:5:245mcdrom devices to be checked: [/dev/sr0 /dev/sr1 /dev/sr2]
Sep 15 15:34:28.883714 localhost immucore[654]: 2026-09-15T15:34:28Z DBG cdrom devices to be checked: [/dev/sr0 /dev/sr1 /dev/sr2]
Sep 15 15:34:28.888952 localhost kernel: 
[0;1;31m
[0;1;39m
[0;1;31m/dev/sr2: Can't open blockdev
Sep 15 15:34:28.917859 localhost kernel: 
[0;1;31m
[0;1;39m
[0;1;31mI/O error, dev fd0, sector 0 op 0x0:(READ) flags 0x0 phys_seg 1 prio class 2
Sep 15 15:34:28.917969 localhost kernel: floppy: error 10 while reading block 0
Sep 15 15:34:28.977442 localhost kairos-immucore[654]: 
[0;90m
[0;38:5:245m
[0;1;31m
[0;90m
[0;38:5:245mCONFIG-2 devices to be checked: []
Sep 15 15:34:28.977550 localhost kairos-immucore[654]: 
[0;90m
[0;38:5:245m
[0;1;31m
[0;90m
[0;38:5:245munique devices to be checked: [/dev/sr0 /dev/sr1 /dev/sr2]
Sep 15 15:34:28.978313 localhost immucore[654]: 2026-09-15T15:34:28Z DBG CONFIG-2 devices to be checked: []
Sep 15 15:34:28.978313 localhost immucore[654]: 2026-09-15T15:34:28Z DBG unique devices to be checked: [/dev/sr0 /dev/sr1 /dev/sr2]
Sep 15 15:34:28.995332 localhost kernel: 
[0;90m
[0;38:5:245m
[0;1;31m
[0;90m
[0;38:5:245mISO 9660 Extensions: Microsoft Joliet Level 3
Sep 15 15:34:28.998262 localhost kernel: 
[0;90m
[0;38:5:245m
[0;1;31m
[0;90m
[0;38:5:245mISO 9660 Extensions: RRIP_1991A
Sep 15 15:34:29.035596 localhost kernel: 
[0;1;31m
[0;1;39m
[0;1;31m/dev/sr2: Can't open blockdev
Sep 15 15:34:29.076086 localhost kairos-immucore[654]: 
[0;90m
[0;38:5:245m
[0;1;31m
[0;90m
[0;38:5:245mCreating directory /run/config
Sep 15 15:34:29.076967 localhost immucore[654]: 2026-09-15T15:34:29Z DBG Creating directory /run/config
Sep 15 15:34:29.076967 localhost immucore[654]: 2026-09-15T15:34:29Z DBG Full provider list: [GCP Openstack AWS Azure Hetzner Packet Vultr DigitalOcean Metaldata VMWARE MAAS]
Sep 15 15:34:29.076967 localhost immucore[654]: 2026-09-15T15:34:29Z DBG Starting provider CDROM(/dev/sr1)
Sep 15 15:34:29.076967 localhost immucore[654]: 2026-09-15T15:34:29Z DBG Found userdata from CDROM(/dev/sr1)
Sep 15 15:34:29.076967 localhost immucore[654]: 2026-09-15T15:34:29Z DBG Creating file /oem/95_userdata/userdata
Sep 15 15:34:29.076967 localhost immucore[654]: 2026-09-15T15:34:29Z DBG Creating parent directories
Sep 15 15:34:29.076967 localhost immucore[654]: 2026-09-15T15:34:29Z DBG Adding execution bit to parent directory
Sep 15 15:34:29.076967 localhost immucore[654]: 2026-09-15T15:34:29Z DBG Creating directory /oem/95_userdata
Sep 15 15:34:29.121819 localhost kernel: 
[0;1;31m
[0;1;39m
[0;1;31m/dev/sr2: Can't open blockdev
Sep 15 15:34:29.076692 localhost kairos-immucore[654]: 
[0;90m
[0;38:5:245m
[0;1;31m
[0;90m
[0;38:5:245mFull provider list: [GCP Openstack AWS Azure Hetzner Packet Vultr DigitalOcean Metaldata VMWARE MAAS]
Sep 15 15:34:29.121982 localhost immucore[654]: 2026-09-15T15:34:29Z DBG Creating file /oem/95_userdata/userdata.yaml
Sep 15 15:34:29.121982 localhost immucore[654]: 2026-09-15T15:34:29Z INF Running layout plugin
Sep 15 15:34:29.121982 localhost immucore[654]: 2026-09-15T15:34:29Z DBG Device field empty, skipping layout plugin
Sep 15 15:34:29.121982 localhost immucore[654]: 2026-09-15T15:34:29Z DBG Reading '/system/oem/00_datasource.yaml'
Sep 15 15:34:29.121982 localhost immucore[654]: 2026-09-15T15:34:29Z DBG Executing stage 'Datasource handling.Sentinel file for userdata'
Sep 15 15:34:29.121982 localhost immucore[654]: 2026-09-15T15:34:29Z WRN (conditional) Skip 'Skipping stage (if statement error: failed to run [ ! -e /oem/95_userdata ]: exit status 1)' stage name: Datasource handling.Sentinel file for userdata
Sep 15 15:34:29.121982 localhost immucore[654]: 2026-09-15T15:34:29Z INF Done executing stage 'rootfs.before'
Sep 15 15:34:29.121982 localhost immucore[654]: 
Sep 15 15:34:29.121982 localhost immucore[654]: 2026-09-15T15:34:29Z INF Running stage: rootfs
Sep 15 15:34:29.121982 localhost immucore[654]: 
Sep 15 15:34:29.121982 localhost immucore[654]: 2026-09-15T15:34:29Z DBG Generating op for stage 'Rootfs Layout Settings.Layout configuration for active/passive mode'
Sep 15 15:34:29.121982 localhost immucore[654]: 2026-09-15T15:34:29Z DBG Generating op for stage 'Rootfs Layout Settings.Layout configuration for recovery/autoreset mode'
Sep 15 15:34:29.121982 localhost immucore[654]: 2026-09-15T15:34:29Z DBG Generating op for stage 'Rootfs Layout Settings.Layout configuration for UKI installer'
Sep 15 15:34:29.121982 localhost immucore[654]: 2026-09-15T15:34:29Z DBG Generating op for stage 'Rootfs Layout Settings.Mask the commit service to avoid systemd messing with machine-id'
Sep 15 15:34:29.121982 localhost immucore[654]: 2026-09-15T15:34:29Z DBG Generating op for stage 'Extra binds for specific distros.Extra layout configuration for active/passive mode (Ubuntu/Debian)'
Sep 15 15:34:29.121982 localhost immucore[654]: 2026-09-15T15:34:29Z DBG Generating op for stage 'Extra binds for specific distros.Extra layout configuration for active/passive mode'
Sep 15 15:34:29.121982 localhost immucore[654]: 2026-09-15T15:34:29Z DBG Reading '/system/oem/00_rootfs.yaml'
Sep 15 15:34:29.121982 localhost immucore[654]: 2026-09-15T15:34:29Z DBG Executing stage 'Rootfs Layout Settings.Layout configuration for active/passive mode'
Sep 15 15:34:29.121982 localhost immucore[654]: 2026-09-15T15:34:29Z DBG If statement result
Sep 15 15:34:29.121982 localhost immucore[654]: 2026-09-15T15:34:29Z INF Processing stage step 'Rootfs Layout Settings.Layout configuration for active/passive mode'. ( commands: 0, files: 0, ... )
Sep 15 15:34:29.076719 localhost kairos-immucore[654]: 
[0;90m
[0;38:5:245m
[0;1;31m
[0;90m
[0;38:5:245mStarting provider CDROM(/dev/sr1)
Sep 15 15:34:29.236058 localhost immucore[654]: 2026-09-15T15:34:29Z DBG Stage: schema.Stage{
Sep 15 15:34:29.236058 localhost immucore[654]:   If: "[ ! -e \"/run/cos/recovery_mode\" ] && [ ! -e \"/run/cos/autoreset_mode\" ] && [ ! -e \"/run/cos/uki_install_mode\" ]",
Sep 15 15:34:29.236058 localhost immucore[654]:   Name: "Layout configuration for active/passive mode",
Sep 15 15:34:29.236058 localhost immucore[654]:   Environment: map[string]string{
Sep 15 15:34:29.236058 localhost immucore[654]:     "OVERLAY": "tmpfs:25%",
Sep 15 15:34:29.236058 localhost immucore[654]:     "PERSISTENT_STATE_PATHS": "/etc/cni /etc/init.d /etc/iscsi /etc/k0s /etc/kubernetes /etc/modprobe.d /etc/pwx /etc/rancher /etc/runlevels /etc/ssh /etc/ssl/certs /etc/sysconfig /etc/systemd /etc/zfs /home /opt /root /usr/libexec /var/cores /var/lib/ca-certificates /var/lib/cni /var/lib/containerd /var/lib/calico /var/lib/dbus /var/lib/etcd /var/lib/extensions /var/lib/confexts /var/lib/k0s /var/lib/kubelet /var/lib/longhorn /var/lib/osd /var/lib/rancher /var/lib/rook /var/lib/tailscale /var/lib/wicked /var/lib/kairos /var/log",
Sep 15 15:34:29.236058 localhost immucore[654]:     "RW_PATHS": "/var /etc /srv",
Sep 15 15:34:29.236058 localhost immucore[654]:     "VOLUMES": "LABEL=COS_PERSISTENT:/usr/local",
Sep 15 15:34:29.236058 localhost immucore[654]:   },
Sep 15 15:34:29.236058 localhost immucore[654]:   EnvironmentFile: "/run/cos/cos-layout.env",
Sep 15 15:34:29.236058 localhost immucore[654]: }
Sep 15 15:34:29.236058 localhost immucore[654]: 2026-09-15T15:34:29Z INF Running layout plugin
Sep 15 15:34:29.236058 localhost immucore[654]: 2026-09-15T15:34:29Z DBG Device field empty, skipping layout plugin
Sep 15 15:34:29.236058 localhost immucore[654]: 2026-09-15T15:34:29Z DBG Reading '/system/oem/00_rootfs.yaml'
Sep 15 15:34:29.236058 localhost immucore[654]: 2026-09-15T15:34:29Z DBG Executing stage 'Rootfs Layout Settings.Layout configuration for recovery/autoreset mode'
Sep 15 15:34:29.236058 localhost immucore[654]: 2026-09-15T15:34:29Z WRN (conditional) Skip 'Skipping stage (if statement error: failed to run [ -e "/run/cos/recovery_mode" ] || [ -e "/run/cos/autoreset_mode" ]: exit status 1)' stage name: Rootfs Layout Settings.Layout configuration for recovery/autoreset mode
Sep 15 15:34:29.236058 localhost immucore[654]: 2026-09-15T15:34:29Z DBG Reading '/system/oem/00_rootfs.yaml'
Sep 15 15:34:29.236058 localhost immucore[654]: 2026-09-15T15:34:29Z DBG Executing stage 'Rootfs Layout Settings.Layout configuration for UKI installer'
Sep 15 15:34:29.236058 localhost immucore[654]: 2026-09-15T15:34:29Z WRN (conditional) Skip 'Skipping stage (if statement error: failed to run [ -e "/run/cos/uki_install_mode" ]: exit status 1)' stage name: Rootfs Layout Settings.Layout configuration for UKI installer
Sep 15 15:34:29.076728 localhost kairos-immucore[654]: 
[0;90m
[0;38:5:245m
[0;1;31m
[0;90m
[0;38:5:245mFound userdata from CDROM(/dev/sr1)
Sep 15 15:34:29.357966 localhost unknown: 
[0;1;33m
[0;1;38:5:185m
[0;1;39m
[0;1;33m
[0;1;38:5:185mBLKIDSHIM argv=[/dev/vda2 -s TYPE -o value]
Sep 15 15:34:29.358026 localhost immucore[654]: 2026-09-15T15:34:29Z DBG Reading '/system/oem/00_rootfs.yaml'
Sep 15 15:34:29.358026 localhost immucore[654]: 2026-09-15T15:34:29Z DBG Executing stage 'Rootfs Layout Settings.Mask the commit service to avoid systemd messing with machine-id'
Sep 15 15:34:29.358026 localhost immucore[654]: 2026-09-15T15:34:29Z DBG Found systemd at /bin/systemctl
Sep 15 15:34:29.358026 localhost immucore[654]: 2026-09-15T15:34:29Z INF Processing stage step 'Rootfs Layout Settings.Mask the commit service to avoid systemd messing with machine-id'. ( commands: 0, files: 0, ... )
Sep 15 15:34:29.358026 localhost immucore[654]: 2026-09-15T15:34:29Z DBG Stage: schema.Stage{
Sep 15 15:34:29.358026 localhost immucore[654]:   Name: "Mask the commit service to avoid systemd messing with machine-id",
Sep 15 15:34:29.358026 localhost immucore[654]:   Systemctl: schema.Systemctl{
Sep 15 15:34:29.358026 localhost immucore[654]:     Mask: []string{
Sep 15 15:34:29.358026 localhost immucore[654]:       "systemd-machine-id-commit.service",
Sep 15 15:34:29.358026 localhost immucore[654]:     },
Sep 15 15:34:29.358026 localhost immucore[654]:   },
Sep 15 15:34:29.358026 localhost immucore[654]:   OnlyIfServiceManager: "systemd",
Sep 15 15:34:29.358026 localhost immucore[654]: }
Sep 15 15:34:29.358026 localhost immucore[654]: 2026-09-15T15:34:29Z INF Running layout plugin
Sep 15 15:34:29.358026 localhost immucore[654]: 2026-09-15T15:34:29Z DBG Device field empty, skipping layout plugin
Sep 15 15:34:29.358026 localhost immucore[654]: 2026-09-15T15:34:29Z DBG Reading '/system/oem/01_extra_binds.yaml'
Sep 15 15:34:29.358026 localhost immucore[654]: 2026-09-15T15:34:29Z DBG Executing stage 'Extra binds for specific distros.Extra layout configuration for active/passive mode (Ubuntu/Debian)'
Sep 15 15:34:29.358026 localhost immucore[654]: 2026-09-15T15:34:29Z DBG If statement result
Sep 15 15:34:29.358026 localhost immucore[654]: 2026-09-15T15:34:29Z WRN (conditional) Skip 'OnlyIfOs regex (Ubuntu.*|Debian.*) doesn't match os name Hadron Linux dracut-111 (Initramfs)' stage name: Extra binds for specific distros.Extra layout configuration for active/passive mode (Ubuntu/Debian)
Sep 15 15:34:29.358026 localhost immucore[654]: 2026-09-15T15:34:29Z DBG Reading '/system/oem/01_extra_binds.yaml'
Sep 15 15:34:29.358026 localhost immucore[654]: 2026-09-15T15:34:29Z DBG Executing stage 'Extra binds for specific distros.Extra layout configuration for active/passive mode'
Sep 15 15:34:29.358026 localhost immucore[654]: 2026-09-15T15:34:29Z DBG If statement result
Sep 15 15:34:29.076755 localhost kairos-immucore[654]: 
[0;90m
[0;38:5:245m
[0;1;31m
[0;90m
[0;38:5:245mCreating file /oem/95_userdata/userdata
Sep 15 15:34:29.459038 localhost immucore[654]: 2026-09-15T15:34:29Z WRN (conditional) Skip 'OnlyIfOs regex (Red.*Hat.*|CentOS.*|Fedora.*|Rocky.*|AlmaLinux.*|Oracle.*Linux.*|SLES.*|[Oo]penSUSE.*|SUSE.*) doesn't match os name Hadron Linux dracut-111 (Initramfs)' stage name: Extra binds for specific distros.Extra layout configuration for active/passive mode
Sep 15 15:34:29.459038 localhost immucore[654]: 2026-09-15T15:34:29Z INF Done executing stage 'rootfs'
Sep 15 15:34:29.459038 localhost immucore[654]: 
Sep 15 15:34:29.459038 localhost immucore[654]: 2026-09-15T15:34:29Z INF Running stage: rootfs.after
Sep 15 15:34:29.459038 localhost immucore[654]: 
Sep 15 15:34:29.459038 localhost immucore[654]: 2026-09-15T15:34:29Z DBG Generating op for stage 'Rootfs Layout Settings.add custom bind and ephemeral mounts to /run/cos/cos-layout.env'
Sep 15 15:34:29.459038 localhost immucore[654]: 2026-09-15T15:34:29Z DBG Generating op for stage 'Rootfs Layout Settings.Grow persistent'
Sep 15 15:34:29.459038 localhost immucore[654]: 2026-09-15T15:34:29Z DBG Reading '/system/oem/00_rootfs.yaml'
Sep 15 15:34:29.459038 localhost immucore[654]: 2026-09-15T15:34:29Z DBG Executing stage 'Rootfs Layout Settings.add custom bind and ephemeral mounts to /run/cos/cos-layout.env'
Sep 15 15:34:29.459038 localhost immucore[654]: 2026-09-15T15:34:29Z WRN (conditional) Skip 'Skipping stage (if statement error: failed to run [ -r /run/cos/custom-layout.env ] && [ ! -f "/run/cos/recovery_mode" ] && [ ! -f /run/cos/live_mode ]: exit status 1)' stage name: Rootfs Layout Settings.add custom bind and ephemeral mounts to /run/cos/cos-layout.env
Sep 15 15:34:29.459038 localhost immucore[654]: 2026-09-15T15:34:29Z DBG Reading '/system/oem/00_rootfs.yaml'
Sep 15 15:34:29.459038 localhost immucore[654]: 2026-09-15T15:34:29Z DBG Executing stage 'Rootfs Layout Settings.Grow persistent'
Sep 15 15:34:29.459038 localhost immucore[654]: 2026-09-15T15:34:29Z DBG If statement result
Sep 15 15:34:29.459038 localhost immucore[654]: 2026-09-15T15:34:29Z INF Processing stage step 'Rootfs Layout Settings.Grow persistent'. ( commands: 0, files: 0, ... )
Sep 15 15:34:29.459038 localhost immucore[654]: 2026-09-15T15:34:29Z DBG Stage: schema.Stage{
Sep 15 15:34:29.459038 localhost immucore[654]:   If: "[ ! -f /run/cos/recovery_mode ] && [ ! -f /run/cos/live_mode ]",
Sep 15 15:34:29.459038 localhost immucore[654]:   Name: "Grow persistent",
Sep 15 15:34:29.459038 localhost immucore[654]:   Layout: schema.Layout{
Sep 15 15:34:29.459038 localhost immucore[654]:     Device: &schema.Device{
Sep 15 15:34:29.459038 localhost immucore[654]:       Label: "COS_PERSISTENT",
Sep 15 15:34:29.459038 localhost immucore[654]:     },
Sep 15 15:34:29.459038 localhost immucore[654]:     Expand: &schema.Expand{},
Sep 15 15:34:29.459038 localhost immucore[654]:   },
Sep 15 15:34:29.459038 localhost immucore[654]: }
Sep 15 15:34:29.459038 localhost immucore[654]: 2026-09-15T15:34:29Z INF Running layout plugin
Sep 15 15:34:29.076772 localhost kairos-immucore[654]: 
[0;90m
[0;38:5:245m
[0;1;31m
[0;90m
[0;38:5:245mCreating parent directories
Sep 15 15:34:29.574638 localhost immucore[654]: 2026-09-15T15:34:29Z DBG Checking layout device information
Sep 15 15:34:29.574638 localhost immucore[654]: 2026-09-15T15:34:29Z DBG Using label COS_PERSISTENT for layout expansion
Sep 15 15:34:29.574638 localhost immucore[654]: Deriving parent disk for block device /dev/vda2
Sep 15 15:34:29.574638 localhost immucore[654]: Deriving parent disk for block device /sys/class/block/vda2
Sep 15 15:34:29.574638 localhost immucore[654]: 2026-09-15T15:34:29Z DBG Checking for free space on device /dev/vda
Sep 15 15:34:29.574638 localhost immucore[654]: 2026-09-15T15:34:29Z DBG Checking if more than a partition is marked as bootable on device /dev/vda
Sep 15 15:34:29.574638 localhost immucore[654]: 2026-09-15T15:34:29Z DBG Verifying and repairing headers on device /dev/vda
Sep 15 15:34:29.574638 localhost immucore[654]: 2026-09-15T15:34:29Z DBG Going over the partition layout to create partitions on device /dev/vda
Sep 15 15:34:29.574638 localhost immucore[654]: 2026-09-15T15:34:29Z DBG No partitions to add, skipping
Sep 15 15:34:29.574638 localhost immucore[654]: 2026-09-15T15:34:29Z DBG Checking for layout expansion on device /dev/vda
Sep 15 15:34:29.574638 localhost immucore[654]: 2026-09-15T15:34:29Z DBG Extending last partition to max space
Sep 15 15:34:29.574638 localhost immucore[654]: 2026-09-15T15:34:29Z ERR requested size is less than or equal to current partition size (requested 4225761280 sectors, current 4225761280 sectors)
Sep 15 15:34:29.574638 localhost immucore[654]: 2026-09-15T15:34:29Z ERR Error on file /system/oem/00_rootfs.yaml on stage Grow persistent: requested size is less than or equal to current partition size (requested 4225761280 sectors, current 4225761280 sectors)
Sep 15 15:34:29.574638 localhost immucore[654]: 2026-09-15T15:34:29Z INF Done executing stage 'rootfs.after'
Sep 15 15:34:29.574638 localhost immucore[654]: 
Sep 15 15:34:29.574638 localhost immucore[654]: 2026-09-15T15:34:29Z INF Running stage: rootfs.before
Sep 15 15:34:29.574638 localhost immucore[654]: 
Sep 15 15:34:29.574638 localhost immucore[654]: 2026-09-15T15:34:29Z INF Done executing stage 'rootfs.before'
Sep 15 15:34:29.574638 localhost immucore[654]: 
Sep 15 15:34:29.574638 localhost immucore[654]: 2026-09-15T15:34:29Z INF Running stage: rootfs
Sep 15 15:34:29.574638 localhost immucore[654]: 
Sep 15 15:34:29.574638 localhost immucore[654]: 2026-09-15T15:34:29Z INF Done executing stage 'rootfs'
Sep 15 15:34:29.574638 localhost immucore[654]: 
Sep 15 15:34:29.574638 localhost immucore[654]: 2026-09-15T15:34:29Z INF Running stage: rootfs.after
Sep 15 15:34:29.574638 localhost immucore[654]: 
Sep 15 15:34:29.574638 localhost immucore[654]: 2026-09-15T15:34:29Z INF Done executing stage 'rootfs.after'
Sep 15 15:34:29.574638 localhost immucore[654]: 
Sep 15 15:34:29.574638 localhost immucore[654]: 2026-09-15T15:34:29Z DBG No extra env from /run/cos/extra-layout.env
Sep 15 15:34:29.076781 localhost kairos-immucore[654]: 
[0;90m
[0;38:5:245m
[0;1;31m
[0;90m
[0;38:5:245mAdding execution bit to parent directory
Sep 15 15:34:29.692867 localhost immucore[654]: 2026-09-15T15:34:29Z DBG Mounting custom mounts mounts={"/dev/disk/by-label/COS_PERSISTENT":"/usr/local"}
Sep 15 15:34:29.692867 localhost immucore[654]: 2026-09-15T15:34:29Z DBG Custom mount start what=/dev/disk/by-label/COS_PERSISTENT where=/usr/local
Sep 15 15:34:29.692867 localhost immucore[654]: 2026-09-15T15:34:29Z DBG Cleaning for sysroot new=/run/overlay old=/run/overlay
Sep 15 15:34:29.692867 localhost immucore[654]: 2026-09-15T15:34:29Z DBG mount ready options=["size=25%"] type=tmpfs what=tmpfs where=/run/overlay
Sep 15 15:34:29.692867 localhost immucore[654]: 2026-09-15T15:34:29Z DBG Resolved label to concrete device path label=COS_PERSISTENT resolved=/dev/vda2
Sep 15 15:34:29.692867 localhost immucore[654]: 2026-09-15T15:34:29Z DBG Getting disk type for device device=/dev/vda2
Sep 15 15:34:29.692867 localhost immucore[654]: 2026-09-15T15:34:29Z DBG Partition FS type type=ext4 what=/dev/vda2
Sep 15 15:34:29.076793 localhost kairos-immucore[654]: 
[0;90m
[0;38:5:245m
[0;1;31m
[0;90m
[0;38:5:245mCreating directory /oem/95_userdata
Sep 15 15:34:29.078408 localhost kairos-immucore[654]: 
[0;90m
[0;38:5:245m
[0;1;31m
[0;90m
[0;38:5:245mCreating file /oem/95_userdata/userdata.yaml
Sep 15 15:34:29.079080 localhost kairos-immucore[654]: Running layout plugin
Sep 15 15:34:29.079236 localhost kairos-immucore[654]: 
[0;90m
[0;38:5:245m
[0;1;31m
[0;90m
[0;38:5:245mDevice field empty, skipping layout plugin
Sep 15 15:34:29.079462 localhost kairos-immucore[654]: 
[0;90m
[0;38:5:245m
[0;1;31m
[0;90m
[0;38:5:245mReading '/system/oem/00_datasource.yaml'
Sep 15 15:34:29.079523 localhost kairos-immucore[654]: 
[0;90m
[0;38:5:245m
[0;1;31m
[0;90m
[0;38:5:245mExecuting stage 'Datasource handling.Sentinel file for userdata'
Sep 15 15:34:29.080617 localhost kairos-immucore[654]: 
[0;1;33m
[0;1;38:5:185m
[0;1;39m
[0;1;33m
[0;1;38:5:185m(conditional) Skip 'Skipping stage (if statement error: failed to run [ ! -e /oem/95_userdata ]: exit status 1)' stage name: Datasource handling.Sentinel file for userdata
Sep 15 15:34:29.081593 localhost kairos-immucore[654]: Done executing stage 'rootfs.before'
Sep 15 15:34:29.081694 localhost kairos-immucore[654]: Running stage: rootfs
Sep 15 15:34:29.083110 localhost kairos-immucore[654]: 
[0;90m
[0;38:5:245m
[0;1;31m
[0;90m
[0;38:5:245mGenerating op for stage 'Rootfs Layout Settings.Layout configuration for active/passive mode'
Sep 15 15:34:29.083135 localhost kairos-immucore[654]: 
[0;90m
[0;38:5:245m
[0;1;31m
[0;90m
[0;38:5:245mGenerating op for stage 'Rootfs Layout Settings.Layout configuration for recovery/autoreset mode'
Sep 15 15:34:29.083152 localhost kairos-immucore[654]: 
[0;90m
[0;38:5:245m
[0;1;31m
[0;90m
[0;38:5:245mGenerating op for stage 'Rootfs Layout Settings.Layout configuration for UKI installer'
Sep 15 15:34:29.083166 localhost kairos-immucore[654]: 
[0;90m
[0;38:5:245m
[0;1;31m
[0;90m
[0;38:5:245mGenerating op for stage 'Rootfs Layout Settings.Mask the commit service to avoid systemd messing with machine-id'
Sep 15 15:34:29.083307 localhost kairos-immucore[654]: 
[0;90m
[0;38:5:245m
[0;1;31m
[0;90m
[0;38:5:245mGenerating op for stage 'Extra binds for specific distros.Extra layout configuration for active/passive mode (Ubuntu/Debian)'
Sep 15 15:34:29.083330 localhost kairos-immucore[654]: 
[0;90m
[0;38:5:245m
[0;1;31m
[0;90m
[0;38:5:245mGenerating op for stage 'Extra binds for specific distros.Extra layout configuration for active/passive mode'
Sep 15 15:34:29.086991 localhost kairos-immucore[654]: 
[0;90m
[0;38:5:245m
[0;1;31m
[0;90m
[0;38:5:245mReading '/system/oem/00_rootfs.yaml'
Sep 15 15:34:29.087009 localhost kairos-immucore[654]: 
[0;90m
[0;38:5:245m
[0;1;31m
[0;90m
[0;38:5:245mExecuting stage 'Rootfs Layout Settings.Layout configuration for active/passive mode'
Sep 15 15:34:29.088158 localhost kairos-immucore[654]: 
[0;90m
[0;38:5:245m
[0;1;31m
[0;90m
[0;38:5:245mIf statement result 
Sep 15 15:34:29.088180 localhost kairos-immucore[654]: Processing stage step 'Rootfs Layout Settings.Layout configuration for active/passive mode'. ( commands: 0, files: 0, ... )
Sep 15 15:34:29.088274 localhost kairos-immucore[654]: 
[0;90m
[0;38:5:245m
[0;1;31m
[0;90m
[0;38:5:245mStage: schema.Stage{
                                                       
[0;90m
[0;38:5:245m  If: "[ ! -e \"/run/cos/recovery_mode\" ] && [ ! -e \"/run/cos/autoreset_mode\" ] && [ ! -e \"/run/cos/uki_install_mode\" ]",
                                                       
[0;90m
[0;38:5:245m  Name: "Layout configuration for active/passive mode",
                                                       
[0;90m
[0;38:5:245m  Environment: map[string]string{
                                                       
[0;90m
[0;38:5:245m    "OVERLAY": "tmpfs:25%",
                                                       
[0;90m
[0;38:5:245m    "PERSISTENT_STATE_PATHS": "/etc/cni /etc/init.d /etc/iscsi /etc/k0s /etc/kubernetes /etc/modprobe.d /etc/pwx /etc/rancher /etc/runlevels /etc/ssh /etc/ssl/certs /etc/sysconfig /etc/systemd /etc/zfs /home /opt /root /usr/libexec /var/cores /var/lib/ca-certificates /var/lib/cni /var/lib/containerd /var/lib/calico /var/lib/dbus /var/lib/etcd /var/lib/extensions /var/lib/confexts /var/lib/k0s /var/lib/kubelet /var/lib/longhorn /var/lib/osd /var/lib/rancher /var/lib/rook /var/lib/tailscale /var/lib/wicked /var/lib/kairos /var/log",
                                                       
[0;90m
[0;38:5:245m    "RW_PATHS": "/var /etc /srv",
                                                       
[0;90m
[0;38:5:245m    "VOLUMES": "LABEL=COS_PERSISTENT:/usr/local",
                                                       
[0;90m
[0;38:5:245m  },
                                                       
[0;90m
[0;38:5:245m  EnvironmentFile: "/run/cos/cos-layout.env",
                                                       
[0;90m
[0;38:5:245m}
Sep 15 15:34:29.088941 localhost kairos-immucore[654]: Running layout plugin
Sep 15 15:34:29.088958 localhost kairos-immucore[654]: 
[0;90m
[0;38:5:245m
[0;1;31m
[0;90m
[0;38:5:245mDevice field empty, skipping layout plugin
Sep 15 15:34:29.088984 localhost kairos-immucore[654]: 
[0;90m
[0;38:5:245m
[0;1;31m
[0;90m
[0;38:5:245mReading '/system/oem/00_rootfs.yaml'
Sep 15 15:34:29.088993 localhost kairos-immucore[654]: 
[0;90m
[0;38:5:245m
[0;1;31m
[0;90m
[0;38:5:245mExecuting stage 'Rootfs Layout Settings.Layout configuration for recovery/autoreset mode'
Sep 15 15:34:29.089789 localhost kairos-immucore[654]: 
[0;1;33m
[0;1;38:5:185m
[0;1;39m
[0;1;33m
[0;1;38:5:185m(conditional) Skip 'Skipping stage (if statement error: failed to run [ -e "/run/cos/recovery_mode" ] || [ -e "/run/cos/autoreset_mode" ]: exit status 1)' stage name: Rootfs Layout Settings.Layout configuration for recovery/autoreset mode
Sep 15 15:34:29.089918 localhost kairos-immucore[654]: 
[0;90m
[0;38:5:245m
[0;1;31m
[0;90m
[0;38:5:245mReading '/system/oem/00_rootfs.yaml'
Sep 15 15:34:29.089949 localhost kairos-immucore[654]: 
[0;90m
[0;38:5:245m
[0;1;31m
[0;90m
[0;38:5:245mExecuting stage 'Rootfs Layout Settings.Layout configuration for UKI installer'
Sep 15 15:34:29.090713 localhost kairos-immucore[654]: 
[0;1;33m
[0;1;38:5:185m
[0;1;39m
[0;1;33m
[0;1;38:5:185m(conditional) Skip 'Skipping stage (if statement error: failed to run [ -e "/run/cos/uki_install_mode" ]: exit status 1)' stage name: Rootfs Layout Settings.Layout configuration for UKI installer
Sep 15 15:34:29.090777 localhost kairos-immucore[654]: 
[0;90m
[0;38:5:245m
[0;1;31m
[0;90m
[0;38:5:245mReading '/system/oem/00_rootfs.yaml'
Sep 15 15:34:29.090849 localhost kairos-immucore[654]: 
[0;90m
[0;38:5:245m
[0;1;31m
[0;90m
[0;38:5:245mExecuting stage 'Rootfs Layout Settings.Mask the commit service to avoid systemd messing with machine-id'
Sep 15 15:34:29.090870 localhost kairos-immucore[654]: 
[0;90m
[0;38:5:245m
[0;1;31m
[0;90m
[0;38:5:245mFound systemd at /bin/systemctl
Sep 15 15:34:29.090903 localhost kairos-immucore[654]: Processing stage step 'Rootfs Layout Settings.Mask the commit service to avoid systemd messing with machine-id'. ( commands: 0, files: 0, ... )
Sep 15 15:34:29.090933 localhost kairos-immucore[654]: 
[0;90m
[0;38:5:245m
[0;1;31m
[0;90m
[0;38:5:245mStage: schema.Stage{
                                                       
[0;90m
[0;38:5:245m  Name: "Mask the commit service to avoid systemd messing with machine-id",
                                                       
[0;90m
[0;38:5:245m  Systemctl: schema.Systemctl{
                                                       
[0;90m
[0;38:5:245m    Mask: []string{
                                                       
[0;90m
[0;38:5:245m      "systemd-machine-id-commit.service",
                                                       
[0;90m
[0;38:5:245m    },
                                                       
[0;90m
[0;38:5:245m  },
                                                       
[0;90m
[0;38:5:245m  OnlyIfServiceManager: "systemd",
                                                       
[0;90m
[0;38:5:245m}
Sep 15 15:34:29.095601 localhost systemd[1]: 
[0;1;39m
[0;1;31m
[0;1;39mReload requested from client PID 874 ('systemctl') (unit immucore.service)...
Sep 15 15:34:29.095629 localhost systemd[1]: Reloading...
Sep 15 15:34:29.142120 localhost (gene[883]: 
[0;1;31m
[0;1;39m
[0;1;31m'/usr/lib/systemd/system-generators/dracut-crypt-generator' failed with exit status 2.
Sep 15 15:34:29.228451 localhost systemd[1]: Reloading finished in 132 ms.
Sep 15 15:34:29.262950 localhost kairos-immucore[654]: Running layout plugin
Sep 15 15:34:29.263025 localhost kairos-immucore[654]: 
[0;90m
[0;38:5:245m
[0;1;31m
[0;90m
[0;38:5:245mDevice field empty, skipping layout plugin
Sep 15 15:34:29.263261 localhost kairos-immucore[654]: 
[0;90m
[0;38:5:245m
[0;1;31m
[0;90m
[0;38:5:245mReading '/system/oem/01_extra_binds.yaml'
Sep 15 15:34:29.263357 localhost kairos-immucore[654]: 
[0;90m
[0;38:5:245m
[0;1;31m
[0;90m
[0;38:5:245mExecuting stage 'Extra binds for specific distros.Extra layout configuration for active/passive mode (Ubuntu/Debian)'
Sep 15 15:34:29.265414 localhost kairos-immucore[654]: 
[0;90m
[0;38:5:245m
[0;1;31m
[0;90m
[0;38:5:245mIf statement result 
Sep 15 15:34:29.266778 localhost kairos-immucore[654]: 
[0;1;33m
[0;1;38:5:185m
[0;1;39m
[0;1;33m
[0;1;38:5:185m(conditional) Skip 'OnlyIfOs regex (Ubuntu.*|Debian.*) doesn't match os name Hadron Linux dracut-111 (Initramfs)' stage name: Extra binds for specific distros.Extra layout configuration for active/passive mode (Ubuntu/Debian)
Sep 15 15:34:29.266896 localhost kairos-immucore[654]: 
[0;90m
[0;38:5:245m
[0;1;31m
[0;90m
[0;38:5:245mReading '/system/oem/01_extra_binds.yaml'
Sep 15 15:34:29.266915 localhost kairos-immucore[654]: 
[0;90m
[0;38:5:245m
[0;1;31m
[0;90m
[0;38:5:245mExecuting stage 'Extra binds for specific distros.Extra layout configuration for active/passive mode'
Sep 15 15:34:29.269141 localhost kairos-immucore[654]: 
[0;90m
[0;38:5:245m
[0;1;31m
[0;90m
[0;38:5:245mIf statement result 
Sep 15 15:34:29.269668 localhost kairos-immucore[654]: 
[0;1;33m
[0;1;38:5:185m
[0;1;39m
[0;1;33m
[0;1;38:5:185m(conditional) Skip 'OnlyIfOs regex (Red.*Hat.*|CentOS.*|Fedora.*|Rocky.*|AlmaLinux.*|Oracle.*Linux.*|SLES.*|[Oo]penSUSE.*|SUSE.*) doesn't match os name Hadron Linux dracut-111 (Initramfs)' stage name: Extra binds for specific distros.Extra layout configuration for active/passive mode
Sep 15 15:34:29.269890 localhost kairos-immucore[654]: Done executing stage 'rootfs'
Sep 15 15:34:29.269910 localhost kairos-immucore[654]: Running stage: rootfs.after
Sep 15 15:34:29.270571 localhost kairos-immucore[654]: 
[0;90m
[0;38:5:245m
[0;1;31m
[0;90m
[0;38:5:245mGenerating op for stage 'Rootfs Layout Settings.add custom bind and ephemeral mounts to /run/cos/cos-layout.env'
Sep 15 15:34:29.270596 localhost kairos-immucore[654]: 
[0;90m
[0;38:5:245m
[0;1;31m
[0;90m
[0;38:5:245mGenerating op for stage 'Rootfs Layout Settings.Grow persistent'
Sep 15 15:34:29.273741 localhost kairos-immucore[654]: 
[0;90m
[0;38:5:245m
[0;1;31m
[0;90m
[0;38:5:245mReading '/system/oem/00_rootfs.yaml'
Sep 15 15:34:29.273760 localhost kairos-immucore[654]: 
[0;90m
[0;38:5:245m
[0;1;31m
[0;90m
[0;38:5:245mExecuting stage 'Rootfs Layout Settings.add custom bind and ephemeral mounts to /run/cos/cos-layout.env'
Sep 15 15:34:29.274540 localhost kairos-immucore[654]: 
[0;1;33m
[0;1;38:5:185m
[0;1;39m
[0;1;33m
[0;1;38:5:185m(conditional) Skip 'Skipping stage (if statement error: failed to run [ -r /run/cos/custom-layout.env ] && [ ! -f "/run/cos/recovery_mode" ] && [ ! -f /run/cos/live_mode ]: exit status 1)' stage name: Rootfs Layout Settings.add custom bind and ephemeral mounts to /run/cos/cos-layout.env
Sep 15 15:34:29.274607 localhost kairos-immucore[654]: 
[0;90m
[0;38:5:245m
[0;1;31m
[0;90m
[0;38:5:245mReading '/system/oem/00_rootfs.yaml'
Sep 15 15:34:29.274686 localhost kairos-immucore[654]: 
[0;90m
[0;38:5:245m
[0;1;31m
[0;90m
[0;38:5:245mExecuting stage 'Rootfs Layout Settings.Grow persistent'
Sep 15 15:34:29.275421 localhost kairos-immucore[654]: 
[0;90m
[0;38:5:245m
[0;1;31m
[0;90m
[0;38:5:245mIf statement result 
Sep 15 15:34:29.275444 localhost kairos-immucore[654]: Processing stage step 'Rootfs Layout Settings.Grow persistent'. ( commands: 0, files: 0, ... )
Sep 15 15:34:29.275477 localhost kairos-immucore[654]: 
[0;90m
[0;38:5:245m
[0;1;31m
[0;90m
[0;38:5:245mStage: schema.Stage{
                                                       
[0;90m
[0;38:5:245m  If: "[ ! -f /run/cos/recovery_mode ] && [ ! -f /run/cos/live_mode ]",
                                                       
[0;90m
[0;38:5:245m  Name: "Grow persistent",
                                                       
[0;90m
[0;38:5:245m  Layout: schema.Layout{
                                                       
[0;90m
[0;38:5:245m    Device: &schema.Device{
                                                       
[0;90m
[0;38:5:245m      Label: "COS_PERSISTENT",
                                                       
[0;90m
[0;38:5:245m    },
                                                       
[0;90m
[0;38:5:245m    Expand: &schema.Expand{},
                                                       
[0;90m
[0;38:5:245m  },
                                                       
[0;90m
[0;38:5:245m}
Sep 15 15:34:29.275607 localhost kairos-immucore[654]: Running layout plugin
Sep 15 15:34:29.275753 localhost kairos-immucore[654]: 
[0;90m
[0;38:5:245m
[0;1;31m
[0;90m
[0;38:5:245mChecking layout device information
Sep 15 15:34:29.275789 localhost kairos-immucore[654]: 
[0;90m
[0;38:5:245m
[0;1;31m
[0;90m
[0;38:5:245mUsing label COS_PERSISTENT for layout expansion
Sep 15 15:34:29.276311 localhost kairos-immucore[654]: 
[0;90m
[0;38:5:245m
[0;1;31m
[0;90m
[0;38:5:245mChecking for free space on device /dev/vda
Sep 15 15:34:29.276327 localhost kairos-immucore[654]: 
[0;90m
[0;38:5:245m
[0;1;31m
[0;90m
[0;38:5:245mChecking if more than a partition is marked as bootable on device /dev/vda
Sep 15 15:34:29.276338 localhost kairos-immucore[654]: 
[0;90m
[0;38:5:245m
[0;1;31m
[0;90m
[0;38:5:245mVerifying and repairing headers on device /dev/vda
Sep 15 15:34:29.276588 localhost kairos-immucore[654]: 
[0;90m
[0;38:5:245m
[0;1;31m
[0;90m
[0;38:5:245mGoing over the partition layout to create partitions on device /dev/vda
Sep 15 15:34:29.276609 localhost kairos-immucore[654]: 
[0;90m
[0;38:5:245m
[0;1;31m
[0;90m
[0;38:5:245mNo partitions to add, skipping
Sep 15 15:34:29.276620 localhost kairos-immucore[654]: 
[0;90m
[0;38:5:245m
[0;1;31m
[0;90m
[0;38:5:245mChecking for layout expansion on device /dev/vda
Sep 15 15:34:29.276635 localhost kairos-immucore[654]: 
[0;90m
[0;38:5:245m
[0;1;31m
[0;90m
[0;38:5:245mExtending last partition to max space
Sep 15 15:34:29.276674 localhost kairos-immucore[654]: 
[0;1;31m
[0;1;39m
[0;1;31mrequested size is less than or equal to current partition size (requested 4225761280 sectors, current 4225761280 sectors)
Sep 15 15:34:29.276685 localhost kairos-immucore[654]: 
[0;1;31m
[0;1;39m
[0;1;31mError on file /system/oem/00_rootfs.yaml on stage Grow persistent: requested size is less than or equal to current partition size (requested 4225761280 sectors, current 4225761280 sectors)
Sep 15 15:34:29.278440 localhost kairos-immucore[654]: Done executing stage 'rootfs.after'
Sep 15 15:34:29.278483 localhost kairos-immucore[654]: Running stage: rootfs.before
Sep 15 15:34:29.278673 localhost kairos-immucore[654]: Done executing stage 'rootfs.before'
Sep 15 15:34:29.278694 localhost kairos-immucore[654]: Running stage: rootfs
Sep 15 15:34:29.278761 localhost kairos-immucore[654]: Done executing stage 'rootfs'
Sep 15 15:34:29.278772 localhost kairos-immucore[654]: Running stage: rootfs.after
Sep 15 15:34:29.279264 localhost kairos-immucore[654]: Done executing stage 'rootfs.after'
Sep 15 15:34:29.280373 localhost kairos-immucore[654]: 
[0;90m
[0;38:5:245m
[0;1;31m
[0;90m
[0;38:5:245mNo extra env from /run/cos/extra-layout.env
Sep 15 15:34:29.280442 localhost kairos-immucore[654]: 
[0;90m
[0;38:5:245m
[0;1;31m
[0;90m
[0;38:5:245mMounting custom mounts
Sep 15 15:34:29.280458 localhost kairos-immucore[654]: 
[0;90m
[0;38:5:245m
[0;1;31m
[0;90m
[0;38:5:245mCustom mount start
Sep 15 15:34:29.282318 localhost kairos-immucore[654]: 
[0;90m
[0;38:5:245m
[0;1;31m
[0;90m
[0;38:5:245mCleaning for sysroot
Sep 15 15:34:29.283101 localhost kairos-immucore[654]: 
[0;90m
[0;38:5:245m
[0;1;31m
[0;90m
[0;38:5:245mmount ready
Sep 15 15:34:29.284285 localhost kairos-immucore[654]: 
[0;90m
[0;38:5:245m
[0;1;31m
[0;90m
[0;38:5:245mResolved label to concrete device path
Sep 15 15:34:29.284570 localhost kairos-immucore[654]: 
[0;90m
[0;38:5:245m
[0;1;31m
[0;90m
[0;38:5:245mGetting disk type for device
Sep 15 15:34:29.310670 localhost kairos-immucore[654]: 
[0;90m
[0;38:5:245m
[0;1;31m
[0;90m
[0;38:5:245mPartition FS type
Sep 15 15:34:30.311974 localhost kairos-immucore[654]: 
[0;90m
[0;38:5:245m
[0;1;31m
[0;90m
[0;38:5:245mCleaning for sysroot
Sep 15 15:34:30.312104 localhost kairos-immucore[654]: 
[0;90m
[0;38:5:245m
[0;1;31m
[0;90m
[0;38:5:245mfsck command
Sep 15 15:34:30.312150 localhost immucore[654]: 2026-09-15T15:34:30Z DBG Cleaning for sysroot new=/usr/local old=/sysroot/usr/local
Sep 15 15:34:30.312150 localhost immucore[654]: 2026-09-15T15:34:30Z DBG fsck command cmd="fsck /dev/vda2 -a"
Sep 15 15:34:30.328680 localhost kairos-immucore[654]: 
[0;90m
[0;38:5:245m
[0;1;31m
[0;90m
[0;38:5:245mmount ready
Sep 15 15:34:30.328908 localhost immucore[654]: 2026-09-15T15:34:30Z DBG mount ready options=["rw"] type=ext4 what=/dev/vda2 where=/sysroot/usr/local
Sep 15 15:34:30.368459 localhost kairos-immucore[654]: mount done
Sep 15 15:34:30.368930 localhost immucore[654]: 2026-09-15T15:34:30Z INF mount done options=["rw"] type=ext4 what=/dev/vda2 where=/sysroot/usr/local
Sep 15 15:34:30.368930 localhost immucore[654]: 2026-09-15T15:34:30Z DBG Custom mount done what=/dev/disk/by-label/COS_PERSISTENT where=/usr/local
Sep 15 15:34:30.368930 localhost immucore[654]: 2026-09-15T15:34:30Z WRN
Sep 15 15:34:30.368930 localhost immucore[654]: 2026-09-15T15:34:30Z DBG Mounting overlays dirs=["/var","/etc","/srv"]
Sep 15 15:34:30.368930 localhost immucore[654]: 2026-09-15T15:34:30Z DBG Overlay mount start what=/var
Sep 15 15:34:30.368930 localhost immucore[654]: 2026-09-15T15:34:30Z DBG Cleaning for sysroot new=/var old=/sysroot/var
Sep 15 15:34:30.368930 localhost immucore[654]: 2026-09-15T15:34:30Z DBG mount ready options=["lowerdir=/sysroot/var","upperdir=/run/overlay/var/.overlay/upper","workdir=/run/overlay/var/.overlay/work"] type=overlay what=overlay where=/sysroot/var
Sep 15 15:34:30.409281 localhost kernel: EXT4-fs (vda2): mounted filesystem cb7317fa-1d21-44fb-a87b-c8743ff349f9 r/w with ordered data mode. Quota mode: none.
Sep 15 15:34:30.368565 localhost kairos-immucore[654]: 
[0;90m
[0;38:5:245m
[0;1;31m
[0;90m
[0;38:5:245mCustom mount done
Sep 15 15:34:30.409334 localhost immucore[654]: 2026-09-15T15:34:30Z DBG Overlay mount done what=/var
Sep 15 15:34:30.409334 localhost immucore[654]: 2026-09-15T15:34:30Z DBG Overlay mount start what=/etc
Sep 15 15:34:30.409334 localhost immucore[654]: 2026-09-15T15:34:30Z DBG Cleaning for sysroot new=/etc old=/sysroot/etc
Sep 15 15:34:30.409334 localhost immucore[654]: 2026-09-15T15:34:30Z DBG mount ready options=["lowerdir=/sysroot/etc","upperdir=/run/overlay/etc/.overlay/upper","workdir=/run/overlay/etc/.overlay/work"] type=overlay what=overlay where=/sysroot/etc
Sep 15 15:34:30.409334 localhost immucore[654]: 2026-09-15T15:34:30Z DBG Overlay mount done what=/etc
Sep 15 15:34:30.409334 localhost immucore[654]: 2026-09-15T15:34:30Z DBG Overlay mount start what=/srv
Sep 15 15:34:30.409334 localhost immucore[654]: 2026-09-15T15:34:30Z DBG Cleaning for sysroot new=/srv old=/sysroot/srv
Sep 15 15:34:30.409334 localhost immucore[654]: 2026-09-15T15:34:30Z DBG mount ready options=["lowerdir=/sysroot/srv","upperdir=/run/overlay/srv/.overlay/upper","workdir=/run/overlay/srv/.overlay/work"] type=overlay what=overlay where=/sysroot/srv
Sep 15 15:34:30.409334 localhost immucore[654]: 2026-09-15T15:34:30Z DBG Overlay mount done what=/srv
Sep 15 15:34:30.409334 localhost immucore[654]: 2026-09-15T15:34:30Z DBG Mounting binds mounts=["/etc/cni","/etc/init.d","/etc/iscsi","/etc/k0s","/etc/kubernetes","/etc/modprobe.d","/etc/pwx","/etc/rancher","/etc/runlevels","/etc/ssh","/etc/ssl/certs","/etc/sysconfig","/etc/systemd","/etc/zfs","/home","/opt","/root","/usr/libexec","/var/cores","/var/lib/ca-certificates","/var/lib/cni","/var/lib/containerd","/var/lib/calico","/var/lib/dbus","/var/lib/etcd","/var/lib/extensions","/var/lib/confexts","/var/lib/k0s","/var/lib/kubelet","/var/lib/longhorn","/var/lib/osd","/var/lib/rancher","/var/lib/rook","/var/lib/tailscale","/var/lib/wicked","/var/lib/kairos","/var/log"]
Sep 15 15:34:30.409334 localhost immucore[654]: 2026-09-15T15:34:30Z DBG Bind mount start what=/home
Sep 15 15:34:30.409334 localhost immucore[654]: 2026-09-15T15:34:30Z DBG Bind mount what=/sysroot/usr/local/.state/home.bind where=/sysroot/home
Sep 15 15:34:30.409334 localhost immucore[654]: 2026-09-15T15:34:30Z DBG Cleaning for sysroot new=/home old=/home
Sep 15 15:34:30.368585 localhost kairos-immucore[654]: 
Sep 15 15:34:30.501649 localhost immucore[654]: 2026-09-15T15:34:30Z DBG Cleaning for sysroot new=/usr/local/.state/home.bind old=/sysroot/usr/local/.state/home.bind
Sep 15 15:34:30.501649 localhost immucore[654]: 2026-09-15T15:34:30Z DBG mount ready options=["bind"] type=overlay what=/sysroot/usr/local/.state/home.bind where=/sysroot/home
Sep 15 15:34:30.501649 localhost immucore[654]: 2026-09-15T15:34:30Z DBG Bind mount end what=/home
Sep 15 15:34:30.501649 localhost immucore[654]: 2026-09-15T15:34:30Z DBG Bind mount start what=/opt
Sep 15 15:34:30.501649 localhost immucore[654]: 2026-09-15T15:34:30Z DBG Bind mount what=/sysroot/usr/local/.state/opt.bind where=/sysroot/opt
Sep 15 15:34:30.501649 localhost immucore[654]: 2026-09-15T15:34:30Z DBG Cleaning for sysroot new=/opt old=/opt
Sep 15 15:34:30.501649 localhost immucore[654]: 2026-09-15T15:34:30Z DBG Cleaning for sysroot new=/usr/local/.state/opt.bind old=/sysroot/usr/local/.state/opt.bind
Sep 15 15:34:30.368646 localhost kairos-immucore[654]: 
[0;90m
[0;38:5:245m
[0;1;31m
[0;90m
[0;38:5:245mMounting overlays
Sep 15 15:34:30.542850 localhost immucore[654]: 2026-09-15T15:34:30Z DBG mount ready options=["bind"] type=overlay what=/sysroot/usr/local/.state/opt.bind where=/sysroot/opt
Sep 15 15:34:30.542850 localhost immucore[654]: 2026-09-15T15:34:30Z DBG Bind mount end what=/opt
Sep 15 15:34:30.542850 localhost immucore[654]: 2026-09-15T15:34:30Z DBG Bind mount start what=/root
Sep 15 15:34:30.542850 localhost immucore[654]: 2026-09-15T15:34:30Z DBG Bind mount what=/sysroot/usr/local/.state/root.bind where=/sysroot/root
Sep 15 15:34:30.542850 localhost immucore[654]: 2026-09-15T15:34:30Z DBG Cleaning for sysroot new=/root old=/root
Sep 15 15:34:30.542850 localhost immucore[654]: 2026-09-15T15:34:30Z DBG Cleaning for sysroot new=/usr/local/.state/root.bind old=/sysroot/usr/local/.state/root.bind
Sep 15 15:34:30.368660 localhost kairos-immucore[654]: 
[0;90m
[0;38:5:245m
[0;1;31m
[0;90m
[0;38:5:245mOverlay mount start
Sep 15 15:34:30.576569 localhost immucore[654]: 2026-09-15T15:34:30Z DBG mount ready options=["bind"] type=overlay what=/sysroot/usr/local/.state/root.bind where=/sysroot/root
Sep 15 15:34:30.576569 localhost immucore[654]: 2026-09-15T15:34:30Z DBG Bind mount end what=/root
Sep 15 15:34:30.576569 localhost immucore[654]: 2026-09-15T15:34:30Z DBG Bind mount start what=/etc/cni
Sep 15 15:34:30.576569 localhost immucore[654]: 2026-09-15T15:34:30Z DBG Bind mount what=/sysroot/usr/local/.state/etc-cni.bind where=/sysroot/etc/cni
Sep 15 15:34:30.576569 localhost immucore[654]: 2026-09-15T15:34:30Z DBG Cleaning for sysroot new=/etc/cni old=/etc/cni
Sep 15 15:34:30.576569 localhost immucore[654]: 2026-09-15T15:34:30Z DBG Cleaning for sysroot new=/usr/local/.state/etc-cni.bind old=/sysroot/usr/local/.state/etc-cni.bind
Sep 15 15:34:30.368702 localhost kairos-immucore[654]: 
[0;90m
[0;38:5:245m
[0;1;31m
[0;90m
[0;38:5:245mCleaning for sysroot
Sep 15 15:34:30.368751 localhost kairos-immucore[654]: 
[0;90m
[0;38:5:245m
[0;1;31m
[0;90m
[0;38:5:245mmount ready
Sep 15 15:34:30.370342 localhost kairos-immucore[654]: 
[0;90m
[0;38:5:245m
[0;1;31m
[0;90m
[0;38:5:245mOverlay mount done
Sep 15 15:34:30.370388 localhost kairos-immucore[654]: 
[0;90m
[0;38:5:245m
[0;1;31m
[0;90m
[0;38:5:245mOverlay mount start
Sep 15 15:34:30.370426 localhost kairos-immucore[654]: 
[0;90m
[0;38:5:245m
[0;1;31m
[0;90m
[0;38:5:245mCleaning for sysroot
Sep 15 15:34:30.370474 localhost kairos-immucore[654]: 
[0;90m
[0;38:5:245m
[0;1;31m
[0;90m
[0;38:5:245mmount ready
Sep 15 15:34:30.372590 localhost kairos-immucore[654]: 
[0;90m
[0;38:5:245m
[0;1;31m
[0;90m
[0;38:5:245mOverlay mount done
Sep 15 15:34:30.372612 localhost kairos-immucore[654]: 
[0;90m
[0;38:5:245m
[0;1;31m
[0;90m
[0;38:5:245mOverlay mount start
Sep 15 15:34:30.372646 localhost kairos-immucore[654]: 
[0;90m
[0;38:5:245m
[0;1;31m
[0;90m
[0;38:5:245mCleaning for sysroot
Sep 15 15:34:30.372705 localhost kairos-immucore[654]: 
[0;90m
[0;38:5:245m
[0;1;31m
[0;90m
[0;38:5:245mmount ready
Sep 15 15:34:30.373721 localhost kairos-immucore[654]: 
[0;90m
[0;38:5:245m
[0;1;31m
[0;90m
[0;38:5:245mOverlay mount done
Sep 15 15:34:30.377555 localhost kairos-immucore[654]: 
[0;90m
[0;38:5:245m
[0;1;31m
[0;90m
[0;38:5:245mMounting binds
Sep 15 15:34:30.377677 localhost kairos-immucore[654]: 
[0;90m
[0;38:5:245m
[0;1;31m
[0;90m
[0;38:5:245mBind mount start
Sep 15 15:34:30.377698 localhost kairos-immucore[654]: 
[0;90m
[0;38:5:245m
[0;1;31m
[0;90m
[0;38:5:245mBind mount
Sep 15 15:34:30.377873 localhost kairos-immucore[654]: 
[0;90m
[0;38:5:245m
[0;1;31m
[0;90m
[0;38:5:245mCleaning for sysroot
Sep 15 15:34:30.377917 localhost kairos-immucore[654]: 
[0;90m
[0;38:5:245m
[0;1;31m
[0;90m
[0;38:5:245mCleaning for sysroot
Sep 15 15:34:30.433040 localhost kairos-immucore[654]: 
[0;90m
[0;38:5:245m
[0;1;31m
[0;90m
[0;38:5:245mmount ready
Sep 15 15:34:30.466991 localhost kairos-immucore[654]: 
[0;90m
[0;38:5:245m
[0;1;31m
[0;90m
[0;38:5:245mBind mount end
Sep 15 15:34:30.467049 localhost kairos-immucore[654]: 
[0;90m
[0;38:5:245m
[0;1;31m
[0;90m
[0;38:5:245mBind mount start
Sep 15 15:34:30.467083 localhost kairos-immucore[654]: 
[0;90m
[0;38:5:245m
[0;1;31m
[0;90m
[0;38:5:245mBind mount
Sep 15 15:34:30.467131 localhost kairos-immucore[654]: 
[0;90m
[0;38:5:245m
[0;1;31m
[0;90m
[0;38:5:245mCleaning for sysroot
Sep 15 15:34:30.467154 localhost kairos-immucore[654]: 
[0;90m
[0;38:5:245m
[0;1;31m
[0;90m
[0;38:5:245mCleaning for sysroot
Sep 15 15:34:30.510783 localhost kairos-immucore[654]: 
[0;90m
[0;38:5:245m
[0;1;31m
[0;90m
[0;38:5:245mmount ready
Sep 15 15:34:30.518907 localhost kairos-immucore[654]: 
[0;90m
[0;38:5:245m
[0;1;31m
[0;90m
[0;38:5:245mBind mount end
Sep 15 15:34:30.519027 localhost kairos-immucore[654]: 
[0;90m
[0;38:5:245m
[0;1;31m
[0;90m
[0;38:5:245mBind mount start
Sep 15 15:34:30.519121 localhost kairos-immucore[654]: 
[0;90m
[0;38:5:245m
[0;1;31m
[0;90m
[0;38:5:245mBind mount
Sep 15 15:34:30.519273 localhost kairos-immucore[654]: 
[0;90m
[0;38:5:245m
[0;1;31m
[0;90m
[0;38:5:245mCleaning for sysroot
Sep 15 15:34:30.519428 localhost kairos-immucore[654]: 
[0;90m
[0;38:5:245m
[0;1;31m
[0;90m
[0;38:5:245mCleaning for sysroot
Sep 15 15:34:30.567955 localhost kairos-immucore[654]: 
[0;90m
[0;38:5:245m
[0;1;31m
[0;90m
[0;38:5:245mmount ready
Sep 15 15:34:30.575712 localhost kairos-immucore[654]: 
[0;90m
[0;38:5:245m
[0;1;31m
[0;90m
[0;38:5:245mBind mount end
Sep 15 15:34:30.575819 localhost kairos-immucore[654]: 
[0;90m
[0;38:5:245m
[0;1;31m
[0;90m
[0;38:5:245mBind mount start
Sep 15 15:34:30.575844 localhost kairos-immucore[654]: 
[0;90m
[0;38:5:245m
[0;1;31m
[0;90m
[0;38:5:245mBind mount
Sep 15 15:34:30.575958 localhost kairos-immucore[654]: 
[0;90m
[0;38:5:245m
[0;1;31m
[0;90m
[0;38:5:245mCleaning for sysroot
Sep 15 15:34:30.576134 localhost kairos-immucore[654]: 
[0;90m
[0;38:5:245m
[0;1;31m
[0;90m
[0;38:5:245mCleaning for sysroot
Sep 15 15:34:30.620856 localhost kairos-immucore[654]: 
[0;90m
[0;38:5:245m
[0;1;31m
[0;90m
[0;38:5:245mmount ready
Sep 15 15:34:30.620925 localhost immucore[654]: 2026-09-15T15:34:30Z DBG mount ready options=["bind"] type=overlay what=/sysroot/usr/local/.state/etc-cni.bind where=/sysroot/etc/cni
Sep 15 15:34:30.630392 localhost immucore[654]: 2026-09-15T15:34:30Z DBG Bind mount end what=/etc/cni
Sep 15 15:34:30.630392 localhost immucore[654]: 2026-09-15T15:34:30Z DBG Bind mount start what=/var/cores
Sep 15 15:34:30.630392 localhost immucore[654]: 2026-09-15T15:34:30Z DBG Bind mount what=/sysroot/usr/local/.state/var-cores.bind where=/sysroot/var/cores
Sep 15 15:34:30.630392 localhost immucore[654]: 2026-09-15T15:34:30Z DBG Cleaning for sysroot new=/var/cores old=/var/cores
Sep 15 15:34:30.630392 localhost immucore[654]: 2026-09-15T15:34:30Z DBG Cleaning for sysroot new=/usr/local/.state/var-cores.bind old=/sysroot/usr/local/.state/var-cores.bind
Sep 15 15:34:30.628826 localhost kairos-immucore[654]: 
[0;90m
[0;38:5:245m
[0;1;31m
[0;90m
[0;38:5:245mBind mount end
Sep 15 15:34:30.628893 localhost kairos-immucore[654]: 
[0;90m
[0;38:5:245m
[0;1;31m
[0;90m
[0;38:5:245mBind mount start
Sep 15 15:34:30.629009 localhost kairos-immucore[654]: 
[0;90m
[0;38:5:245m
[0;1;31m
[0;90m
[0;38:5:245mBind mount
Sep 15 15:34:30.629303 localhost kairos-immucore[654]: 
[0;90m
[0;38:5:245m
[0;1;31m
[0;90m
[0;38:5:245mCleaning for sysroot
Sep 15 15:34:30.629582 localhost kairos-immucore[654]: 
[0;90m
[0;38:5:245m
[0;1;31m
[0;90m
[0;38:5:245mCleaning for sysroot
Sep 15 15:34:30.699299 localhost kairos-immucore[654]: 
[0;90m
[0;38:5:245m
[0;1;31m
[0;90m
[0;38:5:245mmount ready
Sep 15 15:34:30.699554 localhost immucore[654]: 2026-09-15T15:34:30Z DBG mount ready options=["bind"] type=overlay what=/sysroot/usr/local/.state/var-cores.bind where=/sysroot/var/cores
Sep 15 15:34:30.707872 localhost immucore[654]: 2026-09-15T15:34:30Z DBG Bind mount end what=/var/cores
Sep 15 15:34:30.707872 localhost immucore[654]: 2026-09-15T15:34:30Z DBG Bind mount start what=/etc/init.d
Sep 15 15:34:30.707872 localhost immucore[654]: 2026-09-15T15:34:30Z DBG Bind mount what=/sysroot/usr/local/.state/etc-init.d.bind where=/sysroot/etc/init.d
Sep 15 15:34:30.707872 localhost immucore[654]: 2026-09-15T15:34:30Z DBG Cleaning for sysroot new=/etc/init.d old=/etc/init.d
Sep 15 15:34:30.707872 localhost immucore[654]: 2026-09-15T15:34:30Z DBG Cleaning for sysroot new=/usr/local/.state/etc-init.d.bind old=/sysroot/usr/local/.state/etc-init.d.bind
Sep 15 15:34:30.703690 localhost kairos-immucore[654]: 
[0;90m
[0;38:5:245m
[0;1;31m
[0;90m
[0;38:5:245mBind mount end
Sep 15 15:34:30.703721 localhost kairos-immucore[654]: 
[0;90m
[0;38:5:245m
[0;1;31m
[0;90m
[0;38:5:245mBind mount start
Sep 15 15:34:30.703744 localhost kairos-immucore[654]: 
[0;90m
[0;38:5:245m
[0;1;31m
[0;90m
[0;38:5:245mBind mount
Sep 15 15:34:30.703784 localhost kairos-immucore[654]: 
[0;90m
[0;38:5:245m
[0;1;31m
[0;90m
[0;38:5:245mCleaning for sysroot
Sep 15 15:34:30.703803 localhost kairos-immucore[654]: 
[0;90m
[0;38:5:245m
[0;1;31m
[0;90m
[0;38:5:245mCleaning for sysroot
Sep 15 15:34:30.747838 localhost kairos-immucore[654]: 
[0;90m
[0;38:5:245m
[0;1;31m
[0;90m
[0;38:5:245mmount ready
Sep 15 15:34:30.748272 localhost immucore[654]: 2026-09-15T15:34:30Z DBG mount ready options=["bind"] type=overlay what=/sysroot/usr/local/.state/etc-init.d.bind where=/sysroot/etc/init.d
Sep 15 15:34:30.760699 localhost kairos-immucore[654]: 
[0;90m
[0;38:5:245m
[0;1;31m
[0;90m
[0;38:5:245mBind mount end
Sep 15 15:34:30.760772 localhost kairos-immucore[654]: 
[0;90m
[0;38:5:245m
[0;1;31m
[0;90m
[0;38:5:245mBind mount start
Sep 15 15:34:30.760824 localhost immucore[654]: 2026-09-15T15:34:30Z DBG Bind mount end what=/etc/init.d
Sep 15 15:34:30.760824 localhost immucore[654]: 2026-09-15T15:34:30Z DBG Bind mount start what=/etc/iscsi
Sep 15 15:34:30.760824 localhost immucore[654]: 2026-09-15T15:34:30Z DBG Bind mount what=/sysroot/usr/local/.state/etc-iscsi.bind where=/sysroot/etc/iscsi
Sep 15 15:34:30.760791 localhost kairos-immucore[654]: 
[0;90m
[0;38:5:245m
[0;1;31m
[0;90m
[0;38:5:245mBind mount
Sep 15 15:34:30.774438 localhost immucore[654]: 2026-09-15T15:34:30Z DBG Cleaning for sysroot new=/etc/iscsi old=/etc/iscsi
Sep 15 15:34:30.774438 localhost immucore[654]: 2026-09-15T15:34:30Z DBG Cleaning for sysroot new=/usr/local/.state/etc-iscsi.bind old=/sysroot/usr/local/.state/etc-iscsi.bind
Sep 15 15:34:30.760836 localhost kairos-immucore[654]: 
[0;90m
[0;38:5:245m
[0;1;31m
[0;90m
[0;38:5:245mCleaning for sysroot
Sep 15 15:34:30.760854 localhost kairos-immucore[654]: 
[0;90m
[0;38:5:245m
[0;1;31m
[0;90m
[0;38:5:245mCleaning for sysroot
Sep 15 15:34:30.833672 localhost kairos-immucore[654]: 
[0;90m
[0;38:5:245m
[0;1;31m
[0;90m
[0;38:5:245mmount ready
Sep 15 15:34:30.833826 localhost immucore[654]: 2026-09-15T15:34:30Z DBG mount ready options=["bind"] type=overlay what=/sysroot/usr/local/.state/etc-iscsi.bind where=/sysroot/etc/iscsi
Sep 15 15:34:30.843116 localhost immucore[654]: 2026-09-15T15:34:30Z DBG Bind mount end what=/etc/iscsi
Sep 15 15:34:30.843116 localhost immucore[654]: 2026-09-15T15:34:30Z DBG Bind mount start what=/etc/k0s
Sep 15 15:34:30.843116 localhost immucore[654]: 2026-09-15T15:34:30Z DBG Bind mount what=/sysroot/usr/local/.state/etc-k0s.bind where=/sysroot/etc/k0s
Sep 15 15:34:30.843116 localhost immucore[654]: 2026-09-15T15:34:30Z DBG Cleaning for sysroot new=/etc/k0s old=/etc/k0s
Sep 15 15:34:30.843116 localhost immucore[654]: 2026-09-15T15:34:30Z DBG Cleaning for sysroot new=/usr/local/.state/etc-k0s.bind old=/sysroot/usr/local/.state/etc-k0s.bind
Sep 15 15:34:30.838379 localhost kairos-immucore[654]: 
[0;90m
[0;38:5:245m
[0;1;31m
[0;90m
[0;38:5:245mBind mount end
Sep 15 15:34:30.870808 localhost immucore[654]: 2026-09-15T15:34:30Z DBG mount ready options=["bind"] type=overlay what=/sysroot/usr/local/.state/etc-k0s.bind where=/sysroot/etc/k0s
Sep 15 15:34:30.870808 localhost immucore[654]: 2026-09-15T15:34:30Z DBG Bind mount end what=/etc/k0s
Sep 15 15:34:30.870808 localhost immucore[654]: 2026-09-15T15:34:30Z DBG Bind mount start what=/etc/kubernetes
Sep 15 15:34:30.870808 localhost immucore[654]: 2026-09-15T15:34:30Z DBG Bind mount what=/sysroot/usr/local/.state/etc-kubernetes.bind where=/sysroot/etc/kubernetes
Sep 15 15:34:30.870808 localhost immucore[654]: 2026-09-15T15:34:30Z DBG Cleaning for sysroot new=/etc/kubernetes old=/etc/kubernetes
Sep 15 15:34:30.870808 localhost immucore[654]: 2026-09-15T15:34:30Z DBG Cleaning for sysroot new=/usr/local/.state/etc-kubernetes.bind old=/sysroot/usr/local/.state/etc-kubernetes.bind
Sep 15 15:34:30.838614 localhost kairos-immucore[654]: 
[0;90m
[0;38:5:245m
[0;1;31m
[0;90m
[0;38:5:245mBind mount start
Sep 15 15:34:30.838641 localhost kairos-immucore[654]: 
[0;90m
[0;38:5:245m
[0;1;31m
[0;90m
[0;38:5:245mBind mount
Sep 15 15:34:30.838690 localhost kairos-immucore[654]: 
[0;90m
[0;38:5:245m
[0;1;31m
[0;90m
[0;38:5:245mCleaning for sysroot
Sep 15 15:34:30.838719 localhost kairos-immucore[654]: 
[0;90m
[0;38:5:245m
[0;1;31m
[0;90m
[0;38:5:245mCleaning for sysroot
Sep 15 15:34:30.864463 localhost kairos-immucore[654]: 
[0;90m
[0;38:5:245m
[0;1;31m
[0;90m
[0;38:5:245mmount ready
Sep 15 15:34:30.868656 localhost kairos-immucore[654]: 
[0;90m
[0;38:5:245m
[0;1;31m
[0;90m
[0;38:5:245mBind mount end
Sep 15 15:34:30.868692 localhost kairos-immucore[654]: 
[0;90m
[0;38:5:245m
[0;1;31m
[0;90m
[0;38:5:245mBind mount start
Sep 15 15:34:30.868712 localhost kairos-immucore[654]: 
[0;90m
[0;38:5:245m
[0;1;31m
[0;90m
[0;38:5:245mBind mount
Sep 15 15:34:30.868755 localhost kairos-immucore[654]: 
[0;90m
[0;38:5:245m
[0;1;31m
[0;90m
[0;38:5:245mCleaning for sysroot
Sep 15 15:34:30.868778 localhost kairos-immucore[654]: 
[0;90m
[0;38:5:245m
[0;1;31m
[0;90m
[0;38:5:245mCleaning for sysroot
Sep 15 15:34:30.912291 localhost kairos-immucore[654]: 
[0;90m
[0;38:5:245m
[0;1;31m
[0;90m
[0;38:5:245mmount ready
Sep 15 15:34:30.912464 localhost immucore[654]: 2026-09-15T15:34:30Z DBG mount ready options=["bind"] type=overlay what=/sysroot/usr/local/.state/etc-kubernetes.bind where=/sysroot/etc/kubernetes
Sep 15 15:34:30.922939 localhost kairos-immucore[654]: 
[0;90m
[0;38:5:245m
[0;1;31m
[0;90m
[0;38:5:245mBind mount end
Sep 15 15:34:30.923111 localhost immucore[654]: 2026-09-15T15:34:30Z DBG Bind mount end what=/etc/kubernetes
Sep 15 15:34:30.923111 localhost immucore[654]: 2026-09-15T15:34:30Z DBG Bind mount start what=/usr/libexec
Sep 15 15:34:30.923111 localhost immucore[654]: 2026-09-15T15:34:30Z DBG Bind mount what=/sysroot/usr/local/.state/usr-libexec.bind where=/sysroot/usr/libexec
Sep 15 15:34:30.923111 localhost immucore[654]: 2026-09-15T15:34:30Z DBG Cleaning for sysroot new=/usr/libexec old=/usr/libexec
Sep 15 15:34:30.923111 localhost immucore[654]: 2026-09-15T15:34:30Z DBG Cleaning for sysroot new=/usr/local/.state/usr-libexec.bind old=/sysroot/usr/local/.state/usr-libexec.bind
Sep 15 15:34:30.923015 localhost kairos-immucore[654]: 
[0;90m
[0;38:5:245m
[0;1;31m
[0;90m
[0;38:5:245mBind mount start
Sep 15 15:34:30.923038 localhost kairos-immucore[654]: 
[0;90m
[0;38:5:245m
[0;1;31m
[0;90m
[0;38:5:245mBind mount
Sep 15 15:34:30.923087 localhost kairos-immucore[654]: 
[0;90m
[0;38:5:245m
[0;1;31m
[0;90m
[0;38:5:245mCleaning for sysroot
Sep 15 15:34:30.923104 localhost kairos-immucore[654]: 
[0;90m
[0;38:5:245m
[0;1;31m
[0;90m
[0;38:5:245mCleaning for sysroot
Sep 15 15:34:31.001449 localhost kairos-immucore[654]: 
[0;90m
[0;38:5:245m
[0;1;31m
[0;90m
[0;38:5:245mmount ready
Sep 15 15:34:31.001655 localhost immucore[654]: 2026-09-15T15:34:31Z DBG mount ready options=["bind"] type=overlay what=/sysroot/usr/local/.state/usr-libexec.bind where=/sysroot/usr/libexec
Sep 15 15:34:31.015094 localhost kairos-immucore[654]: 
[0;90m
[0;38:5:245m
[0;1;31m
[0;90m
[0;38:5:245mBind mount end
Sep 15 15:34:31.015191 localhost kairos-immucore[654]: 
[0;90m
[0;38:5:245m
[0;1;31m
[0;90m
[0;38:5:245mBind mount start
Sep 15 15:34:31.015297 localhost immucore[654]: 2026-09-15T15:34:31Z DBG Bind mount end what=/usr/libexec
Sep 15 15:34:31.015297 localhost immucore[654]: 2026-09-15T15:34:31Z DBG Bind mount start what=/var/log
Sep 15 15:34:31.015297 localhost immucore[654]: 2026-09-15T15:34:31Z DBG Bind mount what=/sysroot/usr/local/.state/var-log.bind where=/sysroot/var/log
Sep 15 15:34:31.015244 localhost kairos-immucore[654]: 
[0;90m
[0;38:5:245m
[0;1;31m
[0;90m
[0;38:5:245mBind mount
Sep 15 15:34:31.028967 localhost immucore[654]: 2026-09-15T15:34:31Z DBG Cleaning for sysroot new=/var/log old=/var/log
Sep 15 15:34:31.028967 localhost immucore[654]: 2026-09-15T15:34:31Z DBG Cleaning for sysroot new=/usr/local/.state/var-log.bind old=/sysroot/usr/local/.state/var-log.bind
Sep 15 15:34:31.015321 localhost kairos-immucore[654]: 
[0;90m
[0;38:5:245m
[0;1;31m
[0;90m
[0;38:5:245mCleaning for sysroot
Sep 15 15:34:31.015357 localhost kairos-immucore[654]: 
[0;90m
[0;38:5:245m
[0;1;31m
[0;90m
[0;38:5:245mCleaning for sysroot
Sep 15 15:34:31.060398 localhost kairos-immucore[654]: 
[0;90m
[0;38:5:245m
[0;1;31m
[0;90m
[0;38:5:245mmount ready
Sep 15 15:34:31.060579 localhost immucore[654]: 2026-09-15T15:34:31Z DBG mount ready options=["bind"] type=overlay what=/sysroot/usr/local/.state/var-log.bind where=/sysroot/var/log
Sep 15 15:34:31.073977 localhost kairos-immucore[654]: 
[0;90m
[0;38:5:245m
[0;1;31m
[0;90m
[0;38:5:245mBind mount end
Sep 15 15:34:31.074133 localhost immucore[654]: 2026-09-15T15:34:31Z DBG Bind mount end what=/var/log
Sep 15 15:34:31.074133 localhost immucore[654]: 2026-09-15T15:34:31Z DBG Bind mount start what=/etc/modprobe.d
Sep 15 15:34:31.074133 localhost immucore[654]: 2026-09-15T15:34:31Z DBG Bind mount what=/sysroot/usr/local/.state/etc-modprobe.d.bind where=/sysroot/etc/modprobe.d
Sep 15 15:34:31.074133 localhost immucore[654]: 2026-09-15T15:34:31Z DBG Cleaning for sysroot new=/etc/modprobe.d old=/etc/modprobe.d
Sep 15 15:34:31.074053 localhost kairos-immucore[654]: 
[0;90m
[0;38:5:245m
[0;1;31m
[0;90m
[0;38:5:245mBind mount start
Sep 15 15:34:31.094627 localhost immucore[654]: 2026-09-15T15:34:31Z DBG Cleaning for sysroot new=/usr/local/.state/etc-modprobe.d.bind old=/sysroot/usr/local/.state/etc-modprobe.d.bind
Sep 15 15:34:31.074073 localhost kairos-immucore[654]: 
[0;90m
[0;38:5:245m
[0;1;31m
[0;90m
[0;38:5:245mBind mount
Sep 15 15:34:31.074114 localhost kairos-immucore[654]: 
[0;90m
[0;38:5:245m
[0;1;31m
[0;90m
[0;38:5:245mCleaning for sysroot
Sep 15 15:34:31.074133 localhost kairos-immucore[654]: 
[0;90m
[0;38:5:245m
[0;1;31m
[0;90m
[0;38:5:245mCleaning for sysroot
Sep 15 15:34:31.117283 localhost kairos-immucore[654]: 
[0;90m
[0;38:5:245m
[0;1;31m
[0;90m
[0;38:5:245mmount ready
Sep 15 15:34:31.117443 localhost immucore[654]: 2026-09-15T15:34:31Z DBG mount ready options=["bind"] type=overlay what=/sysroot/usr/local/.state/etc-modprobe.d.bind where=/sysroot/etc/modprobe.d
Sep 15 15:34:31.128620 localhost kairos-immucore[654]: 
[0;90m
[0;38:5:245m
[0;1;31m
[0;90m
[0;38:5:245mBind mount end
Sep 15 15:34:31.128681 localhost kairos-immucore[654]: 
[0;90m
[0;38:5:245m
[0;1;31m
[0;90m
[0;38:5:245mBind mount start
Sep 15 15:34:31.128757 localhost immucore[654]: 2026-09-15T15:34:31Z DBG Bind mount end what=/etc/modprobe.d
Sep 15 15:34:31.128757 localhost immucore[654]: 2026-09-15T15:34:31Z DBG Bind mount start what=/etc/pwx
Sep 15 15:34:31.128757 localhost immucore[654]: 2026-09-15T15:34:31Z DBG Bind mount what=/sysroot/usr/local/.state/etc-pwx.bind where=/sysroot/etc/pwx
Sep 15 15:34:31.128704 localhost kairos-immucore[654]: 
[0;90m
[0;38:5:245m
[0;1;31m
[0;90m
[0;38:5:245mBind mount
Sep 15 15:34:31.141873 localhost immucore[654]: 2026-09-15T15:34:31Z DBG Cleaning for sysroot new=/etc/pwx old=/etc/pwx
Sep 15 15:34:31.141873 localhost immucore[654]: 2026-09-15T15:34:31Z DBG Cleaning for sysroot new=/usr/local/.state/etc-pwx.bind old=/sysroot/usr/local/.state/etc-pwx.bind
Sep 15 15:34:31.128751 localhost kairos-immucore[654]: 
[0;90m
[0;38:5:245m
[0;1;31m
[0;90m
[0;38:5:245mCleaning for sysroot
Sep 15 15:34:31.128769 localhost kairos-immucore[654]: 
[0;90m
[0;38:5:245m
[0;1;31m
[0;90m
[0;38:5:245mCleaning for sysroot
Sep 15 15:34:31.196203 localhost kairos-immucore[654]: 
[0;90m
[0;38:5:245m
[0;1;31m
[0;90m
[0;38:5:245mmount ready
Sep 15 15:34:31.196375 localhost immucore[654]: 2026-09-15T15:34:31Z DBG mount ready options=["bind"] type=overlay what=/sysroot/usr/local/.state/etc-pwx.bind where=/sysroot/etc/pwx
Sep 15 15:34:31.204391 localhost immucore[654]: 2026-09-15T15:34:31Z DBG Bind mount end what=/etc/pwx
Sep 15 15:34:31.204391 localhost immucore[654]: 2026-09-15T15:34:31Z DBG Bind mount start what=/etc/rancher
Sep 15 15:34:31.204391 localhost immucore[654]: 2026-09-15T15:34:31Z DBG Bind mount what=/sysroot/usr/local/.state/etc-rancher.bind where=/sysroot/etc/rancher
Sep 15 15:34:31.204391 localhost immucore[654]: 2026-09-15T15:34:31Z DBG Cleaning for sysroot new=/etc/rancher old=/etc/rancher
Sep 15 15:34:31.204391 localhost immucore[654]: 2026-09-15T15:34:31Z DBG Cleaning for sysroot new=/usr/local/.state/etc-rancher.bind old=/sysroot/usr/local/.state/etc-rancher.bind
Sep 15 15:34:31.201386 localhost kairos-immucore[654]: 
[0;90m
[0;38:5:245m
[0;1;31m
[0;90m
[0;38:5:245mBind mount end
Sep 15 15:34:31.201423 localhost kairos-immucore[654]: 
[0;90m
[0;38:5:245m
[0;1;31m
[0;90m
[0;38:5:245mBind mount start
Sep 15 15:34:31.201440 localhost kairos-immucore[654]: 
[0;90m
[0;38:5:245m
[0;1;31m
[0;90m
[0;38:5:245mBind mount
Sep 15 15:34:31.201555 localhost kairos-immucore[654]: 
[0;90m
[0;38:5:245m
[0;1;31m
[0;90m
[0;38:5:245mCleaning for sysroot
Sep 15 15:34:31.201593 localhost kairos-immucore[654]: 
[0;90m
[0;38:5:245m
[0;1;31m
[0;90m
[0;38:5:245mCleaning for sysroot
Sep 15 15:34:31.245203 localhost kairos-immucore[654]: 
[0;90m
[0;38:5:245m
[0;1;31m
[0;90m
[0;38:5:245mmount ready
Sep 15 15:34:31.245340 localhost immucore[654]: 2026-09-15T15:34:31Z DBG mount ready options=["bind"] type=overlay what=/sysroot/usr/local/.state/etc-rancher.bind where=/sysroot/etc/rancher
Sep 15 15:34:31.253252 localhost immucore[654]: 2026-09-15T15:34:31Z DBG Bind mount end what=/etc/rancher
Sep 15 15:34:31.253252 localhost immucore[654]: 2026-09-15T15:34:31Z DBG Bind mount start what=/etc/runlevels
Sep 15 15:34:31.253252 localhost immucore[654]: 2026-09-15T15:34:31Z DBG Bind mount what=/sysroot/usr/local/.state/etc-runlevels.bind where=/sysroot/etc/runlevels
Sep 15 15:34:31.253252 localhost immucore[654]: 2026-09-15T15:34:31Z DBG Cleaning for sysroot new=/etc/runlevels old=/etc/runlevels
Sep 15 15:34:31.253252 localhost immucore[654]: 2026-09-15T15:34:31Z DBG Cleaning for sysroot new=/usr/local/.state/etc-runlevels.bind old=/sysroot/usr/local/.state/etc-runlevels.bind
Sep 15 15:34:31.249552 localhost kairos-immucore[654]: 
[0;90m
[0;38:5:245m
[0;1;31m
[0;90m
[0;38:5:245mBind mount end
Sep 15 15:34:31.249597 localhost kairos-immucore[654]: 
[0;90m
[0;38:5:245m
[0;1;31m
[0;90m
[0;38:5:245mBind mount start
Sep 15 15:34:31.249615 localhost kairos-immucore[654]: 
[0;90m
[0;38:5:245m
[0;1;31m
[0;90m
[0;38:5:245mBind mount
Sep 15 15:34:31.249651 localhost kairos-immucore[654]: 
[0;90m
[0;38:5:245m
[0;1;31m
[0;90m
[0;38:5:245mCleaning for sysroot
Sep 15 15:34:31.249673 localhost kairos-immucore[654]: 
[0;90m
[0;38:5:245m
[0;1;31m
[0;90m
[0;38:5:245mCleaning for sysroot
Sep 15 15:34:31.292826 localhost kairos-immucore[654]: 
[0;90m
[0;38:5:245m
[0;1;31m
[0;90m
[0;38:5:245mmount ready
Sep 15 15:34:31.292921 localhost immucore[654]: 2026-09-15T15:34:31Z DBG mount ready options=["bind"] type=overlay what=/sysroot/usr/local/.state/etc-runlevels.bind where=/sysroot/etc/runlevels
Sep 15 15:34:31.302885 localhost kairos-immucore[654]: 
[0;90m
[0;38:5:245m
[0;1;31m
[0;90m
[0;38:5:245mBind mount end
Sep 15 15:34:31.302943 localhost kairos-immucore[654]: 
[0;90m
[0;38:5:245m
[0;1;31m
[0;90m
[0;38:5:245mBind mount start
Sep 15 15:34:31.303048 localhost immucore[654]: 2026-09-15T15:34:31Z DBG Bind mount end what=/etc/runlevels
Sep 15 15:34:31.303048 localhost immucore[654]: 2026-09-15T15:34:31Z DBG Bind mount start what=/etc/ssh
Sep 15 15:34:31.303048 localhost immucore[654]: 2026-09-15T15:34:31Z DBG Bind mount what=/sysroot/usr/local/.state/etc-ssh.bind where=/sysroot/etc/ssh
Sep 15 15:34:31.303048 localhost immucore[654]: 2026-09-15T15:34:31Z DBG Cleaning for sysroot new=/etc/ssh old=/etc/ssh
Sep 15 15:34:31.303048 localhost immucore[654]: 2026-09-15T15:34:31Z DBG Cleaning for sysroot new=/usr/local/.state/etc-ssh.bind old=/sysroot/usr/local/.state/etc-ssh.bind
Sep 15 15:34:31.302961 localhost kairos-immucore[654]: 
[0;90m
[0;38:5:245m
[0;1;31m
[0;90m
[0;38:5:245mBind mount
Sep 15 15:34:31.303015 localhost kairos-immucore[654]: 
[0;90m
[0;38:5:245m
[0;1;31m
[0;90m
[0;38:5:245mCleaning for sysroot
Sep 15 15:34:31.303041 localhost kairos-immucore[654]: 
[0;90m
[0;38:5:245m
[0;1;31m
[0;90m
[0;38:5:245mCleaning for sysroot
Sep 15 15:34:31.370904 localhost kairos-immucore[654]: 
[0;90m
[0;38:5:245m
[0;1;31m
[0;90m
[0;38:5:245mmount ready
Sep 15 15:34:31.371092 localhost immucore[654]: 2026-09-15T15:34:31Z DBG mount ready options=["bind"] type=overlay what=/sysroot/usr/local/.state/etc-ssh.bind where=/sysroot/etc/ssh
Sep 15 15:34:31.383112 localhost kairos-immucore[654]: 
[0;90m
[0;38:5:245m
[0;1;31m
[0;90m
[0;38:5:245mBind mount end
Sep 15 15:34:31.383430 localhost immucore[654]: 2026-09-15T15:34:31Z DBG Bind mount end what=/etc/ssh
Sep 15 15:34:31.383430 localhost immucore[654]: 2026-09-15T15:34:31Z DBG Bind mount start what=/etc/sysconfig
Sep 15 15:34:31.383430 localhost immucore[654]: 2026-09-15T15:34:31Z DBG Bind mount what=/sysroot/usr/local/.state/etc-sysconfig.bind where=/sysroot/etc/sysconfig
Sep 15 15:34:31.383430 localhost immucore[654]: 2026-09-15T15:34:31Z DBG Cleaning for sysroot new=/etc/sysconfig old=/etc/sysconfig
Sep 15 15:34:31.383430 localhost immucore[654]: 2026-09-15T15:34:31Z DBG Cleaning for sysroot new=/usr/local/.state/etc-sysconfig.bind old=/sysroot/usr/local/.state/etc-sysconfig.bind
Sep 15 15:34:31.383199 localhost kairos-immucore[654]: 
[0;90m
[0;38:5:245m
[0;1;31m
[0;90m
[0;38:5:245mBind mount start
Sep 15 15:34:31.383223 localhost kairos-immucore[654]: 
[0;90m
[0;38:5:245m
[0;1;31m
[0;90m
[0;38:5:245mBind mount
Sep 15 15:34:31.383265 localhost kairos-immucore[654]: 
[0;90m
[0;38:5:245m
[0;1;31m
[0;90m
[0;38:5:245mCleaning for sysroot
Sep 15 15:34:31.383284 localhost kairos-immucore[654]: 
[0;90m
[0;38:5:245m
[0;1;31m
[0;90m
[0;38:5:245mCleaning for sysroot
Sep 15 15:34:31.449350 localhost kairos-immucore[654]: 
[0;90m
[0;38:5:245m
[0;1;31m
[0;90m
[0;38:5:245mmount ready
Sep 15 15:34:31.449856 localhost immucore[654]: 2026-09-15T15:34:31Z DBG mount ready options=["bind"] type=overlay what=/sysroot/usr/local/.state/etc-sysconfig.bind where=/sysroot/etc/sysconfig
Sep 15 15:34:31.460798 localhost kairos-immucore[654]: 
[0;90m
[0;38:5:245m
[0;1;31m
[0;90m
[0;38:5:245mBind mount end
Sep 15 15:34:31.460851 localhost kairos-immucore[654]: 
[0;90m
[0;38:5:245m
[0;1;31m
[0;90m
[0;38:5:245mBind mount start
Sep 15 15:34:31.461005 localhost immucore[654]: 2026-09-15T15:34:31Z DBG Bind mount end what=/etc/sysconfig
Sep 15 15:34:31.461005 localhost immucore[654]: 2026-09-15T15:34:31Z DBG Bind mount start what=/etc/systemd
Sep 15 15:34:31.461005 localhost immucore[654]: 2026-09-15T15:34:31Z DBG Bind mount what=/sysroot/usr/local/.state/etc-systemd.bind where=/sysroot/etc/systemd
Sep 15 15:34:31.461005 localhost immucore[654]: 2026-09-15T15:34:31Z DBG Cleaning for sysroot new=/etc/systemd old=/etc/systemd
Sep 15 15:34:31.461005 localhost immucore[654]: 2026-09-15T15:34:31Z DBG Cleaning for sysroot new=/usr/local/.state/etc-systemd.bind old=/sysroot/usr/local/.state/etc-systemd.bind
Sep 15 15:34:31.460872 localhost kairos-immucore[654]: 
[0;90m
[0;38:5:245m
[0;1;31m
[0;90m
[0;38:5:245mBind mount
Sep 15 15:34:31.460920 localhost kairos-immucore[654]: 
[0;90m
[0;38:5:245m
[0;1;31m
[0;90m
[0;38:5:245mCleaning for sysroot
Sep 15 15:34:31.460941 localhost kairos-immucore[654]: 
[0;90m
[0;38:5:245m
[0;1;31m
[0;90m
[0;38:5:245mCleaning for sysroot
Sep 15 15:34:31.536010 localhost kairos-immucore[654]: 
[0;90m
[0;38:5:245m
[0;1;31m
[0;90m
[0;38:5:245mmount ready
Sep 15 15:34:31.536194 localhost immucore[654]: 2026-09-15T15:34:31Z DBG mount ready options=["bind"] type=overlay what=/sysroot/usr/local/.state/etc-systemd.bind where=/sysroot/etc/systemd
Sep 15 15:34:31.548153 localhost kairos-immucore[654]: 
[0;90m
[0;38:5:245m
[0;1;31m
[0;90m
[0;38:5:245mBind mount end
Sep 15 15:34:31.548232 localhost kairos-immucore[654]: 
[0;90m
[0;38:5:245m
[0;1;31m
[0;90m
[0;38:5:245mBind mount start
Sep 15 15:34:31.548276 localhost immucore[654]: 2026-09-15T15:34:31Z DBG Bind mount end what=/etc/systemd
Sep 15 15:34:31.548276 localhost immucore[654]: 2026-09-15T15:34:31Z DBG Bind mount start what=/etc/zfs
Sep 15 15:34:31.548276 localhost immucore[654]: 2026-09-15T15:34:31Z DBG Bind mount what=/sysroot/usr/local/.state/etc-zfs.bind where=/sysroot/etc/zfs
Sep 15 15:34:31.548253 localhost kairos-immucore[654]: 
[0;90m
[0;38:5:245m
[0;1;31m
[0;90m
[0;38:5:245mBind mount
Sep 15 15:34:31.561755 localhost immucore[654]: 2026-09-15T15:34:31Z DBG Cleaning for sysroot new=/etc/zfs old=/etc/zfs
Sep 15 15:34:31.561755 localhost immucore[654]: 2026-09-15T15:34:31Z DBG Cleaning for sysroot new=/usr/local/.state/etc-zfs.bind old=/sysroot/usr/local/.state/etc-zfs.bind
Sep 15 15:34:31.548295 localhost kairos-immucore[654]: 
[0;90m
[0;38:5:245m
[0;1;31m
[0;90m
[0;38:5:245mCleaning for sysroot
Sep 15 15:34:31.548368 localhost kairos-immucore[654]: 
[0;90m
[0;38:5:245m
[0;1;31m
[0;90m
[0;38:5:245mCleaning for sysroot
Sep 15 15:34:31.591546 localhost kairos-immucore[654]: 
[0;90m
[0;38:5:245m
[0;1;31m
[0;90m
[0;38:5:245mmount ready
Sep 15 15:34:31.591789 localhost immucore[654]: 2026-09-15T15:34:31Z DBG mount ready options=["bind"] type=overlay what=/sysroot/usr/local/.state/etc-zfs.bind where=/sysroot/etc/zfs
Sep 15 15:34:31.600379 localhost kairos-immucore[654]: 
[0;90m
[0;38:5:245m
[0;1;31m
[0;90m
[0;38:5:245mBind mount end
Sep 15 15:34:31.600441 localhost kairos-immucore[654]: 
[0;90m
[0;38:5:245m
[0;1;31m
[0;90m
[0;38:5:245mBind mount start
Sep 15 15:34:31.600477 localhost immucore[654]: 2026-09-15T15:34:31Z DBG Bind mount end what=/etc/zfs
Sep 15 15:34:31.600477 localhost immucore[654]: 2026-09-15T15:34:31Z DBG Bind mount start what=/var/lib/ca-certificates
Sep 15 15:34:31.600477 localhost immucore[654]: 2026-09-15T15:34:31Z DBG Bind mount what=/sysroot/usr/local/.state/var-lib-ca-certificates.bind where=/sysroot/var/lib/ca-certificates
Sep 15 15:34:31.600464 localhost kairos-immucore[654]: 
[0;90m
[0;38:5:245m
[0;1;31m
[0;90m
[0;38:5:245mBind mount
Sep 15 15:34:31.614634 localhost immucore[654]: 2026-09-15T15:34:31Z DBG Cleaning for sysroot new=/var/lib/ca-certificates old=/var/lib/ca-certificates
Sep 15 15:34:31.600557 localhost kairos-immucore[654]: 
[0;90m
[0;38:5:245m
[0;1;31m
[0;90m
[0;38:5:245mCleaning for sysroot
Sep 15 15:34:31.620101 localhost immucore[654]: 2026-09-15T15:34:31Z DBG Cleaning for sysroot new=/usr/local/.state/var-lib-ca-certificates.bind old=/sysroot/usr/local/.state/var-lib-ca-certificates.bind
Sep 15 15:34:31.614651 localhost kairos-immucore[654]: 
[0;90m
[0;38:5:245m
[0;1;31m
[0;90m
[0;38:5:245mCleaning for sysroot
Sep 15 15:34:31.670015 localhost kairos-immucore[654]: 
[0;90m
[0;38:5:245m
[0;1;31m
[0;90m
[0;38:5:245mmount ready
Sep 15 15:34:31.670214 localhost immucore[654]: 2026-09-15T15:34:31Z DBG mount ready options=["bind"] type=overlay what=/sysroot/usr/local/.state/var-lib-ca-certificates.bind where=/sysroot/var/lib/ca-certificates
Sep 15 15:34:31.679250 localhost immucore[654]: 2026-09-15T15:34:31Z DBG Bind mount end what=/var/lib/ca-certificates
Sep 15 15:34:31.679250 localhost immucore[654]: 2026-09-15T15:34:31Z DBG Bind mount start what=/var/lib/calico
Sep 15 15:34:31.679250 localhost immucore[654]: 2026-09-15T15:34:31Z DBG Bind mount what=/sysroot/usr/local/.state/var-lib-calico.bind where=/sysroot/var/lib/calico
Sep 15 15:34:31.679250 localhost immucore[654]: 2026-09-15T15:34:31Z DBG Cleaning for sysroot new=/var/lib/calico old=/var/lib/calico
Sep 15 15:34:31.679250 localhost immucore[654]: 2026-09-15T15:34:31Z DBG Cleaning for sysroot new=/usr/local/.state/var-lib-calico.bind old=/sysroot/usr/local/.state/var-lib-calico.bind
Sep 15 15:34:31.676576 localhost kairos-immucore[654]: 
[0;90m
[0;38:5:245m
[0;1;31m
[0;90m
[0;38:5:245mBind mount end
Sep 15 15:34:31.676618 localhost kairos-immucore[654]: 
[0;90m
[0;38:5:245m
[0;1;31m
[0;90m
[0;38:5:245mBind mount start
Sep 15 15:34:31.676640 localhost kairos-immucore[654]: 
[0;90m
[0;38:5:245m
[0;1;31m
[0;90m
[0;38:5:245mBind mount
Sep 15 15:34:31.676691 localhost kairos-immucore[654]: 
[0;90m
[0;38:5:245m
[0;1;31m
[0;90m
[0;38:5:245mCleaning for sysroot
Sep 15 15:34:31.676709 localhost kairos-immucore[654]: 
[0;90m
[0;38:5:245m
[0;1;31m
[0;90m
[0;38:5:245mCleaning for sysroot
Sep 15 15:34:31.719919 localhost kairos-immucore[654]: 
[0;90m
[0;38:5:245m
[0;1;31m
[0;90m
[0;38:5:245mmount ready
Sep 15 15:34:31.720004 localhost immucore[654]: 2026-09-15T15:34:31Z DBG mount ready options=["bind"] type=overlay what=/sysroot/usr/local/.state/var-lib-calico.bind where=/sysroot/var/lib/calico
Sep 15 15:34:31.727764 localhost immucore[654]: 2026-09-15T15:34:31Z DBG Bind mount end what=/var/lib/calico
Sep 15 15:34:31.727764 localhost immucore[654]: 2026-09-15T15:34:31Z DBG Bind mount start what=/etc/ssl/certs
Sep 15 15:34:31.727764 localhost immucore[654]: 2026-09-15T15:34:31Z DBG Bind mount what=/sysroot/usr/local/.state/etc-ssl-certs.bind where=/sysroot/etc/ssl/certs
Sep 15 15:34:31.727764 localhost immucore[654]: 2026-09-15T15:34:31Z DBG Cleaning for sysroot new=/etc/ssl/certs old=/etc/ssl/certs
Sep 15 15:34:31.727764 localhost immucore[654]: 2026-09-15T15:34:31Z DBG Cleaning for sysroot new=/usr/local/.state/etc-ssl-certs.bind old=/sysroot/usr/local/.state/etc-ssl-certs.bind
Sep 15 15:34:31.725296 localhost kairos-immucore[654]: 
[0;90m
[0;38:5:245m
[0;1;31m
[0;90m
[0;38:5:245mBind mount end
Sep 15 15:34:31.725332 localhost kairos-immucore[654]: 
[0;90m
[0;38:5:245m
[0;1;31m
[0;90m
[0;38:5:245mBind mount start
Sep 15 15:34:31.725349 localhost kairos-immucore[654]: 
[0;90m
[0;38:5:245m
[0;1;31m
[0;90m
[0;38:5:245mBind mount
Sep 15 15:34:31.725394 localhost kairos-immucore[654]: 
[0;90m
[0;38:5:245m
[0;1;31m
[0;90m
[0;38:5:245mCleaning for sysroot
Sep 15 15:34:31.725414 localhost kairos-immucore[654]: 
[0;90m
[0;38:5:245m
[0;1;31m
[0;90m
[0;38:5:245mCleaning for sysroot
Sep 15 15:34:31.769436 localhost kairos-immucore[654]: 
[0;90m
[0;38:5:245m
[0;1;31m
[0;90m
[0;38:5:245mmount ready
Sep 15 15:34:31.769598 localhost immucore[654]: 2026-09-15T15:34:31Z DBG mount ready options=["bind"] type=overlay what=/sysroot/usr/local/.state/etc-ssl-certs.bind where=/sysroot/etc/ssl/certs
Sep 15 15:34:31.781722 localhost kairos-immucore[654]: 
[0;90m
[0;38:5:245m
[0;1;31m
[0;90m
[0;38:5:245mBind mount end
Sep 15 15:34:31.781993 localhost immucore[654]: 2026-09-15T15:34:31Z DBG Bind mount end what=/etc/ssl/certs
Sep 15 15:34:31.781993 localhost immucore[654]: 2026-09-15T15:34:31Z DBG Bind mount start what=/var/lib/cni
Sep 15 15:34:31.781993 localhost immucore[654]: 2026-09-15T15:34:31Z DBG Bind mount what=/sysroot/usr/local/.state/var-lib-cni.bind where=/sysroot/var/lib/cni
Sep 15 15:34:31.781993 localhost immucore[654]: 2026-09-15T15:34:31Z DBG Cleaning for sysroot new=/var/lib/cni old=/var/lib/cni
Sep 15 15:34:31.781993 localhost immucore[654]: 2026-09-15T15:34:31Z DBG Cleaning for sysroot new=/usr/local/.state/var-lib-cni.bind old=/sysroot/usr/local/.state/var-lib-cni.bind
Sep 15 15:34:31.781799 localhost kairos-immucore[654]: 
[0;90m
[0;38:5:245m
[0;1;31m
[0;90m
[0;38:5:245mBind mount start
Sep 15 15:34:31.781851 localhost kairos-immucore[654]: 
[0;90m
[0;38:5:245m
[0;1;31m
[0;90m
[0;38:5:245mBind mount
Sep 15 15:34:31.781919 localhost kairos-immucore[654]: 
[0;90m
[0;38:5:245m
[0;1;31m
[0;90m
[0;38:5:245mCleaning for sysroot
Sep 15 15:34:31.781943 localhost kairos-immucore[654]: 
[0;90m
[0;38:5:245m
[0;1;31m
[0;90m
[0;38:5:245mCleaning for sysroot
Sep 15 15:34:31.824862 localhost kairos-immucore[654]: 
[0;90m
[0;38:5:245m
[0;1;31m
[0;90m
[0;38:5:245mmount ready
Sep 15 15:34:31.825375 localhost immucore[654]: 2026-09-15T15:34:31Z DBG mount ready options=["bind"] type=overlay what=/sysroot/usr/local/.state/var-lib-cni.bind where=/sysroot/var/lib/cni
Sep 15 15:34:31.833981 localhost kairos-immucore[654]: 
[0;90m
[0;38:5:245m
[0;1;31m
[0;90m
[0;38:5:245mBind mount end
Sep 15 15:34:31.834049 localhost kairos-immucore[654]: 
[0;90m
[0;38:5:245m
[0;1;31m
[0;90m
[0;38:5:245mBind mount start
Sep 15 15:34:31.834106 localhost immucore[654]: 2026-09-15T15:34:31Z DBG Bind mount end what=/var/lib/cni
Sep 15 15:34:31.834106 localhost immucore[654]: 2026-09-15T15:34:31Z DBG Bind mount start what=/var/lib/confexts
Sep 15 15:34:31.834106 localhost immucore[654]: 2026-09-15T15:34:31Z DBG Bind mount what=/sysroot/usr/local/.state/var-lib-confexts.bind where=/sysroot/var/lib/confexts
Sep 15 15:34:31.834068 localhost kairos-immucore[654]: 
[0;90m
[0;38:5:245m
[0;1;31m
[0;90m
[0;38:5:245mBind mount
Sep 15 15:34:31.847879 localhost immucore[654]: 2026-09-15T15:34:31Z DBG Cleaning for sysroot new=/var/lib/confexts old=/var/lib/confexts
Sep 15 15:34:31.847879 localhost immucore[654]: 2026-09-15T15:34:31Z DBG Cleaning for sysroot new=/usr/local/.state/var-lib-confexts.bind old=/sysroot/usr/local/.state/var-lib-confexts.bind
Sep 15 15:34:31.834114 localhost kairos-immucore[654]: 
[0;90m
[0;38:5:245m
[0;1;31m
[0;90m
[0;38:5:245mCleaning for sysroot
Sep 15 15:34:31.834184 localhost kairos-immucore[654]: 
[0;90m
[0;38:5:245m
[0;1;31m
[0;90m
[0;38:5:245mCleaning for sysroot
Sep 15 15:34:31.879552 localhost kairos-immucore[654]: 
[0;90m
[0;38:5:245m
[0;1;31m
[0;90m
[0;38:5:245mmount ready
Sep 15 15:34:31.879825 localhost immucore[654]: 2026-09-15T15:34:31Z DBG mount ready options=["bind"] type=overlay what=/sysroot/usr/local/.state/var-lib-confexts.bind where=/sysroot/var/lib/confexts
Sep 15 15:34:31.888270 localhost immucore[654]: 2026-09-15T15:34:31Z DBG Bind mount end what=/var/lib/confexts
Sep 15 15:34:31.888270 localhost immucore[654]: 2026-09-15T15:34:31Z DBG Bind mount start what=/var/lib/containerd
Sep 15 15:34:31.888270 localhost immucore[654]: 2026-09-15T15:34:31Z DBG Bind mount what=/sysroot/usr/local/.state/var-lib-containerd.bind where=/sysroot/var/lib/containerd
Sep 15 15:34:31.888270 localhost immucore[654]: 2026-09-15T15:34:31Z DBG Cleaning for sysroot new=/var/lib/containerd old=/var/lib/containerd
Sep 15 15:34:31.888270 localhost immucore[654]: 2026-09-15T15:34:31Z DBG Cleaning for sysroot new=/usr/local/.state/var-lib-containerd.bind old=/sysroot/usr/local/.state/var-lib-containerd.bind
Sep 15 15:34:31.884059 localhost kairos-immucore[654]: 
[0;90m
[0;38:5:245m
[0;1;31m
[0;90m
[0;38:5:245mBind mount end
Sep 15 15:34:31.915410 localhost immucore[654]: 2026-09-15T15:34:31Z DBG mount ready options=["bind"] type=overlay what=/sysroot/usr/local/.state/var-lib-containerd.bind where=/sysroot/var/lib/containerd
Sep 15 15:34:31.915410 localhost immucore[654]: 2026-09-15T15:34:31Z DBG Bind mount end what=/var/lib/containerd
Sep 15 15:34:31.915410 localhost immucore[654]: 2026-09-15T15:34:31Z DBG Bind mount start what=/var/lib/dbus
Sep 15 15:34:31.915410 localhost immucore[654]: 2026-09-15T15:34:31Z DBG Bind mount what=/sysroot/usr/local/.state/var-lib-dbus.bind where=/sysroot/var/lib/dbus
Sep 15 15:34:31.915410 localhost immucore[654]: 2026-09-15T15:34:31Z DBG Cleaning for sysroot new=/var/lib/dbus old=/var/lib/dbus
Sep 15 15:34:31.915410 localhost immucore[654]: 2026-09-15T15:34:31Z DBG Cleaning for sysroot new=/usr/local/.state/var-lib-dbus.bind old=/sysroot/usr/local/.state/var-lib-dbus.bind
Sep 15 15:34:31.884095 localhost kairos-immucore[654]: 
[0;90m
[0;38:5:245m
[0;1;31m
[0;90m
[0;38:5:245mBind mount start
Sep 15 15:34:31.884111 localhost kairos-immucore[654]: 
[0;90m
[0;38:5:245m
[0;1;31m
[0;90m
[0;38:5:245mBind mount
Sep 15 15:34:31.884211 localhost kairos-immucore[654]: 
[0;90m
[0;38:5:245m
[0;1;31m
[0;90m
[0;38:5:245mCleaning for sysroot
Sep 15 15:34:31.884233 localhost kairos-immucore[654]: 
[0;90m
[0;38:5:245m
[0;1;31m
[0;90m
[0;38:5:245mCleaning for sysroot
Sep 15 15:34:31.908229 localhost kairos-immucore[654]: 
[0;90m
[0;38:5:245m
[0;1;31m
[0;90m
[0;38:5:245mmount ready
Sep 15 15:34:31.911372 localhost kairos-immucore[654]: 
[0;90m
[0;38:5:245m
[0;1;31m
[0;90m
[0;38:5:245mBind mount end
Sep 15 15:34:31.911450 localhost kairos-immucore[654]: 
[0;90m
[0;38:5:245m
[0;1;31m
[0;90m
[0;38:5:245mBind mount start
Sep 15 15:34:31.911475 localhost kairos-immucore[654]: 
[0;90m
[0;38:5:245m
[0;1;31m
[0;90m
[0;38:5:245mBind mount
Sep 15 15:34:31.911581 localhost kairos-immucore[654]: 
[0;90m
[0;38:5:245m
[0;1;31m
[0;90m
[0;38:5:245mCleaning for sysroot
Sep 15 15:34:31.911683 localhost kairos-immucore[654]: 
[0;90m
[0;38:5:245m
[0;1;31m
[0;90m
[0;38:5:245mCleaning for sysroot
Sep 15 15:34:31.955226 localhost kairos-immucore[654]: 
[0;90m
[0;38:5:245m
[0;1;31m
[0;90m
[0;38:5:245mmount ready
Sep 15 15:34:31.955441 localhost immucore[654]: 2026-09-15T15:34:31Z DBG mount ready options=["bind"] type=overlay what=/sysroot/usr/local/.state/var-lib-dbus.bind where=/sysroot/var/lib/dbus
Sep 15 15:34:31.963053 localhost immucore[654]: 2026-09-15T15:34:31Z DBG Bind mount end what=/var/lib/dbus
Sep 15 15:34:31.963053 localhost immucore[654]: 2026-09-15T15:34:31Z DBG Bind mount start what=/var/lib/etcd
Sep 15 15:34:31.963053 localhost immucore[654]: 2026-09-15T15:34:31Z DBG Bind mount what=/sysroot/usr/local/.state/var-lib-etcd.bind where=/sysroot/var/lib/etcd
Sep 15 15:34:31.963053 localhost immucore[654]: 2026-09-15T15:34:31Z DBG Cleaning for sysroot new=/var/lib/etcd old=/var/lib/etcd
Sep 15 15:34:31.963053 localhost immucore[654]: 2026-09-15T15:34:31Z DBG Cleaning for sysroot new=/usr/local/.state/var-lib-etcd.bind old=/sysroot/usr/local/.state/var-lib-etcd.bind
Sep 15 15:34:31.960429 localhost kairos-immucore[654]: 
[0;90m
[0;38:5:245m
[0;1;31m
[0;90m
[0;38:5:245mBind mount end
Sep 15 15:34:31.960530 localhost kairos-immucore[654]: 
[0;90m
[0;38:5:245m
[0;1;31m
[0;90m
[0;38:5:245mBind mount start
Sep 15 15:34:31.960589 localhost kairos-immucore[654]: 
[0;90m
[0;38:5:245m
[0;1;31m
[0;90m
[0;38:5:245mBind mount
Sep 15 15:34:31.960704 localhost kairos-immucore[654]: 
[0;90m
[0;38:5:245m
[0;1;31m
[0;90m
[0;38:5:245mCleaning for sysroot
Sep 15 15:34:31.960813 localhost kairos-immucore[654]: 
[0;90m
[0;38:5:245m
[0;1;31m
[0;90m
[0;38:5:245mCleaning for sysroot
Sep 15 15:34:32.004163 localhost kairos-immucore[654]: 
[0;90m
[0;38:5:245m
[0;1;31m
[0;90m
[0;38:5:245mmount ready
Sep 15 15:34:32.004664 localhost immucore[654]: 2026-09-15T15:34:32Z DBG mount ready options=["bind"] type=overlay what=/sysroot/usr/local/.state/var-lib-etcd.bind where=/sysroot/var/lib/etcd
Sep 15 15:34:32.012426 localhost kairos-immucore[654]: 
[0;90m
[0;38:5:245m
[0;1;31m
[0;90m
[0;38:5:245mBind mount end
Sep 15 15:34:32.012545 localhost kairos-immucore[654]: 
[0;90m
[0;38:5:245m
[0;1;31m
[0;90m
[0;38:5:245mBind mount start
Sep 15 15:34:32.012660 localhost immucore[654]: 2026-09-15T15:34:32Z DBG Bind mount end what=/var/lib/etcd
Sep 15 15:34:32.012660 localhost immucore[654]: 2026-09-15T15:34:32Z DBG Bind mount start what=/var/lib/extensions
Sep 15 15:34:32.012660 localhost immucore[654]: 2026-09-15T15:34:32Z DBG Bind mount what=/sysroot/usr/local/.state/var-lib-extensions.bind where=/sysroot/var/lib/extensions
Sep 15 15:34:32.012660 localhost immucore[654]: 2026-09-15T15:34:32Z DBG Cleaning for sysroot new=/var/lib/extensions old=/var/lib/extensions
Sep 15 15:34:32.012660 localhost immucore[654]: 2026-09-15T15:34:32Z DBG Cleaning for sysroot new=/usr/local/.state/var-lib-extensions.bind old=/sysroot/usr/local/.state/var-lib-extensions.bind
Sep 15 15:34:32.012579 localhost kairos-immucore[654]: 
[0;90m
[0;38:5:245m
[0;1;31m
[0;90m
[0;38:5:245mBind mount
Sep 15 15:34:32.012629 localhost kairos-immucore[654]: 
[0;90m
[0;38:5:245m
[0;1;31m
[0;90m
[0;38:5:245mCleaning for sysroot
Sep 15 15:34:32.012652 localhost kairos-immucore[654]: 
[0;90m
[0;38:5:245m
[0;1;31m
[0;90m
[0;38:5:245mCleaning for sysroot
Sep 15 15:34:32.081263 localhost kairos-immucore[654]: 
[0;90m
[0;38:5:245m
[0;1;31m
[0;90m
[0;38:5:245mmount ready
Sep 15 15:34:32.081471 localhost immucore[654]: 2026-09-15T15:34:32Z DBG mount ready options=["bind"] type=overlay what=/sysroot/usr/local/.state/var-lib-extensions.bind where=/sysroot/var/lib/extensions
Sep 15 15:34:32.089880 localhost immucore[654]: 2026-09-15T15:34:32Z DBG Bind mount end what=/var/lib/extensions
Sep 15 15:34:32.089880 localhost immucore[654]: 2026-09-15T15:34:32Z DBG Bind mount start what=/var/lib/k0s
Sep 15 15:34:32.089880 localhost immucore[654]: 2026-09-15T15:34:32Z DBG Bind mount what=/sysroot/usr/local/.state/var-lib-k0s.bind where=/sysroot/var/lib/k0s
Sep 15 15:34:32.089880 localhost immucore[654]: 2026-09-15T15:34:32Z DBG Cleaning for sysroot new=/var/lib/k0s old=/var/lib/k0s
Sep 15 15:34:32.089880 localhost immucore[654]: 2026-09-15T15:34:32Z DBG Cleaning for sysroot new=/usr/local/.state/var-lib-k0s.bind old=/sysroot/usr/local/.state/var-lib-k0s.bind
Sep 15 15:34:32.086564 localhost kairos-immucore[654]: 
[0;90m
[0;38:5:245m
[0;1;31m
[0;90m
[0;38:5:245mBind mount end
Sep 15 15:34:32.086601 localhost kairos-immucore[654]: 
[0;90m
[0;38:5:245m
[0;1;31m
[0;90m
[0;38:5:245mBind mount start
Sep 15 15:34:32.086619 localhost kairos-immucore[654]: 
[0;90m
[0;38:5:245m
[0;1;31m
[0;90m
[0;38:5:245mBind mount
Sep 15 15:34:32.086664 localhost kairos-immucore[654]: 
[0;90m
[0;38:5:245m
[0;1;31m
[0;90m
[0;38:5:245mCleaning for sysroot
Sep 15 15:34:32.086683 localhost kairos-immucore[654]: 
[0;90m
[0;38:5:245m
[0;1;31m
[0;90m
[0;38:5:245mCleaning for sysroot
Sep 15 15:34:32.143100 localhost kairos-immucore[654]: 
[0;90m
[0;38:5:245m
[0;1;31m
[0;90m
[0;38:5:245mmount ready
Sep 15 15:34:32.143631 localhost immucore[654]: 2026-09-15T15:34:32Z DBG mount ready options=["bind"] type=overlay what=/sysroot/usr/local/.state/var-lib-k0s.bind where=/sysroot/var/lib/k0s
Sep 15 15:34:32.151283 localhost kairos-immucore[654]: 
[0;90m
[0;38:5:245m
[0;1;31m
[0;90m
[0;38:5:245mBind mount end
Sep 15 15:34:32.151345 localhost kairos-immucore[654]: 
[0;90m
[0;38:5:245m
[0;1;31m
[0;90m
[0;38:5:245mBind mount start
Sep 15 15:34:32.151478 localhost immucore[654]: 2026-09-15T15:34:32Z DBG Bind mount end what=/var/lib/k0s
Sep 15 15:34:32.151478 localhost immucore[654]: 2026-09-15T15:34:32Z DBG Bind mount start what=/var/lib/kairos
Sep 15 15:34:32.151478 localhost immucore[654]: 2026-09-15T15:34:32Z DBG Bind mount what=/sysroot/usr/local/.state/var-lib-kairos.bind where=/sysroot/var/lib/kairos
Sep 15 15:34:32.151478 localhost immucore[654]: 2026-09-15T15:34:32Z DBG Cleaning for sysroot new=/var/lib/kairos old=/var/lib/kairos
Sep 15 15:34:32.151478 localhost immucore[654]: 2026-09-15T15:34:32Z DBG Cleaning for sysroot new=/usr/local/.state/var-lib-kairos.bind old=/sysroot/usr/local/.state/var-lib-kairos.bind
Sep 15 15:34:32.151366 localhost kairos-immucore[654]: 
[0;90m
[0;38:5:245m
[0;1;31m
[0;90m
[0;38:5:245mBind mount
Sep 15 15:34:32.151412 localhost kairos-immucore[654]: 
[0;90m
[0;38:5:245m
[0;1;31m
[0;90m
[0;38:5:245mCleaning for sysroot
Sep 15 15:34:32.151437 localhost kairos-immucore[654]: 
[0;90m
[0;38:5:245m
[0;1;31m
[0;90m
[0;38:5:245mCleaning for sysroot
Sep 15 15:34:32.193893 localhost kairos-immucore[654]: 
[0;90m
[0;38:5:245m
[0;1;31m
[0;90m
[0;38:5:245mmount ready
Sep 15 15:34:32.194018 localhost immucore[654]: 2026-09-15T15:34:32Z DBG mount ready options=["bind"] type=overlay what=/sysroot/usr/local/.state/var-lib-kairos.bind where=/sysroot/var/lib/kairos
Sep 15 15:34:32.204093 localhost kairos-immucore[654]: 
[0;90m
[0;38:5:245m
[0;1;31m
[0;90m
[0;38:5:245mBind mount end
Sep 15 15:34:32.204201 localhost kairos-immucore[654]: 
[0;90m
[0;38:5:245m
[0;1;31m
[0;90m
[0;38:5:245mBind mount start
Sep 15 15:34:32.204221 localhost immucore[654]: 2026-09-15T15:34:32Z DBG Bind mount end what=/var/lib/kairos
Sep 15 15:34:32.204221 localhost immucore[654]: 2026-09-15T15:34:32Z DBG Bind mount start what=/var/lib/kubelet
Sep 15 15:34:32.204219 localhost kairos-immucore[654]: 
[0;90m
[0;38:5:245m
[0;1;31m
[0;90m
[0;38:5:245mBind mount
Sep 15 15:34:32.211574 localhost immucore[654]: 2026-09-15T15:34:32Z DBG Bind mount what=/sysroot/usr/local/.state/var-lib-kubelet.bind where=/sysroot/var/lib/kubelet
Sep 15 15:34:32.211574 localhost immucore[654]: 2026-09-15T15:34:32Z DBG Cleaning for sysroot new=/var/lib/kubelet old=/var/lib/kubelet
Sep 15 15:34:32.211574 localhost immucore[654]: 2026-09-15T15:34:32Z DBG Cleaning for sysroot new=/usr/local/.state/var-lib-kubelet.bind old=/sysroot/usr/local/.state/var-lib-kubelet.bind
Sep 15 15:34:32.204265 localhost kairos-immucore[654]: 
[0;90m
[0;38:5:245m
[0;1;31m
[0;90m
[0;38:5:245mCleaning for sysroot
Sep 15 15:34:32.204284 localhost kairos-immucore[654]: 
[0;90m
[0;38:5:245m
[0;1;31m
[0;90m
[0;38:5:245mCleaning for sysroot
Sep 15 15:34:32.271179 localhost kairos-immucore[654]: 
[0;90m
[0;38:5:245m
[0;1;31m
[0;90m
[0;38:5:245mmount ready
Sep 15 15:34:32.271345 localhost immucore[654]: 2026-09-15T15:34:32Z DBG mount ready options=["bind"] type=overlay what=/sysroot/usr/local/.state/var-lib-kubelet.bind where=/sysroot/var/lib/kubelet
Sep 15 15:34:32.281633 localhost kairos-immucore[654]: 
[0;90m
[0;38:5:245m
[0;1;31m
[0;90m
[0;38:5:245mBind mount end
Sep 15 15:34:32.281876 localhost immucore[654]: 2026-09-15T15:34:32Z DBG Bind mount end what=/var/lib/kubelet
Sep 15 15:34:32.281876 localhost immucore[654]: 2026-09-15T15:34:32Z DBG Bind mount start what=/var/lib/longhorn
Sep 15 15:34:32.281876 localhost immucore[654]: 2026-09-15T15:34:32Z DBG Bind mount what=/sysroot/usr/local/.state/var-lib-longhorn.bind where=/sysroot/var/lib/longhorn
Sep 15 15:34:32.281876 localhost immucore[654]: 2026-09-15T15:34:32Z DBG Cleaning for sysroot new=/var/lib/longhorn old=/var/lib/longhorn
Sep 15 15:34:32.281876 localhost immucore[654]: 2026-09-15T15:34:32Z DBG Cleaning for sysroot new=/usr/local/.state/var-lib-longhorn.bind old=/sysroot/usr/local/.state/var-lib-longhorn.bind
Sep 15 15:34:32.281700 localhost kairos-immucore[654]: 
[0;90m
[0;38:5:245m
[0;1;31m
[0;90m
[0;38:5:245mBind mount start
Sep 15 15:34:32.281734 localhost kairos-immucore[654]: 
[0;90m
[0;38:5:245m
[0;1;31m
[0;90m
[0;38:5:245mBind mount
Sep 15 15:34:32.281795 localhost kairos-immucore[654]: 
[0;90m
[0;38:5:245m
[0;1;31m
[0;90m
[0;38:5:245mCleaning for sysroot
Sep 15 15:34:32.281813 localhost kairos-immucore[654]: 
[0;90m
[0;38:5:245m
[0;1;31m
[0;90m
[0;38:5:245mCleaning for sysroot
Sep 15 15:34:32.324803 localhost kairos-immucore[654]: 
[0;90m
[0;38:5:245m
[0;1;31m
[0;90m
[0;38:5:245mmount ready
Sep 15 15:34:32.324988 localhost immucore[654]: 2026-09-15T15:34:32Z DBG mount ready options=["bind"] type=overlay what=/sysroot/usr/local/.state/var-lib-longhorn.bind where=/sysroot/var/lib/longhorn
Sep 15 15:34:32.334614 localhost kairos-immucore[654]: 
[0;90m
[0;38:5:245m
[0;1;31m
[0;90m
[0;38:5:245mBind mount end
Sep 15 15:34:32.334690 localhost kairos-immucore[654]: 
[0;90m
[0;38:5:245m
[0;1;31m
[0;90m
[0;38:5:245mBind mount start
Sep 15 15:34:32.334731 localhost immucore[654]: 2026-09-15T15:34:32Z DBG Bind mount end what=/var/lib/longhorn
Sep 15 15:34:32.334731 localhost immucore[654]: 2026-09-15T15:34:32Z DBG Bind mount start what=/var/lib/osd
Sep 15 15:34:32.334731 localhost immucore[654]: 2026-09-15T15:34:32Z DBG Bind mount what=/sysroot/usr/local/.state/var-lib-osd.bind where=/sysroot/var/lib/osd
Sep 15 15:34:32.334709 localhost kairos-immucore[654]: 
[0;90m
[0;38:5:245m
[0;1;31m
[0;90m
[0;38:5:245mBind mount
Sep 15 15:34:32.347811 localhost kairos-immucore[654]: 
[0;90m
[0;38:5:245m
[0;1;31m
[0;90m
[0;38:5:245mCleaning for sysroot
Sep 15 15:34:32.348033 localhost immucore[654]: 2026-09-15T15:34:32Z DBG Cleaning for sysroot new=/var/lib/osd old=/var/lib/osd
Sep 15 15:34:32.348033 localhost immucore[654]: 2026-09-15T15:34:32Z DBG Cleaning for sysroot new=/usr/local/.state/var-lib-osd.bind old=/sysroot/usr/local/.state/var-lib-osd.bind
Sep 15 15:34:32.347903 localhost kairos-immucore[654]: 
[0;90m
[0;38:5:245m
[0;1;31m
[0;90m
[0;38:5:245mCleaning for sysroot
Sep 15 15:34:32.390720 localhost kairos-immucore[654]: 
[0;90m
[0;38:5:245m
[0;1;31m
[0;90m
[0;38:5:245mmount ready
Sep 15 15:34:32.390865 localhost immucore[654]: 2026-09-15T15:34:32Z DBG mount ready options=["bind"] type=overlay what=/sysroot/usr/local/.state/var-lib-osd.bind where=/sysroot/var/lib/osd
Sep 15 15:34:32.401064 localhost kairos-immucore[654]: 
[0;90m
[0;38:5:245m
[0;1;31m
[0;90m
[0;38:5:245mBind mount end
Sep 15 15:34:32.401239 localhost immucore[654]: 2026-09-15T15:34:32Z DBG Bind mount end what=/var/lib/osd
Sep 15 15:34:32.401239 localhost immucore[654]: 2026-09-15T15:34:32Z DBG Bind mount start what=/var/lib/rancher
Sep 15 15:34:32.401239 localhost immucore[654]: 2026-09-15T15:34:32Z DBG Bind mount what=/sysroot/usr/local/.state/var-lib-rancher.bind where=/sysroot/var/lib/rancher
Sep 15 15:34:32.401158 localhost kairos-immucore[654]: 
[0;90m
[0;38:5:245m
[0;1;31m
[0;90m
[0;38:5:245mBind mount start
Sep 15 15:34:32.414667 localhost immucore[654]: 2026-09-15T15:34:32Z DBG Cleaning for sysroot new=/var/lib/rancher old=/var/lib/rancher
Sep 15 15:34:32.414667 localhost immucore[654]: 2026-09-15T15:34:32Z DBG Cleaning for sysroot new=/usr/local/.state/var-lib-rancher.bind old=/sysroot/usr/local/.state/var-lib-rancher.bind
Sep 15 15:34:32.401191 localhost kairos-immucore[654]: 
[0;90m
[0;38:5:245m
[0;1;31m
[0;90m
[0;38:5:245mBind mount
Sep 15 15:34:32.401243 localhost kairos-immucore[654]: 
[0;90m
[0;38:5:245m
[0;1;31m
[0;90m
[0;38:5:245mCleaning for sysroot
Sep 15 15:34:32.401263 localhost kairos-immucore[654]: 
[0;90m
[0;38:5:245m
[0;1;31m
[0;90m
[0;38:5:245mCleaning for sysroot
Sep 15 15:34:32.444194 localhost kairos-immucore[654]: 
[0;90m
[0;38:5:245m
[0;1;31m
[0;90m
[0;38:5:245mmount ready
Sep 15 15:34:32.444457 localhost immucore[654]: 2026-09-15T15:34:32Z DBG mount ready options=["bind"] type=overlay what=/sysroot/usr/local/.state/var-lib-rancher.bind where=/sysroot/var/lib/rancher
Sep 15 15:34:32.454789 localhost kairos-immucore[654]: 
[0;90m
[0;38:5:245m
[0;1;31m
[0;90m
[0;38:5:245mBind mount end
Sep 15 15:34:32.455566 localhost immucore[654]: 2026-09-15T15:34:32Z DBG Bind mount end what=/var/lib/rancher
Sep 15 15:34:32.455566 localhost immucore[654]: 2026-09-15T15:34:32Z DBG Bind mount start what=/var/lib/rook
Sep 15 15:34:32.455566 localhost immucore[654]: 2026-09-15T15:34:32Z DBG Bind mount what=/sysroot/usr/local/.state/var-lib-rook.bind where=/sysroot/var/lib/rook
Sep 15 15:34:32.455566 localhost immucore[654]: 2026-09-15T15:34:32Z DBG Cleaning for sysroot new=/var/lib/rook old=/var/lib/rook
Sep 15 15:34:32.455566 localhost immucore[654]: 2026-09-15T15:34:32Z DBG Cleaning for sysroot new=/usr/local/.state/var-lib-rook.bind old=/sysroot/usr/local/.state/var-lib-rook.bind
Sep 15 15:34:32.454854 localhost kairos-immucore[654]: 
[0;90m
[0;38:5:245m
[0;1;31m
[0;90m
[0;38:5:245mBind mount start
Sep 15 15:34:32.454871 localhost kairos-immucore[654]: 
[0;90m
[0;38:5:245m
[0;1;31m
[0;90m
[0;38:5:245mBind mount
Sep 15 15:34:32.454927 localhost kairos-immucore[654]: 
[0;90m
[0;38:5:245m
[0;1;31m
[0;90m
[0;38:5:245mCleaning for sysroot
Sep 15 15:34:32.454970 localhost kairos-immucore[654]: 
[0;90m
[0;38:5:245m
[0;1;31m
[0;90m
[0;38:5:245mCleaning for sysroot
Sep 15 15:34:32.498202 localhost kairos-immucore[654]: 
[0;90m
[0;38:5:245m
[0;1;31m
[0;90m
[0;38:5:245mmount ready
Sep 15 15:34:32.498349 localhost immucore[654]: 2026-09-15T15:34:32Z DBG mount ready options=["bind"] type=overlay what=/sysroot/usr/local/.state/var-lib-rook.bind where=/sysroot/var/lib/rook
Sep 15 15:34:32.506592 localhost immucore[654]: 2026-09-15T15:34:32Z DBG Bind mount end what=/var/lib/rook
Sep 15 15:34:32.506592 localhost immucore[654]: 2026-09-15T15:34:32Z DBG Bind mount start what=/var/lib/tailscale
Sep 15 15:34:32.506592 localhost immucore[654]: 2026-09-15T15:34:32Z DBG Bind mount what=/sysroot/usr/local/.state/var-lib-tailscale.bind where=/sysroot/var/lib/tailscale
Sep 15 15:34:32.506592 localhost immucore[654]: 2026-09-15T15:34:32Z DBG Cleaning for sysroot new=/var/lib/tailscale old=/var/lib/tailscale
Sep 15 15:34:32.506592 localhost immucore[654]: 2026-09-15T15:34:32Z DBG Cleaning for sysroot new=/usr/local/.state/var-lib-tailscale.bind old=/sysroot/usr/local/.state/var-lib-tailscale.bind
Sep 15 15:34:32.502572 localhost kairos-immucore[654]: 
[0;90m
[0;38:5:245m
[0;1;31m
[0;90m
[0;38:5:245mBind mount end
Sep 15 15:34:32.502701 localhost kairos-immucore[654]: 
[0;90m
[0;38:5:245m
[0;1;31m
[0;90m
[0;38:5:245mBind mount start
Sep 15 15:34:32.502788 localhost kairos-immucore[654]: 
[0;90m
[0;38:5:245m
[0;1;31m
[0;90m
[0;38:5:245mBind mount
Sep 15 15:34:32.502927 localhost kairos-immucore[654]: 
[0;90m
[0;38:5:245m
[0;1;31m
[0;90m
[0;38:5:245mCleaning for sysroot
Sep 15 15:34:32.503055 localhost kairos-immucore[654]: 
[0;90m
[0;38:5:245m
[0;1;31m
[0;90m
[0;38:5:245mCleaning for sysroot
Sep 15 15:34:32.548584 localhost kairos-immucore[654]: 
[0;90m
[0;38:5:245m
[0;1;31m
[0;90m
[0;38:5:245mmount ready
Sep 15 15:34:32.548726 localhost immucore[654]: 2026-09-15T15:34:32Z DBG mount ready options=["bind"] type=overlay what=/sysroot/usr/local/.state/var-lib-tailscale.bind where=/sysroot/var/lib/tailscale
Sep 15 15:34:32.560001 localhost kairos-immucore[654]: 
[0;90m
[0;38:5:245m
[0;1;31m
[0;90m
[0;38:5:245mBind mount end
Sep 15 15:34:32.560149 localhost immucore[654]: 2026-09-15T15:34:32Z DBG Bind mount end what=/var/lib/tailscale
Sep 15 15:34:32.560149 localhost immucore[654]: 2026-09-15T15:34:32Z DBG Bind mount start what=/var/lib/wicked
Sep 15 15:34:32.560149 localhost immucore[654]: 2026-09-15T15:34:32Z DBG Bind mount what=/sysroot/usr/local/.state/var-lib-wicked.bind where=/sysroot/var/lib/wicked
Sep 15 15:34:32.560069 localhost kairos-immucore[654]: 
[0;90m
[0;38:5:245m
[0;1;31m
[0;90m
[0;38:5:245mBind mount start
Sep 15 15:34:32.573017 localhost immucore[654]: 2026-09-15T15:34:32Z DBG Cleaning for sysroot new=/var/lib/wicked old=/var/lib/wicked
Sep 15 15:34:32.560119 localhost kairos-immucore[654]: 
[0;90m
[0;38:5:245m
[0;1;31m
[0;90m
[0;38:5:245mBind mount
Sep 15 15:34:32.560175 localhost kairos-immucore[654]: 
[0;90m
[0;38:5:245m
[0;1;31m
[0;90m
[0;38:5:245mCleaning for sysroot
Sep 15 15:34:32.560194 localhost kairos-immucore[654]: 
[0;90m
[0;38:5:245m
[0;1;31m
[0;90m
[0;38:5:245mCleaning for sysroot
Sep 15 15:34:32.577743 localhost immucore[654]: 2026-09-15T15:34:32Z DBG Cleaning for sysroot new=/usr/local/.state/var-lib-wicked.bind old=/sysroot/usr/local/.state/var-lib-wicked.bind
Sep 15 15:34:32.626686 localhost kairos-immucore[654]: 
[0;90m
[0;38:5:245m
[0;1;31m
[0;90m
[0;38:5:245mmount ready
Sep 15 15:34:32.626997 localhost immucore[654]: 2026-09-15T15:34:32Z DBG mount ready options=["bind"] type=overlay what=/sysroot/usr/local/.state/var-lib-wicked.bind where=/sysroot/var/lib/wicked
Sep 15 15:34:32.637339 localhost kairos-immucore[654]: 
[0;90m
[0;38:5:245m
[0;1;31m
[0;90m
[0;38:5:245mBind mount end
Sep 15 15:34:32.637397 localhost kairos-immucore[654]: 
Sep 15 15:34:32.637486 localhost immucore[654]: 2026-09-15T15:34:32Z DBG Bind mount end what=/var/lib/wicked
Sep 15 15:34:32.637486 localhost immucore[654]: 2026-09-15T15:34:32Z WRN
Sep 15 15:34:32.643968 localhost immucore[654]: 2026-09-15T15:34:32Z DBG detecting boot state
Sep 15 15:34:32.643968 localhost immucore[654]: 2026-09-15T15:34:32Z DBG Detected in-RAM boot; classifying as Active
Sep 15 15:34:32.643968 localhost immucore[654]: 2026-09-15T15:34:32Z DBG Adding line to fstab what="tmpfs /tmp tmpfs rw 0 0"
Sep 15 15:34:32.643968 localhost immucore[654]: 2026-09-15T15:34:32Z DBG Adding line to fstab what="/dev/vda1 /oem ext4 suid,dev,exec,async,rw 0 0"
Sep 15 15:34:32.643968 localhost immucore[654]: 2026-09-15T15:34:32Z DBG Adding line to fstab what="tmpfs /run/overlay tmpfs size=25% 0 0"
Sep 15 15:34:32.643968 localhost immucore[654]: 2026-09-15T15:34:32Z DBG Adding line to fstab what="/dev/vda2 /usr/local ext4 rw 0 0"
Sep 15 15:34:32.643968 localhost immucore[654]: 2026-09-15T15:34:32Z DBG Adding line to fstab what="overlay /var overlay lowerdir=/sysroot/var,upperdir=/run/overlay/var/.overlay/upper,workdir=/run/overlay/var/.overlay/work 0 0"
Sep 15 15:34:32.643968 localhost immucore[654]: 2026-09-15T15:34:32Z DBG Adding line to fstab what="overlay /etc overlay workdir=/run/overlay/etc/.overlay/work,lowerdir=/sysroot/etc,upperdir=/run/overlay/etc/.overlay/upper 0 0"
Sep 15 15:34:32.643968 localhost immucore[654]: 2026-09-15T15:34:32Z DBG Adding line to fstab what="overlay /srv overlay lowerdir=/sysroot/srv,upperdir=/run/overlay/srv/.overlay/upper,workdir=/run/overlay/srv/.overlay/work 0 0"
Sep 15 15:34:32.643968 localhost immucore[654]: 2026-09-15T15:34:32Z DBG Adding line to fstab what="/usr/local/.state/home.bind /home overlay bind 0 0"
Sep 15 15:34:32.643968 localhost immucore[654]: 2026-09-15T15:34:32Z DBG Adding line to fstab what="/usr/local/.state/opt.bind /opt overlay bind 0 0"
Sep 15 15:34:32.643968 localhost immucore[654]: 2026-09-15T15:34:32Z DBG Adding line to fstab what="/usr/local/.state/root.bind /root overlay bind 0 0"
Sep 15 15:34:32.643968 localhost immucore[654]: 2026-09-15T15:34:32Z DBG Adding line to fstab what="/usr/local/.state/etc-cni.bind /etc/cni overlay bind 0 0"
Sep 15 15:34:32.643968 localhost immucore[654]: 2026-09-15T15:34:32Z DBG Adding line to fstab what="/usr/local/.state/var-cores.bind /var/cores overlay bind 0 0"
Sep 15 15:34:32.643968 localhost immucore[654]: 2026-09-15T15:34:32Z DBG Adding line to fstab what="/usr/local/.state/etc-init.d.bind /etc/init.d overlay bind 0 0"
Sep 15 15:34:32.643968 localhost immucore[654]: 2026-09-15T15:34:32Z DBG Adding line to fstab what="/usr/local/.state/etc-iscsi.bind /etc/iscsi overlay bind 0 0"
Sep 15 15:34:32.637595 localhost kairos-immucore[654]: 
[0;90m
[0;38:5:245m
[0;1;31m
[0;90m
[0;38:5:245mdetecting boot state
Sep 15 15:34:32.737553 localhost immucore[654]: 2026-09-15T15:34:32Z DBG Adding line to fstab what="/usr/local/.state/etc-k0s.bind /etc/k0s overlay bind 0 0"
Sep 15 15:34:32.737553 localhost immucore[654]: 2026-09-15T15:34:32Z DBG Adding line to fstab what="/usr/local/.state/etc-kubernetes.bind /etc/kubernetes overlay bind 0 0"
Sep 15 15:34:32.737553 localhost immucore[654]: 2026-09-15T15:34:32Z DBG Adding line to fstab what="/usr/local/.state/usr-libexec.bind /usr/libexec overlay bind 0 0"
Sep 15 15:34:32.737553 localhost immucore[654]: 2026-09-15T15:34:32Z DBG Adding line to fstab what="/usr/local/.state/var-log.bind /var/log overlay bind 0 0"
Sep 15 15:34:32.737553 localhost immucore[654]: 2026-09-15T15:34:32Z DBG Adding line to fstab what="/usr/local/.state/etc-modprobe.d.bind /etc/modprobe.d overlay bind 0 0"
Sep 15 15:34:32.737553 localhost immucore[654]: 2026-09-15T15:34:32Z DBG Adding line to fstab what="/usr/local/.state/etc-pwx.bind /etc/pwx overlay bind 0 0"
Sep 15 15:34:32.737553 localhost immucore[654]: 2026-09-15T15:34:32Z DBG Adding line to fstab what="/usr/local/.state/etc-rancher.bind /etc/rancher overlay bind 0 0"
Sep 15 15:34:32.737553 localhost immucore[654]: 2026-09-15T15:34:32Z DBG Adding line to fstab what="/usr/local/.state/etc-runlevels.bind /etc/runlevels overlay bind 0 0"
Sep 15 15:34:32.737553 localhost immucore[654]: 2026-09-15T15:34:32Z DBG Adding line to fstab what="/usr/local/.state/etc-ssh.bind /etc/ssh overlay bind 0 0"
Sep 15 15:34:32.737553 localhost immucore[654]: 2026-09-15T15:34:32Z DBG Adding line to fstab what="/usr/local/.state/etc-sysconfig.bind /etc/sysconfig overlay bind 0 0"
Sep 15 15:34:32.737553 localhost immucore[654]: 2026-09-15T15:34:32Z DBG Adding line to fstab what="/usr/local/.state/etc-systemd.bind /etc/systemd overlay bind 0 0"
Sep 15 15:34:32.737553 localhost immucore[654]: 2026-09-15T15:34:32Z DBG Adding line to fstab what="/usr/local/.state/etc-zfs.bind /etc/zfs overlay bind 0 0"
Sep 15 15:34:32.737553 localhost immucore[654]: 2026-09-15T15:34:32Z DBG Adding line to fstab what="/usr/local/.state/var-lib-ca-certificates.bind /var/lib/ca-certificates overlay bind 0 0"
Sep 15 15:34:32.737553 localhost immucore[654]: 2026-09-15T15:34:32Z DBG Adding line to fstab what="/usr/local/.state/var-lib-calico.bind /var/lib/calico overlay bind 0 0"
Sep 15 15:34:32.637628 localhost kairos-immucore[654]: 
[0;90m
[0;38:5:245m
[0;1;31m
[0;90m
[0;38:5:245mDetected in-RAM boot; classifying as Active
Sep 15 15:34:32.822766 localhost immucore[654]: 2026-09-15T15:34:32Z DBG Adding line to fstab what="/usr/local/.state/etc-ssl-certs.bind /etc/ssl/certs overlay bind 0 0"
Sep 15 15:34:32.822766 localhost immucore[654]: 2026-09-15T15:34:32Z DBG Adding line to fstab what="/usr/local/.state/var-lib-cni.bind /var/lib/cni overlay bind 0 0"
Sep 15 15:34:32.822766 localhost immucore[654]: 2026-09-15T15:34:32Z DBG Adding line to fstab what="/usr/local/.state/var-lib-confexts.bind /var/lib/confexts overlay bind 0 0"
Sep 15 15:34:32.822766 localhost immucore[654]: 2026-09-15T15:34:32Z DBG Adding line to fstab what="/usr/local/.state/var-lib-containerd.bind /var/lib/containerd overlay bind 0 0"
Sep 15 15:34:32.822766 localhost immucore[654]: 2026-09-15T15:34:32Z DBG Adding line to fstab what="/usr/local/.state/var-lib-dbus.bind /var/lib/dbus overlay bind 0 0"
Sep 15 15:34:32.822766 localhost immucore[654]: 2026-09-15T15:34:32Z DBG Adding line to fstab what="/usr/local/.state/var-lib-etcd.bind /var/lib/etcd overlay bind 0 0"
Sep 15 15:34:32.822766 localhost immucore[654]: 2026-09-15T15:34:32Z DBG Adding line to fstab what="/usr/local/.state/var-lib-extensions.bind /var/lib/extensions overlay bind 0 0"
Sep 15 15:34:32.822766 localhost immucore[654]: 2026-09-15T15:34:32Z DBG Adding line to fstab what="/usr/local/.state/var-lib-k0s.bind /var/lib/k0s overlay bind 0 0"
Sep 15 15:34:32.822766 localhost immucore[654]: 2026-09-15T15:34:32Z DBG Adding line to fstab what="/usr/local/.state/var-lib-kairos.bind /var/lib/kairos overlay bind 0 0"
Sep 15 15:34:32.822766 localhost immucore[654]: 2026-09-15T15:34:32Z DBG Adding line to fstab what="/usr/local/.state/var-lib-kubelet.bind /var/lib/kubelet overlay bind 0 0"
Sep 15 15:34:32.822766 localhost immucore[654]: 2026-09-15T15:34:32Z DBG Adding line to fstab what="/usr/local/.state/var-lib-longhorn.bind /var/lib/longhorn overlay bind 0 0"
Sep 15 15:34:32.822766 localhost immucore[654]: 2026-09-15T15:34:32Z DBG Adding line to fstab what="/usr/local/.state/var-lib-osd.bind /var/lib/osd overlay bind 0 0"
Sep 15 15:34:32.822766 localhost immucore[654]: 2026-09-15T15:34:32Z DBG Adding line to fstab what="/usr/local/.state/var-lib-rancher.bind /var/lib/rancher overlay bind 0 0"
Sep 15 15:34:32.822766 localhost immucore[654]: 2026-09-15T15:34:32Z DBG Adding line to fstab what="/usr/local/.state/var-lib-rook.bind /var/lib/rook overlay bind 0 0"
Sep 15 15:34:32.639621 localhost kairos-immucore[654]: 
[0;90m
[0;38:5:245m
[0;1;31m
[0;90m
[0;38:5:245mAdding line to fstab
Sep 15 15:34:32.906000 localhost immucore[654]: 2026-09-15T15:34:32Z DBG Adding line to fstab what="/usr/local/.state/var-lib-tailscale.bind /var/lib/tailscale overlay bind 0 0"
Sep 15 15:34:32.906000 localhost immucore[654]: 2026-09-15T15:34:32Z DBG Adding line to fstab what="/usr/local/.state/var-lib-wicked.bind /var/lib/wicked overlay bind 0 0"
Sep 15 15:34:32.906000 localhost immucore[654]: 2026-09-15T15:34:32Z DBG Enabling system extensions
Sep 15 15:34:32.906000 localhost immucore[654]: 2026-09-15T15:34:32Z DBG detecting boot state
Sep 15 15:34:32.906000 localhost immucore[654]: 2026-09-15T15:34:32Z DBG Detected in-RAM boot; classifying as Active
Sep 15 15:34:32.906000 localhost immucore[654]: 2026-09-15T15:34:32Z DBG Enabling config extensions
Sep 15 15:34:32.906000 localhost immucore[654]: 2026-09-15T15:34:32Z INF Running initramfs stage
Sep 15 15:34:32.906000 localhost immucore[654]: 2026-09-15T15:34:32Z INF Running stage: initramfs.before
Sep 15 15:34:32.906000 localhost immucore[654]: 
Sep 15 15:34:32.906000 localhost immucore[654]: 2026-09-15T15:34:32Z DBG Generating op for stage 'Datasource handling.Move old datasource to new location'
Sep 15 15:34:32.906000 localhost immucore[654]: 2026-09-15T15:34:32Z DBG Generating op for stage 'Datasource handling.Remove old userdata'
Sep 15 15:34:32.906000 localhost immucore[654]: 2026-09-15T15:34:32Z DBG Generating op for stage 'Datasource handling.Pull data from provider'
Sep 15 15:34:32.906000 localhost immucore[654]: 2026-09-15T15:34:32Z DBG Generating op for stage 'Datasource handling.3'
Sep 15 15:34:32.906000 localhost immucore[654]: 2026-09-15T15:34:32Z DBG Generating op for stage 'RPI configs.Set a safe date before user creation for RPI without hardware clocks'
Sep 15 15:34:32.906000 localhost immucore[654]: 2026-09-15T15:34:32Z DBG Generating op for stage '/system/oem/29_blacklist.yaml.Blacklist bpfilter on Alpine ( bug: https://github.com/kairos-io/kairos/issues/277 )'
Sep 15 15:34:32.906000 localhost immucore[654]: 2026-09-15T15:34:32Z DBG Generating op for stage 'L4T RootFS Prep for Orin NX.Apply NVIDIA binaries'
Sep 15 15:34:32.906000 localhost immucore[654]: 2026-09-15T15:34:32Z DBG Reading '/system/oem/29_blacklist.yaml'
Sep 15 15:34:32.906000 localhost immucore[654]: 2026-09-15T15:34:32Z DBG Executing stage '/system/oem/29_blacklist.yaml.Blacklist bpfilter on Alpine ( bug: https://github.com/kairos-io/kairos/issues/277 )'
Sep 15 15:34:32.906000 localhost immucore[654]: 2026-09-15T15:34:32Z DBG Reading '/system/oem/00_datasource.yaml'
Sep 15 15:34:32.906000 localhost immucore[654]: 2026-09-15T15:34:32Z DBG Executing stage 'Datasource handling.Move old datasource to new location'
Sep 15 15:34:32.906000 localhost immucore[654]: 2026-09-15T15:34:32Z DBG Found systemd at /bin/systemctl
Sep 15 15:34:32.639661 localhost kairos-immucore[654]: 
[0;90m
[0;38:5:245m
[0;1;31m
[0;90m
[0;38:5:245mAdding line to fstab
Sep 15 15:34:32.997848 localhost immucore[654]: 2026-09-15T15:34:32Z WRN (conditional) Skip 'service manager doesn't match openrc' stage name: /system/oem/29_blacklist.yaml.Blacklist bpfilter on Alpine ( bug: https://github.com/kairos-io/kairos/issues/277 )
Sep 15 15:34:32.997848 localhost immucore[654]: 2026-09-15T15:34:32Z DBG Reading '/system/oem/11_RPI.yaml'
Sep 15 15:34:32.997848 localhost immucore[654]: 2026-09-15T15:34:32Z DBG Executing stage 'RPI configs.Set a safe date before user creation for RPI without hardware clocks'
Sep 15 15:34:32.997848 localhost immucore[654]: 2026-09-15T15:34:32Z WRN (conditional) Skip 'Skipping stage (if statement error: failed to run [ -f "/proc/device-tree/model" ] && grep -i "Raspberry Pi" "/proc/device-tree/model": exit status 1)' stage name: RPI configs.Set a safe date before user creation for RPI without hardware clocks
Sep 15 15:34:32.997848 localhost immucore[654]: 2026-09-15T15:34:32Z WRN (conditional) Skip 'Skipping stage (if statement error: failed to run [ -d /oem/userdata ] && [ ! -d /oem/95_userdata ]: exit status 1)' stage name: Datasource handling.Move old datasource to new location
Sep 15 15:34:32.997848 localhost immucore[654]: 2026-09-15T15:34:32Z DBG Reading '/system/oem/30-prepare-l4t-rootfs.yaml'
Sep 15 15:34:32.997848 localhost immucore[654]: 2026-09-15T15:34:32Z DBG Executing stage 'L4T RootFS Prep for Orin NX.Apply NVIDIA binaries'
Sep 15 15:34:32.997848 localhost immucore[654]: 2026-09-15T15:34:32Z DBG Reading '/system/oem/00_datasource.yaml'
Sep 15 15:34:32.997848 localhost immucore[654]: 2026-09-15T15:34:32Z DBG Executing stage 'Datasource handling.Remove old userdata'
Sep 15 15:34:32.997848 localhost immucore[654]: 2026-09-15T15:34:32Z WRN (conditional) Skip 'Skipping stage (if statement error: failed to run [ -f "/proc/device-tree/model" ] && grep -i "Orin NX" "/proc/device-tree/model": exit status 1)' stage name: L4T RootFS Prep for Orin NX.Apply NVIDIA binaries
Sep 15 15:34:32.997848 localhost immucore[654]: 2026-09-15T15:34:32Z WRN (conditional) Skip 'Skipping stage (if statement error: failed to run [ -d /oem/userdata ] && [ -d /oem/95_userdata ]: exit status 1)' stage name: Datasource handling.Remove old userdata
Sep 15 15:34:32.997848 localhost immucore[654]: 2026-09-15T15:34:32Z DBG Reading '/system/oem/00_datasource.yaml'
Sep 15 15:34:32.639678 localhost kairos-immucore[654]: 
[0;90m
[0;38:5:245m
[0;1;31m
[0;90m
[0;38:5:245mAdding line to fstab
Sep 15 15:34:33.075333 localhost immucore[654]: 2026-09-15T15:34:32Z DBG Executing stage 'Datasource handling.Pull data from provider'
Sep 15 15:34:33.075333 localhost immucore[654]: 2026-09-15T15:34:32Z WRN (conditional) Skip 'Skipping stage (if statement error: failed to run [ ! -e /oem/95_userdata ] && ([ ! -f /run/cos/uki_boot_mode ] || grep -q "kairos.pull_datasources" /proc/cmdline ): exit status 1)' stage name: Datasource handling.Pull data from provider
Sep 15 15:34:33.075333 localhost immucore[654]: 2026-09-15T15:34:32Z DBG Reading '/system/oem/00_datasource.yaml'
Sep 15 15:34:33.075333 localhost immucore[654]: 2026-09-15T15:34:32Z DBG Executing stage 'Datasource handling.3'
Sep 15 15:34:33.075333 localhost immucore[654]: 2026-09-15T15:34:32Z WRN (conditional) Skip 'Skipping stage (if statement error: failed to run [ ! -e /oem/95_userdata ]: exit status 1)' stage name: Datasource handling.3
Sep 15 15:34:33.075333 localhost immucore[654]: 2026-09-15T15:34:32Z INF Done executing stage 'initramfs.before'
Sep 15 15:34:33.075333 localhost immucore[654]: 
Sep 15 15:34:33.075333 localhost immucore[654]: 2026-09-15T15:34:32Z INF Running stage: initramfs
Sep 15 15:34:33.075333 localhost immucore[654]: 
Sep 15 15:34:33.075333 localhost immucore[654]: 2026-09-15T15:34:32Z DBG Generating op for stage 'Rootfs Layout Settings.Create journalctl /var/log/journal dir'
Sep 15 15:34:33.075333 localhost immucore[654]: 2026-09-15T15:34:32Z DBG Generating op for stage 'Rootfs Layout Settings.Restore /etc/machine-id for systemd systems'
Sep 15 15:34:33.075333 localhost immucore[654]: 2026-09-15T15:34:32Z DBG Generating op for stage 'Rootfs Layout Settings.Ensure /etc/machine-id for systemd systems'
Sep 15 15:34:33.075333 localhost immucore[654]: 2026-09-15T15:34:32Z DBG Generating op for stage 'Rootfs Layout Settings.Ensure /etc/machine-id for openrc systems'
Sep 15 15:34:33.075333 localhost immucore[654]: 2026-09-15T15:34:32Z DBG Generating op for stage 'Start agent.0'
Sep 15 15:34:33.075333 localhost immucore[654]: 2026-09-15T15:34:32Z DBG Generating op for stage 'Notify Kairos Plugins of Elemental Events.0'
Sep 15 15:34:33.075333 localhost immucore[654]: 2026-09-15T15:34:32Z DBG Generating op for stage 'Default network configuration.Enable systemd-network config files for DHCP'
Sep 15 15:34:33.075333 localhost immucore[654]: 2026-09-15T15:34:32Z DBG Generating op for stage 'Default network configuration.Disable NetworkManager and wicked'
Sep 15 15:34:33.075333 localhost immucore[654]: 2026-09-15T15:34:32Z DBG Generating op for stage 'Default network configuration.Link /etc/resolv.conf to systemd resolv.conf'
Sep 15 15:34:32.639695 localhost kairos-immucore[654]: 
[0;90m
[0;38:5:245m
[0;1;31m
[0;90m
[0;38:5:245mAdding line to fstab
Sep 15 15:34:33.164330 localhost immucore[654]: 2026-09-15T15:34:32Z DBG Generating op for stage 'Default network configuration.Enabled systemd-networkd on Red Hat if available'
Sep 15 15:34:33.164330 localhost immucore[654]: 2026-09-15T15:34:32Z DBG Generating op for stage 'Default network configuration.Enable systemd-resolved on Red Hat if available'
Sep 15 15:34:33.164330 localhost immucore[654]: 2026-09-15T15:34:32Z DBG Generating op for stage 'Enable EFI assessment.Override systemd-boot services to enable RW on /efi partition'
Sep 15 15:34:33.164330 localhost immucore[654]: 2026-09-15T15:34:32Z DBG Generating op for stage 'Enable EFI assessment.Enable boot assessment'
Sep 15 15:34:33.164330 localhost immucore[654]: 2026-09-15T15:34:32Z DBG Generating op for stage 'Default config.Generate host keys'
Sep 15 15:34:33.164330 localhost immucore[654]: 2026-09-15T15:34:32Z DBG Generating op for stage 'Create openrc services.Create OpenRC services'
Sep 15 15:34:33.164330 localhost immucore[654]: 2026-09-15T15:34:32Z DBG Generating op for stage 'Create openrc services.Enable OpenRC services'
Sep 15 15:34:33.164330 localhost immucore[654]: 2026-09-15T15:34:32Z DBG Generating op for stage 'Default config.Default systemd config'
Sep 15 15:34:33.164330 localhost immucore[654]: 2026-09-15T15:34:32Z DBG Generating op for stage 'Default config.Create systemd services'
Sep 15 15:34:33.164330 localhost immucore[654]: 2026-09-15T15:34:32Z DBG Generating op for stage 'Default config.Override systemd-tpm2-setup/systemd-pcrproduct with temporary RW under /efi'
Sep 15 15:34:33.164330 localhost immucore[654]: 2026-09-15T15:34:32Z DBG Generating op for stage 'Default config.Enable systemd services'
Sep 15 15:34:33.164330 localhost immucore[654]: 2026-09-15T15:34:32Z DBG Generating op for stage 'Default user, permissions and serial login.Setup groups.0'
Sep 15 15:34:33.164330 localhost immucore[654]: 2026-09-15T15:34:32Z DBG Generating op for stage 'Default user, permissions and serial login.Setup users.1'
Sep 15 15:34:33.164330 localhost immucore[654]: 2026-09-15T15:34:32Z DBG Generating op for stage 'Default user, permissions and serial login.Set user password if running in live or uki.2'
Sep 15 15:34:33.164330 localhost immucore[654]: 2026-09-15T15:34:32Z DBG Generating op for stage 'Default user, permissions and serial login.Setup sudo.3'
Sep 15 15:34:33.164330 localhost immucore[654]: 2026-09-15T15:34:32Z DBG Generating op for stage 'Default user, permissions and serial login.Ensure runtime permission.4'
Sep 15 15:34:33.164330 localhost immucore[654]: 2026-09-15T15:34:32Z DBG Generating op for stage 'Default user, permissions and serial login.Ensure runtime permission.5'
Sep 15 15:34:32.639711 localhost kairos-immucore[654]: 
[0;90m
[0;38:5:245m
[0;1;31m
[0;90m
[0;38:5:245mAdding line to fstab
Sep 15 15:34:33.249361 localhost immucore[654]: 2026-09-15T15:34:32Z DBG Generating op for stage 'Nvidia jetson specific files.Create files'
Sep 15 15:34:33.249361 localhost immucore[654]: 2026-09-15T15:34:32Z DBG Generating op for stage 'Root autologin.0'
Sep 15 15:34:33.249361 localhost immucore[654]: 2026-09-15T15:34:32Z DBG Generating op for stage 'Root autologin.Autologin on livecd for OpenRC'
Sep 15 15:34:33.249361 localhost immucore[654]: 2026-09-15T15:34:32Z DBG Generating op for stage 'SELinux.Relabelling'
Sep 15 15:34:33.249361 localhost immucore[654]: 2026-09-15T15:34:32Z DBG Generating op for stage '/system/oem/31_hosts.yaml.Ensure persistent hosts file'
Sep 15 15:34:33.249361 localhost immucore[654]: 2026-09-15T15:34:32Z DBG Generating op for stage '/system/oem/31_hosts.yaml.Ensure persistent /etc/ directory'
Sep 15 15:34:33.249361 localhost immucore[654]: 2026-09-15T15:34:32Z DBG Generating op for stage '/system/oem/31_hosts.yaml.Ensure persistent hostname'
Sep 15 15:34:33.249361 localhost immucore[654]: 2026-09-15T15:34:32Z DBG Generating op for stage 'Profile extensions.Set KUBECONFIG to access k9s and kubectl'
Sep 15 15:34:33.249361 localhost immucore[654]: 2026-09-15T15:34:32Z DBG Generating op for stage 'Start recovery on tty1.Starts kairos-recovery and generate a temporary pass'
Sep 15 15:34:33.249361 localhost immucore[654]: 2026-09-15T15:34:32Z DBG Generating op for stage 'Start recovery on tty1.Starts kairos-recovery for openRC based systems'
Sep 15 15:34:33.249361 localhost immucore[654]: 2026-09-15T15:34:32Z DBG Generating op for stage 'Start reset on tty1.Starts kairos-reset for systemd based systems'
Sep 15 15:34:33.249361 localhost immucore[654]: 2026-09-15T15:34:32Z DBG Generating op for stage 'Start reset on tty1.Starts kairos-reset for openRC-based systems'
Sep 15 15:34:33.249361 localhost immucore[654]: 2026-09-15T15:34:32Z DBG Generating op for stage 'Start installer on tty1..0'
Sep 15 15:34:33.249361 localhost immucore[654]: 2026-09-15T15:34:32Z DBG Generating op for stage 'Start installer on tty1..1'
Sep 15 15:34:33.249361 localhost immucore[654]: 2026-09-15T15:34:32Z DBG Generating op for stage 'Start installer on tty1..2'
Sep 15 15:34:33.249361 localhost immucore[654]: 2026-09-15T15:34:32Z DBG Generating op for stage 'Start installer on tty1..3'
Sep 15 15:34:33.249361 localhost immucore[654]: 2026-09-15T15:34:32Z DBG Generating op for stage 'sysext and confext configuration.systemd-sysext/confext uki config'
Sep 15 15:34:33.249361 localhost immucore[654]: 2026-09-15T15:34:32Z DBG Generating op for stage 'sysext and confext configuration.systemd-sysext/confext config'
Sep 15 15:34:32.639730 localhost kairos-immucore[654]: 
[0;90m
[0;38:5:245m
[0;1;31m
[0;90m
[0;38:5:245mAdding line to fstab
Sep 15 15:34:33.330630 localhost immucore[654]: 2026-09-15T15:34:32Z DBG Generating op for stage 'sysext and confext configuration.systemd-sysext set hierarchy system-wide'
Sep 15 15:34:33.330630 localhost immucore[654]: 2026-09-15T15:34:32Z DBG Generating op for stage 'sysext and confext configuration.systemd-sysext/confext initramfs settings'
Sep 15 15:34:33.330630 localhost immucore[654]: 2026-09-15T15:34:32Z DBG Reading '/system/oem/31_hosts.yaml'
Sep 15 15:34:33.330630 localhost immucore[654]: 2026-09-15T15:34:32Z DBG Executing stage '/system/oem/31_hosts.yaml.Ensure persistent hosts file'
Sep 15 15:34:33.330630 localhost immucore[654]: 2026-09-15T15:34:32Z DBG Reading '/system/oem/12_nvidia.yaml'
Sep 15 15:34:33.330630 localhost immucore[654]: 2026-09-15T15:34:32Z DBG Executing stage 'Nvidia jetson specific files.Create files'
Sep 15 15:34:33.330630 localhost immucore[654]: 2026-09-15T15:34:32Z DBG If statement result
Sep 15 15:34:33.330630 localhost immucore[654]: 2026-09-15T15:34:32Z INF Processing stage step '/system/oem/31_hosts.yaml.Ensure persistent hosts file'. ( commands: 2, files: 1, ... )
Sep 15 15:34:33.330630 localhost immucore[654]: 2026-09-15T15:34:32Z DBG Stage: schema.Stage{
Sep 15 15:34:33.330630 localhost immucore[654]:   Commands: []string{
Sep 15 15:34:33.330630 localhost immucore[654]:     "rm -f /etc/hosts",
Sep 15 15:34:33.330630 localhost immucore[654]:     "ln -sf /usr/local/etc/hosts /etc/hosts",
Sep 15 15:34:33.330630 localhost immucore[654]:   },
Sep 15 15:34:33.330630 localhost immucore[654]:   Files: []schema.File{
Sep 15 15:34:33.330630 localhost immucore[654]:     schema.File{
Sep 15 15:34:33.330630 localhost immucore[654]:       Path: "/usr/local/etc/hosts",
Sep 15 15:34:33.330630 localhost immucore[654]:       Permissions: 420,
Sep 15 15:34:33.330630 localhost immucore[654]:       Content: "127.0.0.1 localhost\n::1       localhost\n",
Sep 15 15:34:33.330630 localhost immucore[654]:     },
Sep 15 15:34:33.330630 localhost immucore[654]:   },
Sep 15 15:34:33.330630 localhost immucore[654]:   Directories: []schema.Directory{
Sep 15 15:34:33.330630 localhost immucore[654]:     schema.Directory{
Sep 15 15:34:33.330630 localhost immucore[654]:       Path: "/usr/local/etc/",
Sep 15 15:34:33.330630 localhost immucore[654]:       Permissions: 493,
Sep 15 15:34:33.330630 localhost immucore[654]:     },
Sep 15 15:34:33.330630 localhost immucore[654]:   },
Sep 15 15:34:33.330630 localhost immucore[654]:   If: "[ ! -f \"/run/cos/recovery_mode\" ] && [ ! -L \"/etc/hosts\" ]",
Sep 15 15:34:33.330630 localhost immucore[654]:   Name: "Ensure persistent hosts file",
Sep 15 15:34:33.330630 localhost immucore[654]: }
Sep 15 15:34:33.330630 localhost immucore[654]: 2026-09-15T15:34:32Z DBG Creating directory /usr/local/etc
Sep 15 15:34:33.330630 localhost immucore[654]: 2026-09-15T15:34:32Z DBG Creating directory /usr/local/etc/
Sep 15 15:34:33.330630 localhost immucore[654]: 2026-09-15T15:34:32Z ERR mkdir /usr/local/etc/: file exists
Sep 15 15:34:33.330630 localhost immucore[654]: 2026-09-15T15:34:32Z ERR Error on file /system/oem/31_hosts.yaml on stage Ensure persistent hosts file: 1 error occurred:
Sep 15 15:34:33.330630 localhost immucore[654]:         * mkdir /usr/local/etc/: file exists
Sep 15 15:34:33.330630 localhost immucore[654]: 
Sep 15 15:34:33.330630 localhost immucore[654]: 2026-09-15T15:34:32Z DBG Creating file /usr/local/etc/hosts
Sep 15 15:34:32.639746 localhost kairos-immucore[654]: 
[0;90m
[0;38:5:245m
[0;1;31m
[0;90m
[0;38:5:245mAdding line to fstab
Sep 15 15:34:33.430584 localhost immucore[654]: 2026-09-15T15:34:32Z WRN (conditional) Skip 'Skipping stage (if statement error: failed to run [ -f "/sys/firmware/devicetree/base/model" ] && grep -i jetson "/sys/firmware/devicetree/base/model"
Sep 15 15:34:33.430584 localhost immucore[654]: : exit status 1)' stage name: Nvidia jetson specific files.Create files
Sep 15 15:34:33.430584 localhost immucore[654]: 2026-09-15T15:34:32Z DBG Reading '/system/oem/08_ssh.yaml'
Sep 15 15:34:33.430584 localhost immucore[654]: 2026-09-15T15:34:32Z DBG Executing stage 'Default config.Generate host keys'
Sep 15 15:34:33.430584 localhost immucore[654]: 2026-09-15T15:34:32Z INF Processing stage step 'Default config.Generate host keys'. ( commands: 2, files: 0, ... )
Sep 15 15:34:33.430584 localhost immucore[654]: 2026-09-15T15:34:32Z DBG Stage: schema.Stage{
Sep 15 15:34:33.430584 localhost immucore[654]:   Commands: []string{
Sep 15 15:34:33.430584 localhost immucore[654]:     "test -f /etc/ssh/ssh_host_rsa_key     || ssh-keygen -t rsa -b 4096 -f /etc/ssh/ssh_host_rsa_key -N ''",
Sep 15 15:34:33.430584 localhost immucore[654]:     "test -f /etc/ssh/ssh_host_ed25519_key || ssh-keygen -t ed25519 -f /etc/ssh/ssh_host_ed25519_key -N ''",
Sep 15 15:34:33.430584 localhost immucore[654]:   },
Sep 15 15:34:33.430584 localhost immucore[654]:   Name: "Generate host keys",
Sep 15 15:34:33.430584 localhost immucore[654]: }
Sep 15 15:34:33.430584 localhost immucore[654]: 2026-09-15T15:34:32Z DBG Reading '/system/oem/05_network.yaml'
Sep 15 15:34:33.430584 localhost immucore[654]: 2026-09-15T15:34:32Z DBG Executing stage 'Default network configuration.Enable systemd-network config files for DHCP'
Sep 15 15:34:33.430584 localhost immucore[654]: 2026-09-15T15:34:32Z DBG Reading '/system/oem/02_agent.yaml'
Sep 15 15:34:33.430584 localhost immucore[654]: 2026-09-15T15:34:32Z DBG Executing stage 'Start agent.0'
Sep 15 15:34:33.430584 localhost immucore[654]: 2026-09-15T15:34:32Z DBG Reading '/system/oem/00_rootfs.yaml'
Sep 15 15:34:33.430584 localhost immucore[654]: 2026-09-15T15:34:32Z DBG Executing stage 'Rootfs Layout Settings.Create journalctl /var/log/journal dir'
Sep 15 15:34:33.430584 localhost immucore[654]: 2026-09-15T15:34:32Z DBG Found systemd at /bin/systemctl
Sep 15 15:34:33.430584 localhost immucore[654]: 2026-09-15T15:34:32Z INF Processing stage step 'Rootfs Layout Settings.Create journalctl /var/log/journal dir'. ( commands: 0, files: 0, ... )
Sep 15 15:34:33.430584 localhost immucore[654]: 2026-09-15T15:34:32Z DBG Stage: schema.Stage{
Sep 15 15:34:33.430584 localhost immucore[654]:   Directories: []schema.Directory{
Sep 15 15:34:33.430584 localhost immucore[654]:     schema.Directory{
Sep 15 15:34:33.430584 localhost immucore[654]:       Path: "/var/log/journal",
Sep 15 15:34:33.430584 localhost immucore[654]:     },
Sep 15 15:34:33.430584 localhost immucore[654]:   },
Sep 15 15:34:33.430584 localhost immucore[654]:   Name: "Create journalctl /var/log/journal dir",
Sep 15 15:34:33.430584 localhost immucore[654]:   OnlyIfServiceManager: "systemd",
Sep 15 15:34:33.430584 localhost immucore[654]: }
Sep 15 15:34:33.430584 localhost immucore[654]: 2026-09-15T15:34:32Z INF Running layout plugin
Sep 15 15:34:32.639761 localhost kairos-immucore[654]: 
[0;90m
[0;38:5:245m
[0;1;31m
[0;90m
[0;38:5:245mAdding line to fstab
Sep 15 15:34:33.525047 localhost immucore[654]: 2026-09-15T15:34:32Z DBG Device field empty, skipping layout plugin
Sep 15 15:34:33.525047 localhost immucore[654]: 2026-09-15T15:34:32Z DBG Reading '/system/oem/25_autologin.yaml'
Sep 15 15:34:33.525047 localhost immucore[654]: 2026-09-15T15:34:32Z DBG Executing stage 'Root autologin.0'
Sep 15 15:34:33.525047 localhost immucore[654]: 2026-09-15T15:34:32Z DBG If statement result
Sep 15 15:34:33.525047 localhost immucore[654]: 2026-09-15T15:34:32Z DBG Found systemd at /bin/systemctl
Sep 15 15:34:33.525047 localhost immucore[654]: 2026-09-15T15:34:32Z INF Processing stage step 'Start agent.0'. ( commands: 1, files: 1, ... )
Sep 15 15:34:33.525047 localhost immucore[654]: 2026-09-15T15:34:32Z DBG Stage: schema.Stage{
Sep 15 15:34:33.525047 localhost immucore[654]:   Commands: []string{
Sep 15 15:34:33.525047 localhost immucore[654]:     "systemctl enable kairos-agent",
Sep 15 15:34:33.525047 localhost immucore[654]:   },
Sep 15 15:34:33.525047 localhost immucore[654]:   Files: []schema.File{
Sep 15 15:34:33.525047 localhost immucore[654]:     schema.File{
Sep 15 15:34:33.525047 localhost immucore[654]:       Path: "/etc/systemd/system/kairos-agent.service",
Sep 15 15:34:33.525047 localhost immucore[654]:       Permissions: 420,
Sep 15 15:34:33.525047 localhost immucore[654]:       Content: "[Unit]\nDescription=kairos agent\nAfter=cos-setup-network.service\nWants=network.target\n[Service]\nRestart=on-failure\nRestartSec=5s\nExecStart=/usr/bin/kairos-agent start\n[Install]\nWantedBy=multi-user.target\n",
Sep 15 15:34:33.525047 localhost immucore[654]:     },
Sep 15 15:34:33.525047 localhost immucore[654]:   },
Sep 15 15:34:33.525047 localhost immucore[654]:   If: "[ ! -f \"/run/cos/recovery_mode\" ]",
Sep 15 15:34:33.525047 localhost immucore[654]:   OnlyIfServiceManager: "systemd",
Sep 15 15:34:33.525047 localhost immucore[654]: }
Sep 15 15:34:33.525047 localhost immucore[654]: 2026-09-15T15:34:32Z DBG Creating file /etc/systemd/system/kairos-agent.service
Sep 15 15:34:33.525047 localhost immucore[654]: 2026-09-15T15:34:32Z DBG running stage (OnlyIfOs regex (Ubuntu.*|Debian.*|Fedora.*|CentOS.*|Rocky.*|AlmaLinux.*|Oracle.*Linux.*|SUSE.*|[Oo]penSUSE.*|Hadron.*|Red.*Hat.*) matches os name 'Hadron Linux
Sep 15 15:34:32.639774 localhost kairos-immucore[654]: 
[0;90m
[0;38:5:245m
[0;1;31m
[0;90m
[0;38:5:245mAdding line to fstab
Sep 15 15:34:32.639789 localhost kairos-immucore[654]: 
[0;90m
[0;38:5:245m
[0;1;31m
[0;90m
[0;38:5:245mAdding line to fstab
Sep 15 15:34:32.639806 localhost kairos-immucore[654]: 
[0;90m
[0;38:5:245m
[0;1;31m
[0;90m
[0;38:5:245mAdding line to fstab
Sep 15 15:34:32.639820 localhost kairos-immucore[654]: 
[0;90m
[0;38:5:245m
[0;1;31m
[0;90m
[0;38:5:245mAdding line to fstab
Sep 15 15:34:32.639834 localhost kairos-immucore[654]: 
[0;90m
[0;38:5:245m
[0;1;31m
[0;90m
[0;38:5:245mAdding line to fstab
Sep 15 15:34:32.639849 localhost kairos-immucore[654]: 
[0;90m
[0;38:5:245m
[0;1;31m
[0;90m
[0;38:5:245mAdding line to fstab
Sep 15 15:34:32.639862 localhost kairos-immucore[654]: 
[0;90m
[0;38:5:245m
[0;1;31m
[0;90m
[0;38:5:245mAdding line to fstab
Sep 15 15:34:32.639877 localhost kairos-immucore[654]: 
[0;90m
[0;38:5:245m
[0;1;31m
[0;90m
[0;38:5:245mAdding line to fstab
Sep 15 15:34:32.639891 localhost kairos-immucore[654]: 
[0;90m
[0;38:5:245m
[0;1;31m
[0;90m
[0;38:5:245mAdding line to fstab
Sep 15 15:34:32.639906 localhost kairos-immucore[654]: 
[0;90m
[0;38:5:245m
[0;1;31m
[0;90m
[0;38:5:245mAdding line to fstab
Sep 15 15:34:32.639919 localhost kairos-immucore[654]: 
[0;90m
[0;38:5:245m
[0;1;31m
[0;90m
[0;38:5:245mAdding line to fstab
Sep 15 15:34:32.639960 localhost kairos-immucore[654]: 
[0;90m
[0;38:5:245m
[0;1;31m
[0;90m
[0;38:5:245mAdding line to fstab
Sep 15 15:34:32.640006 localhost kairos-immucore[654]: 
[0;90m
[0;38:5:245m
[0;1;31m
[0;90m
[0;38:5:245mAdding line to fstab
Sep 15 15:34:32.640024 localhost kairos-immucore[654]: 
[0;90m
[0;38:5:245m
[0;1;31m
[0;90m
[0;38:5:245mAdding line to fstab
Sep 15 15:34:32.640039 localhost kairos-immucore[654]: 
[0;90m
[0;38:5:245m
[0;1;31m
[0;90m
[0;38:5:245mAdding line to fstab
Sep 15 15:34:32.640054 localhost kairos-immucore[654]: 
[0;90m
[0;38:5:245m
[0;1;31m
[0;90m
[0;38:5:245mAdding line to fstab
Sep 15 15:34:32.640071 localhost kairos-immucore[654]: 
[0;90m
[0;38:5:245m
[0;1;31m
[0;90m
[0;38:5:245mAdding line to fstab
Sep 15 15:34:32.640161 localhost kairos-immucore[654]: 
[0;90m
[0;38:5:245m
[0;1;31m
[0;90m
[0;38:5:245mAdding line to fstab
Sep 15 15:34:32.640215 localhost kairos-immucore[654]: 
[0;90m
[0;38:5:245m
[0;1;31m
[0;90m
[0;38:5:245mAdding line to fstab
Sep 15 15:34:32.640233 localhost kairos-immucore[654]: 
[0;90m
[0;38:5:245m
[0;1;31m
[0;90m
[0;38:5:245mAdding line to fstab
Sep 15 15:34:32.640252 localhost kairos-immucore[654]: 
[0;90m
[0;38:5:245m
[0;1;31m
[0;90m
[0;38:5:245mAdding line to fstab
Sep 15 15:34:32.640267 localhost kairos-immucore[654]: 
[0;90m
[0;38:5:245m
[0;1;31m
[0;90m
[0;38:5:245mAdding line to fstab
Sep 15 15:34:32.640285 localhost kairos-immucore[654]: 
[0;90m
[0;38:5:245m
[0;1;31m
[0;90m
[0;38:5:245mAdding line to fstab
Sep 15 15:34:32.640330 localhost kairos-immucore[654]: 
[0;90m
[0;38:5:245m
[0;1;31m
[0;90m
[0;38:5:245mAdding line to fstab
Sep 15 15:34:32.640349 localhost kairos-immucore[654]: 
[0;90m
[0;38:5:245m
[0;1;31m
[0;90m
[0;38:5:245mAdding line to fstab
Sep 15 15:34:32.640370 localhost kairos-immucore[654]: 
[0;90m
[0;38:5:245m
[0;1;31m
[0;90m
[0;38:5:245mAdding line to fstab
Sep 15 15:34:32.640385 localhost kairos-immucore[654]: 
[0;90m
[0;38:5:245m
[0;1;31m
[0;90m
[0;38:5:245mAdding line to fstab
Sep 15 15:34:32.640399 localhost kairos-immucore[654]: 
[0;90m
[0;38:5:245m
[0;1;31m
[0;90m
[0;38:5:245mAdding line to fstab
Sep 15 15:34:32.640418 localhost kairos-immucore[654]: 
[0;90m
[0;38:5:245m
[0;1;31m
[0;90m
[0;38:5:245mAdding line to fstab
Sep 15 15:34:32.640465 localhost kairos-immucore[654]: 
[0;90m
[0;38:5:245m
[0;1;31m
[0;90m
[0;38:5:245mAdding line to fstab
Sep 15 15:34:32.640536 localhost kairos-immucore[654]: 
[0;90m
[0;38:5:245m
[0;1;31m
[0;90m
[0;38:5:245mAdding line to fstab
Sep 15 15:34:32.640576 localhost kairos-immucore[654]: 
[0;90m
[0;38:5:245m
[0;1;31m
[0;90m
[0;38:5:245mAdding line to fstab
Sep 15 15:34:32.640597 localhost kairos-immucore[654]: 
[0;90m
[0;38:5:245m
[0;1;31m
[0;90m
[0;38:5:245mAdding line to fstab
Sep 15 15:34:32.640610 localhost kairos-immucore[654]: 
[0;90m
[0;38:5:245m
[0;1;31m
[0;90m
[0;38:5:245mAdding line to fstab
Sep 15 15:34:32.640624 localhost kairos-immucore[654]: 
[0;90m
[0;38:5:245m
[0;1;31m
[0;90m
[0;38:5:245mAdding line to fstab
Sep 15 15:34:32.640638 localhost kairos-immucore[654]: 
[0;90m
[0;38:5:245m
[0;1;31m
[0;90m
[0;38:5:245mAdding line to fstab
Sep 15 15:34:32.657230 localhost kairos-immucore[654]: 
[0;90m
[0;38:5:245m
[0;1;31m
[0;90m
[0;38:5:245mEnabling system extensions
Sep 15 15:34:32.657270 localhost kairos-immucore[654]: 
[0;90m
[0;38:5:245m
[0;1;31m
[0;90m
[0;38:5:245mdetecting boot state
Sep 15 15:34:32.657294 localhost kairos-immucore[654]: 
[0;90m
[0;38:5:245m
[0;1;31m
[0;90m
[0;38:5:245mDetected in-RAM boot; classifying as Active
Sep 15 15:34:32.660215 localhost kairos-immucore[654]: 
[0;90m
[0;38:5:245m
[0;1;31m
[0;90m
[0;38:5:245mEnabling config extensions
Sep 15 15:34:32.660369 localhost kairos-immucore[654]: Running initramfs stage
Sep 15 15:34:32.671454 localhost kairos-immucore[654]: Running stage: initramfs.before
Sep 15 15:34:32.671744 localhost kairos-immucore[654]: 
[0;90m
[0;38:5:245m
[0;1;31m
[0;90m
[0;38:5:245mGenerating op for stage 'Datasource handling.Move old datasource to new location'
Sep 15 15:34:32.671769 localhost kairos-immucore[654]: 
[0;90m
[0;38:5:245m
[0;1;31m
[0;90m
[0;38:5:245mGenerating op for stage 'Datasource handling.Remove old userdata'
Sep 15 15:34:32.671780 localhost kairos-immucore[654]: 
[0;90m
[0;38:5:245m
[0;1;31m
[0;90m
[0;38:5:245mGenerating op for stage 'Datasource handling.Pull data from provider'
Sep 15 15:34:32.671792 localhost kairos-immucore[654]: 
[0;90m
[0;38:5:245m
[0;1;31m
[0;90m
[0;38:5:245mGenerating op for stage 'Datasource handling.3'
Sep 15 15:34:32.674370 localhost kairos-immucore[654]: 
[0;90m
[0;38:5:245m
[0;1;31m
[0;90m
[0;38:5:245mGenerating op for stage 'RPI configs.Set a safe date before user creation for RPI without hardware clocks'
Sep 15 15:34:32.675120 localhost kairos-immucore[654]: 
[0;90m
[0;38:5:245m
[0;1;31m
[0;90m
[0;38:5:245mGenerating op for stage '/system/oem/29_blacklist.yaml.Blacklist bpfilter on Alpine ( bug: https://github.com/kairos-io/kairos/issues/277 )'
Sep 15 15:34:32.675248 localhost kairos-immucore[654]: 
[0;90m
[0;38:5:245m
[0;1;31m
[0;90m
[0;38:5:245mGenerating op for stage 'L4T RootFS Prep for Orin NX.Apply NVIDIA binaries'
Sep 15 15:34:32.676678 localhost kairos-immucore[654]: 
[0;90m
[0;38:5:245m
[0;1;31m
[0;90m
[0;38:5:245mReading '/system/oem/29_blacklist.yaml'
Sep 15 15:34:32.676699 localhost kairos-immucore[654]: 
[0;90m
[0;38:5:245m
[0;1;31m
[0;90m
[0;38:5:245mExecuting stage '/system/oem/29_blacklist.yaml.Blacklist bpfilter on Alpine ( bug: https://github.com/kairos-io/kairos/issues/277 )'
Sep 15 15:34:32.677739 localhost kairos-immucore[654]: 
[0;90m
[0;38:5:245m
[0;1;31m
[0;90m
[0;38:5:245mReading '/system/oem/00_datasource.yaml'
Sep 15 15:34:32.677774 localhost kairos-immucore[654]: 
[0;90m
[0;38:5:245m
[0;1;31m
[0;90m
[0;38:5:245mExecuting stage 'Datasource handling.Move old datasource to new location'
Sep 15 15:34:32.677798 localhost kairos-immucore[654]: 
[0;90m
[0;38:5:245m
[0;1;31m
[0;90m
[0;38:5:245mFound systemd at /bin/systemctl
Sep 15 15:34:32.677869 localhost kairos-immucore[654]: 
[0;1;33m
[0;1;38:5:185m
[0;1;39m
[0;1;33m
[0;1;38:5:185m(conditional) Skip 'service manager doesn't match openrc' stage name: /system/oem/29_blacklist.yaml.Blacklist bpfilter on Alpine ( bug: https://github.com/kairos-io/kairos/issues/277 )
Sep 15 15:34:32.677976 localhost kairos-immucore[654]: 
[0;90m
[0;38:5:245m
[0;1;31m
[0;90m
[0;38:5:245mReading '/system/oem/11_RPI.yaml'
Sep 15 15:34:32.677993 localhost kairos-immucore[654]: 
[0;90m
[0;38:5:245m
[0;1;31m
[0;90m
[0;38:5:245mExecuting stage 'RPI configs.Set a safe date before user creation for RPI without hardware clocks'
Sep 15 15:34:32.696226 localhost kairos-immucore[654]: 
[0;1;33m
[0;1;38:5:185m
[0;1;39m
[0;1;33m
[0;1;38:5:185m(conditional) Skip 'Skipping stage (if statement error: failed to run [ -f "/proc/device-tree/model" ] && grep -i "Raspberry Pi" "/proc/device-tree/model": exit status 1)' stage name: RPI configs.Set a safe date before user creation for RPI without hardware clocks
Sep 15 15:34:32.698617 localhost kairos-immucore[654]: 
[0;1;33m
[0;1;38:5:185m
[0;1;39m
[0;1;33m
[0;1;38:5:185m(conditional) Skip 'Skipping stage (if statement error: failed to run [ -d /oem/userdata ] && [ ! -d /oem/95_userdata ]: exit status 1)' stage name: Datasource handling.Move old datasource to new location
Sep 15 15:34:32.698689 localhost kairos-immucore[654]: 
[0;90m
[0;38:5:245m
[0;1;31m
[0;90m
[0;38:5:245mReading '/system/oem/30-prepare-l4t-rootfs.yaml'
Sep 15 15:34:32.698703 localhost kairos-immucore[654]: 
[0;90m
[0;38:5:245m
[0;1;31m
[0;90m
[0;38:5:245mExecuting stage 'L4T RootFS Prep for Orin NX.Apply NVIDIA binaries'
Sep 15 15:34:32.699673 localhost kairos-immucore[654]: 
[0;90m
[0;38:5:245m
[0;1;31m
[0;90m
[0;38:5:245mReading '/system/oem/00_datasource.yaml'
Sep 15 15:34:32.699697 localhost kairos-immucore[654]: 
[0;90m
[0;38:5:245m
[0;1;31m
[0;90m
[0;38:5:245mExecuting stage 'Datasource handling.Remove old userdata'
Sep 15 15:34:32.700694 localhost kairos-immucore[654]: 
[0;1;33m
[0;1;38:5:185m
[0;1;39m
[0;1;33m
[0;1;38:5:185m(conditional) Skip 'Skipping stage (if statement error: failed to run [ -f "/proc/device-tree/model" ] && grep -i "Orin NX" "/proc/device-tree/model": exit status 1)' stage name: L4T RootFS Prep for Orin NX.Apply NVIDIA binaries
Sep 15 15:34:32.701247 localhost kairos-immucore[654]: 
[0;1;33m
[0;1;38:5:185m
[0;1;39m
[0;1;33m
[0;1;38:5:185m(conditional) Skip 'Skipping stage (if statement error: failed to run [ -d /oem/userdata ] && [ -d /oem/95_userdata ]: exit status 1)' stage name: Datasource handling.Remove old userdata
Sep 15 15:34:32.701316 localhost kairos-immucore[654]: 
[0;90m
[0;38:5:245m
[0;1;31m
[0;90m
[0;38:5:245mReading '/system/oem/00_datasource.yaml'
Sep 15 15:34:32.701399 localhost kairos-immucore[654]: 
[0;90m
[0;38:5:245m
[0;1;31m
[0;90m
[0;38:5:245mExecuting stage 'Datasource handling.Pull data from provider'
Sep 15 15:34:32.704079 localhost kairos-immucore[654]: 
[0;1;33m
[0;1;38:5:185m
[0;1;39m
[0;1;33m
[0;1;38:5:185m(conditional) Skip 'Skipping stage (if statement error: failed to run [ ! -e /oem/95_userdata ] && ([ ! -f /run/cos/uki_boot_mode ] || grep -q "kairos.pull_datasources" /proc/cmdline ): exit status 1)' stage name: Datasource handling.Pull data from provider
Sep 15 15:34:32.704186 localhost kairos-immucore[654]: 
[0;90m
[0;38:5:245m
[0;1;31m
[0;90m
[0;38:5:245mReading '/system/oem/00_datasource.yaml'
Sep 15 15:34:32.704261 localhost kairos-immucore[654]: 
[0;90m
[0;38:5:245m
[0;1;31m
[0;90m
[0;38:5:245mExecuting stage 'Datasource handling.3'
Sep 15 15:34:32.706988 localhost kairos-immucore[654]: 
[0;1;33m
[0;1;38:5:185m
[0;1;39m
[0;1;33m
[0;1;38:5:185m(conditional) Skip 'Skipping stage (if statement error: failed to run [ ! -e /oem/95_userdata ]: exit status 1)' stage name: Datasource handling.3
Sep 15 15:34:32.707291 localhost kairos-immucore[654]: Done executing stage 'initramfs.before'
Sep 15 15:34:32.707309 localhost kairos-immucore[654]: Running stage: initramfs
Sep 15 15:34:32.707649 localhost kairos-immucore[654]: 
[0;90m
[0;38:5:245m
[0;1;31m
[0;90m
[0;38:5:245mGenerating op for stage 'Rootfs Layout Settings.Create journalctl /var/log/journal dir'
Sep 15 15:34:32.707675 localhost kairos-immucore[654]: 
[0;90m
[0;38:5:245m
[0;1;31m
[0;90m
[0;38:5:245mGenerating op for stage 'Rootfs Layout Settings.Restore /etc/machine-id for systemd systems'
Sep 15 15:34:32.707686 localhost kairos-immucore[654]: 
[0;90m
[0;38:5:245m
[0;1;31m
[0;90m
[0;38:5:245mGenerating op for stage 'Rootfs Layout Settings.Ensure /etc/machine-id for systemd systems'
Sep 15 15:34:32.707697 localhost kairos-immucore[654]: 
[0;90m
[0;38:5:245m
[0;1;31m
[0;90m
[0;38:5:245mGenerating op for stage 'Rootfs Layout Settings.Ensure /etc/machine-id for openrc systems'
Sep 15 15:34:32.707831 localhost kairos-immucore[654]: 
[0;90m
[0;38:5:245m
[0;1;31m
[0;90m
[0;38:5:245mGenerating op for stage 'Start agent.0'
Sep 15 15:34:32.707906 localhost kairos-immucore[654]: 
[0;90m
[0;38:5:245m
[0;1;31m
[0;90m
[0;38:5:245mGenerating op for stage 'Notify Kairos Plugins of Elemental Events.0'
Sep 15 15:34:32.708686 localhost kairos-immucore[654]: 
[0;90m
[0;38:5:245m
[0;1;31m
[0;90m
[0;38:5:245mGenerating op for stage 'Default network configuration.Enable systemd-network config files for DHCP'
Sep 15 15:34:32.708710 localhost kairos-immucore[654]: 
[0;90m
[0;38:5:245m
[0;1;31m
[0;90m
[0;38:5:245mGenerating op for stage 'Default network configuration.Disable NetworkManager and wicked'
Sep 15 15:34:32.708727 localhost kairos-immucore[654]: 
[0;90m
[0;38:5:245m
[0;1;31m
[0;90m
[0;38:5:245mGenerating op for stage 'Default network configuration.Link /etc/resolv.conf to systemd resolv.conf'
Sep 15 15:34:32.708741 localhost kairos-immucore[654]: 
[0;90m
[0;38:5:245m
[0;1;31m
[0;90m
[0;38:5:245mGenerating op for stage 'Default network configuration.Enabled systemd-networkd on Red Hat if available'
Sep 15 15:34:32.708754 localhost kairos-immucore[654]: 
[0;90m
[0;38:5:245m
[0;1;31m
[0;90m
[0;38:5:245mGenerating op for stage 'Default network configuration.Enable systemd-resolved on Red Hat if available'
Sep 15 15:34:32.708842 localhost kairos-immucore[654]: 
[0;90m
[0;38:5:245m
[0;1;31m
[0;90m
[0;38:5:245mGenerating op for stage 'Enable EFI assessment.Override systemd-boot services to enable RW on /efi partition'
Sep 15 15:34:32.708856 localhost kairos-immucore[654]: 
[0;90m
[0;38:5:245m
[0;1;31m
[0;90m
[0;38:5:245mGenerating op for stage 'Enable EFI assessment.Enable boot assessment'
Sep 15 15:34:32.709230 localhost kairos-immucore[654]: 
[0;90m
[0;38:5:245m
[0;1;31m
[0;90m
[0;38:5:245mGenerating op for stage 'Default config.Generate host keys'
Sep 15 15:34:32.709545 localhost kairos-immucore[654]: 
[0;90m
[0;38:5:245m
[0;1;31m
[0;90m
[0;38:5:245mGenerating op for stage 'Create openrc services.Create OpenRC services'
Sep 15 15:34:32.709574 localhost kairos-immucore[654]: 
[0;90m
[0;38:5:245m
[0;1;31m
[0;90m
[0;38:5:245mGenerating op for stage 'Create openrc services.Enable OpenRC services'
Sep 15 15:34:32.710308 localhost kairos-immucore[654]: 
[0;90m
[0;38:5:245m
[0;1;31m
[0;90m
[0;38:5:245mGenerating op for stage 'Default config.Default systemd config'
Sep 15 15:34:32.710331 localhost kairos-immucore[654]: 
[0;90m
[0;38:5:245m
[0;1;31m
[0;90m
[0;38:5:245mGenerating op for stage 'Default config.Create systemd services'
Sep 15 15:34:32.710345 localhost kairos-immucore[654]: 
[0;90m
[0;38:5:245m
[0;1;31m
[0;90m
[0;38:5:245mGenerating op for stage 'Default config.Override systemd-tpm2-setup/systemd-pcrproduct with temporary RW under /efi'
Sep 15 15:34:32.710359 localhost kairos-immucore[654]: 
[0;90m
[0;38:5:245m
[0;1;31m
[0;90m
[0;38:5:245mGenerating op for stage 'Default config.Enable systemd services'
Sep 15 15:34:32.710489 localhost kairos-immucore[654]: 
[0;90m
[0;38:5:245m
[0;1;31m
[0;90m
[0;38:5:245mGenerating op for stage 'Default user, permissions and serial login.Setup groups.0'
Sep 15 15:34:32.710575 localhost kairos-immucore[654]: 
[0;90m
[0;38:5:245m
[0;1;31m
[0;90m
[0;38:5:245mGenerating op for stage 'Default user, permissions and serial login.Setup users.1'
Sep 15 15:34:32.710599 localhost kairos-immucore[654]: 
[0;90m
[0;38:5:245m
[0;1;31m
[0;90m
[0;38:5:245mGenerating op for stage 'Default user, permissions and serial login.Set user password if running in live or uki.2'
Sep 15 15:34:32.710614 localhost kairos-immucore[654]: 
[0;90m
[0;38:5:245m
[0;1;31m
[0;90m
[0;38:5:245mGenerating op for stage 'Default user, permissions and serial login.Setup sudo.3'
Sep 15 15:34:32.710628 localhost kairos-immucore[654]: 
[0;90m
[0;38:5:245m
[0;1;31m
[0;90m
[0;38:5:245mGenerating op for stage 'Default user, permissions and serial login.Ensure runtime permission.4'
Sep 15 15:34:32.710643 localhost kairos-immucore[654]: 
[0;90m
[0;38:5:245m
[0;1;31m
[0;90m
[0;38:5:245mGenerating op for stage 'Default user, permissions and serial login.Ensure runtime permission.5'
Sep 15 15:34:32.710777 localhost kairos-immucore[654]: 
[0;90m
[0;38:5:245m
[0;1;31m
[0;90m
[0;38:5:245mGenerating op for stage 'Nvidia jetson specific files.Create files'
Sep 15 15:34:32.710958 localhost kairos-immucore[654]: 
[0;90m
[0;38:5:245m
[0;1;31m
[0;90m
[0;38:5:245mGenerating op for stage 'Root autologin.0'
Sep 15 15:34:32.710980 localhost kairos-immucore[654]: 
[0;90m
[0;38:5:245m
[0;1;31m
[0;90m
[0;38:5:245mGenerating op for stage 'Root autologin.Autologin on livecd for OpenRC'
Sep 15 15:34:32.711037 localhost kairos-immucore[654]: 
[0;90m
[0;38:5:245m
[0;1;31m
[0;90m
[0;38:5:245mGenerating op for stage 'SELinux.Relabelling'
Sep 15 15:34:32.711451 localhost kairos-immucore[654]: 
[0;90m
[0;38:5:245m
[0;1;31m
[0;90m
[0;38:5:245mGenerating op for stage '/system/oem/31_hosts.yaml.Ensure persistent hosts file'
Sep 15 15:34:32.711472 localhost kairos-immucore[654]: 
[0;90m
[0;38:5:245m
[0;1;31m
[0;90m
[0;38:5:245mGenerating op for stage '/system/oem/31_hosts.yaml.Ensure persistent /etc/ directory'
Sep 15 15:34:32.711482 localhost kairos-immucore[654]: 
[0;90m
[0;38:5:245m
[0;1;31m
[0;90m
[0;38:5:245mGenerating op for stage '/system/oem/31_hosts.yaml.Ensure persistent hostname'
Sep 15 15:34:32.711598 localhost kairos-immucore[654]: 
[0;90m
[0;38:5:245m
[0;1;31m
[0;90m
[0;38:5:245mGenerating op for stage 'Profile extensions.Set KUBECONFIG to access k9s and kubectl'
Sep 15 15:34:32.711731 localhost kairos-immucore[654]: 
[0;90m
[0;38:5:245m
[0;1;31m
[0;90m
[0;38:5:245mGenerating op for stage 'Start recovery on tty1.Starts kairos-recovery and generate a temporary pass'
Sep 15 15:34:32.711753 localhost kairos-immucore[654]: 
[0;90m
[0;38:5:245m
[0;1;31m
[0;90m
[0;38:5:245mGenerating op for stage 'Start recovery on tty1.Starts kairos-recovery for openRC based systems'
Sep 15 15:34:32.711820 localhost kairos-immucore[654]: 
[0;90m
[0;38:5:245m
[0;1;31m
[0;90m
[0;38:5:245mGenerating op for stage 'Start reset on tty1.Starts kairos-reset for systemd based systems'
Sep 15 15:34:32.711830 localhost kairos-immucore[654]: 
[0;90m
[0;38:5:245m
[0;1;31m
[0;90m
[0;38:5:245mGenerating op for stage 'Start reset on tty1.Starts kairos-reset for openRC-based systems'
Sep 15 15:34:32.711971 localhost kairos-immucore[654]: 
[0;90m
[0;38:5:245m
[0;1;31m
[0;90m
[0;38:5:245mGenerating op for stage 'Start installer on tty1..0'
Sep 15 15:34:32.711990 localhost kairos-immucore[654]: 
[0;90m
[0;38:5:245m
[0;1;31m
[0;90m
[0;38:5:245mGenerating op for stage 'Start installer on tty1..1'
Sep 15 15:34:32.712001 localhost kairos-immucore[654]: 
[0;90m
[0;38:5:245m
[0;1;31m
[0;90m
[0;38:5:245mGenerating op for stage 'Start installer on tty1..2'
Sep 15 15:34:32.712011 localhost kairos-immucore[654]: 
[0;90m
[0;38:5:245m
[0;1;31m
[0;90m
[0;38:5:245mGenerating op for stage 'Start installer on tty1..3'
Sep 15 15:34:32.712193 localhost kairos-immucore[654]: 
[0;90m
[0;38:5:245m
[0;1;31m
[0;90m
[0;38:5:245mGenerating op for stage 'sysext and confext configuration.systemd-sysext/confext uki config'
Sep 15 15:34:32.712211 localhost kairos-immucore[654]: 
[0;90m
[0;38:5:245m
[0;1;31m
[0;90m
[0;38:5:245mGenerating op for stage 'sysext and confext configuration.systemd-sysext/confext config'
Sep 15 15:34:32.712224 localhost kairos-immucore[654]: 
[0;90m
[0;38:5:245m
[0;1;31m
[0;90m
[0;38:5:245mGenerating op for stage 'sysext and confext configuration.systemd-sysext set hierarchy system-wide'
Sep 15 15:34:32.712235 localhost kairos-immucore[654]: 
[0;90m
[0;38:5:245m
[0;1;31m
[0;90m
[0;38:5:245mGenerating op for stage 'sysext and confext configuration.systemd-sysext/confext initramfs settings'
Sep 15 15:34:32.712445 localhost kairos-immucore[654]: 
[0;90m
[0;38:5:245m
[0;1;31m
[0;90m
[0;38:5:245mReading '/system/oem/31_hosts.yaml'
Sep 15 15:34:32.712455 localhost kairos-immucore[654]: 
[0;90m
[0;38:5:245m
[0;1;31m
[0;90m
[0;38:5:245mExecuting stage '/system/oem/31_hosts.yaml.Ensure persistent hosts file'
Sep 15 15:34:32.712584 localhost kairos-immucore[654]: 
[0;90m
[0;38:5:245m
[0;1;31m
[0;90m
[0;38:5:245mReading '/system/oem/12_nvidia.yaml'
Sep 15 15:34:32.712604 localhost kairos-immucore[654]: 
[0;90m
[0;38:5:245m
[0;1;31m
[0;90m
[0;38:5:245mExecuting stage 'Nvidia jetson specific files.Create files'
Sep 15 15:34:32.713551 localhost kairos-immucore[654]: 
[0;90m
[0;38:5:245m
[0;1;31m
[0;90m
[0;38:5:245mIf statement result 
Sep 15 15:34:32.713573 localhost kairos-immucore[654]: Processing stage step '/system/oem/31_hosts.yaml.Ensure persistent hosts file'. ( commands: 2, files: 1, ... )
Sep 15 15:34:32.713614 localhost kairos-immucore[654]: 
[0;90m
[0;38:5:245m
[0;1;31m
[0;90m
[0;38:5:245mStage: schema.Stage{
                                                       
[0;90m
[0;38:5:245m  Commands: []string{
                                                       
[0;90m
[0;38:5:245m    "rm -f /etc/hosts",
                                                       
[0;90m
[0;38:5:245m    "ln -sf /usr/local/etc/hosts /etc/hosts",
                                                       
[0;90m
[0;38:5:245m  },
                                                       
[0;90m
[0;38:5:245m  Files: []schema.File{
                                                       
[0;90m
[0;38:5:245m    schema.File{
                                                       
[0;90m
[0;38:5:245m      Path: "/usr/local/etc/hosts",
                                                       
[0;90m
[0;38:5:245m      Permissions: 420,
                                                       
[0;90m
[0;38:5:245m      Content: "127.0.0.1 localhost\n::1       localhost\n",
                                                       
[0;90m
[0;38:5:245m    },
                                                       
[0;90m
[0;38:5:245m  },
                                                       
[0;90m
[0;38:5:245m  Directories: []schema.Directory{
                                                       
[0;90m
[0;38:5:245m    schema.Directory{
                                                       
[0;90m
[0;38:5:245m      Path: "/usr/local/etc/",
                                                       
[0;90m
[0;38:5:245m      Permissions: 493,
                                                       
[0;90m
[0;38:5:245m    },
                                                       
[0;90m
[0;38:5:245m  },
                                                       
[0;90m
[0;38:5:245m  If: "[ ! -f \"/run/cos/recovery_mode\" ] && [ ! -L \"/etc/hosts\" ]",
                                                       
[0;90m
[0;38:5:245m  Name: "Ensure persistent hosts file",
                                                       
[0;90m
[0;38:5:245m}
Sep 15 15:34:32.713647 localhost kairos-immucore[654]: 
[0;90m
[0;38:5:245m
[0;1;31m
[0;90m
[0;38:5:245mCreating directory /usr/local/etc
Sep 15 15:34:33.598926 localhost immucore[654]: 2026-09-15T15:34:32Z WRN (conditional) Skip 'Skipping stage (if statement error: failed to run (grep -qv "interactive-install" /proc/cmdline || grep -qv "install-mode-interactive" /proc/cmdline ) && \
Sep 15 15:34:33.598926 localhost immucore[654]: ([ -f /run/cos/live_mode ] || [ -f /run/cos/uki_install_mode ])
Sep 15 15:34:33.598926 localhost immucore[654]: : exit status 1)' stage name: Root autologin.0
Sep 15 15:34:33.598926 localhost immucore[654]: 2026-09-15T15:34:32Z DBG Empty command output
Sep 15 15:34:32.714332 localhost kairos-immucore[654]: 
[0;90m
[0;38:5:245m
[0;1;31m
[0;90m
[0;38:5:245mCreating directory /usr/local/etc/
Sep 15 15:34:33.616599 localhost immucore[654]: 2026-09-15T15:34:32Z DBG Found systemd at /bin/systemctl
Sep 15 15:34:33.616599 localhost immucore[654]: 2026-09-15T15:34:33Z INF Processing stage step 'Default network configuration.Enable systemd-network config files for DHCP'. ( commands: 1, files: 2, ... )
Sep 15 15:34:33.616599 localhost immucore[654]: 2026-09-15T15:34:33Z DBG Stage: schema.Stage{
Sep 15 15:34:33.616599 localhost immucore[654]:   Commands: []string{
Sep 15 15:34:33.616599 localhost immucore[654]:     "networkctl reload",
Sep 15 15:34:33.616599 localhost immucore[654]:   },
Sep 15 15:34:33.616599 localhost immucore[654]:   Files: []schema.File{
Sep 15 15:34:33.616599 localhost immucore[654]:     schema.File{
Sep 15 15:34:33.616599 localhost immucore[654]:       Path: "/etc/systemd/network/20-dhcp.network",
Sep 15 15:34:33.616599 localhost immucore[654]:       Permissions: 420,
Sep 15 15:34:33.616599 localhost immucore[654]:       Content: "[Match]\nName=en*\n[Network]\nDHCP=yes\n[DHCP]\nClientIdentifier=mac\n",
Sep 15 15:34:33.616599 localhost immucore[654]:     },
Sep 15 15:34:33.616599 localhost immucore[654]:     schema.File{
Sep 15 15:34:33.616599 localhost immucore[654]:       Path: "/etc/systemd/network/20-dhcp-legacy.network",
Sep 15 15:34:33.616599 localhost immucore[654]:       Permissions: 420,
Sep 15 15:34:33.616599 localhost immucore[654]:       Content: "[Match]\nName=eth*\n[Network]\nDHCP=yes\n[DHCP]\nClientIdentifier=mac\n",
Sep 15 15:34:33.616599 localhost immucore[654]:     },
Sep 15 15:34:33.616599 localhost immucore[654]:   },
Sep 15 15:34:33.616599 localhost immucore[654]:   Name: "Enable systemd-network config files for DHCP",
Sep 15 15:34:33.616599 localhost immucore[654]:   OnlyIfOs: "Ubuntu.*|Debian.*|Fedora.*|CentOS.*|Rocky.*|AlmaLinux.*|Oracle.*Linux.*|SUSE.*|[Oo]penSUSE.*|Hadron.*|Red.*Hat.*",
Sep 15 15:34:33.616599 localhost immucore[654]:   OnlyIfServiceManager: "systemd",
Sep 15 15:34:33.616599 localhost immucore[654]: }
Sep 15 15:34:33.616599 localhost immucore[654]: 2026-09-15T15:34:33Z DBG Creating file /etc/systemd/network/20-dhcp.network
Sep 15 15:34:33.616599 localhost immucore[654]: 2026-09-15T15:34:33Z DBG Creating file /etc/systemd/network/20-dhcp-legacy.network
Sep 15 15:34:33.616599 localhost immucore[654]: 2026-09-15T15:34:33Z DBG Command output: Generating public/private rsa key pair.
Sep 15 15:34:33.616599 localhost immucore[654]: Your identification has been saved in /etc/ssh/ssh_host_rsa_key
Sep 15 15:34:33.616599 localhost immucore[654]: Your public key has been saved in /etc/ssh/ssh_host_rsa_key.pub
Sep 15 15:34:33.616599 localhost immucore[654]: The key fingerprint is:
Sep 15 15:34:33.616599 localhost immucore[654]: SHA256:EzFP/FhBR5+/2jypTIZhnO0yt16lF7nqWk8m5Oh1FWo root@localhost
Sep 15 15:34:33.616599 localhost immucore[654]: The key's randomart image is:
Sep 15 15:34:33.616599 localhost immucore[654]: +---[RSA 4096]----+
Sep 15 15:34:33.616599 localhost immucore[654]: |        o...ooo  |
Sep 15 15:34:33.616599 localhost immucore[654]: |         =. .. ..|
Sep 15 15:34:33.616599 localhost immucore[654]: |        . .+   o.|
Sep 15 15:34:33.616599 localhost immucore[654]: |         .o + . +|
Sep 15 15:34:33.616599 localhost immucore[654]: |        S  = E o+|
Sep 15 15:34:33.616599 localhost immucore[654]: |         .. O  .*|
Sep 15 15:34:33.616599 localhost immucore[654]: |           = X.Bo|
Sep 15 15:34:33.616599 localhost immucore[654]: |          . X &+ |
Sep 15 15:34:33.616599 localhost immucore[654]: |           o+O.+.|
Sep 15 15:34:33.616599 localhost immucore[654]: +----[SHA256]-----+
Sep 15 15:34:33.616599 localhost immucore[654]: 2026-09-15T15:34:32Z DBG Command output: Created symlink '/etc/systemd/system/multi-user.target.wants/kairos-agent.service' 
 '/etc/systemd/system/kairos-agent.service'.
Sep 15 15:34:33.616599 localhost immucore[654]: 2026-09-15T15:34:33Z INF Running layout plugin
Sep 15 15:34:32.714352 localhost kairos-immucore[654]: 
[0;1;31m
[0;1;39m
[0;1;31mmkdir /usr/local/etc/: file exists
Sep 15 15:34:33.744282 localhost immucore[654]: 2026-09-15T15:34:33Z DBG Device field empty, skipping layout plugin
Sep 15 15:34:33.744282 localhost immucore[654]: 2026-09-15T15:34:33Z DBG Empty command output
Sep 15 15:34:33.744282 localhost immucore[654]: 2026-09-15T15:34:33Z INF Running layout plugin
Sep 15 15:34:33.744282 localhost immucore[654]: 2026-09-15T15:34:33Z DBG Device field empty, skipping layout plugin
Sep 15 15:34:33.744282 localhost immucore[654]: 2026-09-15T15:34:33Z DBG Command output: Running in chroot, ignoring command 'reload'
Sep 15 15:34:33.744282 localhost immucore[654]: 2026-09-15T15:34:33Z INF Running layout plugin
Sep 15 15:34:33.744282 localhost immucore[654]: 2026-09-15T15:34:33Z DBG Device field empty, skipping layout plugin
Sep 15 15:34:33.744282 localhost immucore[654]: 2026-09-15T15:34:33Z DBG Command output: Generating public/private ed25519 key pair.
Sep 15 15:34:33.744282 localhost immucore[654]: Your identification has been saved in /etc/ssh/ssh_host_ed25519_key
Sep 15 15:34:33.744282 localhost immucore[654]: Your public key has been saved in /etc/ssh/ssh_host_ed25519_key.pub
Sep 15 15:34:33.744282 localhost immucore[654]: The key fingerprint is:
Sep 15 15:34:33.744282 localhost immucore[654]: SHA256:z1CCcODxzy61Ncd3Ujca3YQl05+iltNwUfZuwnV6q5g root@localhost
Sep 15 15:34:33.744282 localhost immucore[654]: The key's randomart image is:
Sep 15 15:34:33.744282 localhost immucore[654]: +--[ED25519 256]--+
Sep 15 15:34:33.744282 localhost immucore[654]: |    +..       +*o|
Sep 15 15:34:33.744282 localhost immucore[654]: |   . = .     .+++|
Sep 15 15:34:33.744282 localhost immucore[654]: |    . o . .  ..oX|
Sep 15 15:34:33.744282 localhost immucore[654]: |       o o o +o*=|
Sep 15 15:34:33.744282 localhost immucore[654]: |        S o O.B =|
Sep 15 15:34:33.744282 localhost immucore[654]: |       o * B o *.|
Sep 15 15:34:33.744282 localhost immucore[654]: |      . o + .  . |
Sep 15 15:34:33.744282 localhost immucore[654]: |       .    o .  |
Sep 15 15:34:33.744282 localhost immucore[654]: |           E .   |
Sep 15 15:34:33.744282 localhost immucore[654]: +----[SHA256]-----+
Sep 15 15:34:33.744282 localhost immucore[654]: 2026-09-15T15:34:33Z INF Running layout plugin
Sep 15 15:34:33.744282 localhost immucore[654]: 2026-09-15T15:34:33Z DBG Device field empty, skipping layout plugin
Sep 15 15:34:33.744282 localhost immucore[654]: 2026-09-15T15:34:33Z DBG Reading '/system/oem/31_hosts.yaml'
Sep 15 15:34:33.744282 localhost immucore[654]: 2026-09-15T15:34:33Z DBG Executing stage '/system/oem/31_hosts.yaml.Ensure persistent /etc/ directory'
Sep 15 15:34:33.744282 localhost immucore[654]: 2026-09-15T15:34:33Z DBG Reading '/system/oem/05_network.yaml'
Sep 15 15:34:33.744282 localhost immucore[654]: 2026-09-15T15:34:33Z DBG Executing stage 'Default network configuration.Disable NetworkManager and wicked'
Sep 15 15:34:33.744282 localhost immucore[654]: 2026-09-15T15:34:33Z WRN (conditional) Skip 'OnlyIfOs regex ([Oo]penSUSE.*|SUSE.*) doesn't match os name Hadron Linux' stage name: Default network configuration.Disable NetworkManager and wicked
Sep 15 15:34:33.744282 localhost immucore[654]: 2026-09-15T15:34:33Z DBG Reading '/system/oem/02_notify.yaml'
Sep 15 15:34:33.744282 localhost immucore[654]: 2026-09-15T15:34:33Z DBG Executing stage 'Notify Kairos Plugins of Elemental Events.0'
Sep 15 15:34:32.714371 localhost kairos-immucore[654]: 
[0;1;31m
[0;1;39m
[0;1;31mError on file /system/oem/31_hosts.yaml on stage Ensure persistent hosts file: 1 error occurred:
                                                       
[0;1;31m        * mkdir /usr/local/etc/: file exists
                                                       
[0;1;31m
Sep 15 15:34:33.855829 localhost immucore[654]: 2026-09-15T15:34:33Z DBG Reading '/system/oem/25_autologin.yaml'
Sep 15 15:34:33.855829 localhost immucore[654]: 2026-09-15T15:34:33Z DBG Executing stage 'Root autologin.Autologin on livecd for OpenRC'
Sep 15 15:34:33.855829 localhost immucore[654]: 2026-09-15T15:34:33Z WRN (conditional) Skip 'Skipping stage (if statement error: failed to run [ ! -f "/run/cos/recovery_mode" ] && [ ! -d /usr/local/etc ]: exit status 1)' stage name: /system/oem/31_hosts.yaml.Ensure persistent /etc/ directory
Sep 15 15:34:33.855829 localhost immucore[654]: 2026-09-15T15:34:33Z DBG Reading '/system/oem/00_rootfs.yaml'
Sep 15 15:34:33.855829 localhost immucore[654]: 2026-09-15T15:34:33Z DBG Executing stage 'Rootfs Layout Settings.Restore /etc/machine-id for systemd systems'
Sep 15 15:34:33.855829 localhost immucore[654]: 2026-09-15T15:34:33Z DBG Reading '/system/oem/09_openrc_services.yaml'
Sep 15 15:34:33.855829 localhost immucore[654]: 2026-09-15T15:34:33Z DBG Executing stage 'Create openrc services.Create OpenRC services'
Sep 15 15:34:33.855829 localhost immucore[654]: 2026-09-15T15:34:33Z DBG Found systemd at /bin/systemctl
Sep 15 15:34:33.855829 localhost immucore[654]: 2026-09-15T15:34:33Z WRN (conditional) Skip 'service manager doesn't match openrc' stage name: Create openrc services.Create OpenRC services
Sep 15 15:34:33.855829 localhost immucore[654]: 2026-09-15T15:34:33Z DBG If statement result
Sep 15 15:34:33.855829 localhost immucore[654]: 2026-09-15T15:34:33Z INF Processing stage step 'Notify Kairos Plugins of Elemental Events.0'. ( commands: 1, files: 0, ... )
Sep 15 15:34:33.855829 localhost immucore[654]: 2026-09-15T15:34:33Z DBG Stage: schema.Stage{
Sep 15 15:34:33.855829 localhost immucore[654]:   Commands: []string{
Sep 15 15:34:33.855829 localhost immucore[654]:     "kairos-agent notify agent.boot",
Sep 15 15:34:33.855829 localhost immucore[654]:   },
Sep 15 15:34:33.855829 localhost immucore[654]:   If: "[ ! -f \"/run/cos/recovery_mode\" ] && [ ! -f \"/run/cos/live_mode\" ]",
Sep 15 15:34:33.855829 localhost immucore[654]: }
Sep 15 15:34:33.855829 localhost immucore[654]: 2026-09-15T15:34:33Z WRN (conditional) Skip 'Skipping stage (if statement error: failed to run (grep -qv "interactive-install" /proc/cmdline || grep -qv "install-mode-interactive" /proc/cmdline) && \
Sep 15 15:34:33.855829 localhost immucore[654]: [ -f /run/cos/live_mode ]
Sep 15 15:34:33.855829 localhost immucore[654]: : exit status 1)' stage name: Root autologin.Autologin on livecd for OpenRC
Sep 15 15:34:32.714387 localhost kairos-immucore[654]: 
[0;90m
[0;38:5:245m
[0;1;31m
[0;90m
[0;38:5:245mCreating file /usr/local/etc/hosts
Sep 15 15:34:33.940880 localhost immucore[654]: 2026-09-15T15:34:33Z WRN (conditional) Skip 'Skipping stage (if statement error: failed to run [ ! -f "/run/cos/recovery_mode" ] && [ -s /usr/local/etc/machine-id ]: exit status 1)' stage name: Rootfs Layout Settings.Restore /etc/machine-id for systemd systems
Sep 15 15:34:32.714549 localhost kairos-immucore[654]: 
[0;1;33m
[0;1;38:5:185m
[0;1;39m
[0;1;33m
[0;1;38:5:185m(conditional) Skip 'Skipping stage (if statement error: failed to run [ -f "/sys/firmware/devicetree/base/model" ] && grep -i jetson "/sys/firmware/devicetree/base/model"
                                                       
[0;1;33m
[0;1;38:5:185m: exit status 1)' stage name: Nvidia jetson specific files.Create files
Sep 15 15:34:32.714802 localhost kairos-immucore[654]: 
[0;90m
[0;38:5:245m
[0;1;31m
[0;90m
[0;38:5:245mReading '/system/oem/08_ssh.yaml'
Sep 15 15:34:32.714814 localhost kairos-immucore[654]: 
[0;90m
[0;38:5:245m
[0;1;31m
[0;90m
[0;38:5:245mExecuting stage 'Default config.Generate host keys'
Sep 15 15:34:32.714827 localhost kairos-immucore[654]: Processing stage step 'Default config.Generate host keys'. ( commands: 2, files: 0, ... )
Sep 15 15:34:32.714854 localhost kairos-immucore[654]: 
[0;90m
[0;38:5:245m
[0;1;31m
[0;90m
[0;38:5:245mStage: schema.Stage{
                                                       
[0;90m
[0;38:5:245m  Commands: []string{
                                                       
[0;90m
[0;38:5:245m    "test -f /etc/ssh/ssh_host_rsa_key     || ssh-keygen -t rsa -b 4096 -f /etc/ssh/ssh_host_rsa_key -N ''",
                                                       
[0;90m
[0;38:5:245m    "test -f /etc/ssh/ssh_host_ed25519_key || ssh-keygen -t ed25519 -f /etc/ssh/ssh_host_ed25519_key -N ''",
                                                       
[0;90m
[0;38:5:245m  },
                                                       
[0;90m
[0;38:5:245m  Name: "Generate host keys",
                                                       
[0;90m
[0;38:5:245m}
Sep 15 15:34:32.719935 localhost kairos-immucore[654]: 
[0;90m
[0;38:5:245m
[0;1;31m
[0;90m
[0;38:5:245mReading '/system/oem/05_network.yaml'
Sep 15 15:34:32.719971 localhost kairos-immucore[654]: 
[0;90m
[0;38:5:245m
[0;1;31m
[0;90m
[0;38:5:245mExecuting stage 'Default network configuration.Enable systemd-network config files for DHCP'
Sep 15 15:34:32.733797 localhost kairos-immucore[654]: 
[0;90m
[0;38:5:245m
[0;1;31m
[0;90m
[0;38:5:245mReading '/system/oem/02_agent.yaml'
Sep 15 15:34:32.733903 localhost kairos-immucore[654]: 
[0;90m
[0;38:5:245m
[0;1;31m
[0;90m
[0;38:5:245mExecuting stage 'Start agent.0'
Sep 15 15:34:32.736731 localhost kairos-immucore[654]: 
[0;90m
[0;38:5:245m
[0;1;31m
[0;90m
[0;38:5:245mReading '/system/oem/00_rootfs.yaml'
Sep 15 15:34:32.736758 localhost kairos-immucore[654]: 
[0;90m
[0;38:5:245m
[0;1;31m
[0;90m
[0;38:5:245mExecuting stage 'Rootfs Layout Settings.Create journalctl /var/log/journal dir'
Sep 15 15:34:32.736787 localhost kairos-immucore[654]: 
[0;90m
[0;38:5:245m
[0;1;31m
[0;90m
[0;38:5:245mFound systemd at /bin/systemctl
Sep 15 15:34:32.736829 localhost kairos-immucore[654]: Processing stage step 'Rootfs Layout Settings.Create journalctl /var/log/journal dir'. ( commands: 0, files: 0, ... )
Sep 15 15:34:32.736920 localhost kairos-immucore[654]: 
[0;90m
[0;38:5:245m
[0;1;31m
[0;90m
[0;38:5:245mStage: schema.Stage{
                                                       
[0;90m
[0;38:5:245m  Directories: []schema.Directory{
                                                       
[0;90m
[0;38:5:245m    schema.Directory{
                                                       
[0;90m
[0;38:5:245m      Path: "/var/log/journal",
                                                       
[0;90m
[0;38:5:245m    },
                                                       
[0;90m
[0;38:5:245m  },
                                                       
[0;90m
[0;38:5:245m  Name: "Create journalctl /var/log/journal dir",
                                                       
[0;90m
[0;38:5:245m  OnlyIfServiceManager: "systemd",
                                                       
[0;90m
[0;38:5:245m}
Sep 15 15:34:32.736999 localhost kairos-immucore[654]: Running layout plugin
Sep 15 15:34:32.737017 localhost kairos-immucore[654]: 
[0;90m
[0;38:5:245m
[0;1;31m
[0;90m
[0;38:5:245mDevice field empty, skipping layout plugin
Sep 15 15:34:32.737120 localhost kairos-immucore[654]: 
[0;90m
[0;38:5:245m
[0;1;31m
[0;90m
[0;38:5:245mReading '/system/oem/25_autologin.yaml'
Sep 15 15:34:32.737163 localhost kairos-immucore[654]: 
[0;90m
[0;38:5:245m
[0;1;31m
[0;90m
[0;38:5:245mExecuting stage 'Root autologin.0'
Sep 15 15:34:32.751754 localhost kairos-immucore[654]: 
[0;90m
[0;38:5:245m
[0;1;31m
[0;90m
[0;38:5:245mIf statement result 
Sep 15 15:34:32.751809 localhost kairos-immucore[654]: 
[0;90m
[0;38:5:245m
[0;1;31m
[0;90m
[0;38:5:245mFound systemd at /bin/systemctl
Sep 15 15:34:32.752290 localhost kairos-immucore[654]: Processing stage step 'Start agent.0'. ( commands: 1, files: 1, ... )
Sep 15 15:34:32.752370 localhost kairos-immucore[654]: 
[0;90m
[0;38:5:245m
[0;1;31m
[0;90m
[0;38:5:245mStage: schema.Stage{
                                                       
[0;90m
[0;38:5:245m  Commands: []string{
                                                       
[0;90m
[0;38:5:245m    "systemctl enable kairos-agent",
                                                       
[0;90m
[0;38:5:245m  },
                                                       
[0;90m
[0;38:5:245m  Files: []schema.File{
                                                       
[0;90m
[0;38:5:245m    schema.File{
                                                       
[0;90m
[0;38:5:245m      Path: "/etc/systemd/system/kairos-agent.service",
                                                       
[0;90m
[0;38:5:245m      Permissions: 420,
                                                       
[0;90m
[0;38:5:245m      Content: "[Unit]\nDescription=kairos agent\nAfter=cos-setup-network.service\nWants=network.target\n[Service]\nRestart=on-failure\nRestartSec=5s\nExecStart=/usr/bin/kairos-agent start\n[Install]\nWantedBy=multi-user.target\n",
                                                       
[0;90m
[0;38:5:245m    },
                                                       
[0;90m
[0;38:5:245m  },
                                                       
[0;90m
[0;38:5:245m  If: "[ ! -f \"/run/cos/recovery_mode\" ]",
                                                       
[0;90m
[0;38:5:245m  OnlyIfServiceManager: "systemd",
                                                       
[0;90m
[0;38:5:245m}
Sep 15 15:34:32.752405 localhost kairos-immucore[654]: 
[0;90m
[0;38:5:245m
[0;1;31m
[0;90m
[0;38:5:245mCreating file /etc/systemd/system/kairos-agent.service
Sep 15 15:34:32.753232 localhost kairos-immucore[654]: 
[0;90m
[0;38:5:245m
[0;1;31m
[0;90m
[0;38:5:245mrunning stage (OnlyIfOs regex (Ubuntu.*|Debian.*|Fedora.*|CentOS.*|Rocky.*|AlmaLinux.*|Oracle.*Linux.*|SUSE.*|[Oo]penSUSE.*|Hadron.*|Red.*Hat.*) matches os name 'Hadron Linux
Sep 15 15:34:33.598685 localhost kairos-immucore[654]: 
[0;90m
[0;38:5:245m
[0;1;31m
[0;90m
[0;38:5:245mFound systemd at /bin/systemctl
Sep 15 15:34:33.598799 localhost kairos-immucore[654]: 
[0;1;33m
[0;1;38:5:185m
[0;1;39m
[0;1;33m
[0;1;38:5:185m(conditional) Skip 'Skipping stage (if statement error: failed to run (grep -qv "interactive-install" /proc/cmdline || grep -qv "install-mode-interactive" /proc/cmdline ) && \
                                                       
[0;1;33m
[0;1;38:5:185m([ -f /run/cos/live_mode ] || [ -f /run/cos/uki_install_mode ])
                                                       
[0;1;33m
[0;1;38:5:185m: exit status 1)' stage name: Root autologin.0
Sep 15 15:34:33.598873 localhost kairos-immucore[654]: 
[0;90m
[0;38:5:245m
[0;1;31m
[0;90m
[0;38:5:245mEmpty command output
Sep 15 15:34:33.600194 localhost kairos-immucore[654]: Processing stage step 'Default network configuration.Enable systemd-network config files for DHCP'. ( commands: 1, files: 2, ... )
Sep 15 15:34:33.600279 localhost kairos-immucore[654]: 
[0;90m
[0;38:5:245m
[0;1;31m
[0;90m
[0;38:5:245mStage: schema.Stage{
                                                       
[0;90m
[0;38:5:245m  Commands: []string{
                                                       
[0;90m
[0;38:5:245m    "networkctl reload",
                                                       
[0;90m
[0;38:5:245m  },
                                                       
[0;90m
[0;38:5:245m  Files: []schema.File{
                                                       
[0;90m
[0;38:5:245m    schema.File{
                                                       
[0;90m
[0;38:5:245m      Path: "/etc/systemd/network/20-dhcp.network",
                                                       
[0;90m
[0;38:5:245m      Permissions: 420,
                                                       
[0;90m
[0;38:5:245m      Content: "[Match]\nName=en*\n[Network]\nDHCP=yes\n[DHCP]\nClientIdentifier=mac\n",
                                                       
[0;90m
[0;38:5:245m    },
                                                       
[0;90m
[0;38:5:245m    schema.File{
                                                       
[0;90m
[0;38:5:245m      Path: "/etc/systemd/network/20-dhcp-legacy.network",
                                                       
[0;90m
[0;38:5:245m      Permissions: 420,
                                                       
[0;90m
[0;38:5:245m      Content: "[Match]\nName=eth*\n[Network]\nDHCP=yes\n[DHCP]\nClientIdentifier=mac\n",
                                                       
[0;90m
[0;38:5:245m    },
                                                       
[0;90m
[0;38:5:245m  },
                                                       
[0;90m
[0;38:5:245m  Name: "Enable systemd-network config files for DHCP",
                                                       
[0;90m
[0;38:5:245m  OnlyIfOs: "Ubuntu.*|Debian.*|Fedora.*|CentOS.*|Rocky.*|AlmaLinux.*|Oracle.*Linux.*|SUSE.*|[Oo]penSUSE.*|Hadron.*|Red.*Hat.*",
                                                       
[0;90m
[0;38:5:245m  OnlyIfServiceManager: "systemd",
                                                       
[0;90m
[0;38:5:245m}
Sep 15 15:34:33.600316 localhost kairos-immucore[654]: 
[0;90m
[0;38:5:245m
[0;1;31m
[0;90m
[0;38:5:245mCreating file /etc/systemd/network/20-dhcp.network
Sep 15 15:34:33.600583 localhost kairos-immucore[654]: 
[0;90m
[0;38:5:245m
[0;1;31m
[0;90m
[0;38:5:245mCreating file /etc/systemd/network/20-dhcp-legacy.network
Sep 15 15:34:33.601872 localhost kairos-immucore[654]: 
[0;90m
[0;38:5:245m
[0;1;31m
[0;90m
[0;38:5:245mCommand output: Generating public/private rsa key pair.
                                                       
[0;90m
[0;38:5:245mYour identification has been saved in /etc/ssh/ssh_host_rsa_key
                                                       
[0;90m
[0;38:5:245mYour public key has been saved in /etc/ssh/ssh_host_rsa_key.pub
                                                       
[0;90m
[0;38:5:245mThe key fingerprint is:
                                                       
[0;90m
[0;38:5:245mSHA256:EzFP/FhBR5+/2jypTIZhnO0yt16lF7nqWk8m5Oh1FWo root@localhost
                                                       
[0;90m
[0;38:5:245mThe key's randomart image is:
                                                       
[0;90m
[0;38:5:245m+---[RSA 4096]----+
                                                       
[0;90m
[0;38:5:245m|        o...ooo  |
                                                       
[0;90m
[0;38:5:245m|         =. .. ..|
                                                       
[0;90m
[0;38:5:245m|        . .+   o.|
                                                       
[0;90m
[0;38:5:245m|         .o + . +|
                                                       
[0;90m
[0;38:5:245m|        S  = E o+|
                                                       
[0;90m
[0;38:5:245m|         .. O  .*|
                                                       
[0;90m
[0;38:5:245m|           = X.Bo|
                                                       
[0;90m
[0;38:5:245m|          . X &+ |
                                                       
[0;90m
[0;38:5:245m|           o+O.+.|
                                                       
[0;90m
[0;38:5:245m+----[SHA256]-----+
Sep 15 15:34:33.606750 localhost kairos-immucore[654]: 
[0;90m
[0;38:5:245m
[0;1;31m
[0;90m
[0;38:5:245mCommand output: Created symlink '/etc/systemd/system/multi-user.target.wants/kairos-agent.service' 
 '/etc/systemd/system/kairos-agent.service'.
Sep 15 15:34:33.606818 localhost kairos-immucore[654]: Running layout plugin
Sep 15 15:34:33.606830 localhost kairos-immucore[654]: 
[0;90m
[0;38:5:245m
[0;1;31m
[0;90m
[0;38:5:245mDevice field empty, skipping layout plugin
Sep 15 15:34:33.611040 localhost kairos-immucore[654]: 
[0;90m
[0;38:5:245m
[0;1;31m
[0;90m
[0;38:5:245mEmpty command output
Sep 15 15:34:33.611144 localhost kairos-immucore[654]: Running layout plugin
Sep 15 15:34:33.611166 localhost kairos-immucore[654]: 
[0;90m
[0;38:5:245m
[0;1;31m
[0;90m
[0;38:5:245mDevice field empty, skipping layout plugin
Sep 15 15:34:33.615802 localhost kairos-immucore[654]: 
[0;90m
[0;38:5:245m
[0;1;31m
[0;90m
[0;38:5:245mCommand output: Running in chroot, ignoring command 'reload'
Sep 15 15:34:33.615841 localhost kairos-immucore[654]: Running layout plugin
Sep 15 15:34:33.615852 localhost kairos-immucore[654]: 
[0;90m
[0;38:5:245m
[0;1;31m
[0;90m
[0;38:5:245mDevice field empty, skipping layout plugin
Sep 15 15:34:33.615920 localhost kairos-immucore[654]: 
[0;90m
[0;38:5:245m
[0;1;31m
[0;90m
[0;38:5:245mCommand output: Generating public/private ed25519 key pair.
                                                       
[0;90m
[0;38:5:245mYour identification has been saved in /etc/ssh/ssh_host_ed25519_key
                                                       
[0;90m
[0;38:5:245mYour public key has been saved in /etc/ssh/ssh_host_ed25519_key.pub
                                                       
[0;90m
[0;38:5:245mThe key fingerprint is:
                                                       
[0;90m
[0;38:5:245mSHA256:z1CCcODxzy61Ncd3Ujca3YQl05+iltNwUfZuwnV6q5g root@localhost
                                                       
[0;90m
[0;38:5:245mThe key's randomart image is:
                                                       
[0;90m
[0;38:5:245m+--[ED25519 256]--+
                                                       
[0;90m
[0;38:5:245m|    +..       +*o|
                                                       
[0;90m
[0;38:5:245m|   . = .     .+++|
                                                       
[0;90m
[0;38:5:245m|    . o . .  ..oX|
                                                       
[0;90m
[0;38:5:245m|       o o o +o*=|
                                                       
[0;90m
[0;38:5:245m|        S o O.B =|
                                                       
[0;90m
[0;38:5:245m|       o * B o *.|
                                                       
[0;90m
[0;38:5:245m|      . o + .  . |
                                                       
[0;90m
[0;38:5:245m|       .    o .  |
                                                       
[0;90m
[0;38:5:245m|           E .   |
                                                       
[0;90m
[0;38:5:245m+----[SHA256]-----+
Sep 15 15:34:33.615955 localhost kairos-immucore[654]: Running layout plugin
Sep 15 15:34:33.615968 localhost kairos-immucore[654]: 
[0;90m
[0;38:5:245m
[0;1;31m
[0;90m
[0;38:5:245mDevice field empty, skipping layout plugin
Sep 15 15:34:33.616004 localhost kairos-immucore[654]: 
[0;90m
[0;38:5:245m
[0;1;31m
[0;90m
[0;38:5:245mReading '/system/oem/31_hosts.yaml'
Sep 15 15:34:33.616015 localhost kairos-immucore[654]: 
[0;90m
[0;38:5:245m
[0;1;31m
[0;90m
[0;38:5:245mExecuting stage '/system/oem/31_hosts.yaml.Ensure persistent /etc/ directory'
Sep 15 15:34:33.616554 localhost kairos-immucore[654]: 
[0;90m
[0;38:5:245m
[0;1;31m
[0;90m
[0;38:5:245mReading '/system/oem/05_network.yaml'
Sep 15 15:34:33.616580 localhost kairos-immucore[654]: 
[0;90m
[0;38:5:245m
[0;1;31m
[0;90m
[0;38:5:245mExecuting stage 'Default network configuration.Disable NetworkManager and wicked'
Sep 15 15:34:33.617149 localhost kairos-immucore[654]: 
[0;1;33m
[0;1;38:5:185m
[0;1;39m
[0;1;33m
[0;1;38:5:185m(conditional) Skip 'OnlyIfOs regex ([Oo]penSUSE.*|SUSE.*) doesn't match os name Hadron Linux' stage name: Default network configuration.Disable NetworkManager and wicked
Sep 15 15:34:33.617188 localhost kairos-immucore[654]: 
[0;90m
[0;38:5:245m
[0;1;31m
[0;90m
[0;38:5:245mReading '/system/oem/02_notify.yaml'
Sep 15 15:34:33.617203 localhost kairos-immucore[654]: 
[0;90m
[0;38:5:245m
[0;1;31m
[0;90m
[0;38:5:245mExecuting stage 'Notify Kairos Plugins of Elemental Events.0'
Sep 15 15:34:33.618375 localhost kairos-immucore[654]: 
[0;90m
[0;38:5:245m
[0;1;31m
[0;90m
[0;38:5:245mReading '/system/oem/25_autologin.yaml'
Sep 15 15:34:33.618451 localhost kairos-immucore[654]: 
[0;90m
[0;38:5:245m
[0;1;31m
[0;90m
[0;38:5:245mExecuting stage 'Root autologin.Autologin on livecd for OpenRC'
Sep 15 15:34:33.619528 localhost kairos-immucore[654]: 
[0;1;33m
[0;1;38:5:185m
[0;1;39m
[0;1;33m
[0;1;38:5:185m(conditional) Skip 'Skipping stage (if statement error: failed to run [ ! -f "/run/cos/recovery_mode" ] && [ ! -d /usr/local/etc ]: exit status 1)' stage name: /system/oem/31_hosts.yaml.Ensure persistent /etc/ directory
Sep 15 15:34:33.619574 localhost kairos-immucore[654]: 
[0;90m
[0;38:5:245m
[0;1;31m
[0;90m
[0;38:5:245mReading '/system/oem/00_rootfs.yaml'
Sep 15 15:34:33.619588 localhost kairos-immucore[654]: 
[0;90m
[0;38:5:245m
[0;1;31m
[0;90m
[0;38:5:245mExecuting stage 'Rootfs Layout Settings.Restore /etc/machine-id for systemd systems'
Sep 15 15:34:33.620139 localhost kairos-immucore[654]: 
[0;90m
[0;38:5:245m
[0;1;31m
[0;90m
[0;38:5:245mReading '/system/oem/09_openrc_services.yaml'
Sep 15 15:34:33.620169 localhost kairos-immucore[654]: 
[0;90m
[0;38:5:245m
[0;1;31m
[0;90m
[0;38:5:245mExecuting stage 'Create openrc services.Create OpenRC services'
Sep 15 15:34:33.620191 localhost kairos-immucore[654]: 
[0;90m
[0;38:5:245m
[0;1;31m
[0;90m
[0;38:5:245mFound systemd at /bin/systemctl
Sep 15 15:34:33.620223 localhost kairos-immucore[654]: 
[0;1;33m
[0;1;38:5:185m
[0;1;39m
[0;1;33m
[0;1;38:5:185m(conditional) Skip 'service manager doesn't match openrc' stage name: Create openrc services.Create OpenRC services
Sep 15 15:34:33.620454 localhost kairos-immucore[654]: 
[0;90m
[0;38:5:245m
[0;1;31m
[0;90m
[0;38:5:245mIf statement result 
Sep 15 15:34:33.620925 localhost kairos-immucore[654]: Processing stage step 'Notify Kairos Plugins of Elemental Events.0'. ( commands: 1, files: 0, ... )
Sep 15 15:34:33.620980 localhost kairos-immucore[654]: 
[0;90m
[0;38:5:245m
[0;1;31m
[0;90m
[0;38:5:245mStage: schema.Stage{
                                                       
[0;90m
[0;38:5:245m  Commands: []string{
                                                       
[0;90m
[0;38:5:245m    "kairos-agent notify agent.boot",
                                                       
[0;90m
[0;38:5:245m  },
                                                       
[0;90m
[0;38:5:245m  If: "[ ! -f \"/run/cos/recovery_mode\" ] && [ ! -f \"/run/cos/live_mode\" ]",
                                                       
[0;90m
[0;38:5:245m}
Sep 15 15:34:33.624008 localhost kairos-immucore[654]: 
[0;1;33m
[0;1;38:5:185m
[0;1;39m
[0;1;33m
[0;1;38:5:185m(conditional) Skip 'Skipping stage (if statement error: failed to run (grep -qv "interactive-install" /proc/cmdline || grep -qv "install-mode-interactive" /proc/cmdline) && \
                                                       
[0;1;33m
[0;1;38:5:185m[ -f /run/cos/live_mode ]
                                                       
[0;1;33m
[0;1;38:5:185m: exit status 1)' stage name: Root autologin.Autologin on livecd for OpenRC
Sep 15 15:34:33.628016 localhost kairos-immucore[654]: 
[0;1;33m
[0;1;38:5:185m
[0;1;39m
[0;1;33m
[0;1;38:5:185m(conditional) Skip 'Skipping stage (if statement error: failed to run [ ! -f "/run/cos/recovery_mode" ] && [ -s /usr/local/etc/machine-id ]: exit status 1)' stage name: Rootfs Layout Settings.Restore /etc/machine-id for systemd systems
Sep 15 15:34:33.890162 localhost kairos-agent[1123]: Kairos Agent
Sep 15 15:34:33.911296 localhost kairos-agent[1123]: Boot Mode
Sep 15 15:34:33.911366 localhost kairos-agent[1123]: Boot in uki mode
Sep 15 15:34:34.276020 localhost kairos-immucore[654]: 
[0;90m
[0;38:5:245m
[0;1;31m
[0;90m
[0;38:5:245mCommand output: warning: skipping /oem/95_userdata/userdata (extension).
                                                       
[0;90m
[0;38:5:245mWARNING: jsonschema: '' does not validate with file:///schema.json#/required: missing properties: 'users'
                                                       
[0;90m
[0;38:5:245m2026-09-15T15:34:33Z INF Kairos Agent version=v4.3.0-rc3-5-g3b0005495
                                                       
[0;90m
[0;38:5:245m2026-09-15T15:34:33Z INF Boot Mode boot_mode=active_boot
                                                       
[0;90m
[0;38:5:245m2026-09-15T15:34:33Z INF Boot in uki mode result=false
Sep 15 15:34:34.276168 localhost kairos-immucore[654]: Running layout plugin
Sep 15 15:34:34.276852 localhost immucore[654]: 2026-09-15T15:34:34Z DBG Command output: warning: skipping /oem/95_userdata/userdata (extension).
Sep 15 15:34:34.276852 localhost immucore[654]: WARNING: jsonschema: '' does not validate with file:///schema.json#/required: missing properties: 'users'
Sep 15 15:34:34.276852 localhost immucore[654]: 2026-09-15T15:34:33Z INF Kairos Agent version=v4.3.0-rc3-5-g3b0005495
Sep 15 15:34:34.276852 localhost immucore[654]: 2026-09-15T15:34:33Z INF Boot Mode boot_mode=active_boot
Sep 15 15:34:34.276852 localhost immucore[654]: 2026-09-15T15:34:33Z INF Boot in uki mode result=false
Sep 15 15:34:34.276852 localhost immucore[654]: 2026-09-15T15:34:34Z INF Running layout plugin
Sep 15 15:34:34.276852 localhost immucore[654]: 2026-09-15T15:34:34Z DBG Device field empty, skipping layout plugin
Sep 15 15:34:34.276852 localhost immucore[654]: 2026-09-15T15:34:34Z DBG Reading '/system/oem/09_openrc_services.yaml'
Sep 15 15:34:34.276852 localhost immucore[654]: 2026-09-15T15:34:34Z DBG Executing stage 'Create openrc services.Enable OpenRC services'
Sep 15 15:34:34.276852 localhost immucore[654]: 2026-09-15T15:34:34Z DBG Found systemd at /bin/systemctl
Sep 15 15:34:34.276852 localhost immucore[654]: 2026-09-15T15:34:34Z WRN (conditional) Skip 'service manager doesn't match openrc' stage name: Create openrc services.Enable OpenRC services
Sep 15 15:34:34.276852 localhost immucore[654]: 2026-09-15T15:34:34Z DBG Reading '/system/oem/05_network.yaml'
Sep 15 15:34:34.276852 localhost immucore[654]: 2026-09-15T15:34:34Z DBG Executing stage 'Default network configuration.Link /etc/resolv.conf to systemd resolv.conf'
Sep 15 15:34:34.276852 localhost immucore[654]: 2026-09-15T15:34:34Z DBG Reading '/system/oem/26_selinux.yaml'
Sep 15 15:34:34.276852 localhost immucore[654]: 2026-09-15T15:34:34Z DBG Executing stage 'SELinux.Relabelling'
Sep 15 15:34:34.276183 kairos-a8ef kairos-immucore[654]: 
[0;90m
[0;38:5:245m
[0;1;31m
[0;90m
[0;38:5:245mDevice field empty, skipping layout plugin
Sep 15 15:34:34.345772 kairos-a8ef kernel: evm: overlay not supported
Sep 15 15:34:34.345790 kairos-a8ef immucore[654]: 2026-09-15T15:34:34Z DBG If statement result
Sep 15 15:34:34.345790 kairos-a8ef immucore[654]: 2026-09-15T15:34:34Z DBG Found systemd at /bin/systemctl
Sep 15 15:34:34.345790 kairos-a8ef immucore[654]: 2026-09-15T15:34:34Z INF Processing stage step 'Default network configuration.Link /etc/resolv.conf to systemd resolv.conf'. ( commands: 2, files: 0, ... )
Sep 15 15:34:34.345790 kairos-a8ef immucore[654]: 2026-09-15T15:34:34Z DBG Stage: schema.Stage{
Sep 15 15:34:34.345790 kairos-a8ef immucore[654]:   Commands: []string{
Sep 15 15:34:34.345790 kairos-a8ef immucore[654]:     "rm /etc/resolv.conf",
Sep 15 15:34:34.345790 kairos-a8ef immucore[654]:     "ln -s /run/systemd/resolve/resolv.conf /etc/resolv.conf",
Sep 15 15:34:34.345790 kairos-a8ef immucore[654]:   },
Sep 15 15:34:34.345790 kairos-a8ef immucore[654]:   If: "[ -f /etc/hosts ]",
Sep 15 15:34:34.345790 kairos-a8ef immucore[654]:   Name: "Link /etc/resolv.conf to systemd resolv.conf",
Sep 15 15:34:34.345790 kairos-a8ef immucore[654]:   OnlyIfServiceManager: "systemd",
Sep 15 15:34:34.345790 kairos-a8ef immucore[654]: }
Sep 15 15:34:34.345790 kairos-a8ef immucore[654]: 2026-09-15T15:34:34Z DBG Reading '/system/oem/00_rootfs.yaml'
Sep 15 15:34:34.345790 kairos-a8ef immucore[654]: 2026-09-15T15:34:34Z DBG Executing stage 'Rootfs Layout Settings.Ensure /etc/machine-id for systemd systems'
Sep 15 15:34:34.345790 kairos-a8ef immucore[654]: 2026-09-15T15:34:34Z DBG Found systemd at /bin/systemctl
Sep 15 15:34:34.345790 kairos-a8ef immucore[654]: 2026-09-15T15:34:34Z INF Processing stage step 'Rootfs Layout Settings.Ensure /etc/machine-id for systemd systems'. ( commands: 1, files: 0, ... )
Sep 15 15:34:34.345790 kairos-a8ef immucore[654]: 2026-09-15T15:34:34Z DBG Stage: schema.Stage{
Sep 15 15:34:34.345790 kairos-a8ef immucore[654]:   Commands: []string{
Sep 15 15:34:34.345790 kairos-a8ef immucore[654]:     "systemd-machine-id-setup",
Sep 15 15:34:34.345790 kairos-a8ef immucore[654]:   },
Sep 15 15:34:34.345790 kairos-a8ef immucore[654]:   Name: "Ensure /etc/machine-id for systemd systems",
Sep 15 15:34:34.345790 kairos-a8ef immucore[654]:   OnlyIfServiceManager: "systemd",
Sep 15 15:34:34.345790 kairos-a8ef immucore[654]: }
Sep 15 15:34:34.345790 kairos-a8ef immucore[654]: 2026-09-15T15:34:34Z DBG Reading '/system/oem/31_hosts.yaml'
Sep 15 15:34:34.345790 kairos-a8ef immucore[654]: 2026-09-15T15:34:34Z DBG Executing stage '/system/oem/31_hosts.yaml.Ensure persistent hostname'
Sep 15 15:34:34.345790 kairos-a8ef immucore[654]: 2026-09-15T15:34:34Z WRN (conditional) Skip 'Skipping stage (if statement error: failed to run cat /proc/cmdline | grep "selinux=1"
Sep 15 15:34:34.345790 kairos-a8ef immucore[654]: : exit status 1)' stage name: SELinux.Relabelling
Sep 15 15:34:34.345790 kairos-a8ef immucore[654]: 2026-09-15T15:34:34Z DBG Empty command output
Sep 15 15:34:34.345790 kairos-a8ef immucore[654]: 2026-09-15T15:34:34Z ERR Error on file /system/oem/05_network.yaml on stage Link /etc/resolv.conf to systemd resolv.conf: 1 error occurred:
Sep 15 15:34:34.345790 kairos-a8ef immucore[654]:         * failed to run rm /etc/resolv.conf: exit status 1
Sep 15 15:34:34.345790 kairos-a8ef immucore[654]: command output:
Sep 15 15:34:34.345790 kairos-a8ef immucore[654]: rm: cannot remove '/etc/resolv.conf': No such file or directory
Sep 15 15:34:34.345790 kairos-a8ef immucore[654]: 
Sep 15 15:34:34.345790 kairos-a8ef immucore[654]: 2026-09-15T15:34:34Z INF Running layout plugin
Sep 15 15:34:34.276227 kairos-a8ef kairos-immucore[654]: 
[0;90m
[0;38:5:245m
[0;1;31m
[0;90m
[0;38:5:245mReading '/system/oem/09_openrc_services.yaml'
Sep 15 15:34:34.449774 kairos-a8ef immucore[654]: 2026-09-15T15:34:34Z DBG Device field empty, skipping layout plugin
Sep 15 15:34:34.449774 kairos-a8ef immucore[654]: 2026-09-15T15:34:34Z DBG If statement result
Sep 15 15:34:34.449774 kairos-a8ef immucore[654]: 2026-09-15T15:34:34Z INF Processing stage step '/system/oem/31_hosts.yaml.Ensure persistent hostname'. ( commands: 2, files: 1, ... )
Sep 15 15:34:34.449774 kairos-a8ef immucore[654]: 2026-09-15T15:34:34Z DBG Stage: schema.Stage{
Sep 15 15:34:34.449774 kairos-a8ef immucore[654]:   Commands: []string{
Sep 15 15:34:34.449774 kairos-a8ef immucore[654]:     "rm -f /etc/hostname",
Sep 15 15:34:34.449774 kairos-a8ef immucore[654]:     "ln -sf /usr/local/etc/hostname /etc/hostname",
Sep 15 15:34:34.449774 kairos-a8ef immucore[654]:   },
Sep 15 15:34:34.449774 kairos-a8ef immucore[654]:   Files: []schema.File{
Sep 15 15:34:34.449774 kairos-a8ef immucore[654]:     schema.File{
Sep 15 15:34:34.449774 kairos-a8ef immucore[654]:       Path: "/usr/local/etc/hostname",
Sep 15 15:34:34.449774 kairos-a8ef immucore[654]:       Permissions: 420,
Sep 15 15:34:34.449774 kairos-a8ef immucore[654]:     },
Sep 15 15:34:34.449774 kairos-a8ef immucore[654]:   },
Sep 15 15:34:34.449774 kairos-a8ef immucore[654]:   If: "[ ! -f \"/run/cos/recovery_mode\" ] && [ ! -L \"/etc/hostname\" ]",
Sep 15 15:34:34.449774 kairos-a8ef immucore[654]:   Hostname: "kairos-{{ trunc 4 .MachineID }}",
Sep 15 15:34:34.449774 kairos-a8ef immucore[654]:   Name: "Ensure persistent hostname",
Sep 15 15:34:34.449774 kairos-a8ef immucore[654]: }
Sep 15 15:34:34.449774 kairos-a8ef immucore[654]: 2026-09-15T15:34:34Z DBG Creating file /usr/local/etc/hostname
Sep 15 15:34:34.449774 kairos-a8ef immucore[654]: 2026-09-15T15:34:34Z DBG Command output: Initializing machine ID from random generator.
Sep 15 15:34:34.449774 kairos-a8ef immucore[654]: 2026-09-15T15:34:34Z INF Running layout plugin
Sep 15 15:34:34.449774 kairos-a8ef immucore[654]: 2026-09-15T15:34:34Z DBG Device field empty, skipping layout plugin
Sep 15 15:34:34.449774 kairos-a8ef immucore[654]: 2026-09-15T15:34:34Z DBG Empty command output
Sep 15 15:34:34.449774 kairos-a8ef immucore[654]: 2026-09-15T15:34:34Z DBG Empty command output
Sep 15 15:34:34.449774 kairos-a8ef immucore[654]: 2026-09-15T15:34:34Z INF Running layout plugin
Sep 15 15:34:34.449774 kairos-a8ef immucore[654]: 2026-09-15T15:34:34Z DBG Device field empty, skipping layout plugin
Sep 15 15:34:34.449774 kairos-a8ef immucore[654]: 2026-09-15T15:34:34Z DBG Reading '/system/oem/05_network.yaml'
Sep 15 15:34:34.449774 kairos-a8ef immucore[654]: 2026-09-15T15:34:34Z DBG Executing stage 'Default network configuration.Enabled systemd-networkd on Red Hat if available'
Sep 15 15:34:34.449774 kairos-a8ef immucore[654]: 2026-09-15T15:34:34Z DBG Reading '/system/oem/09_systemd_services.yaml'
Sep 15 15:34:34.449774 kairos-a8ef immucore[654]: 2026-09-15T15:34:34Z DBG Executing stage 'Default config.Default systemd config'
Sep 15 15:34:34.449774 kairos-a8ef immucore[654]: 2026-09-15T15:34:34Z DBG Found systemd at /bin/systemctl
Sep 15 15:34:34.449774 kairos-a8ef immucore[654]: 2026-09-15T15:34:34Z INF Processing stage step 'Default config.Default systemd config'. ( commands: 1, files: 0, ... )
Sep 15 15:34:34.449774 kairos-a8ef immucore[654]: 2026-09-15T15:34:34Z DBG Stage: schema.Stage{
Sep 15 15:34:34.449774 kairos-a8ef immucore[654]:   Commands: []string{
Sep 15 15:34:34.449774 kairos-a8ef immucore[654]:     "systemctl set-default multi-user.target",
Sep 15 15:34:34.449774 kairos-a8ef immucore[654]:   },
Sep 15 15:34:34.276238 kairos-a8ef kairos-immucore[654]: 
[0;90m
[0;38:5:245m
[0;1;31m
[0;90m
[0;38:5:245mExecuting stage 'Create openrc services.Enable OpenRC services'
Sep 15 15:34:34.554109 kairos-a8ef immucore[654]:   Name: "Default systemd config",
Sep 15 15:34:34.554109 kairos-a8ef immucore[654]:   Systemctl: schema.Systemctl{
Sep 15 15:34:34.554109 kairos-a8ef immucore[654]:     Enable: []string{
Sep 15 15:34:34.554109 kairos-a8ef immucore[654]:       "multi-user.target",
Sep 15 15:34:34.554109 kairos-a8ef immucore[654]:       "getty@tty1",
Sep 15 15:34:34.554109 kairos-a8ef immucore[654]:       "iscsid",
Sep 15 15:34:34.554109 kairos-a8ef immucore[654]:       "logrotate.timer",
Sep 15 15:34:34.554109 kairos-a8ef immucore[654]:     },
Sep 15 15:34:34.554109 kairos-a8ef immucore[654]:     Mask: []string{
Sep 15 15:34:34.554109 kairos-a8ef immucore[654]:       "purge-kernels",
Sep 15 15:34:34.554109 kairos-a8ef immucore[654]:     },
Sep 15 15:34:34.554109 kairos-a8ef immucore[654]:   },
Sep 15 15:34:34.554109 kairos-a8ef immucore[654]:   OnlyIfServiceManager: "systemd",
Sep 15 15:34:34.554109 kairos-a8ef immucore[654]: }
Sep 15 15:34:34.554109 kairos-a8ef immucore[654]: 2026-09-15T15:34:34Z DBG If statement result
Sep 15 15:34:34.554109 kairos-a8ef immucore[654]: 2026-09-15T15:34:34Z WRN (conditional) Skip 'OnlyIfOs regex (Red.*Hat.*) doesn't match os name Hadron Linux' stage name: Default network configuration.Enabled systemd-networkd on Red Hat if available
Sep 15 15:34:34.554109 kairos-a8ef immucore[654]: 2026-09-15T15:34:34Z DBG Reading '/system/oem/00_rootfs.yaml'
Sep 15 15:34:34.554109 kairos-a8ef immucore[654]: 2026-09-15T15:34:34Z DBG Executing stage 'Rootfs Layout Settings.Ensure /etc/machine-id for openrc systems'
Sep 15 15:34:34.554109 kairos-a8ef immucore[654]: 2026-09-15T15:34:34Z DBG Found systemd at /bin/systemctl
Sep 15 15:34:34.554109 kairos-a8ef immucore[654]: 2026-09-15T15:34:34Z WRN (conditional) Skip 'service manager doesn't match openrc' stage name: Rootfs Layout Settings.Ensure /etc/machine-id for openrc systems
Sep 15 15:34:34.554109 kairos-a8ef immucore[654]: 2026-09-15T15:34:34Z DBG Reading '/system/oem/32_profile.yaml'
Sep 15 15:34:34.554109 kairos-a8ef immucore[654]: 2026-09-15T15:34:34Z DBG Executing stage 'Profile extensions.Set KUBECONFIG to access k9s and kubectl'
Sep 15 15:34:34.554109 kairos-a8ef immucore[654]: 2026-09-15T15:34:34Z INF Processing stage step 'Profile extensions.Set KUBECONFIG to access k9s and kubectl'. ( commands: 0, files: 1, ... )
Sep 15 15:34:34.554109 kairos-a8ef immucore[654]: 2026-09-15T15:34:34Z DBG Stage: schema.Stage{
Sep 15 15:34:34.554109 kairos-a8ef immucore[654]:   Files: []schema.File{
Sep 15 15:34:34.554109 kairos-a8ef immucore[654]:     schema.File{
Sep 15 15:34:34.554109 kairos-a8ef immucore[654]:       Path: "/etc/profile.d/kairos.sh",
Sep 15 15:34:34.554109 kairos-a8ef immucore[654]:       Permissions: 420,
Sep 15 15:34:34.554109 kairos-a8ef immucore[654]:       Content: "if [ -z \"$KUBECONFIG\" ]; then\n    if [ -e /etc/rancher/k3s/k3s.yaml ]; then\n        export KUBECONFIG=\"/etc/rancher/k3s/k3s.yaml\"\n    fi\nfi\n",
Sep 15 15:34:34.554109 kairos-a8ef immucore[654]:     },
Sep 15 15:34:34.554109 kairos-a8ef immucore[654]:   },
Sep 15 15:34:34.554109 kairos-a8ef immucore[654]:   Name: "Set KUBECONFIG to access k9s and kubectl",
Sep 15 15:34:34.554109 kairos-a8ef immucore[654]: }
Sep 15 15:34:34.554109 kairos-a8ef immucore[654]: 2026-09-15T15:34:34Z DBG Creating file /etc/profile.d/kairos.sh
Sep 15 15:34:34.554109 kairos-a8ef immucore[654]: 2026-09-15T15:34:34Z DBG Command output: Created symlink '/etc/systemd/system/default.target' 
 '/usr/lib/systemd/system/multi-user.target'.
Sep 15 15:34:34.554109 kairos-a8ef immucore[654]: 2026-09-15T15:34:34Z INF Running layout plugin
Sep 15 15:34:34.276263 kairos-a8ef kairos-immucore[654]: 
[0;90m
[0;38:5:245m
[0;1;31m
[0;90m
[0;38:5:245mFound systemd at /bin/systemctl
Sep 15 15:34:34.658710 kairos-a8ef immucore[654]: 2026-09-15T15:34:34Z DBG Device field empty, skipping layout plugin
Sep 15 15:34:34.658710 kairos-a8ef immucore[654]: 2026-09-15T15:34:34Z DBG Run template output="Failed to enable unit: Unit logrotate.timer does not exist\n"
Sep 15 15:34:34.658710 kairos-a8ef immucore[654]: 2026-09-15T15:34:34Z ERR Error on file /system/oem/09_systemd_services.yaml on stage Default systemd config: 1 error occurred:
Sep 15 15:34:34.658710 kairos-a8ef immucore[654]:         * failed to run systemctl enable logrotate.timer: exit status 1
Sep 15 15:34:34.658710 kairos-a8ef immucore[654]: 
Sep 15 15:34:34.658710 kairos-a8ef immucore[654]: 2026-09-15T15:34:34Z INF Running layout plugin
Sep 15 15:34:34.658710 kairos-a8ef immucore[654]: 2026-09-15T15:34:34Z DBG Device field empty, skipping layout plugin
Sep 15 15:34:34.658710 kairos-a8ef immucore[654]: 2026-09-15T15:34:34Z DBG Reading '/system/oem/50_recovery.yaml'
Sep 15 15:34:34.658710 kairos-a8ef immucore[654]: 2026-09-15T15:34:34Z DBG Executing stage 'Start recovery on tty1.Starts kairos-recovery and generate a temporary pass'
Sep 15 15:34:34.658710 kairos-a8ef immucore[654]: 2026-09-15T15:34:34Z DBG Reading '/system/oem/09_systemd_services.yaml'
Sep 15 15:34:34.658710 kairos-a8ef immucore[654]: 2026-09-15T15:34:34Z DBG Executing stage 'Default config.Create systemd services'
Sep 15 15:34:34.658710 kairos-a8ef immucore[654]: 2026-09-15T15:34:34Z DBG Found systemd at /bin/systemctl
Sep 15 15:34:34.658710 kairos-a8ef immucore[654]: 2026-09-15T15:34:34Z INF Processing stage step 'Default config.Create systemd services'. ( commands: 0, files: 5, ... )
Sep 15 15:34:34.658710 kairos-a8ef immucore[654]: 2026-09-15T15:34:34Z DBG Stage: schema.Stage{
Sep 15 15:34:34.658710 kairos-a8ef immucore[654]:   Files: []schema.File{
Sep 15 15:34:34.658710 kairos-a8ef immucore[654]:     schema.File{
Sep 15 15:34:34.658710 kairos-a8ef immucore[654]:       Path: "/etc/systemd/system/cos-setup-boot.service",
Sep 15 15:34:34.658710 kairos-a8ef immucore[654]:       Permissions: 420,
Sep 15 15:34:34.658710 kairos-a8ef immucore[654]:       Content: "[Unit]\nDescription=cOS system configuration\nBefore=getty.target\n\n[Service]\nType=oneshot\nRemainAfterExit=yes\nExecStart=/usr/bin/kairos-agent run-stage boot\n\n[Install]\nWantedBy=multi-user.target\n",
Sep 15 15:34:34.658710 kairos-a8ef immucore[654]:     },
Sep 15 15:34:34.658710 kairos-a8ef immucore[654]:     schema.File{
Sep 15 15:34:34.658710 kairos-a8ef immucore[654]:       Path: "/etc/systemd/system/cos-setup-fs.service",
Sep 15 15:34:34.658710 kairos-a8ef immucore[654]:       Permissions: 420,
Sep 15 15:34:34.276285 kairos-a8ef kairos-immucore[654]: 
[0;1;33m
[0;1;38:5:185m
[0;1;39m
[0;1;33m
[0;1;38:5:185m(conditional) Skip 'service manager doesn't match openrc' stage name: Create openrc services.Enable OpenRC services
Sep 15 15:34:34.738184 kairos-a8ef immucore[654]:       Content: "[Unit]\nDescription=cOS system after FS setup\nDefaultDependencies=no\nAfter=local-fs.target\nWants=local-fs.target\nBefore=sysinit.target\n\n[Service]\nType=oneshot\nRemainAfterExit=yes\nExecStart=/usr/bin/kairos-agent run-stage fs\n# Belt-and-suspenders for the sysinit.target ordering: this\n# service is Before=sysinit.target, so if it hangs, every\n# later target (basic, multi-user) hangs with it and sshd\n# never comes up. run-stage fs pulls in config_url fetches\n# against a network that is not yet up at this ordering\n# point, and any silent stall inside kairos-agent (an\n# unbounded http.Get in old sdk/collector builds, a wedged\n# DNS resolver, a slow yip stage) becomes an invisible boot\n# hang. Cap the whole stage so a stall fails cleanly and\n# boot proceeds instead of dying at the login prompt.\nTimeoutStartSec=90\n\n[Install]\nWantedBy=sysinit.target\n",
Sep 15 15:34:34.738184 kairos-a8ef immucore[654]:     },
Sep 15 15:34:34.738184 kairos-a8ef immucore[654]:     schema.File{
Sep 15 15:34:34.738184 kairos-a8ef immucore[654]:       Path: "/etc/systemd/system/cos-setup-network.service",
Sep 15 15:34:34.738184 kairos-a8ef immucore[654]:       Permissions: 420,
Sep 15 15:34:34.738184 kairos-a8ef immucore[654]:       Content: "[Unit]\nDescription=cOS setup after network\nAfter=network-online.target\n\n[Service]\nType=oneshot\nRemainAfterExit=yes\nExecStart=/usr/bin/kairos-agent run-stage network\n\n[Install]\nWantedBy=multi-user.target\n",
Sep 15 15:34:34.738184 kairos-a8ef immucore[654]:     },
Sep 15 15:34:34.738184 kairos-a8ef immucore[654]:     schema.File{
Sep 15 15:34:34.738184 kairos-a8ef immucore[654]:       Path: "/etc/systemd/system/cos-setup-reconcile.service",
Sep 15 15:34:34.738184 kairos-a8ef immucore[654]:       Permissions: 420,
Sep 15 15:34:34.738184 kairos-a8ef immucore[654]:       Content: "[Unit]\nDescription=cOS setup reconciler\n\n[Service]\nNice=19\nIOSchedulingClass=2\nIOSchedulingPriority=7\nType=oneshot\nExecStart=/bin/bash -c \"systemd-inhibit /usr/bin/kairos-agent run-stage reconcile\"\nTimeoutStopSec=180\nKillMode=process\nKillSignal=SIGINT\n\n[Install]\nWantedBy=multi-user.target\n",
Sep 15 15:34:34.738184 kairos-a8ef immucore[654]:     },
Sep 15 15:34:34.738184 kairos-a8ef immucore[654]:     schema.File{
Sep 15 15:34:34.738184 kairos-a8ef immucore[654]:       Path: "/etc/systemd/system/cos-setup-reconcile.timer",
Sep 15 15:34:34.738184 kairos-a8ef immucore[654]:       Permissions: 420,
Sep 15 15:34:34.738184 kairos-a8ef immucore[654]:       Content: "[Unit]\nDescription=cOS setup reconciler\n\n[Timer]\nOnBootSec=5min\nOnUnitActiveSec=60min\nUnit=cos-setup-reconcile.service\n\n[Install]\nWantedBy=multi-user.target\n",
Sep 15 15:34:34.738184 kairos-a8ef immucore[654]:     },
Sep 15 15:34:34.738184 kairos-a8ef immucore[654]:   },
Sep 15 15:34:34.738184 kairos-a8ef immucore[654]:   Name: "Create systemd services",
Sep 15 15:34:34.276301 kairos-a8ef kairos-immucore[654]: 
[0;90m
[0;38:5:245m
[0;1;31m
[0;90m
[0;38:5:245mReading '/system/oem/05_network.yaml'
Sep 15 15:34:34.821399 kairos-a8ef immucore[654]:   OnlyIfServiceManager: "systemd",
Sep 15 15:34:34.821399 kairos-a8ef immucore[654]: }
Sep 15 15:34:34.821399 kairos-a8ef immucore[654]: 2026-09-15T15:34:34Z DBG Creating file /etc/systemd/system/cos-setup-boot.service
Sep 15 15:34:34.821399 kairos-a8ef immucore[654]: 2026-09-15T15:34:34Z DBG Creating file /etc/systemd/system/cos-setup-fs.service
Sep 15 15:34:34.821399 kairos-a8ef immucore[654]: 2026-09-15T15:34:34Z DBG Creating file /etc/systemd/system/cos-setup-network.service
Sep 15 15:34:34.821399 kairos-a8ef immucore[654]: 2026-09-15T15:34:34Z DBG Creating file /etc/systemd/system/cos-setup-reconcile.service
Sep 15 15:34:34.821399 kairos-a8ef immucore[654]: 2026-09-15T15:34:34Z DBG Reading '/system/oem/05_network.yaml'
Sep 15 15:34:34.821399 kairos-a8ef immucore[654]: 2026-09-15T15:34:34Z DBG Executing stage 'Default network configuration.Enable systemd-resolved on Red Hat if available'
Sep 15 15:34:34.821399 kairos-a8ef immucore[654]: 2026-09-15T15:34:34Z WRN (conditional) Skip 'Skipping stage (if statement error: failed to run grep -q "kairos.remote_recovery_mode" /proc/cmdline
Sep 15 15:34:34.821399 kairos-a8ef immucore[654]: : exit status 1)' stage name: Start recovery on tty1.Starts kairos-recovery and generate a temporary pass
Sep 15 15:34:34.821399 kairos-a8ef immucore[654]: 2026-09-15T15:34:34Z DBG Creating file /etc/systemd/system/cos-setup-reconcile.timer
Sep 15 15:34:34.821399 kairos-a8ef immucore[654]: 2026-09-15T15:34:34Z INF Running layout plugin
Sep 15 15:34:34.821399 kairos-a8ef immucore[654]: 2026-09-15T15:34:34Z DBG Device field empty, skipping layout plugin
Sep 15 15:34:34.821399 kairos-a8ef immucore[654]: 2026-09-15T15:34:34Z DBG If statement result
Sep 15 15:34:34.821399 kairos-a8ef immucore[654]: 2026-09-15T15:34:34Z WRN (conditional) Skip 'OnlyIfOs regex (Red.*Hat.*) doesn't match os name Hadron Linux' stage name: Default network configuration.Enable systemd-resolved on Red Hat if available
Sep 15 15:34:34.821399 kairos-a8ef immucore[654]: 2026-09-15T15:34:34Z DBG Reading '/system/oem/09_systemd_services.yaml'
Sep 15 15:34:34.821399 kairos-a8ef immucore[654]: 2026-09-15T15:34:34Z DBG Executing stage 'Default config.Override systemd-tpm2-setup/systemd-pcrproduct with temporary RW under /efi'
Sep 15 15:34:34.821399 kairos-a8ef immucore[654]: 2026-09-15T15:34:34Z DBG Reading '/system/oem/08_efi_assessment.yaml'
Sep 15 15:34:34.821399 kairos-a8ef immucore[654]: 2026-09-15T15:34:34Z DBG Executing stage 'Enable EFI assessment.Override systemd-boot services to enable RW on /efi partition'
Sep 15 15:34:34.276312 kairos-a8ef kairos-immucore[654]: 
[0;90m
[0;38:5:245m
[0;1;31m
[0;90m
[0;38:5:245mExecuting stage 'Default network configuration.Link /etc/resolv.conf to systemd resolv.conf'
Sep 15 15:34:34.898685 kairos-a8ef immucore[654]: 2026-09-15T15:34:34Z WRN (conditional) Skip 'Skipping stage (if statement error: failed to run [ -e "/run/cos/uki_boot_mode" ]: exit status 1)' stage name: Default config.Override systemd-tpm2-setup/systemd-pcrproduct with temporary RW under /efi
Sep 15 15:34:34.898685 kairos-a8ef immucore[654]: 2026-09-15T15:34:34Z DBG Reading '/system/oem/50_recovery.yaml'
Sep 15 15:34:34.898685 kairos-a8ef immucore[654]: 2026-09-15T15:34:34Z DBG Executing stage 'Start recovery on tty1.Starts kairos-recovery for openRC based systems'
Sep 15 15:34:34.898685 kairos-a8ef immucore[654]: 2026-09-15T15:34:34Z WRN (conditional) Skip 'Skipping stage (if statement error: failed to run grep -q "kairos.remote_recovery_mode" /proc/cmdline: exit status 1)' stage name: Start recovery on tty1.Starts kairos-recovery for openRC based systems
Sep 15 15:34:34.898685 kairos-a8ef immucore[654]: 2026-09-15T15:34:34Z WRN (conditional) Skip 'Skipping stage (if statement error: failed to run [ -e "/run/cos/uki_boot_mode" ]: exit status 1)' stage name: Enable EFI assessment.Override systemd-boot services to enable RW on /efi partition
Sep 15 15:34:34.898685 kairos-a8ef immucore[654]: 2026-09-15T15:34:34Z DBG Reading '/system/oem/08_efi_assessment.yaml'
Sep 15 15:34:34.898685 kairos-a8ef immucore[654]: 2026-09-15T15:34:34Z DBG Reading '/system/oem/09_systemd_services.yaml'
Sep 15 15:34:34.898685 kairos-a8ef immucore[654]: 2026-09-15T15:34:34Z DBG Executing stage 'Default config.Enable systemd services'
Sep 15 15:34:34.898685 kairos-a8ef immucore[654]: 2026-09-15T15:34:34Z DBG Found systemd at /bin/systemctl
Sep 15 15:34:34.898685 kairos-a8ef immucore[654]: 2026-09-15T15:34:34Z INF Processing stage step 'Default config.Enable systemd services'. ( commands: 4, files: 0, ... )
Sep 15 15:34:34.898685 kairos-a8ef immucore[654]: 2026-09-15T15:34:34Z DBG Stage: schema.Stage{
Sep 15 15:34:34.898685 kairos-a8ef immucore[654]:   Commands: []string{
Sep 15 15:34:34.898685 kairos-a8ef immucore[654]:     "ln -sf /etc/systemd/system/cos-setup-reconcile.timer /etc/systemd/system/multi-user.target.wants/cos-setup-reconcile.timer",
Sep 15 15:34:34.898685 kairos-a8ef immucore[654]:     "ln -sf /etc/systemd/system/cos-setup-fs.service /etc/systemd/system/sysinit.target.wants/cos-setup-fs.service",
Sep 15 15:34:34.898685 kairos-a8ef immucore[654]:     "ln -sf /etc/systemd/system/cos-setup-boot.service /etc/systemd/system/multi-user.target.wants/cos-setup-boot.service",
Sep 15 15:34:34.898685 kairos-a8ef immucore[654]:     "ln -sf /etc/systemd/system/cos-setup-network.service /etc/systemd/system/multi-user.target.wants/cos-setup-network.service",
Sep 15 15:34:34.276347 kairos-a8ef kairos-immucore[654]: 
[0;90m
[0;38:5:245m
[0;1;31m
[0;90m
[0;38:5:245mReading '/system/oem/26_selinux.yaml'
Sep 15 15:34:34.977725 kairos-a8ef immucore[654]:   },
Sep 15 15:34:34.977725 kairos-a8ef immucore[654]:   Name: "Enable systemd services",
Sep 15 15:34:34.977725 kairos-a8ef immucore[654]:   OnlyIfServiceManager: "systemd",
Sep 15 15:34:34.977725 kairos-a8ef immucore[654]: }
Sep 15 15:34:34.977725 kairos-a8ef immucore[654]: 2026-09-15T15:34:34Z DBG Executing stage 'Enable EFI assessment.Enable boot assessment'
Sep 15 15:34:34.977725 kairos-a8ef immucore[654]: 2026-09-15T15:34:34Z DBG Empty command output
Sep 15 15:34:34.977725 kairos-a8ef immucore[654]: 2026-09-15T15:34:34Z WRN (conditional) Skip 'Skipping stage (if statement error: failed to run [ -e "/run/cos/uki_boot_mode" ]: exit status 1)' stage name: Enable EFI assessment.Enable boot assessment
Sep 15 15:34:34.977725 kairos-a8ef immucore[654]: 2026-09-15T15:34:34Z DBG Reading '/system/oem/51_reset.yaml'
Sep 15 15:34:34.977725 kairos-a8ef immucore[654]: 2026-09-15T15:34:34Z DBG Executing stage 'Start reset on tty1.Starts kairos-reset for systemd based systems'
Sep 15 15:34:34.977725 kairos-a8ef immucore[654]: 2026-09-15T15:34:34Z DBG Empty command output
Sep 15 15:34:34.977725 kairos-a8ef immucore[654]: 2026-09-15T15:34:34Z WRN (conditional) Skip 'Skipping stage (if statement error: failed to run (grep -q "kairos.reset" /proc/cmdline || [ -f /run/cos/autoreset_mode ])
Sep 15 15:34:34.977725 kairos-a8ef immucore[654]: : exit status 1)' stage name: Start reset on tty1.Starts kairos-reset for systemd based systems
Sep 15 15:34:34.977725 kairos-a8ef immucore[654]: 2026-09-15T15:34:34Z DBG Empty command output
Sep 15 15:34:34.977725 kairos-a8ef immucore[654]: 2026-09-15T15:34:34Z DBG Empty command output
Sep 15 15:34:34.977725 kairos-a8ef immucore[654]: 2026-09-15T15:34:34Z INF Running layout plugin
Sep 15 15:34:34.977725 kairos-a8ef immucore[654]: 2026-09-15T15:34:34Z DBG Device field empty, skipping layout plugin
Sep 15 15:34:34.977725 kairos-a8ef immucore[654]: 2026-09-15T15:34:34Z DBG Reading '/system/oem/51_reset.yaml'
Sep 15 15:34:34.977725 kairos-a8ef immucore[654]: 2026-09-15T15:34:34Z DBG Reading '/system/oem/10_accounting.yaml'
Sep 15 15:34:34.977725 kairos-a8ef immucore[654]: 2026-09-15T15:34:34Z DBG Executing stage 'Default user, permissions and serial login.Setup groups.0'
Sep 15 15:34:34.977725 kairos-a8ef immucore[654]: 2026-09-15T15:34:34Z INF Processing stage step 'Default user, permissions and serial login.Setup groups.0'. ( commands: 0, files: 0, ... )
Sep 15 15:34:34.977725 kairos-a8ef immucore[654]: 2026-09-15T15:34:34Z DBG Stage: schema.Stage{
Sep 15 15:34:34.977725 kairos-a8ef immucore[654]:   EnsureEntities: []schema.YipEntity{
Sep 15 15:34:34.977725 kairos-a8ef immucore[654]:     schema.YipEntity{
Sep 15 15:34:34.977725 kairos-a8ef immucore[654]:       Entity: "kind: \"group\"\ngroup_name: \"admin\"\npassword: \"x\"\ngid: 900\n",
Sep 15 15:34:34.977725 kairos-a8ef immucore[654]:     },
Sep 15 15:34:34.977725 kairos-a8ef immucore[654]:   },
Sep 15 15:34:34.977725 kairos-a8ef immucore[654]:   Name: "Setup groups",
Sep 15 15:34:34.977725 kairos-a8ef immucore[654]: }
Sep 15 15:34:34.977725 kairos-a8ef immucore[654]: 2026-09-15T15:34:34Z DBG Executing stage 'Start reset on tty1.Starts kairos-reset for openRC-based systems'
Sep 15 15:34:34.276393 kairos-a8ef kairos-immucore[654]: 
[0;90m
[0;38:5:245m
[0;1;31m
[0;90m
[0;38:5:245mExecuting stage 'SELinux.Relabelling'
Sep 15 15:34:35.071088 kairos-a8ef immucore[654]: 2026-09-15T15:34:34Z WRN (conditional) Skip 'Skipping stage (if statement error: failed to run grep -q "kairos.reset" /proc/cmdline: exit status 1)' stage name: Start reset on tty1.Starts kairos-reset for openRC-based systems
Sep 15 15:34:35.071088 kairos-a8ef immucore[654]: 2026-09-15T15:34:34Z INF Running layout plugin
Sep 15 15:34:35.071088 kairos-a8ef immucore[654]: 2026-09-15T15:34:34Z DBG Device field empty, skipping layout plugin
Sep 15 15:34:35.071088 kairos-a8ef immucore[654]: 2026-09-15T15:34:34Z DBG Reading '/system/oem/52_installer.yaml'
Sep 15 15:34:35.071088 kairos-a8ef immucore[654]: 2026-09-15T15:34:34Z DBG Reading '/system/oem/10_accounting.yaml'
Sep 15 15:34:35.071088 kairos-a8ef immucore[654]: 2026-09-15T15:34:34Z DBG Executing stage 'Default user, permissions and serial login.Setup users.1'
Sep 15 15:34:35.071088 kairos-a8ef immucore[654]: 2026-09-15T15:34:34Z INF Processing stage step 'Default user, permissions and serial login.Setup users.1'. ( commands: 0, files: 0, ... )
Sep 15 15:34:35.071088 kairos-a8ef immucore[654]: 2026-09-15T15:34:34Z DBG Stage: schema.Stage{
Sep 15 15:34:35.071088 kairos-a8ef immucore[654]:   Name: "Setup users",
Sep 15 15:34:35.071088 kairos-a8ef immucore[654]:   Users: map[string]schema.User{
Sep 15 15:34:35.071088 kairos-a8ef immucore[654]:     "kairos": schema.User{
Sep 15 15:34:35.071088 kairos-a8ef immucore[654]:       PasswordHash: "!",
Sep 15 15:34:35.071088 kairos-a8ef immucore[654]:       Homedir: "/home/kairos",
Sep 15 15:34:35.071088 kairos-a8ef immucore[654]:       Groups: []string{
Sep 15 15:34:35.071088 kairos-a8ef immucore[654]:         "admin",
Sep 15 15:34:35.071088 kairos-a8ef immucore[654]:       },
Sep 15 15:34:35.071088 kairos-a8ef immucore[654]:       Shell: "/bin/bash",
Sep 15 15:34:35.071088 kairos-a8ef immucore[654]:     },
Sep 15 15:34:35.071088 kairos-a8ef immucore[654]:   },
Sep 15 15:34:35.071088 kairos-a8ef immucore[654]: }
Sep 15 15:34:35.071088 kairos-a8ef immucore[654]: 2026-09-15T15:34:34Z INF Running layout plugin
Sep 15 15:34:35.071088 kairos-a8ef immucore[654]: 2026-09-15T15:34:34Z DBG Device field empty, skipping layout plugin
Sep 15 15:34:35.071088 kairos-a8ef immucore[654]: 2026-09-15T15:34:34Z DBG Executing stage 'Start installer on tty1..0'
Sep 15 15:34:35.071088 kairos-a8ef immucore[654]: 2026-09-15T15:34:34Z WRN (conditional) Skip 'Skipping stage (if statement error: failed to run (grep -q "install-mode" /proc/cmdline || grep -q "nodepair.enable" /proc/cmdline ) && \
Sep 15 15:34:35.071088 kairos-a8ef immucore[654]: ([ -f /run/cos/live_mode ] || [ -f /run/cos/uki_install_mode ])
Sep 15 15:34:35.071088 kairos-a8ef immucore[654]: : exit status 1)' stage name: Start installer on tty1..0
Sep 15 15:34:35.071088 kairos-a8ef immucore[654]: 2026-09-15T15:34:34Z DBG Reading '/system/oem/10_accounting.yaml'
Sep 15 15:34:35.071088 kairos-a8ef immucore[654]: 2026-09-15T15:34:34Z DBG Reading '/system/oem/52_installer.yaml'
Sep 15 15:34:35.071088 kairos-a8ef immucore[654]: 2026-09-15T15:34:34Z DBG Executing stage 'Start installer on tty1..1'
Sep 15 15:34:35.071088 kairos-a8ef immucore[654]: 2026-09-15T15:34:34Z DBG Executing stage 'Default user, permissions and serial login.Set user password if running in live or uki.2'
Sep 15 15:34:34.277899 kairos-a8ef kairos-immucore[654]: 
[0;90m
[0;38:5:245m
[0;1;31m
[0;90m
[0;38:5:245mIf statement result 
Sep 15 15:34:35.164319 kairos-a8ef immucore[654]: 2026-09-15T15:34:34Z WRN (conditional) Skip 'Skipping stage (if statement error: failed to run [ -e /run/cos/live_mode ] || [ -e /run/cos/uki_install_mode ]: exit status 1)' stage name: Default user, permissions and serial login.Set user password if running in live or uki.2
Sep 15 15:34:35.164319 kairos-a8ef immucore[654]: 2026-09-15T15:34:34Z WRN (conditional) Skip 'Skipping stage (if statement error: failed to run (grep -q "install-mode" /proc/cmdline || grep -q "nodepair.enable" /proc/cmdline ) && \
Sep 15 15:34:35.164319 kairos-a8ef immucore[654]: ([ -f /run/cos/live_mode ] || [ -f /run/cos/uki_install_mode ])
Sep 15 15:34:35.164319 kairos-a8ef immucore[654]: : exit status 1)' stage name: Start installer on tty1..1
Sep 15 15:34:35.164319 kairos-a8ef immucore[654]: 2026-09-15T15:34:34Z DBG Reading '/system/oem/52_installer.yaml'
Sep 15 15:34:35.164319 kairos-a8ef immucore[654]: 2026-09-15T15:34:34Z DBG Executing stage 'Start installer on tty1..2'
Sep 15 15:34:35.164319 kairos-a8ef immucore[654]: 2026-09-15T15:34:34Z WRN (conditional) Skip 'Skipping stage (if statement error: failed to run (grep -q "interactive-install" /proc/cmdline || grep -q "install-mode-interactive" /proc/cmdline) && \
Sep 15 15:34:35.164319 kairos-a8ef immucore[654]: ([ -f /run/cos/live_mode ] || [ -f /run/cos/uki_install_mode ])
Sep 15 15:34:35.164319 kairos-a8ef immucore[654]: : exit status 1)' stage name: Start installer on tty1..2
Sep 15 15:34:35.164319 kairos-a8ef immucore[654]: 2026-09-15T15:34:34Z DBG Reading '/system/oem/10_accounting.yaml'
Sep 15 15:34:35.164319 kairos-a8ef immucore[654]: 2026-09-15T15:34:34Z DBG Executing stage 'Default user, permissions and serial login.Setup sudo.3'
Sep 15 15:34:35.164319 kairos-a8ef immucore[654]: 2026-09-15T15:34:34Z INF Processing stage step 'Default user, permissions and serial login.Setup sudo.3'. ( commands: 1, files: 1, ... )
Sep 15 15:34:35.164319 kairos-a8ef immucore[654]: 2026-09-15T15:34:34Z DBG Stage: schema.Stage{
Sep 15 15:34:35.164319 kairos-a8ef immucore[654]:   Commands: []string{
Sep 15 15:34:35.164319 kairos-a8ef immucore[654]:     "passwd -l root",
Sep 15 15:34:35.164319 kairos-a8ef immucore[654]:   },
Sep 15 15:34:35.164319 kairos-a8ef immucore[654]:   Files: []schema.File{
Sep 15 15:34:35.164319 kairos-a8ef immucore[654]:     schema.File{
Sep 15 15:34:35.164319 kairos-a8ef immucore[654]:       Path: "/etc/sudoers",
Sep 15 15:34:34.277927 kairos-a8ef kairos-immucore[654]: 
[0;90m
[0;38:5:245m
[0;1;31m
[0;90m
[0;38:5:245mFound systemd at /bin/systemctl
Sep 15 15:34:35.176110 kairos-a8ef passwd[1177]: password for 'root' changed by 'root'
Sep 15 15:34:35.241281 kairos-a8ef immucore[654]:       Content: "Defaults always_set_home\nDefaults secure_path=\"/usr/sbin:/usr/bin:/sbin:/bin:/usr/local/bin:/usr/local/sbin\"\nDefaults env_reset\nDefaults env_keep = \"LANG LC_ADDRESS LC_CTYPE LC_COLLATE LC_IDENTIFICATION LC_MEASUREMENT LC_MESSAGES LC_MONETARY LC_NAME LC_NUMERIC LC_PAPER LC_TELEPHONE LC_ATIME LC_ALL LANGUAGE LINGUAS XDG_SESSION_COOKIE\"\nDefaults !insults\nroot ALL=(ALL) ALL\n%admin ALL=(ALL) NOPASSWD: ALL\n#includedir /etc/sudoers.d\n",
Sep 15 15:34:35.241281 kairos-a8ef immucore[654]:     },
Sep 15 15:34:35.241281 kairos-a8ef immucore[654]:   },
Sep 15 15:34:35.241281 kairos-a8ef immucore[654]:   Name: "Setup sudo",
Sep 15 15:34:35.241281 kairos-a8ef immucore[654]: }
Sep 15 15:34:35.241281 kairos-a8ef immucore[654]: 2026-09-15T15:34:34Z DBG Creating file /etc/sudoers
Sep 15 15:34:35.241281 kairos-a8ef immucore[654]: 2026-09-15T15:34:35Z DBG Command output: passwd: password changed.
Sep 15 15:34:35.241281 kairos-a8ef immucore[654]: 2026-09-15T15:34:35Z INF Running layout plugin
Sep 15 15:34:35.241281 kairos-a8ef immucore[654]: 2026-09-15T15:34:35Z DBG Device field empty, skipping layout plugin
Sep 15 15:34:35.241281 kairos-a8ef immucore[654]: 2026-09-15T15:34:35Z DBG Reading '/system/oem/10_accounting.yaml'
Sep 15 15:34:35.241281 kairos-a8ef immucore[654]: 2026-09-15T15:34:35Z DBG Executing stage 'Default user, permissions and serial login.Ensure runtime permission.4'
Sep 15 15:34:35.241281 kairos-a8ef immucore[654]: 2026-09-15T15:34:35Z DBG Reading '/system/oem/52_installer.yaml'
Sep 15 15:34:35.241281 kairos-a8ef immucore[654]: 2026-09-15T15:34:35Z DBG Executing stage 'Start installer on tty1..3'
Sep 15 15:34:35.241281 kairos-a8ef immucore[654]: 2026-09-15T15:34:35Z DBG If statement result
Sep 15 15:34:35.241281 kairos-a8ef immucore[654]: 2026-09-15T15:34:35Z INF Processing stage step 'Default user, permissions and serial login.Ensure runtime permission.4'. ( commands: 2, files: 0, ... )
Sep 15 15:34:35.241281 kairos-a8ef immucore[654]: 2026-09-15T15:34:35Z DBG Stage: schema.Stage{
Sep 15 15:34:35.241281 kairos-a8ef immucore[654]:   Commands: []string{
Sep 15 15:34:35.241281 kairos-a8ef immucore[654]:     "chown -R root:admin /oem",
Sep 15 15:34:35.241281 kairos-a8ef immucore[654]:     "chmod 770 /oem",
Sep 15 15:34:35.241281 kairos-a8ef immucore[654]:   },
Sep 15 15:34:35.241281 kairos-a8ef immucore[654]:   If: "[ -e \"/oem\" ]",
Sep 15 15:34:35.241281 kairos-a8ef immucore[654]:   Name: "Ensure runtime permission",
Sep 15 15:34:35.241281 kairos-a8ef immucore[654]: }
Sep 15 15:34:35.241281 kairos-a8ef immucore[654]: 2026-09-15T15:34:35Z WRN (conditional) Skip 'Skipping stage (if statement error: failed to run (grep -q "interactive-install" /proc/cmdline || grep -q "install-mode-interactive" /proc/cmdline) && \
Sep 15 15:34:35.241281 kairos-a8ef immucore[654]: ([ -f /run/cos/live_mode ] || [ -f /run/cos/uki_install_mode ])
Sep 15 15:34:35.241281 kairos-a8ef immucore[654]: : exit status 1)' stage name: Start installer on tty1..3
Sep 15 15:34:35.241281 kairos-a8ef immucore[654]: 2026-09-15T15:34:35Z DBG Empty command output
Sep 15 15:34:35.241281 kairos-a8ef immucore[654]: 2026-09-15T15:34:35Z DBG Empty command output
Sep 15 15:34:34.277954 kairos-a8ef kairos-immucore[654]: Processing stage step 'Default network configuration.Link /etc/resolv.conf to systemd resolv.conf'. ( commands: 2, files: 0, ... )
Sep 15 15:34:35.332879 kairos-a8ef immucore[654]: 2026-09-15T15:34:35Z INF Running layout plugin
Sep 15 15:34:35.332879 kairos-a8ef immucore[654]: 2026-09-15T15:34:35Z DBG Device field empty, skipping layout plugin
Sep 15 15:34:35.332879 kairos-a8ef immucore[654]: 2026-09-15T15:34:35Z DBG Reading '/system/oem/99_sysext.yaml'
Sep 15 15:34:35.332879 kairos-a8ef immucore[654]: 2026-09-15T15:34:35Z DBG Executing stage 'sysext and confext configuration.systemd-sysext/confext uki config'
Sep 15 15:34:35.332879 kairos-a8ef immucore[654]: 2026-09-15T15:34:35Z DBG Reading '/system/oem/10_accounting.yaml'
Sep 15 15:34:35.332879 kairos-a8ef immucore[654]: 2026-09-15T15:34:35Z DBG Executing stage 'Default user, permissions and serial login.Ensure runtime permission.5'
Sep 15 15:34:35.332879 kairos-a8ef immucore[654]: 2026-09-15T15:34:35Z WRN (conditional) Skip 'Skipping stage (if statement error: failed to run [ -e "/run/cos/uki_boot_mode" ] && [ ! -e "/run/cos/recovery_mode" ] && [ ! -e "/run/cos/autoreset_mode" ]: exit status 1)' stage name: sysext and confext configuration.systemd-sysext/confext uki config
Sep 15 15:34:35.332879 kairos-a8ef immucore[654]: 2026-09-15T15:34:35Z WRN (conditional) Skip 'Skipping stage (if statement error: failed to run [ -e "/usr/local/cloud-config" ]: exit status 1)' stage name: Default user, permissions and serial login.Ensure runtime permission.5
Sep 15 15:34:35.332879 kairos-a8ef immucore[654]: 2026-09-15T15:34:35Z DBG Reading '/system/oem/99_sysext.yaml'
Sep 15 15:34:35.332879 kairos-a8ef immucore[654]: 2026-09-15T15:34:35Z DBG Executing stage 'sysext and confext configuration.systemd-sysext/confext config'
Sep 15 15:34:35.332879 kairos-a8ef immucore[654]: 2026-09-15T15:34:35Z DBG If statement result
Sep 15 15:34:34.277998 kairos-a8ef kairos-immucore[654]: 
[0;90m
[0;38:5:245m
[0;1;31m
[0;90m
[0;38:5:245mStage: schema.Stage{
                                                         
[0;90m
[0;38:5:245m  Commands: []string{
                                                         
[0;90m
[0;38:5:245m    "rm /etc/resolv.conf",
                                                         
[0;90m
[0;38:5:245m    "ln -s /run/systemd/resolve/resolv.conf /etc/resolv.conf",
                                                         
[0;90m
[0;38:5:245m  },
                                                         
[0;90m
[0;38:5:245m  If: "[ -f /etc/hosts ]",
                                                         
[0;90m
[0;38:5:245m  Name: "Link /etc/resolv.conf to systemd resolv.conf",
                                                         
[0;90m
[0;38:5:245m  OnlyIfServiceManager: "systemd",
                                                         
[0;90m
[0;38:5:245m}
Sep 15 15:34:34.280485 kairos-a8ef kairos-immucore[654]: 
[0;90m
[0;38:5:245m
[0;1;31m
[0;90m
[0;38:5:245mReading '/system/oem/00_rootfs.yaml'
Sep 15 15:34:34.280554 kairos-a8ef kairos-immucore[654]: 
[0;90m
[0;38:5:245m
[0;1;31m
[0;90m
[0;38:5:245mExecuting stage 'Rootfs Layout Settings.Ensure /etc/machine-id for systemd systems'
Sep 15 15:34:34.280572 kairos-a8ef kairos-immucore[654]: 
[0;90m
[0;38:5:245m
[0;1;31m
[0;90m
[0;38:5:245mFound systemd at /bin/systemctl
Sep 15 15:34:34.280603 kairos-a8ef kairos-immucore[654]: Processing stage step 'Rootfs Layout Settings.Ensure /etc/machine-id for systemd systems'. ( commands: 1, files: 0, ... )
Sep 15 15:34:34.280654 kairos-a8ef kairos-immucore[654]: 
[0;90m
[0;38:5:245m
[0;1;31m
[0;90m
[0;38:5:245mStage: schema.Stage{
                                                         
[0;90m
[0;38:5:245m  Commands: []string{
                                                         
[0;90m
[0;38:5:245m    "systemd-machine-id-setup",
                                                         
[0;90m
[0;38:5:245m  },
                                                         
[0;90m
[0;38:5:245m  Name: "Ensure /etc/machine-id for systemd systems",
                                                         
[0;90m
[0;38:5:245m  OnlyIfServiceManager: "systemd",
                                                         
[0;90m
[0;38:5:245m}
Sep 15 15:34:34.281553 kairos-a8ef kairos-immucore[654]: 
[0;90m
[0;38:5:245m
[0;1;31m
[0;90m
[0;38:5:245mReading '/system/oem/31_hosts.yaml'
Sep 15 15:34:34.281575 kairos-a8ef kairos-immucore[654]: 
[0;90m
[0;38:5:245m
[0;1;31m
[0;90m
[0;38:5:245mExecuting stage '/system/oem/31_hosts.yaml.Ensure persistent hostname'
Sep 15 15:34:34.283588 kairos-a8ef kairos-immucore[654]: 
[0;1;33m
[0;1;38:5:185m
[0;1;39m
[0;1;33m
[0;1;38:5:185m(conditional) Skip 'Skipping stage (if statement error: failed to run cat /proc/cmdline | grep "selinux=1"
                                                         
[0;1;33m
[0;1;38:5:185m: exit status 1)' stage name: SELinux.Relabelling
Sep 15 15:34:34.290342 kairos-a8ef kairos-immucore[654]: 
[0;90m
[0;38:5:245m
[0;1;31m
[0;90m
[0;38:5:245mEmpty command output
Sep 15 15:34:34.290454 kairos-a8ef kairos-immucore[654]: 
[0;1;31m
[0;1;39m
[0;1;31mError on file /system/oem/05_network.yaml on stage Link /etc/resolv.conf to systemd resolv.conf: 1 error occurred:
                                                         
[0;1;31m        * failed to run rm /etc/resolv.conf: exit status 1
                                                         
[0;1;31mcommand output:
                                                         
[0;1;31mrm: cannot remove '/etc/resolv.conf': No such file or directory
                                                         
[0;1;31m
                                                         
[0;1;31m
Sep 15 15:34:34.290671 kairos-a8ef kairos-immucore[654]: Running layout plugin
Sep 15 15:34:34.290695 kairos-a8ef kairos-immucore[654]: 
[0;90m
[0;38:5:245m
[0;1;31m
[0;90m
[0;38:5:245mDevice field empty, skipping layout plugin
Sep 15 15:34:34.290995 kairos-a8ef kairos-immucore[654]: 
[0;90m
[0;38:5:245m
[0;1;31m
[0;90m
[0;38:5:245mIf statement result 
Sep 15 15:34:34.291016 kairos-a8ef kairos-immucore[654]: Processing stage step '/system/oem/31_hosts.yaml.Ensure persistent hostname'. ( commands: 2, files: 1, ... )
Sep 15 15:34:34.291104 kairos-a8ef kairos-immucore[654]: 
[0;90m
[0;38:5:245m
[0;1;31m
[0;90m
[0;38:5:245mStage: schema.Stage{
                                                         
[0;90m
[0;38:5:245m  Commands: []string{
                                                         
[0;90m
[0;38:5:245m    "rm -f /etc/hostname",
                                                         
[0;90m
[0;38:5:245m    "ln -sf /usr/local/etc/hostname /etc/hostname",
                                                         
[0;90m
[0;38:5:245m  },
                                                         
[0;90m
[0;38:5:245m  Files: []schema.File{
                                                         
[0;90m
[0;38:5:245m    schema.File{
                                                         
[0;90m
[0;38:5:245m      Path: "/usr/local/etc/hostname",
                                                         
[0;90m
[0;38:5:245m      Permissions: 420,
                                                         
[0;90m
[0;38:5:245m    },
                                                         
[0;90m
[0;38:5:245m  },
                                                         
[0;90m
[0;38:5:245m  If: "[ ! -f \"/run/cos/recovery_mode\" ] && [ ! -L \"/etc/hostname\" ]",
                                                         
[0;90m
[0;38:5:245m  Hostname: "kairos-{{ trunc 4 .MachineID }}",
                                                         
[0;90m
[0;38:5:245m  Name: "Ensure persistent hostname",
                                                         
[0;90m
[0;38:5:245m}
Sep 15 15:34:34.291152 kairos-a8ef kairos-immucore[654]: 
[0;90m
[0;38:5:245m
[0;1;31m
[0;90m
[0;38:5:245mCreating file /usr/local/etc/hostname
Sep 15 15:34:34.298206 kairos-a8ef kairos-immucore[654]: 
[0;90m
[0;38:5:245m
[0;1;31m
[0;90m
[0;38:5:245mCommand output: Initializing machine ID from random generator.
Sep 15 15:34:34.298237 kairos-a8ef kairos-immucore[654]: Running layout plugin
Sep 15 15:34:34.298249 kairos-a8ef kairos-immucore[654]: 
[0;90m
[0;38:5:245m
[0;1;31m
[0;90m
[0;38:5:245mDevice field empty, skipping layout plugin
Sep 15 15:34:34.302119 kairos-a8ef kairos-immucore[654]: 
[0;90m
[0;38:5:245m
[0;1;31m
[0;90m
[0;38:5:245mEmpty command output
Sep 15 15:34:34.307871 kairos-a8ef kairos-immucore[654]: 
[0;90m
[0;38:5:245m
[0;1;31m
[0;90m
[0;38:5:245mEmpty command output
Sep 15 15:34:34.308571 kairos-a8ef kairos-immucore[654]: Running layout plugin
Sep 15 15:34:34.308614 kairos-a8ef kairos-immucore[654]: 
[0;90m
[0;38:5:245m
[0;1;31m
[0;90m
[0;38:5:245mDevice field empty, skipping layout plugin
Sep 15 15:34:34.308663 kairos-a8ef kairos-immucore[654]: 
[0;90m
[0;38:5:245m
[0;1;31m
[0;90m
[0;38:5:245mReading '/system/oem/05_network.yaml'
Sep 15 15:34:34.308677 kairos-a8ef kairos-immucore[654]: 
[0;90m
[0;38:5:245m
[0;1;31m
[0;90m
[0;38:5:245mExecuting stage 'Default network configuration.Enabled systemd-networkd on Red Hat if available'
Sep 15 15:34:34.308884 kairos-a8ef systemd-resolved[378]: System hostname changed to 'kairos-a8ef'.
Sep 15 15:34:34.309726 kairos-a8ef kairos-immucore[654]: 
[0;90m
[0;38:5:245m
[0;1;31m
[0;90m
[0;38:5:245mReading '/system/oem/09_systemd_services.yaml'
Sep 15 15:34:34.309748 kairos-a8ef kairos-immucore[654]: 
[0;90m
[0;38:5:245m
[0;1;31m
[0;90m
[0;38:5:245mExecuting stage 'Default config.Default systemd config'
Sep 15 15:34:34.309769 kairos-a8ef kairos-immucore[654]: 
[0;90m
[0;38:5:245m
[0;1;31m
[0;90m
[0;38:5:245mFound systemd at /bin/systemctl
Sep 15 15:34:34.309795 kairos-a8ef kairos-immucore[654]: Processing stage step 'Default config.Default systemd config'. ( commands: 1, files: 0, ... )
Sep 15 15:34:34.309838 kairos-a8ef kairos-immucore[654]: 
[0;90m
[0;38:5:245m
[0;1;31m
[0;90m
[0;38:5:245mStage: schema.Stage{
                                                         
[0;90m
[0;38:5:245m  Commands: []string{
                                                         
[0;90m
[0;38:5:245m    "systemctl set-default multi-user.target",
                                                         
[0;90m
[0;38:5:245m  },
                                                         
[0;90m
[0;38:5:245m  Name: "Default systemd config",
                                                         
[0;90m
[0;38:5:245m  Systemctl: schema.Systemctl{
                                                         
[0;90m
[0;38:5:245m    Enable: []string{
                                                         
[0;90m
[0;38:5:245m      "multi-user.target",
                                                         
[0;90m
[0;38:5:245m      "getty@tty1",
                                                         
[0;90m
[0;38:5:245m      "iscsid",
                                                         
[0;90m
[0;38:5:245m      "logrotate.timer",
                                                         
[0;90m
[0;38:5:245m    },
                                                         
[0;90m
[0;38:5:245m    Mask: []string{
                                                         
[0;90m
[0;38:5:245m      "purge-kernels",
                                                         
[0;90m
[0;38:5:245m    },
                                                         
[0;90m
[0;38:5:245m  },
                                                         
[0;90m
[0;38:5:245m  OnlyIfServiceManager: "systemd",
                                                         
[0;90m
[0;38:5:245m}
Sep 15 15:34:34.312928 kairos-a8ef kairos-immucore[654]: 
[0;90m
[0;38:5:245m
[0;1;31m
[0;90m
[0;38:5:245mIf statement result 
Sep 15 15:34:34.313531 kairos-a8ef kairos-immucore[654]: 
[0;1;33m
[0;1;38:5:185m
[0;1;39m
[0;1;33m
[0;1;38:5:185m(conditional) Skip 'OnlyIfOs regex (Red.*Hat.*) doesn't match os name Hadron Linux' stage name: Default network configuration.Enabled systemd-networkd on Red Hat if available
Sep 15 15:34:34.313574 kairos-a8ef kairos-immucore[654]: 
[0;90m
[0;38:5:245m
[0;1;31m
[0;90m
[0;38:5:245mReading '/system/oem/00_rootfs.yaml'
Sep 15 15:34:34.313585 kairos-a8ef kairos-immucore[654]: 
[0;90m
[0;38:5:245m
[0;1;31m
[0;90m
[0;38:5:245mExecuting stage 'Rootfs Layout Settings.Ensure /etc/machine-id for openrc systems'
Sep 15 15:34:34.313603 kairos-a8ef kairos-immucore[654]: 
[0;90m
[0;38:5:245m
[0;1;31m
[0;90m
[0;38:5:245mFound systemd at /bin/systemctl
Sep 15 15:34:34.313628 kairos-a8ef kairos-immucore[654]: 
[0;1;33m
[0;1;38:5:185m
[0;1;39m
[0;1;33m
[0;1;38:5:185m(conditional) Skip 'service manager doesn't match openrc' stage name: Rootfs Layout Settings.Ensure /etc/machine-id for openrc systems
Sep 15 15:34:34.313644 kairos-a8ef kairos-immucore[654]: 
[0;90m
[0;38:5:245m
[0;1;31m
[0;90m
[0;38:5:245mReading '/system/oem/32_profile.yaml'
Sep 15 15:34:34.313654 kairos-a8ef kairos-immucore[654]: 
[0;90m
[0;38:5:245m
[0;1;31m
[0;90m
[0;38:5:245mExecuting stage 'Profile extensions.Set KUBECONFIG to access k9s and kubectl'
Sep 15 15:34:34.313668 kairos-a8ef kairos-immucore[654]: Processing stage step 'Profile extensions.Set KUBECONFIG to access k9s and kubectl'. ( commands: 0, files: 1, ... )
Sep 15 15:34:34.313708 kairos-a8ef kairos-immucore[654]: 
[0;90m
[0;38:5:245m
[0;1;31m
[0;90m
[0;38:5:245mStage: schema.Stage{
                                                         
[0;90m
[0;38:5:245m  Files: []schema.File{
                                                         
[0;90m
[0;38:5:245m    schema.File{
                                                         
[0;90m
[0;38:5:245m      Path: "/etc/profile.d/kairos.sh",
                                                         
[0;90m
[0;38:5:245m      Permissions: 420,
                                                         
[0;90m
[0;38:5:245m      Content: "if [ -z \"$KUBECONFIG\" ]; then\n    if [ -e /etc/rancher/k3s/k3s.yaml ]; then\n        export KUBECONFIG=\"/etc/rancher/k3s/k3s.yaml\"\n    fi\nfi\n",
                                                         
[0;90m
[0;38:5:245m    },
                                                         
[0;90m
[0;38:5:245m  },
                                                         
[0;90m
[0;38:5:245m  Name: "Set KUBECONFIG to access k9s and kubectl",
                                                         
[0;90m
[0;38:5:245m}
Sep 15 15:34:34.313732 kairos-a8ef kairos-immucore[654]: 
[0;90m
[0;38:5:245m
[0;1;31m
[0;90m
[0;38:5:245mCreating file /etc/profile.d/kairos.sh
Sep 15 15:34:34.314071 kairos-a8ef kairos-immucore[654]: 
[0;90m
[0;38:5:245m
[0;1;31m
[0;90m
[0;38:5:245mCommand output: Created symlink '/etc/systemd/system/default.target' 
 '/usr/lib/systemd/system/multi-user.target'.
Sep 15 15:34:34.314437 kairos-a8ef kairos-immucore[654]: Running layout plugin
Sep 15 15:34:34.314453 kairos-a8ef kairos-immucore[654]: 
[0;90m
[0;38:5:245m
[0;1;31m
[0;90m
[0;38:5:245mDevice field empty, skipping layout plugin
Sep 15 15:34:34.326142 kairos-a8ef kairos-immucore[654]: 
[0;90m
[0;38:5:245m
[0;1;31m
[0;90m
[0;38:5:245mRun template
Sep 15 15:34:34.327425 kairos-a8ef kairos-immucore[654]: 
[0;1;31m
[0;1;39m
[0;1;31mError on file /system/oem/09_systemd_services.yaml on stage Default systemd config: 1 error occurred:
                                                         
[0;1;31m        * failed to run systemctl enable logrotate.timer: exit status 1
                                                         
[0;1;31m
Sep 15 15:34:34.327461 kairos-a8ef kairos-immucore[654]: Running layout plugin
Sep 15 15:34:34.327472 kairos-a8ef kairos-immucore[654]: 
[0;90m
[0;38:5:245m
[0;1;31m
[0;90m
[0;38:5:245mDevice field empty, skipping layout plugin
Sep 15 15:34:34.327570 kairos-a8ef kairos-immucore[654]: 
[0;90m
[0;38:5:245m
[0;1;31m
[0;90m
[0;38:5:245mReading '/system/oem/50_recovery.yaml'
Sep 15 15:34:34.327589 kairos-a8ef kairos-immucore[654]: 
[0;90m
[0;38:5:245m
[0;1;31m
[0;90m
[0;38:5:245mExecuting stage 'Start recovery on tty1.Starts kairos-recovery and generate a temporary pass'
Sep 15 15:34:34.328123 kairos-a8ef kairos-immucore[654]: 
[0;90m
[0;38:5:245m
[0;1;31m
[0;90m
[0;38:5:245mReading '/system/oem/09_systemd_services.yaml'
Sep 15 15:34:34.328143 kairos-a8ef kairos-immucore[654]: 
[0;90m
[0;38:5:245m
[0;1;31m
[0;90m
[0;38:5:245mExecuting stage 'Default config.Create systemd services'
Sep 15 15:34:34.328165 kairos-a8ef kairos-immucore[654]: 
[0;90m
[0;38:5:245m
[0;1;31m
[0;90m
[0;38:5:245mFound systemd at /bin/systemctl
Sep 15 15:34:34.328190 kairos-a8ef kairos-immucore[654]: Processing stage step 'Default config.Create systemd services'. ( commands: 0, files: 5, ... )
Sep 15 15:34:34.328264 kairos-a8ef kairos-immucore[654]: 
[0;90m
[0;38:5:245m
[0;1;31m
[0;90m
[0;38:5:245mStage: schema.Stage{
                                                         
[0;90m
[0;38:5:245m  Files: []schema.File{
                                                         
[0;90m
[0;38:5:245m    schema.File{
                                                         
[0;90m
[0;38:5:245m      Path: "/etc/systemd/system/cos-setup-boot.service",
                                                         
[0;90m
[0;38:5:245m      Permissions: 420,
                                                         
[0;90m
[0;38:5:245m      Content: "[Unit]\nDescription=cOS system configuration\nBefore=getty.target\n\n[Service]\nType=oneshot\nRemainAfterExit=yes\nExecStart=/usr/bin/kairos-agent run-stage boot\n\n[Install]\nWantedBy=multi-user.target\n",
                                                         
[0;90m
[0;38:5:245m    },
                                                         
[0;90m
[0;38:5:245m    schema.File{
                                                         
[0;90m
[0;38:5:245m      Path: "/etc/systemd/system/cos-setup-fs.service",
                                                         
[0;90m
[0;38:5:245m      Permissions: 420,
                                                         
[0;90m
[0;38:5:245m      Content: "[Unit]\nDescription=cOS system after FS setup\nDefaultDependencies=no\nAfter=local-fs.target\nWants=local-fs.target\nBefore=sysinit.target\n\n[Service]\nType=oneshot\nRemainAfterExit=yes\nExecStart=/usr/bin/kairos-agent run-stage fs\n# Belt-and-suspenders for the sysinit.target ordering: this\n# service is Before=sysinit.target, so if it hangs, every\n# later target (basic, multi-user) hangs with it and sshd\n# never comes up. run-stage fs pulls in config_url fetches\n# against a network that is not yet up at this ordering\n# point, and any silent stall inside kairos-agent (an\n# unbounded http.Get in old sdk/collector builds, a wedged\n# DNS resolver, a slow yip stage) becomes an invisible boot\n# hang. Cap the whole stage so a stall fails cleanly and\n# boot proceeds instead of dying at the login prompt.\nTimeoutStartSec=90\n\n[Install]\nWantedBy=sysinit.target\n",
                                                         
[0;90m
[0;38:5:245m    },
                                                         
[0;90m
[0;38:5:245m    schema.File{
                                                         
[0;90m
[0;38:5:245m      Path: "/etc/systemd/system/cos-setup-network.service",
                                                         
[0;90m
[0;38:5:245m      Permissions: 420,
                                                         
[0;90m
[0;38:5:245m      Content: "[Unit]\nDescription=cOS setup after network\nAfter=network-online.target\n\n[Service]\nType=oneshot\nRemainAfterExit=yes\nExecStart=/usr/bin/kairos-agent run-stage network\n\n[Install]\nWantedBy=multi-user.target\n",
                                                         
[0;90m
[0;38:5:245m    },
                                                         
[0;90m
[0;38:5:245m    schema.File{
                                                         
[0;90m
[0;38:5:245m      Path: "/etc/systemd/system/cos-setup-reconcile.service",
                                                         
[0;90m
[0;38:5:245m      Permissions: 420,
                                                         
[0;90m
[0;38:5:245m      Content: "[Unit]\nDescription=cOS setup reconciler\n\n[Service]\nNice=19\nIOSchedulingClass=2\nIOSchedulingPriority=7\nType=oneshot\nExecStart=/bin/bash -c \"systemd-inhibit /usr/bin/kairos-agent run-stage reconcile\"\nTimeoutStopSec=180\nKillMode=process\nKillSignal=SIGINT\n\n[Install]\nWantedBy=multi-user.target\n",
                                                         
[0;90m
[0;38:5:245m    },
                                                         
[0;90m
[0;38:5:245m    schema.File{
                                                         
[0;90m
[0;38:5:245m      Path: "/etc/systemd/system/cos-setup-reconcile.timer",
                                                         
[0;90m
[0;38:5:245m      Permissions: 420,
                                                         
[0;90m
[0;38:5:245m      Content: "[Unit]\nDescription=cOS setup reconciler\n\n[Timer]\nOnBootSec=5min\nOnUnitActiveSec=60min\nUnit=cos-setup-reconcile.service\n\n[Install]\nWantedBy=multi-user.target\n",
                                                         
[0;90m
[0;38:5:245m    },
                                                         
[0;90m
[0;38:5:245m  },
                                                         
[0;90m
[0;38:5:245m  Name: "Create systemd services",
                                                         
[0;90m
[0;38:5:245m  OnlyIfServiceManager: "systemd",
                                                         
[0;90m
[0;38:5:245m}
Sep 15 15:34:34.328310 kairos-a8ef kairos-immucore[654]: 
[0;90m
[0;38:5:245m
[0;1;31m
[0;90m
[0;38:5:245mCreating file /etc/systemd/system/cos-setup-boot.service
Sep 15 15:34:34.328632 kairos-a8ef kairos-immucore[654]: 
[0;90m
[0;38:5:245m
[0;1;31m
[0;90m
[0;38:5:245mCreating file /etc/systemd/system/cos-setup-fs.service
Sep 15 15:34:34.328932 kairos-a8ef kairos-immucore[654]: 
[0;90m
[0;38:5:245m
[0;1;31m
[0;90m
[0;38:5:245mCreating file /etc/systemd/system/cos-setup-network.service
Sep 15 15:34:34.329266 kairos-a8ef kairos-immucore[654]: 
[0;90m
[0;38:5:245m
[0;1;31m
[0;90m
[0;38:5:245mCreating file /etc/systemd/system/cos-setup-reconcile.service
Sep 15 15:34:34.330418 kairos-a8ef kairos-immucore[654]: 
[0;90m
[0;38:5:245m
[0;1;31m
[0;90m
[0;38:5:245mReading '/system/oem/05_network.yaml'
Sep 15 15:34:34.330445 kairos-a8ef kairos-immucore[654]: 
[0;90m
[0;38:5:245m
[0;1;31m
[0;90m
[0;38:5:245mExecuting stage 'Default network configuration.Enable systemd-resolved on Red Hat if available'
Sep 15 15:34:34.331271 kairos-a8ef kairos-immucore[654]: 
[0;1;33m
[0;1;38:5:185m
[0;1;39m
[0;1;33m
[0;1;38:5:185m(conditional) Skip 'Skipping stage (if statement error: failed to run grep -q "kairos.remote_recovery_mode" /proc/cmdline
                                                         
[0;1;33m
[0;1;38:5:185m: exit status 1)' stage name: Start recovery on tty1.Starts kairos-recovery and generate a temporary pass
Sep 15 15:34:34.331664 kairos-a8ef kairos-immucore[654]: 
[0;90m
[0;38:5:245m
[0;1;31m
[0;90m
[0;38:5:245mCreating file /etc/systemd/system/cos-setup-reconcile.timer
Sep 15 15:34:34.331908 kairos-a8ef kairos-immucore[654]: Running layout plugin
Sep 15 15:34:34.331926 kairos-a8ef kairos-immucore[654]: 
[0;90m
[0;38:5:245m
[0;1;31m
[0;90m
[0;38:5:245mDevice field empty, skipping layout plugin
Sep 15 15:34:34.332201 kairos-a8ef kairos-immucore[654]: 
[0;90m
[0;38:5:245m
[0;1;31m
[0;90m
[0;38:5:245mIf statement result 
Sep 15 15:34:34.332915 kairos-a8ef kairos-immucore[654]: 
[0;1;33m
[0;1;38:5:185m
[0;1;39m
[0;1;33m
[0;1;38:5:185m(conditional) Skip 'OnlyIfOs regex (Red.*Hat.*) doesn't match os name Hadron Linux' stage name: Default network configuration.Enable systemd-resolved on Red Hat if available
Sep 15 15:34:34.333121 kairos-a8ef kairos-immucore[654]: 
[0;90m
[0;38:5:245m
[0;1;31m
[0;90m
[0;38:5:245mReading '/system/oem/09_systemd_services.yaml'
Sep 15 15:34:34.333140 kairos-a8ef kairos-immucore[654]: 
[0;90m
[0;38:5:245m
[0;1;31m
[0;90m
[0;38:5:245mExecuting stage 'Default config.Override systemd-tpm2-setup/systemd-pcrproduct with temporary RW under /efi'
Sep 15 15:34:34.333701 kairos-a8ef kairos-immucore[654]: 
[0;90m
[0;38:5:245m
[0;1;31m
[0;90m
[0;38:5:245mReading '/system/oem/08_efi_assessment.yaml'
Sep 15 15:34:34.333729 kairos-a8ef kairos-immucore[654]: 
[0;90m
[0;38:5:245m
[0;1;31m
[0;90m
[0;38:5:245mExecuting stage 'Enable EFI assessment.Override systemd-boot services to enable RW on /efi partition'
Sep 15 15:34:34.333913 kairos-a8ef kairos-immucore[654]: 
[0;1;33m
[0;1;38:5:185m
[0;1;39m
[0;1;33m
[0;1;38:5:185m(conditional) Skip 'Skipping stage (if statement error: failed to run [ -e "/run/cos/uki_boot_mode" ]: exit status 1)' stage name: Default config.Override systemd-tpm2-setup/systemd-pcrproduct with temporary RW under /efi
Sep 15 15:34:34.333960 kairos-a8ef kairos-immucore[654]: 
[0;90m
[0;38:5:245m
[0;1;31m
[0;90m
[0;38:5:245mReading '/system/oem/50_recovery.yaml'
Sep 15 15:34:34.334030 kairos-a8ef kairos-immucore[654]: 
[0;90m
[0;38:5:245m
[0;1;31m
[0;90m
[0;38:5:245mExecuting stage 'Start recovery on tty1.Starts kairos-recovery for openRC based systems'
Sep 15 15:34:34.334911 kairos-a8ef kairos-immucore[654]: 
[0;1;33m
[0;1;38:5:185m
[0;1;39m
[0;1;33m
[0;1;38:5:185m(conditional) Skip 'Skipping stage (if statement error: failed to run grep -q "kairos.remote_recovery_mode" /proc/cmdline: exit status 1)' stage name: Start recovery on tty1.Starts kairos-recovery for openRC based systems
Sep 15 15:34:34.335439 kairos-a8ef kairos-immucore[654]: 
[0;1;33m
[0;1;38:5:185m
[0;1;39m
[0;1;33m
[0;1;38:5:185m(conditional) Skip 'Skipping stage (if statement error: failed to run [ -e "/run/cos/uki_boot_mode" ]: exit status 1)' stage name: Enable EFI assessment.Override systemd-boot services to enable RW on /efi partition
Sep 15 15:34:34.335474 kairos-a8ef kairos-immucore[654]: 
[0;90m
[0;38:5:245m
[0;1;31m
[0;90m
[0;38:5:245mReading '/system/oem/08_efi_assessment.yaml'
Sep 15 15:34:34.335486 kairos-a8ef kairos-immucore[654]: 
[0;90m
[0;38:5:245m
[0;1;31m
[0;90m
[0;38:5:245mExecuting stage 'Enable EFI assessment.Enable boot assessment'
Sep 15 15:34:34.335558 kairos-a8ef kairos-immucore[654]: 
[0;90m
[0;38:5:245m
[0;1;31m
[0;90m
[0;38:5:245mReading '/system/oem/09_systemd_services.yaml'
Sep 15 15:34:34.335574 kairos-a8ef kairos-immucore[654]: 
[0;90m
[0;38:5:245m
[0;1;31m
[0;90m
[0;38:5:245mExecuting stage 'Default config.Enable systemd services'
Sep 15 15:34:34.335591 kairos-a8ef kairos-immucore[654]: 
[0;90m
[0;38:5:245m
[0;1;31m
[0;90m
[0;38:5:245mFound systemd at /bin/systemctl
Sep 15 15:34:34.335616 kairos-a8ef kairos-immucore[654]: Processing stage step 'Default config.Enable systemd services'. ( commands: 4, files: 0, ... )
Sep 15 15:34:34.335651 kairos-a8ef kairos-immucore[654]: 
[0;90m
[0;38:5:245m
[0;1;31m
[0;90m
[0;38:5:245mStage: schema.Stage{
                                                         
[0;90m
[0;38:5:245m  Commands: []string{
                                                         
[0;90m
[0;38:5:245m    "ln -sf /etc/systemd/system/cos-setup-reconcile.timer /etc/systemd/system/multi-user.target.wants/cos-setup-reconcile.timer",
                                                         
[0;90m
[0;38:5:245m    "ln -sf /etc/systemd/system/cos-setup-fs.service /etc/systemd/system/sysinit.target.wants/cos-setup-fs.service",
                                                         
[0;90m
[0;38:5:245m    "ln -sf /etc/systemd/system/cos-setup-boot.service /etc/systemd/system/multi-user.target.wants/cos-setup-boot.service",
                                                         
[0;90m
[0;38:5:245m    "ln -sf /etc/systemd/system/cos-setup-network.service /etc/systemd/system/multi-user.target.wants/cos-setup-network.service",
                                                         
[0;90m
[0;38:5:245m  },
                                                         
[0;90m
[0;38:5:245m  Name: "Enable systemd services",
                                                         
[0;90m
[0;38:5:245m  OnlyIfServiceManager: "systemd",
                                                         
[0;90m
[0;38:5:245m}
Sep 15 15:34:34.337179 kairos-a8ef kairos-immucore[654]: 
[0;90m
[0;38:5:245m
[0;1;31m
[0;90m
[0;38:5:245mEmpty command output
Sep 15 15:34:34.337611 kairos-a8ef kairos-immucore[654]: 
[0;1;33m
[0;1;38:5:185m
[0;1;39m
[0;1;33m
[0;1;38:5:185m(conditional) Skip 'Skipping stage (if statement error: failed to run [ -e "/run/cos/uki_boot_mode" ]: exit status 1)' stage name: Enable EFI assessment.Enable boot assessment
Sep 15 15:34:34.337639 kairos-a8ef kairos-immucore[654]: 
[0;90m
[0;38:5:245m
[0;1;31m
[0;90m
[0;38:5:245mReading '/system/oem/51_reset.yaml'
Sep 15 15:34:34.337666 kairos-a8ef kairos-immucore[654]: 
[0;90m
[0;38:5:245m
[0;1;31m
[0;90m
[0;38:5:245mExecuting stage 'Start reset on tty1.Starts kairos-reset for systemd based systems'
Sep 15 15:34:34.339166 kairos-a8ef kairos-immucore[654]: 
[0;90m
[0;38:5:245m
[0;1;31m
[0;90m
[0;38:5:245mEmpty command output
Sep 15 15:34:34.342778 kairos-a8ef kairos-immucore[654]: 
[0;1;33m
[0;1;38:5:185m
[0;1;39m
[0;1;33m
[0;1;38:5:185m(conditional) Skip 'Skipping stage (if statement error: failed to run (grep -q "kairos.reset" /proc/cmdline || [ -f /run/cos/autoreset_mode ])
                                                         
[0;1;33m
[0;1;38:5:185m: exit status 1)' stage name: Start reset on tty1.Starts kairos-reset for systemd based systems
Sep 15 15:34:34.343837 kairos-a8ef kairos-immucore[654]: 
[0;90m
[0;38:5:245m
[0;1;31m
[0;90m
[0;38:5:245mEmpty command output
Sep 15 15:34:34.345655 kairos-a8ef kairos-immucore[654]: 
[0;90m
[0;38:5:245m
[0;1;31m
[0;90m
[0;38:5:245mEmpty command output
Sep 15 15:34:34.345721 kairos-a8ef kairos-immucore[654]: Running layout plugin
Sep 15 15:34:34.345821 kairos-a8ef kairos-immucore[654]: 
[0;90m
[0;38:5:245m
[0;1;31m
[0;90m
[0;38:5:245mDevice field empty, skipping layout plugin
Sep 15 15:34:34.345983 kairos-a8ef kairos-immucore[654]: 
[0;90m
[0;38:5:245m
[0;1;31m
[0;90m
[0;38:5:245mReading '/system/oem/51_reset.yaml'
Sep 15 15:34:34.346124 kairos-a8ef kairos-immucore[654]: 
[0;90m
[0;38:5:245m
[0;1;31m
[0;90m
[0;38:5:245mReading '/system/oem/10_accounting.yaml'
Sep 15 15:34:34.346151 kairos-a8ef kairos-immucore[654]: 
[0;90m
[0;38:5:245m
[0;1;31m
[0;90m
[0;38:5:245mExecuting stage 'Default user, permissions and serial login.Setup groups.0'
Sep 15 15:34:34.346164 kairos-a8ef kairos-immucore[654]: Processing stage step 'Default user, permissions and serial login.Setup groups.0'. ( commands: 0, files: 0, ... )
Sep 15 15:34:34.346197 kairos-a8ef kairos-immucore[654]: 
[0;90m
[0;38:5:245m
[0;1;31m
[0;90m
[0;38:5:245mStage: schema.Stage{
                                                         
[0;90m
[0;38:5:245m  EnsureEntities: []schema.YipEntity{
                                                         
[0;90m
[0;38:5:245m    schema.YipEntity{
                                                         
[0;90m
[0;38:5:245m      Entity: "kind: \"group\"\ngroup_name: \"admin\"\npassword: \"x\"\ngid: 900\n",
                                                         
[0;90m
[0;38:5:245m    },
                                                         
[0;90m
[0;38:5:245m  },
                                                         
[0;90m
[0;38:5:245m  Name: "Setup groups",
                                                         
[0;90m
[0;38:5:245m}
Sep 15 15:34:34.346418 kairos-a8ef kairos-immucore[654]: 
[0;90m
[0;38:5:245m
[0;1;31m
[0;90m
[0;38:5:245mExecuting stage 'Start reset on tty1.Starts kairos-reset for openRC-based systems'
Sep 15 15:34:34.348657 kairos-a8ef kairos-immucore[654]: 
[0;1;33m
[0;1;38:5:185m
[0;1;39m
[0;1;33m
[0;1;38:5:185m(conditional) Skip 'Skipping stage (if statement error: failed to run grep -q "kairos.reset" /proc/cmdline: exit status 1)' stage name: Start reset on tty1.Starts kairos-reset for openRC-based systems
Sep 15 15:34:34.348855 kairos-a8ef kairos-immucore[654]: Running layout plugin
Sep 15 15:34:34.348964 kairos-a8ef kairos-immucore[654]: 
[0;90m
[0;38:5:245m
[0;1;31m
[0;90m
[0;38:5:245mDevice field empty, skipping layout plugin
Sep 15 15:34:34.349147 kairos-a8ef kairos-immucore[654]: 
[0;90m
[0;38:5:245m
[0;1;31m
[0;90m
[0;38:5:245mReading '/system/oem/52_installer.yaml'
Sep 15 15:34:34.349233 kairos-a8ef kairos-immucore[654]: 
[0;90m
[0;38:5:245m
[0;1;31m
[0;90m
[0;38:5:245mExecuting stage 'Start installer on tty1..0'
Sep 15 15:34:34.349280 kairos-a8ef kairos-immucore[654]: 
[0;90m
[0;38:5:245m
[0;1;31m
[0;90m
[0;38:5:245mReading '/system/oem/10_accounting.yaml'
Sep 15 15:34:34.349306 kairos-a8ef kairos-immucore[654]: 
[0;90m
[0;38:5:245m
[0;1;31m
[0;90m
[0;38:5:245mExecuting stage 'Default user, permissions and serial login.Setup users.1'
Sep 15 15:34:34.349321 kairos-a8ef kairos-immucore[654]: Processing stage step 'Default user, permissions and serial login.Setup users.1'. ( commands: 0, files: 0, ... )
Sep 15 15:34:34.349357 kairos-a8ef kairos-immucore[654]: 
[0;90m
[0;38:5:245m
[0;1;31m
[0;90m
[0;38:5:245mStage: schema.Stage{
                                                         
[0;90m
[0;38:5:245m  Name: "Setup users",
                                                         
[0;90m
[0;38:5:245m  Users: map[string]schema.User{
                                                         
[0;90m
[0;38:5:245m    "kairos": schema.User{
                                                         
[0;90m
[0;38:5:245m      PasswordHash: "!",
                                                         
[0;90m
[0;38:5:245m      Homedir: "/home/kairos",
                                                         
[0;90m
[0;38:5:245m      Groups: []string{
                                                         
[0;90m
[0;38:5:245m        "admin",
                                                         
[0;90m
[0;38:5:245m      },
                                                         
[0;90m
[0;38:5:245m      Shell: "/bin/bash",
                                                         
[0;90m
[0;38:5:245m    },
                                                         
[0;90m
[0;38:5:245m  },
                                                         
[0;90m
[0;38:5:245m}
Sep 15 15:34:34.349866 kairos-a8ef kairos-immucore[654]: Running layout plugin
Sep 15 15:34:34.349901 kairos-a8ef kairos-immucore[654]: 
[0;90m
[0;38:5:245m
[0;1;31m
[0;90m
[0;38:5:245mDevice field empty, skipping layout plugin
Sep 15 15:34:34.352294 kairos-a8ef kairos-immucore[654]: 
[0;1;33m
[0;1;38:5:185m
[0;1;39m
[0;1;33m
[0;1;38:5:185m(conditional) Skip 'Skipping stage (if statement error: failed to run (grep -q "install-mode" /proc/cmdline || grep -q "nodepair.enable" /proc/cmdline ) && \
                                                         
[0;1;33m
[0;1;38:5:185m([ -f /run/cos/live_mode ] || [ -f /run/cos/uki_install_mode ])
                                                         
[0;1;33m
[0;1;38:5:185m: exit status 1)' stage name: Start installer on tty1..0
Sep 15 15:34:34.352331 kairos-a8ef kairos-immucore[654]: 
[0;90m
[0;38:5:245m
[0;1;31m
[0;90m
[0;38:5:245mReading '/system/oem/10_accounting.yaml'
Sep 15 15:34:34.352342 kairos-a8ef kairos-immucore[654]: 
[0;90m
[0;38:5:245m
[0;1;31m
[0;90m
[0;38:5:245mExecuting stage 'Default user, permissions and serial login.Set user password if running in live or uki.2'
Sep 15 15:34:34.352420 kairos-a8ef kairos-immucore[654]: 
[0;90m
[0;38:5:245m
[0;1;31m
[0;90m
[0;38:5:245mReading '/system/oem/52_installer.yaml'
Sep 15 15:34:34.352437 kairos-a8ef kairos-immucore[654]: 
[0;90m
[0;38:5:245m
[0;1;31m
[0;90m
[0;38:5:245mExecuting stage 'Start installer on tty1..1'
Sep 15 15:34:34.359241 kairos-a8ef kairos-immucore[654]: 
[0;1;33m
[0;1;38:5:185m
[0;1;39m
[0;1;33m
[0;1;38:5:185m(conditional) Skip 'Skipping stage (if statement error: failed to run [ -e /run/cos/live_mode ] || [ -e /run/cos/uki_install_mode ]: exit status 1)' stage name: Default user, permissions and serial login.Set user password if running in live or uki.2
Sep 15 15:34:34.359702 kairos-a8ef kairos-immucore[654]: 
[0;1;33m
[0;1;38:5:185m
[0;1;39m
[0;1;33m
[0;1;38:5:185m(conditional) Skip 'Skipping stage (if statement error: failed to run (grep -q "install-mode" /proc/cmdline || grep -q "nodepair.enable" /proc/cmdline ) && \
                                                         
[0;1;33m
[0;1;38:5:185m([ -f /run/cos/live_mode ] || [ -f /run/cos/uki_install_mode ])
                                                         
[0;1;33m
[0;1;38:5:185m: exit status 1)' stage name: Start installer on tty1..1
Sep 15 15:34:34.365669 kairos-a8ef kairos-immucore[654]: 
[0;90m
[0;38:5:245m
[0;1;31m
[0;90m
[0;38:5:245mReading '/system/oem/52_installer.yaml'
Sep 15 15:34:34.365688 kairos-a8ef kairos-immucore[654]: 
[0;90m
[0;38:5:245m
[0;1;31m
[0;90m
[0;38:5:245mExecuting stage 'Start installer on tty1..2'
Sep 15 15:34:34.368936 kairos-a8ef kairos-immucore[654]: 
[0;1;33m
[0;1;38:5:185m
[0;1;39m
[0;1;33m
[0;1;38:5:185m(conditional) Skip 'Skipping stage (if statement error: failed to run (grep -q "interactive-install" /proc/cmdline || grep -q "install-mode-interactive" /proc/cmdline) && \
                                                         
[0;1;33m
[0;1;38:5:185m([ -f /run/cos/live_mode ] || [ -f /run/cos/uki_install_mode ])
                                                         
[0;1;33m
[0;1;38:5:185m: exit status 1)' stage name: Start installer on tty1..2
Sep 15 15:34:34.368966 kairos-a8ef kairos-immucore[654]: 
[0;90m
[0;38:5:245m
[0;1;31m
[0;90m
[0;38:5:245mReading '/system/oem/10_accounting.yaml'
Sep 15 15:34:34.382267 kairos-a8ef kairos-immucore[654]: 
[0;90m
[0;38:5:245m
[0;1;31m
[0;90m
[0;38:5:245mExecuting stage 'Default user, permissions and serial login.Setup sudo.3'
Sep 15 15:34:34.406168 kairos-a8ef kairos-immucore[654]: Processing stage step 'Default user, permissions and serial login.Setup sudo.3'. ( commands: 1, files: 1, ... )
Sep 15 15:34:34.406267 kairos-a8ef kairos-immucore[654]: 
[0;90m
[0;38:5:245m
[0;1;31m
[0;90m
[0;38:5:245mStage: schema.Stage{
                                                         
[0;90m
[0;38:5:245m  Commands: []string{
                                                         
[0;90m
[0;38:5:245m    "passwd -l root",
                                                         
[0;90m
[0;38:5:245m  },
                                                         
[0;90m
[0;38:5:245m  Files: []schema.File{
                                                         
[0;90m
[0;38:5:245m    schema.File{
                                                         
[0;90m
[0;38:5:245m      Path: "/etc/sudoers",
                                                         
[0;90m
[0;38:5:245m      Content: "Defaults always_set_home\nDefaults secure_path=\"/usr/sbin:/usr/bin:/sbin:/bin:/usr/local/bin:/usr/local/sbin\"\nDefaults env_reset\nDefaults env_keep = \"LANG LC_ADDRESS LC_CTYPE LC_COLLATE LC_IDENTIFICATION LC_MEASUREMENT LC_MESSAGES LC_MONETARY LC_NAME LC_NUMERIC LC_PAPER LC_TELEPHONE LC_ATIME LC_ALL LANGUAGE LINGUAS XDG_SESSION_COOKIE\"\nDefaults !insults\nroot ALL=(ALL) ALL\n%admin ALL=(ALL) NOPASSWD: ALL\n#includedir /etc/sudoers.d\n",
                                                         
[0;90m
[0;38:5:245m    },
                                                         
[0;90m
[0;38:5:245m  },
                                                         
[0;90m
[0;38:5:245m  Name: "Setup sudo",
                                                         
[0;90m
[0;38:5:245m}
Sep 15 15:34:34.406418 kairos-a8ef kairos-immucore[654]: 
[0;90m
[0;38:5:245m
[0;1;31m
[0;90m
[0;38:5:245mCreating file /etc/sudoers
Sep 15 15:34:35.386161 kairos-a8ef immucore[654]: 2026-09-15T15:34:35Z DBG Found systemd at /bin/systemctl
Sep 15 15:34:35.386161 kairos-a8ef immucore[654]: 2026-09-15T15:34:35Z INF Processing stage step 'sysext and confext configuration.systemd-sysext/confext config'. ( commands: 0, files: 2, ... )
Sep 15 15:34:35.176387 kairos-a8ef kairos-immucore[654]: 
[0;90m
[0;38:5:245m
[0;1;31m
[0;90m
[0;38:5:245mCommand output: passwd: password changed.
Sep 15 15:34:35.396231 kairos-a8ef immucore[654]: 2026-09-15T15:34:35Z DBG Stage: schema.Stage{
Sep 15 15:34:35.396231 kairos-a8ef immucore[654]:   Files: []schema.File{
Sep 15 15:34:35.396231 kairos-a8ef immucore[654]:     schema.File{
Sep 15 15:34:35.396231 kairos-a8ef immucore[654]:       Path: "/etc/systemd/system/systemd-sysext.service.d/kairos.conf",
Sep 15 15:34:35.396231 kairos-a8ef immucore[654]:       Permissions: 420,
Sep 15 15:34:35.396231 kairos-a8ef immucore[654]:       Content: "[Service]\n# Make it timeout early to avoid blocking boot if keys are not in there to unlock sysext\nTimeoutStartSec=10\n# override exec and reload to set the image policy\nExecStart=\nExecStart=systemd-sysext refresh --image-policy=\"root=verity+absent:usr=verity+absent\"\nExecReload=\nExecReload=systemd-sysext refresh --image-policy=\"root=verity+absent:usr=verity+absent\"\n# set the sysext hierarchies so we dont overwrite our mount at /usr/local\n# set them very specifically instead of a generic /usr/local as systemd <= 255 mounts the overlay as RO\n# and we dont want the full /usr/local to be RO as we store state in there\n# on systemd 256 we can control if they are mutable or not\nEnvironment=\"SYSTEMD_SYSEXT_HIERARCHIES=/usr/local/bin:/usr/local/sbin:/usr/local/include:/usr/local/lib:/usr/local/share:/usr/local/src:/usr/bin:/usr/share:/usr/lib:/usr/include:/usr/src:/usr/sbin\"\n[Unit]\n# Make it timeout early to avoid blocking boot if keys are not in there to unlock sysext\nJobRunningTimeoutSec=5\n",
Sep 15 15:34:35.396231 kairos-a8ef immucore[654]:     },
Sep 15 15:34:35.396231 kairos-a8ef immucore[654]:     schema.File{
Sep 15 15:34:35.396231 kairos-a8ef immucore[654]:       Path: "/etc/systemd/system/systemd-confext.service.d/kairos.conf",
Sep 15 15:34:35.396231 kairos-a8ef immucore[654]:       Permissions: 420,
Sep 15 15:34:35.396231 kairos-a8ef immucore[654]:       Content: "[Service]\n# Make it timeout early to avoid blocking boot if keys are not in there to unlock sysext\nTimeoutStartSec=10\n# override exec and reload to set the image policy\nExecStart=\nExecStart=systemd-confext refresh --image-policy=\"root=verity+absent:usr=verity+absent\"\nExecReload=\nExecReload=systemd-confext refresh --image-policy=\"root=verity+absent:usr=verity+absent\"\n[Unit]\n# Make it timeout early to avoid blocking boot if keys are not in there to unlock sysext\nJobRunningTimeoutSec=5\n",
Sep 15 15:34:35.396231 kairos-a8ef immucore[654]:     },
Sep 15 15:34:35.396231 kairos-a8ef immucore[654]:   },
Sep 15 15:34:35.396231 kairos-a8ef immucore[654]:   If: "[ ! -e \"/run/cos/uki_boot_mode\" ] && [ ! -e \"/run/cos/recovery_mode\" ] && [ ! -e \"/run/cos/autoreset_mode\" ]",
Sep 15 15:34:35.176443 kairos-a8ef kairos-immucore[654]: Running layout plugin
Sep 15 15:34:35.470406 kairos-a8ef immucore[654]:   Name: "systemd-sysext/confext config",
Sep 15 15:34:35.470406 kairos-a8ef immucore[654]:   OnlyIfServiceManager: "systemd",
Sep 15 15:34:35.470406 kairos-a8ef immucore[654]: }
Sep 15 15:34:35.470406 kairos-a8ef immucore[654]: 2026-09-15T15:34:35Z DBG Creating file /etc/systemd/system/systemd-sysext.service.d/kairos.conf
Sep 15 15:34:35.470406 kairos-a8ef immucore[654]: 2026-09-15T15:34:35Z DBG Creating parent directories
Sep 15 15:34:35.470406 kairos-a8ef immucore[654]: 2026-09-15T15:34:35Z DBG Adding execution bit to parent directory
Sep 15 15:34:35.470406 kairos-a8ef immucore[654]: 2026-09-15T15:34:35Z DBG Creating directory /etc/systemd/system/systemd-sysext.service.d
Sep 15 15:34:35.470406 kairos-a8ef immucore[654]: 2026-09-15T15:34:35Z DBG Creating file /etc/systemd/system/systemd-confext.service.d/kairos.conf
Sep 15 15:34:35.470406 kairos-a8ef immucore[654]: 2026-09-15T15:34:35Z DBG Creating parent directories
Sep 15 15:34:35.470406 kairos-a8ef immucore[654]: 2026-09-15T15:34:35Z DBG Adding execution bit to parent directory
Sep 15 15:34:35.470406 kairos-a8ef immucore[654]: 2026-09-15T15:34:35Z DBG Creating directory /etc/systemd/system/systemd-confext.service.d
Sep 15 15:34:35.470406 kairos-a8ef immucore[654]: 2026-09-15T15:34:35Z INF Running layout plugin
Sep 15 15:34:35.470406 kairos-a8ef immucore[654]: 2026-09-15T15:34:35Z DBG Device field empty, skipping layout plugin
Sep 15 15:34:35.470406 kairos-a8ef immucore[654]: 2026-09-15T15:34:35Z DBG Reading '/system/oem/99_sysext.yaml'
Sep 15 15:34:35.470406 kairos-a8ef immucore[654]: 2026-09-15T15:34:35Z DBG Executing stage 'sysext and confext configuration.systemd-sysext set hierarchy system-wide'
Sep 15 15:34:35.176460 kairos-a8ef kairos-immucore[654]: 
[0;90m
[0;38:5:245m
[0;1;31m
[0;90m
[0;38:5:245mDevice field empty, skipping layout plugin
Sep 15 15:34:35.521085 kairos-a8ef immucore[654]: 2026-09-15T15:34:35Z DBG If statement result
Sep 15 15:34:35.521085 kairos-a8ef immucore[654]: 2026-09-15T15:34:35Z DBG Found systemd at /bin/systemctl
Sep 15 15:34:35.521085 kairos-a8ef immucore[654]: 2026-09-15T15:34:35Z INF Processing stage step 'sysext and confext configuration.systemd-sysext set hierarchy system-wide'. ( commands: 0, files: 1, ... )
Sep 15 15:34:35.521085 kairos-a8ef immucore[654]: 2026-09-15T15:34:35Z DBG Stage: schema.Stage{
Sep 15 15:34:35.521085 kairos-a8ef immucore[654]:   Files: []schema.File{
Sep 15 15:34:35.521085 kairos-a8ef immucore[654]:     schema.File{
Sep 15 15:34:35.521085 kairos-a8ef immucore[654]:       Path: "/etc/profile.d/systemd-sysext.sh",
Sep 15 15:34:35.521085 kairos-a8ef immucore[654]:       Permissions: 420,
Sep 15 15:34:35.521085 kairos-a8ef immucore[654]:       Content: "export SYSTEMD_SYSEXT_HIERARCHIES=\"/usr/local/bin:/usr/local/sbin:/usr/local/include:/usr/local/lib:/usr/local/share:/usr/local/src:/usr/bin:/usr/share:/usr/lib:/usr/include:/usr/src:/usr/sbin\"\n",
Sep 15 15:34:35.521085 kairos-a8ef immucore[654]:     },
Sep 15 15:34:35.521085 kairos-a8ef immucore[654]:   },
Sep 15 15:34:35.521085 kairos-a8ef immucore[654]:   If: "[ ! -e \"/run/cos/recovery_mode\" ] && [ ! -e \"/run/cos/autoreset_mode\" ]",
Sep 15 15:34:35.521085 kairos-a8ef immucore[654]:   Name: "systemd-sysext set hierarchy system-wide",
Sep 15 15:34:35.521085 kairos-a8ef immucore[654]:   OnlyIfServiceManager: "systemd",
Sep 15 15:34:35.521085 kairos-a8ef immucore[654]: }
Sep 15 15:34:35.521085 kairos-a8ef immucore[654]: 2026-09-15T15:34:35Z DBG Creating file /etc/profile.d/systemd-sysext.sh
Sep 15 15:34:35.521085 kairos-a8ef immucore[654]: 2026-09-15T15:34:35Z INF Running layout plugin
Sep 15 15:34:35.521085 kairos-a8ef immucore[654]: 2026-09-15T15:34:35Z DBG Device field empty, skipping layout plugin
Sep 15 15:34:35.521085 kairos-a8ef immucore[654]: 2026-09-15T15:34:35Z DBG Reading '/system/oem/99_sysext.yaml'
Sep 15 15:34:35.521085 kairos-a8ef immucore[654]: 2026-09-15T15:34:35Z DBG Executing stage 'sysext and confext configuration.systemd-sysext/confext initramfs settings'
Sep 15 15:34:35.521085 kairos-a8ef immucore[654]: 2026-09-15T15:34:35Z DBG Found systemd at /bin/systemctl
Sep 15 15:34:35.521085 kairos-a8ef immucore[654]: 2026-09-15T15:34:35Z INF Processing stage step 'sysext and confext configuration.systemd-sysext/confext initramfs settings'. ( commands: 0, files: 0, ... )
Sep 15 15:34:35.521085 kairos-a8ef immucore[654]: 2026-09-15T15:34:35Z DBG Stage: schema.Stage{
Sep 15 15:34:35.521085 kairos-a8ef immucore[654]:   Name: "systemd-sysext/confext initramfs settings",
Sep 15 15:34:35.521085 kairos-a8ef immucore[654]:   Systemctl: schema.Systemctl{
Sep 15 15:34:35.521085 kairos-a8ef immucore[654]:     Enable: []string{
Sep 15 15:34:35.521085 kairos-a8ef immucore[654]:       "systemd-sysext",
Sep 15 15:34:35.521085 kairos-a8ef immucore[654]:       "systemd-confext",
Sep 15 15:34:35.521085 kairos-a8ef immucore[654]:     },
Sep 15 15:34:35.521085 kairos-a8ef immucore[654]:   },
Sep 15 15:34:35.521085 kairos-a8ef immucore[654]:   OnlyIfServiceManager: "systemd",
Sep 15 15:34:35.521085 kairos-a8ef immucore[654]: }
Sep 15 15:34:35.176555 kairos-a8ef kairos-immucore[654]: 
[0;90m
[0;38:5:245m
[0;1;31m
[0;90m
[0;38:5:245mReading '/system/oem/10_accounting.yaml'
Sep 15 15:34:35.622743 kairos-a8ef immucore[654]: 2026-09-15T15:34:35Z INF Running layout plugin
Sep 15 15:34:35.622743 kairos-a8ef immucore[654]: 2026-09-15T15:34:35Z DBG Device field empty, skipping layout plugin
Sep 15 15:34:35.622743 kairos-a8ef immucore[654]: 2026-09-15T15:34:35Z DBG Generating op for stage '/oem/95_userdata/userdata.yaml.0'
Sep 15 15:34:35.622743 kairos-a8ef immucore[654]: 2026-09-15T15:34:35Z DBG Generating op for stage '/oem/95_userdata/userdata.yaml.Set user and password'
Sep 15 15:34:35.622743 kairos-a8ef immucore[654]: 2026-09-15T15:34:35Z DBG Reading '/oem/95_userdata/userdata.yaml'
Sep 15 15:34:35.622743 kairos-a8ef immucore[654]: 2026-09-15T15:34:35Z DBG Executing stage '/oem/95_userdata/userdata.yaml.0'
Sep 15 15:34:35.622743 kairos-a8ef immucore[654]: 2026-09-15T15:34:35Z INF Processing stage step '/oem/95_userdata/userdata.yaml.0'. ( commands: 0, files: 0, ... )
Sep 15 15:34:35.622743 kairos-a8ef immucore[654]: 2026-09-15T15:34:35Z DBG Stage: schema.Stage{}
Sep 15 15:34:35.622743 kairos-a8ef immucore[654]: 2026-09-15T15:34:35Z INF Running layout plugin
Sep 15 15:34:35.622743 kairos-a8ef immucore[654]: 2026-09-15T15:34:35Z DBG Device field empty, skipping layout plugin
Sep 15 15:34:35.622743 kairos-a8ef immucore[654]: 2026-09-15T15:34:35Z DBG Reading '/oem/95_userdata/userdata.yaml'
Sep 15 15:34:35.622743 kairos-a8ef immucore[654]: 2026-09-15T15:34:35Z DBG Executing stage '/oem/95_userdata/userdata.yaml.Set user and password'
Sep 15 15:34:35.622743 kairos-a8ef immucore[654]: 2026-09-15T15:34:35Z INF Processing stage step '/oem/95_userdata/userdata.yaml.Set user and password'. ( commands: 0, files: 0, ... )
Sep 15 15:34:35.622743 kairos-a8ef immucore[654]: 2026-09-15T15:34:35Z DBG Stage: schema.Stage{
Sep 15 15:34:35.622743 kairos-a8ef immucore[654]:   Name: "Set user and password",
Sep 15 15:34:35.622743 kairos-a8ef immucore[654]:   Users: map[string]schema.User{
Sep 15 15:34:35.622743 kairos-a8ef immucore[654]:     "kairos": schema.User{
Sep 15 15:34:35.622743 kairos-a8ef immucore[654]:       PasswordHash: "kairos",
Sep 15 15:34:35.622743 kairos-a8ef immucore[654]:       Groups: []string{
Sep 15 15:34:35.622743 kairos-a8ef immucore[654]:         "admin",
Sep 15 15:34:35.622743 kairos-a8ef immucore[654]:       },
Sep 15 15:34:35.622743 kairos-a8ef immucore[654]:     },
Sep 15 15:34:35.622743 kairos-a8ef immucore[654]:   },
Sep 15 15:34:35.622743 kairos-a8ef immucore[654]: }
Sep 15 15:34:35.622743 kairos-a8ef immucore[654]: 2026-09-15T15:34:35Z INF Running layout plugin
Sep 15 15:34:35.622743 kairos-a8ef immucore[654]: 2026-09-15T15:34:35Z DBG Device field empty, skipping layout plugin
Sep 15 15:34:35.622743 kairos-a8ef immucore[654]: 2026-09-15T15:34:35Z INF Done executing stage 'initramfs'
Sep 15 15:34:35.622743 kairos-a8ef immucore[654]: 
Sep 15 15:34:35.622743 kairos-a8ef immucore[654]: 2026-09-15T15:34:35Z INF Running stage: initramfs.after
Sep 15 15:34:35.622743 kairos-a8ef immucore[654]: 
Sep 15 15:34:35.622743 kairos-a8ef immucore[654]: 2026-09-15T15:34:35Z DBG Generating op for stage 'Fonts fix for ubuntu QR code display.setup console fonts'
Sep 15 15:34:35.622743 kairos-a8ef immucore[654]: 2026-09-15T15:34:35Z DBG Generating op for stage 'Default user, permissions and serial login.Enable serial login for alpine'
Sep 15 15:34:35.176578 kairos-a8ef kairos-immucore[654]: 
[0;90m
[0;38:5:245m
[0;1;31m
[0;90m
[0;38:5:245mExecuting stage 'Default user, permissions and serial login.Ensure runtime permission.4'
Sep 15 15:34:35.818882 kairos-a8ef dracut-pre-pivot[1196]: Using tmpfs overlay (changes will not persist across reboots)
Sep 15 15:34:35.819042 kairos-a8ef immucore[654]: 2026-09-15T15:34:35Z DBG Reading '/system/oem/10_accounting.yaml'
Sep 15 15:34:35.819042 kairos-a8ef immucore[654]: 2026-09-15T15:34:35Z DBG Executing stage 'Default user, permissions and serial login.Enable serial login for alpine'
Sep 15 15:34:35.819042 kairos-a8ef immucore[654]: 2026-09-15T15:34:35Z DBG Reading '/system/oem/03-setupcon.yaml'
Sep 15 15:34:35.819042 kairos-a8ef immucore[654]: 2026-09-15T15:34:35Z DBG Executing stage 'Fonts fix for ubuntu QR code display.setup console fonts'
Sep 15 15:34:35.819042 kairos-a8ef immucore[654]: 2026-09-15T15:34:35Z DBG Found systemd at /bin/systemctl
Sep 15 15:34:35.819042 kairos-a8ef immucore[654]: 2026-09-15T15:34:35Z WRN (conditional) Skip 'service manager doesn't match openrc' stage name: Default user, permissions and serial login.Enable serial login for alpine
Sep 15 15:34:35.819042 kairos-a8ef immucore[654]: 2026-09-15T15:34:35Z WRN (conditional) Skip 'OnlyIfOs regex (Ubuntu.*|Debian.*) doesn't match os name Hadron Linux' stage name: Fonts fix for ubuntu QR code display.setup console fonts
Sep 15 15:34:35.819042 kairos-a8ef immucore[654]: 2026-09-15T15:34:35Z INF Done executing stage 'initramfs.after'
Sep 15 15:34:35.819042 kairos-a8ef immucore[654]: 
Sep 15 15:34:35.819042 kairos-a8ef immucore[654]: 2026-09-15T15:34:35Z INF Running stage: initramfs.before
Sep 15 15:34:35.819042 kairos-a8ef immucore[654]: 
Sep 15 15:34:35.819042 kairos-a8ef immucore[654]: 2026-09-15T15:34:35Z INF Done executing stage 'initramfs.before'
Sep 15 15:34:35.819042 kairos-a8ef immucore[654]: 
Sep 15 15:34:35.819042 kairos-a8ef immucore[654]: 2026-09-15T15:34:35Z INF Running stage: initramfs
Sep 15 15:34:35.819042 kairos-a8ef immucore[654]: 
Sep 15 15:34:35.819042 kairos-a8ef immucore[654]: 2026-09-15T15:34:35Z INF Done executing stage 'initramfs'
Sep 15 15:34:35.819042 kairos-a8ef immucore[654]: 
Sep 15 15:34:35.819042 kairos-a8ef immucore[654]: 2026-09-15T15:34:35Z INF Running stage: initramfs.after
Sep 15 15:34:35.819042 kairos-a8ef immucore[654]: 
Sep 15 15:34:35.819042 kairos-a8ef immucore[654]: 2026-09-15T15:34:35Z INF Done executing stage 'initramfs.after'
Sep 15 15:34:35.819042 kairos-a8ef immucore[654]: 
Sep 15 15:34:35.819042 kairos-a8ef immucore[654]: 2026-09-15T15:34:35Z DBG Closing chroot activeMounts=["/sysroot/sys","/sysroot/dev","/sysroot/dev/pts","/sysroot/dev/shm","/sysroot/proc","/sysroot/tmp","/sysroot/run/rootfsbase","/sysroot/run/initramfs/live","/sysroot/run"]
Sep 15 15:34:35.819042 kairos-a8ef immucore[654]: 2026-09-15T15:34:35Z DBG Unmounting from chroot what=/sysroot/run
Sep 15 15:34:35.819042 kairos-a8ef immucore[654]: 2026-09-15T15:34:35Z DBG Unmounting from chroot what=/sysroot/run/initramfs/live
Sep 15 15:34:35.819042 kairos-a8ef immucore[654]: 2026-09-15T15:34:35Z DBG Unmounting from chroot what=/sysroot/run/rootfsbase
Sep 15 15:34:35.956317 kairos-a8ef multipathd[370]: multipathd: shut down
Sep 15 15:34:35.176831 kairos-a8ef kairos-immucore[654]: 
[0;90m
[0;38:5:245m
[0;1;31m
[0;90m
[0;38:5:245mReading '/system/oem/52_installer.yaml'
Sep 15 15:34:35.956584 kairos-a8ef immucore[654]: 2026-09-15T15:34:35Z DBG Unmounting from chroot what=/sysroot/tmp
Sep 15 15:34:35.956584 kairos-a8ef immucore[654]: 2026-09-15T15:34:35Z DBG Unmounting from chroot what=/sysroot/proc
Sep 15 15:34:35.956584 kairos-a8ef immucore[654]: 2026-09-15T15:34:35Z DBG Unmounting from chroot what=/sysroot/dev/shm
Sep 15 15:34:35.956584 kairos-a8ef immucore[654]: 2026-09-15T15:34:35Z DBG Unmounting from chroot what=/sysroot/dev/pts
Sep 15 15:34:35.956584 kairos-a8ef immucore[654]: 2026-09-15T15:34:35Z DBG Unmounting from chroot what=/sysroot/dev
Sep 15 15:34:35.956584 kairos-a8ef immucore[654]: 2026-09-15T15:34:35Z DBG Unmounting from chroot what=/sysroot/sys
Sep 15 15:34:35.956584 kairos-a8ef immucore[654]: 2026-09-15T15:34:35Z INF 1.
Sep 15 15:34:35.956584 kairos-a8ef immucore[654]:  <init> (background: false) (weak: false) (run: false)
Sep 15 15:34:35.956584 kairos-a8ef immucore[654]: 2.
Sep 15 15:34:35.956584 kairos-a8ef immucore[654]:  <create-sentinel> (background: false) (weak: false) (run: true)
Sep 15 15:34:35.956584 kairos-a8ef immucore[654]:  <wait-for-sysroot> (background: false) (weak: false) (run: true)
Sep 15 15:34:35.956584 kairos-a8ef immucore[654]:  <mount-tmpfs> (background: false) (weak: false) (run: true)
Sep 15 15:34:35.956584 kairos-a8ef immucore[654]: 3.
Sep 15 15:34:35.956584 kairos-a8ef immucore[654]:  <ensure-partitions> (background: false) (weak: false) (run: true)
Sep 15 15:34:35.956584 kairos-a8ef immucore[654]: 4.
Sep 15 15:34:35.956584 kairos-a8ef immucore[654]:  <mount-oem> (background: false) (weak: false) (run: true)
Sep 15 15:34:35.956584 kairos-a8ef immucore[654]:  <upgrade-kcrypt> (background: false) (weak: false) (run: true)
Sep 15 15:34:35.956584 kairos-a8ef immucore[654]: 5.
Sep 15 15:34:35.956584 kairos-a8ef immucore[654]:  <unlock-all> (background: false) (weak: false) (run: true)
Sep 15 15:34:35.956584 kairos-a8ef immucore[654]:  <rootfs-hook> (background: false) (weak: false) (run: true)
Sep 15 15:34:35.956584 kairos-a8ef immucore[654]: 6.
Sep 15 15:34:35.956584 kairos-a8ef immucore[654]:  <load-config> (background: false) (weak: false) (run: true)
Sep 15 15:34:35.956584 kairos-a8ef immucore[654]: 7.
Sep 15 15:34:35.956584 kairos-a8ef immucore[654]:  <custom-mount> (background: false) (weak: false) (run: true)
Sep 15 15:34:35.956584 kairos-a8ef immucore[654]:  <mount-base-overlay> (background: false) (weak: false) (run: true)
Sep 15 15:34:35.956584 kairos-a8ef immucore[654]: 8.
Sep 15 15:34:35.956584 kairos-a8ef immucore[654]:  <overlay-mount> (background: false) (weak: false) (run: true)
Sep 15 15:34:35.956584 kairos-a8ef immucore[654]: 9.
Sep 15 15:34:35.956584 kairos-a8ef immucore[654]:  <mount-bind> (background: false) (weak: false) (run: true)
Sep 15 15:34:35.956584 kairos-a8ef immucore[654]: 10.
Sep 15 15:34:35.956584 kairos-a8ef immucore[654]:  <enable-sysext-confext> (background: false) (weak: false) (run: true)
Sep 15 15:34:35.956584 kairos-a8ef immucore[654]:  <write-fstab> (background: false) (weak: false) (run: true)
Sep 15 15:34:35.956584 kairos-a8ef immucore[654]: 11.
Sep 15 15:34:35.956584 kairos-a8ef immucore[654]:  <initramfs-hook> (background: false) (weak: false) (run: true)
Sep 15 15:34:35.956584 kairos-a8ef immucore[654]: 
Sep 15 15:34:35.956584 kairos-a8ef immucore[654]: 2026-09-15T15:34:35Z INF Boot timeline (slowest first):
Sep 15 15:34:35.956584 kairos-a8ef immucore[654]: 1. <initramfs-hook> 2.93s (ok)
Sep 15 15:34:35.956584 kairos-a8ef immucore[654]: 2. <mount-bind> 2.26s (ok)
Sep 15 15:34:35.956584 kairos-a8ef immucore[654]: 3. <wait-for-sysroot> 2.001s (ok)
Sep 15 15:34:35.956584 kairos-a8ef immucore[654]: 4. <mount-oem> 1.108s (ok)
Sep 15 15:34:35.956584 kairos-a8ef immucore[654]: 5. <custom-mount> 1.088s (ok)
Sep 15 15:34:35.956584 kairos-a8ef immucore[654]: 6. <mount-tmpfs> 1.001s (ok)
Sep 15 15:34:35.956584 kairos-a8ef immucore[654]: 7. <ensure-partitions> 992ms (ok)
Sep 15 15:34:35.956584 kairos-a8ef immucore[654]: 8. <rootfs-hook> 830ms (ok)
Sep 15 15:34:35.956584 kairos-a8ef immucore[654]: 9. <create-sentinel> 78ms (ok)
Sep 15 15:34:35.176845 kairos-a8ef kairos-immucore[654]: 
[0;90m
[0;38:5:245m
[0;1;31m
[0;90m
[0;38:5:245mExecuting stage 'Start installer on tty1..3'
Sep 15 15:34:36.079683 kairos-a8ef dracut-pre-pivot[1233]: 17.306411 | A dynamic linking error occurred: (Symbol not found: __epoll_pwait2_time64)
Sep 15 15:34:36.083918 kairos-a8ef immucore[654]: 10. <enable-sysext-confext> 23ms (ok)
Sep 15 15:34:36.083918 kairos-a8ef immucore[654]: 11. <upgrade-kcrypt> 15ms (ok)
Sep 15 15:34:36.083918 kairos-a8ef immucore[654]: 12. <mount-base-overlay> 6ms (ok)
Sep 15 15:34:36.083918 kairos-a8ef immucore[654]: 13. <overlay-mount> 5ms (ok)
Sep 15 15:34:36.083918 kairos-a8ef immucore[654]: 14. <write-fstab> 1ms (ok)
Sep 15 15:34:36.083918 kairos-a8ef immucore[654]: 15. <load-config> 1ms (ok)
Sep 15 15:34:36.083918 kairos-a8ef immucore[654]: 16. <unlock-all> 1ms (ok)
Sep 15 15:34:36.083918 kairos-a8ef immucore[654]: 
Sep 15 15:34:36.083918 kairos-a8ef immucore[654]: 2026-09-15T15:34:35Z INF Boot timeline step duration=2930.1916 rank=1 step=initramfs-hook
Sep 15 15:34:36.083918 kairos-a8ef immucore[654]: 2026-09-15T15:34:35Z INF Boot timeline step duration=2259.970955 rank=2 step=mount-bind
Sep 15 15:34:36.083918 kairos-a8ef immucore[654]: 2026-09-15T15:34:35Z INF Boot timeline step duration=2000.888812 rank=3 step=wait-for-sysroot
Sep 15 15:34:36.083918 kairos-a8ef immucore[654]: 2026-09-15T15:34:35Z INF Boot timeline step duration=1107.716668 rank=4 step=mount-oem
Sep 15 15:34:36.083918 kairos-a8ef immucore[654]: 2026-09-15T15:34:35Z INF Boot timeline step duration=1088.17507 rank=5 step=custom-mount
Sep 15 15:34:36.083918 kairos-a8ef immucore[654]: 2026-09-15T15:34:35Z INF Boot timeline step duration=1000.610548 rank=6 step=mount-tmpfs
Sep 15 15:34:36.083918 kairos-a8ef immucore[654]: 2026-09-15T15:34:35Z INF Boot timeline step duration=991.982847 rank=7 step=ensure-partitions
Sep 15 15:34:36.083918 kairos-a8ef immucore[654]: 2026-09-15T15:34:35Z INF Boot timeline step duration=830.082946 rank=8 step=rootfs-hook
Sep 15 15:34:36.083918 kairos-a8ef immucore[654]: 2026-09-15T15:34:35Z INF Boot timeline step duration=78.126528 rank=9 step=create-sentinel
Sep 15 15:34:36.083918 kairos-a8ef immucore[654]: 2026-09-15T15:34:35Z INF Boot timeline step duration=22.79767 rank=10 step=enable-sysext-confext
Sep 15 15:34:36.083918 kairos-a8ef immucore[654]: 2026-09-15T15:34:35Z INF Boot timeline step duration=14.971156 rank=11 step=upgrade-kcrypt
Sep 15 15:34:36.083918 kairos-a8ef immucore[654]: 2026-09-15T15:34:35Z INF Boot timeline step duration=5.632028 rank=12 step=mount-base-overlay
Sep 15 15:34:35.178946 kairos-a8ef kairos-immucore[654]: 
[0;90m
[0;38:5:245m
[0;1;31m
[0;90m
[0;38:5:245mIf statement result 
Sep 15 15:34:36.165902 kairos-a8ef systemd-journald[358]: Received SIGTERM from PID 1 (systemd).
Sep 15 15:34:36.166146 kairos-a8ef immucore[654]: 2026-09-15T15:34:35Z INF Boot timeline step duration=5.121679 rank=13 step=overlay-mount
Sep 15 15:34:36.166146 kairos-a8ef immucore[654]: 2026-09-15T15:34:35Z INF Boot timeline step duration=1.174808 rank=14 step=write-fstab
Sep 15 15:34:36.166146 kairos-a8ef immucore[654]: 2026-09-15T15:34:35Z INF Boot timeline step duration=0.803891 rank=15 step=load-config
Sep 15 15:34:36.166146 kairos-a8ef immucore[654]: 2026-09-15T15:34:35Z INF Boot timeline step duration=0.571634 rank=16 step=unlock-all
Sep 15 15:34:36.166146 kairos-a8ef immucore[654]: 2026-09-15T15:34:35Z INF Wrote boot timeline trace path=/run/immucore/boot-timeline.json
Sep 15 15:34:35.178971 kairos-a8ef kairos-immucore[654]: Processing stage step 'Default user, permissions and serial login.Ensure runtime permission.4'. ( commands: 2, files: 0, ... )
Sep 15 15:34:35.179047 kairos-a8ef kairos-immucore[654]: 
[0;90m
[0;38:5:245m
[0;1;31m
[0;90m
[0;38:5:245mStage: schema.Stage{
                                                         
[0;90m
[0;38:5:245m  Commands: []string{
                                                         
[0;90m
[0;38:5:245m    "chown -R root:admin /oem",
                                                         
[0;90m
[0;38:5:245m    "chmod 770 /oem",
                                                         
[0;90m
[0;38:5:245m  },
                                                         
[0;90m
[0;38:5:245m  If: "[ -e \"/oem\" ]",
                                                         
[0;90m
[0;38:5:245m  Name: "Ensure runtime permission",
                                                         
[0;90m
[0;38:5:245m}
Sep 15 15:34:35.181432 kairos-a8ef kairos-immucore[654]: 
[0;1;33m
[0;1;38:5:185m
[0;1;39m
[0;1;33m
[0;1;38:5:185m(conditional) Skip 'Skipping stage (if statement error: failed to run (grep -q "interactive-install" /proc/cmdline || grep -q "install-mode-interactive" /proc/cmdline) && \
                                                         
[0;1;33m
[0;1;38:5:185m([ -f /run/cos/live_mode ] || [ -f /run/cos/uki_install_mode ])
                                                         
[0;1;33m
[0;1;38:5:185m: exit status 1)' stage name: Start installer on tty1..3
Sep 15 15:34:35.183968 kairos-a8ef kairos-immucore[654]: 
[0;90m
[0;38:5:245m
[0;1;31m
[0;90m
[0;38:5:245mEmpty command output
Sep 15 15:34:35.186646 kairos-a8ef kairos-immucore[654]: 
[0;90m
[0;38:5:245m
[0;1;31m
[0;90m
[0;38:5:245mEmpty command output
Sep 15 15:34:35.186756 kairos-a8ef kairos-immucore[654]: Running layout plugin
Sep 15 15:34:35.186833 kairos-a8ef kairos-immucore[654]: 
[0;90m
[0;38:5:245m
[0;1;31m
[0;90m
[0;38:5:245mDevice field empty, skipping layout plugin
Sep 15 15:34:35.186994 kairos-a8ef kairos-immucore[654]: 
[0;90m
[0;38:5:245m
[0;1;31m
[0;90m
[0;38:5:245mReading '/system/oem/99_sysext.yaml'
Sep 15 15:34:35.187060 kairos-a8ef kairos-immucore[654]: 
[0;90m
[0;38:5:245m
[0;1;31m
[0;90m
[0;38:5:245mExecuting stage 'sysext and confext configuration.systemd-sysext/confext uki config'
Sep 15 15:34:35.187563 kairos-a8ef kairos-immucore[654]: 
[0;90m
[0;38:5:245m
[0;1;31m
[0;90m
[0;38:5:245mReading '/system/oem/10_accounting.yaml'
Sep 15 15:34:35.187592 kairos-a8ef kairos-immucore[654]: 
[0;90m
[0;38:5:245m
[0;1;31m
[0;90m
[0;38:5:245mExecuting stage 'Default user, permissions and serial login.Ensure runtime permission.5'
Sep 15 15:34:35.189153 kairos-a8ef kairos-immucore[654]: 
[0;1;33m
[0;1;38:5:185m
[0;1;39m
[0;1;33m
[0;1;38:5:185m(conditional) Skip 'Skipping stage (if statement error: failed to run [ -e "/run/cos/uki_boot_mode" ] && [ ! -e "/run/cos/recovery_mode" ] && [ ! -e "/run/cos/autoreset_mode" ]: exit status 1)' stage name: sysext and confext configuration.systemd-sysext/confext uki config
Sep 15 15:34:35.189312 kairos-a8ef kairos-immucore[654]: 
[0;1;33m
[0;1;38:5:185m
[0;1;39m
[0;1;33m
[0;1;38:5:185m(conditional) Skip 'Skipping stage (if statement error: failed to run [ -e "/usr/local/cloud-config" ]: exit status 1)' stage name: Default user, permissions and serial login.Ensure runtime permission.5
Sep 15 15:34:35.189438 kairos-a8ef kairos-immucore[654]: 
[0;90m
[0;38:5:245m
[0;1;31m
[0;90m
[0;38:5:245mReading '/system/oem/99_sysext.yaml'
Sep 15 15:34:35.189540 kairos-a8ef kairos-immucore[654]: 
[0;90m
[0;38:5:245m
[0;1;31m
[0;90m
[0;38:5:245mExecuting stage 'sysext and confext configuration.systemd-sysext/confext config'
Sep 15 15:34:35.190347 kairos-a8ef kairos-immucore[654]: 
[0;90m
[0;38:5:245m
[0;1;31m
[0;90m
[0;38:5:245mIf statement result 
Sep 15 15:34:35.385924 kairos-a8ef kairos-immucore[654]: 
[0;90m
[0;38:5:245m
[0;1;31m
[0;90m
[0;38:5:245mFound systemd at /bin/systemctl
Sep 15 15:34:35.386081 kairos-a8ef kairos-immucore[654]: Processing stage step 'sysext and confext configuration.systemd-sysext/confext config'. ( commands: 0, files: 2, ... )
Sep 15 15:34:35.386164 kairos-a8ef kairos-immucore[654]: 
[0;90m
[0;38:5:245m
[0;1;31m
[0;90m
[0;38:5:245mStage: schema.Stage{
                                                         
[0;90m
[0;38:5:245m  Files: []schema.File{
                                                         
[0;90m
[0;38:5:245m    schema.File{
                                                         
[0;90m
[0;38:5:245m      Path: "/etc/systemd/system/systemd-sysext.service.d/kairos.conf",
                                                         
[0;90m
[0;38:5:245m      Permissions: 420,
                                                         
[0;90m
[0;38:5:245m      Content: "[Service]\n# Make it timeout early to avoid blocking boot if keys are not in there to unlock sysext\nTimeoutStartSec=10\n# override exec and reload to set the image policy\nExecStart=\nExecStart=systemd-sysext refresh --image-policy=\"root=verity+absent:usr=verity+absent\"\nExecReload=\nExecReload=systemd-sysext refresh --image-policy=\"root=verity+absent:usr=verity+absent\"\n# set the sysext hierarchies so we dont overwrite our mount at /usr/local\n# set them very specifically instead of a generic /usr/local as systemd <= 255 mounts the overlay as RO\n# and we dont want the full /usr/local to be RO as we store state in there\n# on systemd 256 we can control if they are mutable or not\nEnvironment=\"SYSTEMD_SYSEXT_HIERARCHIES=/usr/local/bin:/usr/local/sbin:/usr/local/include:/usr/local/lib:/usr/local/share:/usr/local/src:/usr/bin:/usr/share:/usr/lib:/usr/include:/usr/src:/usr/sbin\"\n[Unit]\n# Make it timeout early to avoid blocking boot if keys are not in there to unlock sysext\nJobRunningTimeoutSec=5\n",
                                                         
[0;90m
[0;38:5:245m    },
                                                         
[0;90m
[0;38:5:245m    schema.File{
                                                         
[0;90m
[0;38:5:245m      Path: "/etc/systemd/system/systemd-confext.service.d/kairos.conf",
                                                         
[0;90m
[0;38:5:245m      Permissions: 420,
                                                         
[0;90m
[0;38:5:245m      Content: "[Service]\n# Make it timeout early to avoid blocking boot if keys are not in there to unlock sysext\nTimeoutStartSec=10\n# override exec and reload to set the image policy\nExecStart=\nExecStart=systemd-confext refresh --image-policy=\"root=verity+absent:usr=verity+absent\"\nExecReload=\nExecReload=systemd-confext refresh --image-policy=\"root=verity+absent:usr=verity+absent\"\n[Unit]\n# Make it timeout early to avoid blocking boot if keys are not in there to unlock sysext\nJobRunningTimeoutSec=5\n",
                                                         
[0;90m
[0;38:5:245m    },
                                                         
[0;90m
[0;38:5:245m  },
                                                         
[0;90m
[0;38:5:245m  If: "[ ! -e \"/run/cos/uki_boot_mode\" ] && [ ! -e \"/run/cos/recovery_mode\" ] && [ ! -e \"/run/cos/autoreset_mode\" ]",
                                                         
[0;90m
[0;38:5:245m  Name: "systemd-sysext/confext config",
                                                         
[0;90m
[0;38:5:245m  OnlyIfServiceManager: "systemd",
                                                         
[0;90m
[0;38:5:245m}
Sep 15 15:34:35.402430 kairos-a8ef kairos-immucore[654]: 
[0;90m
[0;38:5:245m
[0;1;31m
[0;90m
[0;38:5:245mCreating file /etc/systemd/system/systemd-sysext.service.d/kairos.conf
Sep 15 15:34:35.403586 kairos-a8ef kairos-immucore[654]: 
[0;90m
[0;38:5:245m
[0;1;31m
[0;90m
[0;38:5:245mCreating parent directories
Sep 15 15:34:35.403611 kairos-a8ef kairos-immucore[654]: 
[0;90m
[0;38:5:245m
[0;1;31m
[0;90m
[0;38:5:245mAdding execution bit to parent directory
Sep 15 15:34:35.404615 kairos-a8ef kairos-immucore[654]: 
[0;90m
[0;38:5:245m
[0;1;31m
[0;90m
[0;38:5:245mCreating directory /etc/systemd/system/systemd-sysext.service.d
Sep 15 15:34:35.405061 kairos-a8ef kairos-immucore[654]: 
[0;90m
[0;38:5:245m
[0;1;31m
[0;90m
[0;38:5:245mCreating file /etc/systemd/system/systemd-confext.service.d/kairos.conf
Sep 15 15:34:35.405096 kairos-a8ef kairos-immucore[654]: 
[0;90m
[0;38:5:245m
[0;1;31m
[0;90m
[0;38:5:245mCreating parent directories
Sep 15 15:34:35.405141 kairos-a8ef kairos-immucore[654]: 
[0;90m
[0;38:5:245m
[0;1;31m
[0;90m
[0;38:5:245mAdding execution bit to parent directory
Sep 15 15:34:35.405182 kairos-a8ef kairos-immucore[654]: 
[0;90m
[0;38:5:245m
[0;1;31m
[0;90m
[0;38:5:245mCreating directory /etc/systemd/system/systemd-confext.service.d
Sep 15 15:34:35.405451 kairos-a8ef kairos-immucore[654]: Running layout plugin
Sep 15 15:34:35.405472 kairos-a8ef kairos-immucore[654]: 
[0;90m
[0;38:5:245m
[0;1;31m
[0;90m
[0;38:5:245mDevice field empty, skipping layout plugin
Sep 15 15:34:35.410584 kairos-a8ef kairos-immucore[654]: 
[0;90m
[0;38:5:245m
[0;1;31m
[0;90m
[0;38:5:245mReading '/system/oem/99_sysext.yaml'
Sep 15 15:34:35.410609 kairos-a8ef kairos-immucore[654]: 
[0;90m
[0;38:5:245m
[0;1;31m
[0;90m
[0;38:5:245mExecuting stage 'sysext and confext configuration.systemd-sysext set hierarchy system-wide'
Sep 15 15:34:35.500277 kairos-a8ef kairos-immucore[654]: 
[0;90m
[0;38:5:245m
[0;1;31m
[0;90m
[0;38:5:245mIf statement result 
Sep 15 15:34:35.500365 kairos-a8ef kairos-immucore[654]: 
[0;90m
[0;38:5:245m
[0;1;31m
[0;90m
[0;38:5:245mFound systemd at /bin/systemctl
Sep 15 15:34:35.500468 kairos-a8ef kairos-immucore[654]: Processing stage step 'sysext and confext configuration.systemd-sysext set hierarchy system-wide'. ( commands: 0, files: 1, ... )
Sep 15 15:34:35.500645 kairos-a8ef kairos-immucore[654]: 
[0;90m
[0;38:5:245m
[0;1;31m
[0;90m
[0;38:5:245mStage: schema.Stage{
                                                         
[0;90m
[0;38:5:245m  Files: []schema.File{
                                                         
[0;90m
[0;38:5:245m    schema.File{
                                                         
[0;90m
[0;38:5:245m      Path: "/etc/profile.d/systemd-sysext.sh",
                                                         
[0;90m
[0;38:5:245m      Permissions: 420,
                                                         
[0;90m
[0;38:5:245m      Content: "export SYSTEMD_SYSEXT_HIERARCHIES=\"/usr/local/bin:/usr/local/sbin:/usr/local/include:/usr/local/lib:/usr/local/share:/usr/local/src:/usr/bin:/usr/share:/usr/lib:/usr/include:/usr/src:/usr/sbin\"\n",
                                                         
[0;90m
[0;38:5:245m    },
                                                         
[0;90m
[0;38:5:245m  },
                                                         
[0;90m
[0;38:5:245m  If: "[ ! -e \"/run/cos/recovery_mode\" ] && [ ! -e \"/run/cos/autoreset_mode\" ]",
                                                         
[0;90m
[0;38:5:245m  Name: "systemd-sysext set hierarchy system-wide",
                                                         
[0;90m
[0;38:5:245m  OnlyIfServiceManager: "systemd",
                                                         
[0;90m
[0;38:5:245m}
Sep 15 15:34:35.500728 kairos-a8ef kairos-immucore[654]: 
[0;90m
[0;38:5:245m
[0;1;31m
[0;90m
[0;38:5:245mCreating file /etc/profile.d/systemd-sysext.sh
Sep 15 15:34:35.501189 kairos-a8ef kairos-immucore[654]: Running layout plugin
Sep 15 15:34:35.501243 kairos-a8ef kairos-immucore[654]: 
[0;90m
[0;38:5:245m
[0;1;31m
[0;90m
[0;38:5:245mDevice field empty, skipping layout plugin
Sep 15 15:34:35.501323 kairos-a8ef kairos-immucore[654]: 
[0;90m
[0;38:5:245m
[0;1;31m
[0;90m
[0;38:5:245mReading '/system/oem/99_sysext.yaml'
Sep 15 15:34:35.501378 kairos-a8ef kairos-immucore[654]: 
[0;90m
[0;38:5:245m
[0;1;31m
[0;90m
[0;38:5:245mExecuting stage 'sysext and confext configuration.systemd-sysext/confext initramfs settings'
Sep 15 15:34:35.501443 kairos-a8ef kairos-immucore[654]: 
[0;90m
[0;38:5:245m
[0;1;31m
[0;90m
[0;38:5:245mFound systemd at /bin/systemctl
Sep 15 15:34:35.502922 kairos-a8ef kairos-immucore[654]: Processing stage step 'sysext and confext configuration.systemd-sysext/confext initramfs settings'. ( commands: 0, files: 0, ... )
Sep 15 15:34:35.503044 kairos-a8ef kairos-immucore[654]: 
[0;90m
[0;38:5:245m
[0;1;31m
[0;90m
[0;38:5:245mStage: schema.Stage{
                                                         
[0;90m
[0;38:5:245m  Name: "systemd-sysext/confext initramfs settings",
                                                         
[0;90m
[0;38:5:245m  Systemctl: schema.Systemctl{
                                                         
[0;90m
[0;38:5:245m    Enable: []string{
                                                         
[0;90m
[0;38:5:245m      "systemd-sysext",
                                                         
[0;90m
[0;38:5:245m      "systemd-confext",
                                                         
[0;90m
[0;38:5:245m    },
                                                         
[0;90m
[0;38:5:245m  },
                                                         
[0;90m
[0;38:5:245m  OnlyIfServiceManager: "systemd",
                                                         
[0;90m
[0;38:5:245m}
Sep 15 15:34:35.528654 kairos-a8ef kairos-immucore[654]: Running layout plugin
Sep 15 15:34:35.528681 kairos-a8ef kairos-immucore[654]: 
[0;90m
[0;38:5:245m
[0;1;31m
[0;90m
[0;38:5:245mDevice field empty, skipping layout plugin
Sep 15 15:34:35.529385 kairos-a8ef kairos-immucore[654]: 
[0;90m
[0;38:5:245m
[0;1;31m
[0;90m
[0;38:5:245mGenerating op for stage '/oem/95_userdata/userdata.yaml.0'
Sep 15 15:34:35.529407 kairos-a8ef kairos-immucore[654]: 
[0;90m
[0;38:5:245m
[0;1;31m
[0;90m
[0;38:5:245mGenerating op for stage '/oem/95_userdata/userdata.yaml.Set user and password'
Sep 15 15:34:35.529464 kairos-a8ef kairos-immucore[654]: 
[0;90m
[0;38:5:245m
[0;1;31m
[0;90m
[0;38:5:245mReading '/oem/95_userdata/userdata.yaml'
Sep 15 15:34:35.529475 kairos-a8ef kairos-immucore[654]: 
[0;90m
[0;38:5:245m
[0;1;31m
[0;90m
[0;38:5:245mExecuting stage '/oem/95_userdata/userdata.yaml.0'
Sep 15 15:34:35.529487 kairos-a8ef kairos-immucore[654]: Processing stage step '/oem/95_userdata/userdata.yaml.0'. ( commands: 0, files: 0, ... )
Sep 15 15:34:35.529574 kairos-a8ef kairos-immucore[654]: 
[0;90m
[0;38:5:245m
[0;1;31m
[0;90m
[0;38:5:245mStage: schema.Stage{}
Sep 15 15:34:35.529606 kairos-a8ef kairos-immucore[654]: Running layout plugin
Sep 15 15:34:35.529629 kairos-a8ef kairos-immucore[654]: 
[0;90m
[0;38:5:245m
[0;1;31m
[0;90m
[0;38:5:245mDevice field empty, skipping layout plugin
Sep 15 15:34:35.529651 kairos-a8ef kairos-immucore[654]: 
[0;90m
[0;38:5:245m
[0;1;31m
[0;90m
[0;38:5:245mReading '/oem/95_userdata/userdata.yaml'
Sep 15 15:34:35.529662 kairos-a8ef kairos-immucore[654]: 
[0;90m
[0;38:5:245m
[0;1;31m
[0;90m
[0;38:5:245mExecuting stage '/oem/95_userdata/userdata.yaml.Set user and password'
Sep 15 15:34:35.529674 kairos-a8ef kairos-immucore[654]: Processing stage step '/oem/95_userdata/userdata.yaml.Set user and password'. ( commands: 0, files: 0, ... )
Sep 15 15:34:35.529704 kairos-a8ef kairos-immucore[654]: 
[0;90m
[0;38:5:245m
[0;1;31m
[0;90m
[0;38:5:245mStage: schema.Stage{
                                                         
[0;90m
[0;38:5:245m  Name: "Set user and password",
                                                         
[0;90m
[0;38:5:245m  Users: map[string]schema.User{
                                                         
[0;90m
[0;38:5:245m    "kairos": schema.User{
                                                         
[0;90m
[0;38:5:245m      PasswordHash: "kairos",
                                                         
[0;90m
[0;38:5:245m      Groups: []string{
                                                         
[0;90m
[0;38:5:245m        "admin",
                                                         
[0;90m
[0;38:5:245m      },
                                                         
[0;90m
[0;38:5:245m    },
                                                         
[0;90m
[0;38:5:245m  },
                                                         
[0;90m
[0;38:5:245m}
Sep 15 15:34:35.531566 kairos-a8ef kairos-immucore[654]: Running layout plugin
Sep 15 15:34:35.531585 kairos-a8ef kairos-immucore[654]: 
[0;90m
[0;38:5:245m
[0;1;31m
[0;90m
[0;38:5:245mDevice field empty, skipping layout plugin
Sep 15 15:34:35.531631 kairos-a8ef kairos-immucore[654]: Done executing stage 'initramfs'
Sep 15 15:34:35.531655 kairos-a8ef kairos-immucore[654]: Running stage: initramfs.after
Sep 15 15:34:35.532271 kairos-a8ef kairos-immucore[654]: 
[0;90m
[0;38:5:245m
[0;1;31m
[0;90m
[0;38:5:245mGenerating op for stage 'Fonts fix for ubuntu QR code display.setup console fonts'
Sep 15 15:34:35.553888 kairos-a8ef kairos-immucore[654]: 
[0;90m
[0;38:5:245m
[0;1;31m
[0;90m
[0;38:5:245mGenerating op for stage 'Default user, permissions and serial login.Enable serial login for alpine'
Sep 15 15:34:35.555150 kairos-a8ef kairos-immucore[654]: 
[0;90m
[0;38:5:245m
[0;1;31m
[0;90m
[0;38:5:245mReading '/system/oem/10_accounting.yaml'
Sep 15 15:34:35.555327 kairos-a8ef kairos-immucore[654]: 
[0;90m
[0;38:5:245m
[0;1;31m
[0;90m
[0;38:5:245mExecuting stage 'Default user, permissions and serial login.Enable serial login for alpine'
Sep 15 15:34:35.555438 kairos-a8ef kairos-immucore[654]: 
[0;90m
[0;38:5:245m
[0;1;31m
[0;90m
[0;38:5:245mReading '/system/oem/03-setupcon.yaml'
Sep 15 15:34:35.555479 kairos-a8ef kairos-immucore[654]: 
[0;90m
[0;38:5:245m
[0;1;31m
[0;90m
[0;38:5:245mExecuting stage 'Fonts fix for ubuntu QR code display.setup console fonts'
Sep 15 15:34:35.562024 kairos-a8ef kairos-immucore[654]: 
[0;90m
[0;38:5:245m
[0;1;31m
[0;90m
[0;38:5:245mFound systemd at /bin/systemctl
Sep 15 15:34:35.562068 kairos-a8ef kairos-immucore[654]: 
[0;1;33m
[0;1;38:5:185m
[0;1;39m
[0;1;33m
[0;1;38:5:185m(conditional) Skip 'service manager doesn't match openrc' stage name: Default user, permissions and serial login.Enable serial login for alpine
Sep 15 15:34:35.567621 kairos-a8ef kairos-immucore[654]: 
[0;1;33m
[0;1;38:5:185m
[0;1;39m
[0;1;33m
[0;1;38:5:185m(conditional) Skip 'OnlyIfOs regex (Ubuntu.*|Debian.*) doesn't match os name Hadron Linux' stage name: Fonts fix for ubuntu QR code display.setup console fonts
Sep 15 15:34:35.567854 kairos-a8ef kairos-immucore[654]: Done executing stage 'initramfs.after'
Sep 15 15:34:35.567900 kairos-a8ef kairos-immucore[654]: Running stage: initramfs.before
Sep 15 15:34:35.569469 kairos-a8ef kairos-immucore[654]: Done executing stage 'initramfs.before'
Sep 15 15:34:35.569972 kairos-a8ef kairos-immucore[654]: Running stage: initramfs
Sep 15 15:34:35.570168 kairos-a8ef kairos-immucore[654]: Done executing stage 'initramfs'
Sep 15 15:34:35.570188 kairos-a8ef kairos-immucore[654]: Running stage: initramfs.after
Sep 15 15:34:35.570291 kairos-a8ef kairos-immucore[654]: Done executing stage 'initramfs.after'
Sep 15 15:34:35.570325 kairos-a8ef kairos-immucore[654]: 
[0;90m
[0;38:5:245m
[0;1;31m
[0;90m
[0;38:5:245mClosing chroot
Sep 15 15:34:35.570353 kairos-a8ef kairos-immucore[654]: 
[0;90m
[0;38:5:245m
[0;1;31m
[0;90m
[0;38:5:245mUnmounting from chroot
Sep 15 15:34:35.573338 kairos-a8ef systemd[1]: sysroot-run.mount: Deactivated successfully.
Sep 15 15:34:35.573472 kairos-a8ef kairos-immucore[654]: 
[0;90m
[0;38:5:245m
[0;1;31m
[0;90m
[0;38:5:245mUnmounting from chroot
Sep 15 15:34:35.574599 kairos-a8ef kairos-immucore[654]: 
[0;90m
[0;38:5:245m
[0;1;31m
[0;90m
[0;38:5:245mUnmounting from chroot
Sep 15 15:34:35.575920 kairos-a8ef systemd[1]: sysroot-run-initramfs-live.mount: Deactivated successfully.
Sep 15 15:34:35.577226 kairos-a8ef systemd[1]: sysroot-run-rootfsbase.mount: Deactivated successfully.
Sep 15 15:34:35.577426 kairos-a8ef kairos-immucore[654]: 
[0;90m
[0;38:5:245m
[0;1;31m
[0;90m
[0;38:5:245mUnmounting from chroot
Sep 15 15:34:35.578826 kairos-a8ef systemd[1]: sysroot-tmp.mount: Deactivated successfully.
Sep 15 15:34:35.579364 kairos-a8ef kairos-immucore[654]: 
[0;90m
[0;38:5:245m
[0;1;31m
[0;90m
[0;38:5:245mUnmounting from chroot
Sep 15 15:34:35.580433 kairos-a8ef systemd[1]: sysroot-proc.mount: Deactivated successfully.
Sep 15 15:34:35.580475 kairos-a8ef kairos-immucore[654]: 
[0;90m
[0;38:5:245m
[0;1;31m
[0;90m
[0;38:5:245mUnmounting from chroot
Sep 15 15:34:35.583571 kairos-a8ef kairos-immucore[654]: 
[0;90m
[0;38:5:245m
[0;1;31m
[0;90m
[0;38:5:245mUnmounting from chroot
Sep 15 15:34:35.583887 kairos-a8ef kairos-immucore[654]: 
[0;90m
[0;38:5:245m
[0;1;31m
[0;90m
[0;38:5:245mUnmounting from chroot
Sep 15 15:34:35.584570 kairos-a8ef kairos-immucore[654]: 
[0;90m
[0;38:5:245m
[0;1;31m
[0;90m
[0;38:5:245mUnmounting from chroot
Sep 15 15:34:35.590614 kairos-a8ef kairos-immucore[654]: 1.
                                                          <init> (background: false) (weak: false) (run: false)
                                                         2.
                                                          <create-sentinel> (background: false) (weak: false) (run: true)
                                                          <wait-for-sysroot> (background: false) (weak: false) (run: true)
                                                          <mount-tmpfs> (background: false) (weak: false) (run: true)
                                                         3.
                                                          <ensure-partitions> (background: false) (weak: false) (run: true)
                                                         4.
                                                          <mount-oem> (background: false) (weak: false) (run: true)
                                                          <upgrade-kcrypt> (background: false) (weak: false) (run: true)
                                                         5.
                                                          <unlock-all> (background: false) (weak: false) (run: true)
                                                          <rootfs-hook> (background: false) (weak: false) (run: true)
                                                         6.
                                                          <load-config> (background: false) (weak: false) (run: true)
                                                         7.
                                                          <custom-mount> (background: false) (weak: false) (run: true)
                                                          <mount-base-overlay> (background: false) (weak: false) (run: true)
                                                         8.
                                                          <overlay-mount> (background: false) (weak: false) (run: true)
                                                         9.
                                                          <mount-bind> (background: false) (weak: false) (run: true)
                                                         10.
                                                          <enable-sysext-confext> (background: false) (weak: false) (run: true)
                                                          <write-fstab> (background: false) (weak: false) (run: true)
                                                         11.
                                                          <initramfs-hook> (background: false) (weak: false) (run: true)
Sep 15 15:34:35.590661 kairos-a8ef kairos-immucore[654]: Boot timeline (slowest first):
                                                         1. <initramfs-hook> 2.93s (ok)
                                                         2. <mount-bind> 2.26s (ok)
                                                         3. <wait-for-sysroot> 2.001s (ok)
                                                         4. <mount-oem> 1.108s (ok)
                                                         5. <custom-mount> 1.088s (ok)
                                                         6. <mount-tmpfs> 1.001s (ok)
                                                         7. <ensure-partitions> 992ms (ok)
                                                         8. <rootfs-hook> 830ms (ok)
                                                         9. <create-sentinel> 78ms (ok)
                                                         10. <enable-sysext-confext> 23ms (ok)
                                                         11. <upgrade-kcrypt> 15ms (ok)
                                                         12. <mount-base-overlay> 6ms (ok)
                                                         13. <overlay-mount> 5ms (ok)
                                                         14. <write-fstab> 1ms (ok)
                                                         15. <load-config> 1ms (ok)
                                                         16. <unlock-all> 1ms (ok)
Sep 15 15:34:35.590691 kairos-a8ef kairos-immucore[654]: Boot timeline step
Sep 15 15:34:35.590706 kairos-a8ef kairos-immucore[654]: Boot timeline step
Sep 15 15:34:35.590719 kairos-a8ef kairos-immucore[654]: Boot timeline step
Sep 15 15:34:35.590732 kairos-a8ef kairos-immucore[654]: Boot timeline step
Sep 15 15:34:35.590744 kairos-a8ef kairos-immucore[654]: Boot timeline step
Sep 15 15:34:35.590757 kairos-a8ef kairos-immucore[654]: Boot timeline step
Sep 15 15:34:35.590770 kairos-a8ef kairos-immucore[654]: Boot timeline step
Sep 15 15:34:35.590782 kairos-a8ef kairos-immucore[654]: Boot timeline step
Sep 15 15:34:35.590794 kairos-a8ef kairos-immucore[654]: Boot timeline step
Sep 15 15:34:35.590807 kairos-a8ef kairos-immucore[654]: Boot timeline step
Sep 15 15:34:35.590820 kairos-a8ef kairos-immucore[654]: Boot timeline step
Sep 15 15:34:35.590847 kairos-a8ef kairos-immucore[654]: Boot timeline step
Sep 15 15:34:35.590874 kairos-a8ef kairos-immucore[654]: Boot timeline step
Sep 15 15:34:35.590888 kairos-a8ef kairos-immucore[654]: Boot timeline step
Sep 15 15:34:35.590902 kairos-a8ef kairos-immucore[654]: Boot timeline step
Sep 15 15:34:35.590915 kairos-a8ef kairos-immucore[654]: Boot timeline step
Sep 15 15:34:35.591042 kairos-a8ef kairos-immucore[654]: Wrote boot timeline trace
Sep 15 15:34:35.594317 kairos-a8ef systemd[1]: Finished immucore.
Sep 15 15:34:35.599469 kairos-a8ef systemd[1]: Reached target Initrd File Systems.
Sep 15 15:34:35.603637 kairos-a8ef systemd[1]: Reached target Initrd Default Target.
Sep 15 15:34:35.614302 kairos-a8ef systemd[1]: Starting dracut pre-pivot and cleanup hook...
Sep 15 15:34:35.636854 kairos-a8ef systemd[1]: Finished dracut pre-pivot and cleanup hook.
Sep 15 15:34:35.648601 kairos-a8ef systemd[1]: Starting Cleaning Up and Shutting Down Daemons...
Sep 15 15:34:35.660019 kairos-a8ef systemd[1]: Stopped target Network.
Sep 15 15:34:35.664123 kairos-a8ef systemd[1]: Stopped target Host and Network Name Lookups.
Sep 15 15:34:35.670163 kairos-a8ef systemd[1]: Stopped target Remote Encrypted Volumes.
Sep 15 15:34:35.675961 kairos-a8ef systemd[1]: Stopped target Remote Verity Protected Volumes.
Sep 15 15:34:35.682904 kairos-a8ef systemd[1]: Stopped target Timer Units.
Sep 15 15:34:35.691116 kairos-a8ef systemd[1]: dracut-pre-pivot.service: Deactivated successfully.
Sep 15 15:34:35.691374 kairos-a8ef systemd[1]: Stopped dracut pre-pivot and cleanup hook.
Sep 15 15:34:35.697038 kairos-a8ef systemd[1]: Stopped target Initrd Default Target.
Sep 15 15:34:35.701800 kairos-a8ef systemd[1]: Stopped target Basic System.
Sep 15 15:34:35.705863 kairos-a8ef systemd[1]: Stopped target Initrd Root Device.
Sep 15 15:34:35.709474 kairos-a8ef systemd[1]: Stopped target Initrd /usr File System.
Sep 15 15:34:35.711621 kairos-a8ef systemd[1]: Stopped target Path Units.
Sep 15 15:34:35.712089 kairos-a8ef systemd[1]: Stopped target Remote File Systems.
Sep 15 15:34:35.712575 kairos-a8ef systemd[1]: Stopped target Preparation for Remote File Systems.
Sep 15 15:34:35.712972 kairos-a8ef systemd[1]: Stopped target Slice Units.
Sep 15 15:34:35.713471 kairos-a8ef systemd[1]: Stopped target Socket Units.
Sep 15 15:34:35.714431 kairos-a8ef systemd[1]: Stopped target System Initialization.
Sep 15 15:34:35.715346 kairos-a8ef systemd[1]: Stopped target Swaps.
Sep 15 15:34:35.716299 kairos-a8ef systemd[1]: Stopped target Local Verity Protected Volumes.
Sep 15 15:34:35.717239 kairos-a8ef systemd[1]: iscsid.socket: Deactivated successfully.
Sep 15 15:34:35.717312 kairos-a8ef systemd[1]: Closed Open-iSCSI iscsid Socket.
Sep 15 15:34:35.718186 kairos-a8ef systemd[1]: iscsiuio.socket: Deactivated successfully.
Sep 15 15:34:35.718250 kairos-a8ef systemd[1]: Closed Open-iSCSI iscsiuio Socket.
Sep 15 15:34:35.719128 kairos-a8ef systemd[1]: dracut-mount.service: Deactivated successfully.
Sep 15 15:34:35.719200 kairos-a8ef systemd[1]: Stopped dracut mount hook.
Sep 15 15:34:35.719650 kairos-a8ef systemd[1]: dracut-pre-mount.service: Deactivated successfully.
Sep 15 15:34:35.719728 kairos-a8ef systemd[1]: Stopped dracut pre-mount hook.
Sep 15 15:34:35.720131 kairos-a8ef systemd[1]: Stopped target Local Encrypted Volumes.
Sep 15 15:34:35.720583 kairos-a8ef systemd[1]: systemd-ask-password-console.path: Deactivated successfully.
Sep 15 15:34:35.739058 kairos-a8ef systemd[1]: Stopped Dispatch Password Requests to Console Directory Watch.
Sep 15 15:34:35.744765 kairos-a8ef systemd[1]: Stopped target Local Encrypted Volumes (Pre).
Sep 15 15:34:35.749555 kairos-a8ef systemd[1]: dracut-initqueue.service: Deactivated successfully.
Sep 15 15:34:35.749705 kairos-a8ef systemd[1]: Stopped dracut initqueue hook.
Sep 15 15:34:35.752182 kairos-a8ef systemd[1]: immucore.service: Deactivated successfully.
Sep 15 15:34:35.752273 kairos-a8ef systemd[1]: Stopped immucore.
Sep 15 15:34:35.752610 kairos-a8ef systemd[1]: immucore.service: Consumed 2.986s CPU time over 11.456s wall clock time, 152.9M memory peak.
Sep 15 15:34:35.759270 kairos-a8ef systemd[1]: Stopping Network Management...
Sep 15 15:34:35.762815 kairos-a8ef systemd[1]: Stopping Network Name Resolution...
Sep 15 15:34:35.765004 kairos-a8ef systemd[1]: systemd-tmpfiles-setup.service: Deactivated successfully.
Sep 15 15:34:35.765128 kairos-a8ef systemd[1]: Stopped Create System Files and Directories.
Sep 15 15:34:35.771553 kairos-a8ef systemd[1]: Stopped target Local File Systems.
Sep 15 15:34:35.777642 kairos-a8ef systemd[1]: Stopped target Preparation for Local File Systems.
Sep 15 15:34:35.780754 kairos-a8ef systemd[1]: Stopping Device-Mapper Multipath Device Controller...
Sep 15 15:34:35.783077 kairos-a8ef systemd[1]: systemd-udev-settle.service: Deactivated successfully.
Sep 15 15:34:35.783184 kairos-a8ef systemd[1]: Stopped Wait for udev To Complete Device Initialization.
Sep 15 15:34:35.787176 kairos-a8ef systemd[1]: systemd-udev-trigger.service: Deactivated successfully.
Sep 15 15:34:35.787252 kairos-a8ef systemd[1]: Stopped Coldplug All udev Devices.
Sep 15 15:34:35.792933 kairos-a8ef systemd[1]: dracut-pre-trigger.service: Deactivated successfully.
Sep 15 15:34:35.793049 kairos-a8ef systemd[1]: Stopped dracut pre-trigger hook.
Sep 15 15:34:35.796335 kairos-a8ef systemd[1]: systemd-vconsole-setup.service: Deactivated successfully.
Sep 15 15:34:35.796470 kairos-a8ef systemd[1]: Stopped Virtual Console Setup.
Sep 15 15:34:35.800740 kairos-a8ef systemd[1]: systemd-resolved.service: Deactivated successfully.
Sep 15 15:34:35.800887 kairos-a8ef systemd[1]: Stopped Network Name Resolution.
Sep 15 15:34:35.805295 kairos-a8ef systemd[1]: systemd-networkd.service: Deactivated successfully.
Sep 15 15:34:35.805416 kairos-a8ef systemd[1]: Stopped Network Management.
Sep 15 15:34:35.819477 kairos-a8ef systemd[1]: systemd-networkd-resolve-hook.socket: Deactivated successfully.
Sep 15 15:34:35.819577 kairos-a8ef systemd[1]: Closed Network Management Resolve Hook Socket.
Sep 15 15:34:35.825475 kairos-a8ef systemd[1]: Stopped target Preparation for Network.
Sep 15 15:34:35.828022 kairos-a8ef systemd[1]: systemd-networkd.socket: Deactivated successfully.
Sep 15 15:34:35.828058 kairos-a8ef systemd[1]: Closed Network Management Netlink Socket.
Sep 15 15:34:35.835149 kairos-a8ef systemd[1]: systemd-sysctl.service: Deactivated successfully.
Sep 15 15:34:35.835178 kairos-a8ef systemd[1]: Stopped Apply Kernel Variables.
Sep 15 15:34:35.840821 kairos-a8ef systemd[1]: Stopping Rule-based Manager for Device Events and Files...
Sep 15 15:34:35.848320 kairos-a8ef systemd[1]: multipathd.service: Deactivated successfully.
Sep 15 15:34:35.848440 kairos-a8ef systemd[1]: Stopped Device-Mapper Multipath Device Controller.
Sep 15 15:34:35.854601 kairos-a8ef systemd[1]: initrd-cleanup.service: Deactivated successfully.
Sep 15 15:34:35.854764 kairos-a8ef systemd[1]: Finished Cleaning Up and Shutting Down Daemons.
Sep 15 15:34:35.882381 kairos-a8ef systemd[1]: systemd-udevd.service: Deactivated successfully.
Sep 15 15:34:35.882606 kairos-a8ef systemd[1]: Stopped Rule-based Manager for Device Events and Files.
Sep 15 15:34:35.890071 kairos-a8ef systemd[1]: systemd-udevd.service: Consumed 1.254s CPU time over 12.553s wall clock time, 20.9M memory peak.
Sep 15 15:34:35.890208 kairos-a8ef systemd[1]: systemd-udevd-control.socket: Deactivated successfully.
Sep 15 15:34:35.890235 kairos-a8ef systemd[1]: Closed udev Control Socket.
Sep 15 15:34:35.893615 kairos-a8ef systemd[1]: dracut-pre-udev.service: Deactivated successfully.
Sep 15 15:34:35.893642 kairos-a8ef systemd[1]: Stopped dracut pre-udev hook.
Sep 15 15:34:35.899099 kairos-a8ef systemd[1]: dracut-cmdline.service: Deactivated successfully.
Sep 15 15:34:35.899148 kairos-a8ef systemd[1]: Stopped dracut cmdline hook.
Sep 15 15:34:35.914158 kairos-a8ef systemd[1]: Starting Cleanup udev Database...
Sep 15 15:34:35.918770 kairos-a8ef systemd[1]: systemd-network-generator.service: Deactivated successfully.
Sep 15 15:34:35.918799 kairos-a8ef systemd[1]: Stopped Generate Network Units from Kernel Command Line.
Sep 15 15:34:35.923223 kairos-a8ef systemd[1]: systemd-tmpfiles-setup-dev.service: Deactivated successfully.
Sep 15 15:34:35.923254 kairos-a8ef systemd[1]: Stopped Create Static Device Nodes in /dev.
Sep 15 15:34:35.933760 kairos-a8ef systemd[1]: systemd-tmpfiles-setup-dev-early.service: Deactivated successfully.
Sep 15 15:34:35.933789 kairos-a8ef systemd[1]: Stopped Create Static Device Nodes in /dev gracefully.
Sep 15 15:34:35.936038 kairos-a8ef systemd[1]: kmod-static-nodes.service: Deactivated successfully.
Sep 15 15:34:35.936063 kairos-a8ef systemd[1]: Stopped Create List of Static Device Nodes.
Sep 15 15:34:35.936662 kairos-a8ef systemd[1]: initrd-udevadm-cleanup-db.service: Deactivated successfully.
Sep 15 15:34:35.936838 kairos-a8ef systemd[1]: Finished Cleanup udev Database.
Sep 15 15:34:35.936943 kairos-a8ef systemd[1]: Reached target Switch Root.
Sep 15 15:34:35.951594 kairos-a8ef systemd[1]: Starting Switch Root...
Sep 15 15:34:35.959372 kairos-a8ef systemd[1]: 
[0;1;39m
[0;1;31m
[0;1;39mSwitching root.
Sep 15 15:34:36.196694 kairos-a8ef systemd-journald[358]: Journal stopped
Sep 15 15:34:37.644436 kairos-a8ef kernel: NET: Registered PF_VSOCK protocol family
Sep 15 15:34:37.644462 kairos-a8ef systemd[1]: systemd 261.1 running in system mode (+PAM -AUDIT -SELINUX -APPARMOR +IMA +IPE +SMACK +SECCOMP -GCRYPT -GNUTLS +OPENSSL +ACL +BLKID -CURL -ELFUTILS -FIDO2 -IDN2 +KMOD +LIBCRYPTSETUP +LIBCRYPTSETUP_PLUGINS +LIBFDISK -PCRE2 -PWQUALITY -P11KIT -QRENCODE +TPM2 -BZIP2 +LZ4 +XZ +ZLIB +ZSTD -BPF_FRAMEWORK -BTF -XKBCOMMON -UTMP -LIBARCHIVE)
Sep 15 15:34:37.644477 kairos-a8ef systemd[1]: Detected virtualization kvm.
Sep 15 15:34:37.644484 kairos-a8ef systemd[1]: Detected architecture x86-64.
Sep 15 15:34:37.644534 kairos-a8ef systemd[1]: initrd-switch-root.service: Deactivated successfully.
Sep 15 15:34:37.644551 kairos-a8ef systemd[1]: Stopped Switch Root.
Sep 15 15:34:37.644562 kairos-a8ef systemd[1]: systemd-journald.service: Scheduled restart job, restart counter is at 1.
Sep 15 15:34:37.644569 kairos-a8ef systemd[1]: Created slice Slice /system/getty.
Sep 15 15:34:37.644575 kairos-a8ef systemd[1]: Created slice Slice /system/serial-getty.
Sep 15 15:34:37.644581 kairos-a8ef systemd[1]: Created slice User and Session Slice.
Sep 15 15:34:37.644587 kairos-a8ef systemd[1]: Started Dispatch Password Requests to Console Directory Watch.
Sep 15 15:34:37.644592 kairos-a8ef systemd[1]: Started Forward Password Requests to Wall Directory Watch.
Sep 15 15:34:37.644598 kairos-a8ef systemd[1]: Set up automount Arbitrary Executable File Formats File System Automount Point.
Sep 15 15:34:37.644605 kairos-a8ef systemd[1]: Expecting device /dev/ttyS0...
Sep 15 15:34:37.644612 kairos-a8ef systemd[1]: Stopped target Switch Root.
Sep 15 15:34:37.644619 kairos-a8ef systemd[1]: Stopped target Initrd File Systems.
Sep 15 15:34:37.644624 kairos-a8ef systemd[1]: Stopped target Initrd Root File System.
Sep 15 15:34:37.644630 kairos-a8ef systemd[1]: Reached target Local Integrity Protected Volumes.
Sep 15 15:34:37.644636 kairos-a8ef systemd[1]: Reached target Path Units.
Sep 15 15:34:37.644641 kairos-a8ef systemd[1]: Reached target Slice Units.
Sep 15 15:34:37.644648 kairos-a8ef systemd[1]: Reached target Swaps.
Sep 15 15:34:37.644653 kairos-a8ef systemd[1]: Reached target Local Verity Protected Volumes.
Sep 15 15:34:37.644659 kairos-a8ef systemd[1]: Listening on Query the User Interactively for a Password.
Sep 15 15:34:37.644665 kairos-a8ef systemd[1]: Listening on Credential Encryption/Decryption.
Sep 15 15:34:37.644671 kairos-a8ef systemd[1]: Listening on Factory Reset Management.
Sep 15 15:34:37.644676 kairos-a8ef systemd[1]: Listening on Hostname Service Socket.
Sep 15 15:34:37.644682 kairos-a8ef systemd[1]: Journal Audit Socket skipped, unmet condition check ConditionSecurity=audit
Sep 15 15:34:37.644688 kairos-a8ef systemd[1]: Listening on DDI File System Mounter Socket.
Sep 15 15:34:37.644694 kairos-a8ef systemd[1]: Listening on Console Output Muting Service Socket.
Sep 15 15:34:37.644700 kairos-a8ef systemd[1]: Listening on Network Management Metrics Varlink Socket.
Sep 15 15:34:37.644706 kairos-a8ef systemd[1]: Listening on Network Management Varlink Socket.
Sep 15 15:34:37.644711 kairos-a8ef systemd[1]: Listening on Network Management Netlink Socket.
Sep 15 15:34:37.644717 kairos-a8ef systemd[1]: Listening on Userspace Out-Of-Memory (OOM) Killer Socket.
Sep 15 15:34:37.644723 kairos-a8ef systemd[1]: TPM PCR Measurements skipped, unmet condition check ConditionSecurity=measured-os
Sep 15 15:34:37.644729 kairos-a8ef systemd[1]: Make TPM PCR Policy skipped, unmet condition check ConditionSecurity=measured-uki
Sep 15 15:34:37.644734 kairos-a8ef systemd[1]: Listening on Report System Basic Metrics Socket.
Sep 15 15:34:37.644740 kairos-a8ef systemd[1]: Listening on CGroup Report Varlink Socket.
Sep 15 15:34:37.644746 kairos-a8ef systemd[1]: Listening on Resolve Monitor Varlink Socket.
Sep 15 15:34:37.644752 kairos-a8ef systemd[1]: Listening on Resolve Service Varlink Socket.
Sep 15 15:34:37.644758 kairos-a8ef systemd[1]: Listening on Simple Block Device Backed Storage Provider.
Sep 15 15:34:37.644765 kairos-a8ef systemd[1]: Listening on Simple File System Backed Storage Provider.
Sep 15 15:34:37.644782 kairos-a8ef systemd[1]: Listening on udev Control Socket.
Sep 15 15:34:37.644805 kairos-a8ef systemd[1]: Listening on udev Varlink Socket.
Sep 15 15:34:37.644817 kairos-a8ef systemd[1]: Mounting Huge Pages File System...
Sep 15 15:34:37.644823 kairos-a8ef systemd[1]: Mounting POSIX Message Queue File System...
Sep 15 15:34:37.644829 kairos-a8ef systemd[1]: Mounting Kernel Debug File System...
Sep 15 15:34:37.644835 kairos-a8ef systemd[1]: Mounting Kernel Trace File System...
Sep 15 15:34:37.644841 kairos-a8ef systemd[1]: Starting Create List of Static Device Nodes...
Sep 15 15:34:37.644849 kairos-a8ef systemd[1]: Load Kernel Module configfs skipped, unmet condition check ConditionKernelModuleLoaded=!configfs
Sep 15 15:34:37.644855 kairos-a8ef systemd[1]: Load Kernel Module dm_multipath skipped, unmet condition check ConditionKernelModuleLoaded=!dm_multipath
Sep 15 15:34:37.644861 kairos-a8ef systemd[1]: Load Kernel Module drm skipped, unmet condition check ConditionKernelModuleLoaded=!drm
Sep 15 15:34:37.644867 kairos-a8ef systemd[1]: Load Kernel Module fuse skipped, unmet condition check ConditionKernelModuleLoaded=!fuse
Sep 15 15:34:37.644872 kairos-a8ef systemd[1]: Mounting FUSE Control File System...
Sep 15 15:34:37.644884 kairos-a8ef systemd[1]: Clear SysFail Entry If The Boot Is Successful skipped, unmet condition check ConditionPathExists=/sys/firmware/efi/efivars/LoaderEntrySysFail-4a67b082-0a4c-41cf-b6c7-440b29bb8c4f
Sep 15 15:34:37.644896 kairos-a8ef systemd[1]: Clear Stale Hibernate Storage Info skipped, unmet condition check ConditionPathExists=/sys/firmware/efi/efivars/HibernateLocation-8cf2644b-4b0b-428f-9387-6d876050dc67
Sep 15 15:34:37.644904 kairos-a8ef systemd[1]: Starting Journal Service...
Sep 15 15:34:37.644910 kairos-a8ef systemd[1]: Load Kernel Modules skipped, no trigger condition checks were met.
Sep 15 15:34:37.644916 kairos-a8ef systemd[1]: Starting Generate Network Units from Kernel Command Line...
Sep 15 15:34:37.644956 kairos-a8ef systemd[1]: TPM PCR Machine ID Measurement skipped, unmet condition check ConditionSecurity=measured-os
Sep 15 15:34:37.644965 kairos-a8ef systemd[1]: TPM PCR OS Separator skipped, unmet condition check ConditionSecurity=measured-os
Sep 15 15:34:37.644985 kairos-a8ef systemd-journald[1279]: Collecting audit messages is disabled.
Sep 15 15:34:37.645003 kairos-a8ef systemd[1]: Starting Remount Root and Kernel File Systems...
Sep 15 15:34:37.645011 kairos-a8ef systemd-journald[1279]: Journal started
Sep 15 15:34:37.645033 kairos-a8ef systemd-journald[1279]: Runtime Journal (/run/log/journal/a8ef17c239b3435a92093f0d6ac9ab7a) is 7.4M, max 59.3M, 51.8M free.
Sep 15 15:34:37.262488 kairos-a8ef systemd[1]: Queued start job for default target Multi-User System.
Sep 15 15:34:37.264405 kairos-a8ef systemd[1]: Unnecessary job was removed for /dev/vda1.
Sep 15 15:34:37.264418 kairos-a8ef systemd[1]: Unnecessary job was removed for /dev/vda2.
Sep 15 15:34:37.264897 kairos-a8ef systemd[1]: systemd-journald.service: Deactivated successfully.
Sep 15 15:34:37.265115 kairos-a8ef systemd[1]: systemd-journald.service: Consumed 5.182s CPU time over 14.339s wall clock time, 8.9M memory peak.
Sep 15 15:34:37.659557 kairos-a8ef systemd[1]: Starting Apply Kernel Variables...
Sep 15 15:34:37.659589 kairos-a8ef systemd[1]: Early TPM SRK Setup skipped, unmet condition check ConditionSecurity=measured-os
Sep 15 15:34:37.668168 kairos-a8ef systemd[1]: TPM PCR NvPCR Initialization Separator skipped, unmet condition check ConditionPathExists=/etc/initrd-release
Sep 15 15:34:37.673386 kairos-a8ef systemd[1]: Reached target Local Encrypted Volumes.
Sep 15 15:34:37.684627 kairos-a8ef systemd[1]: TPM NvPCR Product ID Measurement skipped, unmet condition check ConditionSecurity=measured-os
Sep 15 15:34:37.699600 kairos-a8ef systemd[1]: Starting Load udev Rules from Credentials...
Sep 15 15:34:37.706624 kairos-a8ef systemd[1]: Starting Coldplug All udev Devices...
Sep 15 15:34:37.713788 kairos-a8ef systemd[1]: Started Journal Service.
Sep 15 15:34:37.714368 kairos-a8ef systemd[1]: Mounted Huge Pages File System.
Sep 15 15:34:37.717004 kairos-a8ef systemd[1]: Mounted POSIX Message Queue File System.
Sep 15 15:34:37.719981 kairos-a8ef systemd[1]: Mounted Kernel Debug File System.
Sep 15 15:34:37.722671 kairos-a8ef systemd[1]: Mounted Kernel Trace File System.
Sep 15 15:34:37.725400 kairos-a8ef systemd[1]: Finished Create List of Static Device Nodes.
Sep 15 15:34:37.728331 kairos-a8ef systemd[1]: Mounted FUSE Control File System.
Sep 15 15:34:37.731227 kairos-a8ef systemd[1]: Finished Generate Network Units from Kernel Command Line.
Sep 15 15:34:37.735801 kairos-a8ef systemd[1]: Finished Remount Root and Kernel File Systems.
Sep 15 15:34:37.739102 kairos-a8ef systemd[1]: Finished Apply Kernel Variables.
Sep 15 15:34:37.743082 kairos-a8ef systemd[1]: Finished Load udev Rules from Credentials.
Sep 15 15:34:37.748855 kairos-a8ef systemd[1]: Reached target Preparation for Network.
Sep 15 15:34:37.751954 kairos-a8ef systemd[1]: Listening on Network Management Resolve Hook Socket.
Sep 15 15:34:37.760213 kairos-a8ef systemd[1]: Starting Device-Mapper Multipath Device Controller...
Sep 15 15:34:37.763816 kairos-a8ef systemd[1]: One time configuration for iscsi.service skipped, unmet condition check ConditionPathExists=!/etc/iscsi/initiatorname.iscsi
Sep 15 15:34:37.767341 kairos-a8ef systemd[1]: Starting Rebuild Hardware Database...
Sep 15 15:34:37.772542 kairos-a8ef systemd[1]: Starting Flush Journal to Persistent Storage...
Sep 15 15:34:37.775213 kairos-a8ef systemd[1]: Lock File Systems to TPM PCR Policy skipped, unmet condition check ConditionSecurity=measured-uki
Sep 15 15:34:37.775242 kairos-a8ef systemd[1]: Lock Machine ID to TPM PCR Policy skipped, unmet condition check ConditionSecurity=measured-uki
Sep 15 15:34:37.776244 kairos-a8ef systemd[1]: Starting Load/Save OS Random Seed...
Sep 15 15:34:37.780277 kairos-a8ef systemd[1]: Starting Create Static Device Nodes in /dev gracefully...
Sep 15 15:34:37.784378 kairos-a8ef systemd[1]: TPM SRK Setup skipped, unmet condition check ConditionSecurity=measured-os
Sep 15 15:34:37.784407 kairos-a8ef systemd[1]: Lock Firmware Code to TPM PCR Policy skipped, unmet condition check ConditionSecurity=measured-uki
Sep 15 15:34:37.784420 kairos-a8ef systemd[1]: Lock Firmware Configuration to TPM PCR Policy skipped, unmet condition check ConditionSecurity=measured-uki
Sep 15 15:34:37.784485 kairos-a8ef systemd[1]: Lock UEFI SecureBoot Authority to TPM PCR Policy skipped, unmet condition check ConditionSecurity=measured-uki
Sep 15 15:34:37.784548 kairos-a8ef systemd[1]: Lock UEFI SecureBoot Policy to TPM PCR Policy skipped, unmet condition check ConditionSecurity=measured-uki
Sep 15 15:34:37.784985 kairos-a8ef systemd[1]: Finished Coldplug All udev Devices.
Sep 15 15:34:37.802348 kairos-a8ef systemd-journald[1279]: Time spent on flushing to /var/log/journal/a8ef17c239b3435a92093f0d6ac9ab7a is 34.819ms for 3185 entries.
Sep 15 15:34:37.802348 kairos-a8ef systemd-journald[1279]: System Journal (/var/log/journal/a8ef17c239b3435a92093f0d6ac9ab7a) is 8M, max 388.6M, 380.6M free.
Sep 15 15:34:37.861750 kairos-a8ef systemd-journald[1279]: Received client request to flush runtime journal.
Sep 15 15:34:37.861809 kairos-a8ef multipathd[1296]: multipathd v0.14.3: start up
Sep 15 15:34:37.861809 kairos-a8ef multipathd[1296]: A dynamic linking error occurred: (Symbol not found: __epoll_pwait2_time64)
Sep 15 15:34:37.861809 kairos-a8ef multipathd[1296]: Could not set SCHED_RR at priority 10
Sep 15 15:34:37.861809 kairos-a8ef multipathd[1296]: reconfigure: setting up paths and maps
Sep 15 15:34:37.861809 kairos-a8ef multipathd[1296]: _check_bindings_file: failed to read header from /etc/multipath/bindings
Sep 15 15:34:37.861809 kairos-a8ef multipathd[1296]: updated bindings file /etc/multipath/bindings
Sep 15 15:34:37.808368 kairos-a8ef systemd[1]: Finished Load/Save OS Random Seed.
Sep 15 15:34:37.811299 kairos-a8ef systemd[1]: First Boot Complete skipped, unmet condition check ConditionFirstBoot=yes
Sep 15 15:34:37.824419 kairos-a8ef systemd[1]: Finished Create Static Device Nodes in /dev gracefully.
Sep 15 15:34:37.835643 kairos-a8ef systemd[1]: Starting Create System Users...
Sep 15 15:34:37.850278 kairos-a8ef systemd[1]: Started Device-Mapper Multipath Device Controller.
Sep 15 15:34:37.862680 kairos-a8ef systemd[1]: Finished Flush Journal to Persistent Storage.
Sep 15 15:34:37.871552 kairos-a8ef systemd[1]: Finished Create System Users.
Sep 15 15:34:37.878317 kairos-a8ef systemd[1]: Starting Journal Log Access Socket...
Sep 15 15:34:37.885082 kairos-a8ef systemd[1]: Starting Userspace Out-Of-Memory (OOM) Killer...
Sep 15 15:34:37.896576 kairos-a8ef systemd[1]: Starting Network Name Resolution...
Sep 15 15:34:37.905645 kairos-a8ef systemd[1]: Starting Network Time Synchronization...
Sep 15 15:34:37.913701 kairos-a8ef systemd[1]: Starting Create Static Device Nodes in /dev...
Sep 15 15:34:37.918425 kairos-a8ef systemd[1]: Listening on Journal Log Access Socket.
Sep 15 15:34:37.924074 kairos-a8ef systemd[1]: Finished Create Static Device Nodes in /dev.
Sep 15 15:34:37.929257 kairos-a8ef systemd[1]: proc-sys-fs-binfmt_misc.automount: Got automount request for /proc/sys/fs/binfmt_misc, triggered by 1317 ((systemd-oomd))
Sep 15 15:34:37.929749 kairos-a8ef systemd[1]: Reached target Preparation for Local File Systems.
Sep 15 15:34:38.232070 kairos-a8ef systemd[1]: Finished Rebuild Hardware Database.
Sep 15 15:34:38.238719 kairos-a8ef systemd[1]: Starting Rule-based Manager for Device Events and Files...
Sep 15 15:34:38.260649 kairos-a8ef systemd-udevd[1326]: Using default interface naming scheme 'v261'.
Sep 15 15:34:38.271615 kairos-a8ef systemd[1]: Mounting Arbitrary Executable File Formats File System...
Sep 15 15:34:38.275688 kairos-a8ef systemd[1]: Mounting /tmp...
Sep 15 15:34:38.277429 kairos-a8ef systemd[1]: Virtual Machine and Container Storage (Compatibility) skipped, unmet condition check ConditionPathExists=/var/lib/machines.raw
Sep 15 15:34:38.277486 kairos-a8ef systemd[1]: Reached target Virtual Machines and Containers.
Sep 15 15:34:38.282183 kairos-a8ef systemd[1]: Mounted /tmp.
Sep 15 15:34:38.285326 kairos-a8ef systemd[1]: Reached target Local File Systems.
Sep 15 15:34:38.297240 kairos-a8ef systemd[1]: Listening on Boot Loader Control Service Socket.
Sep 15 15:34:38.300676 kairos-a8ef systemd[1]: Listening on System Extension Image Management.
Sep 15 15:34:38.306673 kairos-a8ef systemd[1]: Starting cOS system after FS setup...
Sep 15 15:34:38.308881 kairos-a8ef systemd[1]: Update Boot Loader Random Seed skipped, no trigger condition checks were met.
Sep 15 15:34:38.314775 kairos-a8ef systemd[1]: Starting Automatic Boot Loader Update...
Sep 15 15:34:38.317810 kairos-a8ef systemd[1]: Merge System Configuration Images into /etc/ skipped, no trigger condition checks were met.
Sep 15 15:34:38.317935 kairos-a8ef systemd[1]: Save Transient machine-id to Disk skipped, unmet condition check ConditionPathIsMountPoint=/etc/machine-id
Sep 15 15:34:38.318139 kairos-a8ef systemd[1]: Merge System Extension Images into /usr/ and /opt/ skipped, no trigger condition checks were met.
Sep 15 15:34:38.319454 kairos-a8ef systemd[1]: Starting Create System Files and Directories...
Sep 15 15:34:38.323647 kairos-a8ef bootctl[1332]: Couldn't find EFI system partition, skipping.
Sep 15 15:34:38.324686 kairos-a8ef systemd[1]: Mounted Arbitrary Executable File Formats File System.
Sep 15 15:34:38.329980 kairos-a8ef systemd[1]: Finished Automatic Boot Loader Update.
Sep 15 15:34:38.334308 kairos-a8ef systemd[1]: Set Up Additional Binary Formats skipped, no trigger condition checks were met.
Sep 15 15:34:38.369346 kairos-a8ef kairos-agent[1331]: Kairos Agent
Sep 15 15:34:38.369807 kairos-a8ef kairos-agent[1331]: 2026-09-15T15:34:38Z INF Kairos Agent version=v4.3.0-rc3-5-g3b0005495
Sep 15 15:34:38.375666 kairos-a8ef systemd[1]: Finished Create System Files and Directories.
Sep 15 15:34:38.381836 kairos-a8ef systemd-udevd[1326]: 
[0;1;31m
[0;1;39m
[0;1;31m/usr/lib/udev/rules.d/tpm-udev.rules:3 Failed to resolve user 'tss', ignoring: Unknown user
Sep 15 15:34:38.386596 kairos-a8ef systemd[1]: Starting Rebuild Journal Catalog...
Sep 15 15:34:38.389807 kairos-a8ef systemd-udevd[1326]: 
[0;1;31m
[0;1;39m
[0;1;31m/usr/lib/udev/rules.d/tpm-udev.rules:4 Failed to resolve group 'tss', ignoring: Unknown group
Sep 15 15:34:38.390079 kairos-a8ef systemd[1]: Started Rule-based Manager for Device Events and Files.
Sep 15 15:34:38.396770 kairos-a8ef systemd[1]: Starting Network Management...
Sep 15 15:34:38.423673 kairos-a8ef systemd[1]: Load Kernel Module configfs skipped, unmet condition check ConditionKernelModuleLoaded=!configfs
Sep 15 15:34:38.426343 kairos-a8ef systemd[1]: Load Kernel Module fuse skipped, unmet condition check ConditionKernelModuleLoaded=!fuse
Sep 15 15:34:38.448628 kairos-a8ef kairos-agent[1331]: Boot Mode
Sep 15 15:34:38.450076 kairos-a8ef kairos-agent[1331]: 2026-09-15T15:34:38Z INF Boot Mode boot_mode=active_boot
Sep 15 15:34:38.450076 kairos-a8ef kairos-agent[1331]: 2026-09-15T15:34:38Z INF Boot in uki mode result=false
Sep 15 15:34:38.450076 kairos-a8ef kairos-agent[1331]: 2026-09-15T15:34:38Z INF Running stage: fs.before
Sep 15 15:34:38.450076 kairos-a8ef kairos-agent[1331]: 
Sep 15 15:34:38.448708 kairos-a8ef kairos-agent[1331]: Boot in uki mode
Sep 15 15:34:38.449029 kairos-a8ef kairos-agent[1331]: Running stage: fs.before
Sep 15 15:34:38.483836 kairos-a8ef systemd[1]: Condition check resulted in /dev/ttyS0 being skipped.
Sep 15 15:34:38.489063 kairos-a8ef kairos-agent[1331]: Done executing stage 'fs.before'
Sep 15 15:34:38.502991 kairos-a8ef systemd[1]: Finished Rebuild Journal Catalog.
Sep 15 15:34:38.507085 kairos-a8ef kairos-agent[1331]: 2026-09-15T15:34:38Z INF Done executing stage 'fs.before'
Sep 15 15:34:38.507085 kairos-a8ef kairos-agent[1331]: 
Sep 15 15:34:38.507085 kairos-a8ef kairos-agent[1331]: 2026-09-15T15:34:38Z INF Running stage: fs
Sep 15 15:34:38.507085 kairos-a8ef kairos-agent[1331]: 
Sep 15 15:34:38.506277 kairos-a8ef kairos-agent[1331]: Running stage: fs
Sep 15 15:34:38.509643 kairos-a8ef systemd[1]: Starting Update is Completed...
Sep 15 15:34:38.515211 kairos-a8ef systemd-resolved[1318]: Positive Trust Anchors:
Sep 15 15:34:38.516993 kairos-a8ef systemd-resolved[1318]: . IN DS 20326 8 2 e06d44b80b8f1d39a95c0b0d7c65d08458e880409bbc683457104237c7f8ec8d
Sep 15 15:34:38.517050 kairos-a8ef systemd-resolved[1318]: . IN DS 38696 8 2 683d2d0acb8c9b712a1948b27f741219298d0a450d612c483af444a4c0fb2b16
Sep 15 15:34:38.517112 kairos-a8ef systemd-resolved[1318]: Negative trust anchors: home.arpa 10.in-addr.arpa 16.172.in-addr.arpa 17.172.in-addr.arpa 18.172.in-addr.arpa 19.172.in-addr.arpa 20.172.in-addr.arpa 21.172.in-addr.arpa 22.172.in-addr.arpa 23.172.in-addr.arpa 24.172.in-addr.arpa 25.172.in-addr.arpa 26.172.in-addr.arpa 27.172.in-addr.arpa 28.172.in-addr.arpa 29.172.in-addr.arpa 30.172.in-addr.arpa 31.172.in-addr.arpa 170.0.0.192.in-addr.arpa 171.0.0.192.in-addr.arpa 168.192.in-addr.arpa d.f.ip6.arpa ipv4only.arpa resolver.arpa corp home internal intranet lan local private test
Sep 15 15:34:38.517869 kairos-a8ef kairos-agent[1331]: Processing stage step 'Rootfs Layout Settings.Save /etc/machine-id for systemd systems'. ( commands: 1, files: 0, ... )
Sep 15 15:34:38.521219 kairos-a8ef kairos-agent[1331]: 2026-09-15T15:34:38Z INF Processing stage step 'Rootfs Layout Settings.Save /etc/machine-id for systemd systems'. ( commands: 1, files: 0, ... )
Sep 15 15:34:38.531457 kairos-a8ef systemd-oomd[1317]: 
[0;1;33m
[0;1;38:5:185m
[0;1;39m
[0;1;33m
[0;1;38:5:185mNo swap; memory pressure usage will be degraded
Sep 15 15:34:38.565240 kairos-a8ef systemd[1]: Started Userspace Out-Of-Memory (OOM) Killer.
Sep 15 15:34:38.613053 kairos-a8ef systemd[1]: Finished Update is Completed.
Sep 15 15:34:38.619791 kairos-a8ef systemd[1]: Started Network Time Synchronization.
Sep 15 15:34:38.626385 kairos-a8ef systemd[1]: Reached target System Time Set.
Sep 15 15:34:38.639995 kairos-a8ef kairos-agent[1331]: Running layout plugin
Sep 15 15:34:38.640866 kairos-a8ef kairos-agent[1331]: 2026-09-15T15:34:38Z INF Running layout plugin
Sep 15 15:34:38.646038 kairos-a8ef kairos-agent[1331]: 
[0;1;33m
[0;1;38:5:185m
[0;1;39m
[0;1;33m
[0;1;38:5:185m(conditional) Skip 'Skipping stage (if statement error: failed to run [ ! -f "/run/cos/recovery_mode" ] && [ ! -s /var/lib/dbus/machine-id ]: exit status 1)' stage name: Rootfs Layout Settings.Save /etc/machine-id for openrc systems
Sep 15 15:34:38.646435 kairos-a8ef kairos-agent[1331]: 2026-09-15T15:34:38Z WRN (conditional) Skip 'Skipping stage (if statement error: failed to run [ ! -f "/run/cos/recovery_mode" ] && [ ! -s /var/lib/dbus/machine-id ]: exit status 1)' stage name: Rootfs Layout Settings.Save /etc/machine-id for openrc systems
Sep 15 15:34:38.646818 kairos-a8ef kairos-agent[1331]: Done executing stage 'fs'
Sep 15 15:34:38.647138 kairos-a8ef kairos-agent[1331]: 2026-09-15T15:34:38Z INF Done executing stage 'fs'
Sep 15 15:34:38.647138 kairos-a8ef kairos-agent[1331]: 
Sep 15 15:34:38.647138 kairos-a8ef kairos-agent[1331]: 2026-09-15T15:34:38Z INF Running stage: fs.after
Sep 15 15:34:38.647138 kairos-a8ef kairos-agent[1331]: 
Sep 15 15:34:38.646982 kairos-a8ef kairos-agent[1331]: Running stage: fs.after
Sep 15 15:34:38.648155 kairos-a8ef systemd-resolved[1318]: Using system hostname 'kairos-a8ef'.
Sep 15 15:34:38.650703 kairos-a8ef kernel: piix4_smbus 0000:00:01.3: SMBus Host Controller at 0x700, revision 0
Sep 15 15:34:38.651723 kairos-a8ef kernel: i2c i2c-0: Memory type 0x07 not supported yet, not instantiating SPD
Sep 15 15:34:38.670873 kairos-a8ef nfsrahead[1380]: skipping non-NFS device 11:2
Sep 15 15:34:38.671021 kairos-a8ef nfsrahead[1379]: skipping non-NFS device 11:0
Sep 15 15:34:38.677120 kairos-a8ef systemd[1]: Condition check resulted in /sys/devices/virtual/misc/rfkill being skipped.
Sep 15 15:34:38.677348 kairos-a8ef systemd[1]: Listening on Load/Save RF Kill Switch Status /dev/rfkill Watch.
Sep 15 15:34:38.682868 kairos-a8ef kairos-agent[1331]: 2026-09-15T15:34:38Z INF Processing stage step 'sysext and confext configuration.Default sysext/confext extensions dirs'. ( commands: 0, files: 0, ... )
Sep 15 15:34:38.682703 kairos-a8ef kairos-agent[1331]: Processing stage step 'sysext and confext configuration.Default sysext/confext extensions dirs'. ( commands: 0, files: 0, ... )
Sep 15 15:34:38.683785 kairos-a8ef nfsrahead[1384]: skipping non-NFS device 2:0
Sep 15 15:34:38.684253 kairos-a8ef nfsrahead[1383]: skipping non-NFS device 7:0
Sep 15 15:34:38.687079 kairos-a8ef kairos-agent[1331]: 
[0;1;33m
[0;1;38:5:185m
[0;1;39m
[0;1;33m
[0;1;38:5:185m(conditional) Skip 'Skipping stage (if statement error: failed to run [ -d "/usr/local/.c3os" ]: exit status 1)' stage name: c3os sentinel migration.Rename sentinel dir
Sep 15 15:34:38.687279 kairos-a8ef kairos-agent[1331]: 2026-09-15T15:34:38Z WRN (conditional) Skip 'Skipping stage (if statement error: failed to run [ -d "/usr/local/.c3os" ]: exit status 1)' stage name: c3os sentinel migration.Rename sentinel dir
Sep 15 15:34:38.687777 kairos-a8ef nfsrahead[1382]: skipping non-NFS device 253:0
Sep 15 15:34:38.687936 kairos-a8ef nfsrahead[1381]: skipping non-NFS device 11:1
Sep 15 15:34:38.688389 kairos-a8ef kairos-agent[1331]: 
[0;1;33m
[0;1;38:5:185m
[0;1;39m
[0;1;33m
[0;1;38:5:185m(conditional) Skip 'Skipping stage (if statement error: failed to run [ ! -d /usr/local/cloud-config ]: exit status 1)' stage name: Rootfs Layout Settings.Ensure /usr/local/cloud-config exists
Sep 15 15:34:38.688871 kairos-a8ef kairos-agent[1331]: 2026-09-15T15:34:38Z WRN (conditional) Skip 'Skipping stage (if statement error: failed to run [ ! -d /usr/local/cloud-config ]: exit status 1)' stage name: Rootfs Layout Settings.Ensure /usr/local/cloud-config exists
Sep 15 15:34:38.713022 kairos-a8ef kairos-agent[1331]: Running layout plugin
Sep 15 15:34:38.715186 kairos-a8ef kairos-agent[1331]: 2026-09-15T15:34:38Z INF Running layout plugin
Sep 15 15:34:38.713683 kairos-a8ef kairos-agent[1331]: Done executing stage 'fs.after'
Sep 15 15:34:38.717117 kairos-a8ef systemd[1]: Started Network Name Resolution.
Sep 15 15:34:38.719673 kairos-a8ef kairos-agent[1331]: 2026-09-15T15:34:38Z INF Done executing stage 'fs.after'
Sep 15 15:34:38.719673 kairos-a8ef kairos-agent[1331]: 
Sep 15 15:34:38.719673 kairos-a8ef kairos-agent[1331]: 2026-09-15T15:34:38Z INF Running stage: fs.before
Sep 15 15:34:38.719673 kairos-a8ef kairos-agent[1331]: 
Sep 15 15:34:38.719673 kairos-a8ef kairos-agent[1331]: 2026-09-15T15:34:38Z INF Done executing stage 'fs.before'
Sep 15 15:34:38.719673 kairos-a8ef kairos-agent[1331]: 
Sep 15 15:34:38.719673 kairos-a8ef kairos-agent[1331]: 2026-09-15T15:34:38Z INF Running stage: fs
Sep 15 15:34:38.719673 kairos-a8ef kairos-agent[1331]: 
Sep 15 15:34:38.719673 kairos-a8ef kairos-agent[1331]: 2026-09-15T15:34:38Z INF Done executing stage 'fs'
Sep 15 15:34:38.719673 kairos-a8ef kairos-agent[1331]: 
Sep 15 15:34:38.719673 kairos-a8ef kairos-agent[1331]: 2026-09-15T15:34:38Z INF Running stage: fs.after
Sep 15 15:34:38.719673 kairos-a8ef kairos-agent[1331]: 
Sep 15 15:34:38.719673 kairos-a8ef kairos-agent[1331]: 2026-09-15T15:34:38Z INF Done executing stage 'fs.after'
Sep 15 15:34:38.719673 kairos-a8ef kairos-agent[1331]: 
Sep 15 15:34:38.717597 kairos-a8ef kairos-agent[1331]: Running stage: fs.before
Sep 15 15:34:38.717802 kairos-a8ef kairos-agent[1331]: Done executing stage 'fs.before'
Sep 15 15:34:38.717855 kairos-a8ef kairos-agent[1331]: Running stage: fs
Sep 15 15:34:38.718005 kairos-a8ef kairos-agent[1331]: Done executing stage 'fs'
Sep 15 15:34:38.718035 kairos-a8ef kairos-agent[1331]: Running stage: fs.after
Sep 15 15:34:38.718111 kairos-a8ef kairos-agent[1331]: Done executing stage 'fs.after'
Sep 15 15:34:38.721585 kairos-a8ef systemd-networkd[1345]: 
[0;1;33m
[0;1;38:5:185m
[0;1;39m
[0;1;33m
[0;1;38:5:185mFailed to chase and open directory '/usr/local/lib/systemd/network', ignoring: Permission denied
Sep 15 15:34:38.727456 kairos-a8ef systemd[1]: Finished cOS system after FS setup.
Sep 15 15:34:38.730611 kairos-a8ef systemd-networkd[1345]: 
[0;1;33m
[0;1;38:5:185m
[0;1;39m
[0;1;33m
[0;1;38:5:185mFailed to chase and open directory '/usr/local/lib/systemd/network/20-dhcp-legacy.network.d', ignoring: Permission denied
Sep 15 15:34:38.730786 kairos-a8ef systemd-networkd[1345]: 
[0;1;33m
[0;1;38:5:185m
[0;1;39m
[0;1;33m
[0;1;38:5:185mFailed to chase and open directory '/usr/local/lib/systemd/network/20-dhcp.network.d', ignoring: Permission denied
Sep 15 15:34:38.730907 kairos-a8ef systemd-networkd[1345]: 
[0;1;33m
[0;1;38:5:185m
[0;1;39m
[0;1;33m
[0;1;38:5:185mFailed to chase and open directory '/usr/local/lib/systemd/network/80-6rd-tunnel.network.d', ignoring: Permission denied
Sep 15 15:34:38.737408 kairos-a8ef systemd[1]: Reached target Host and Network Name Lookups.
Sep 15 15:34:38.742018 kairos-a8ef systemd-networkd[1345]: 
[0;1;33m
[0;1;38:5:185m
[0;1;39m
[0;1;33m
[0;1;38:5:185mFailed to chase and open directory '/usr/local/lib/systemd/network/80-container-host0-tun.network.d', ignoring: Permission denied
Sep 15 15:34:38.742765 kairos-a8ef systemd-networkd[1345]: 
[0;1;33m
[0;1;38:5:185m
[0;1;39m
[0;1;33m
[0;1;38:5:185mFailed to chase and open directory '/usr/local/lib/systemd/network/80-container-host0.network.d', ignoring: Permission denied
Sep 15 15:34:38.744726 kairos-a8ef systemd-networkd[1345]: 
[0;1;33m
[0;1;38:5:185m
[0;1;39m
[0;1;33m
[0;1;38:5:185mFailed to chase and open directory '/usr/local/lib/systemd/network/80-container-vb.network.d', ignoring: Permission denied
Sep 15 15:34:38.746372 kairos-a8ef kernel: input: PC Speaker as /devices/platform/pcspkr/input/input5
Sep 15 15:34:38.746400 kairos-a8ef kernel: parport_pc 00:03: reported by Plug and Play ACPI
Sep 15 15:34:38.746616 kairos-a8ef kernel: parport0: PC-style at 0x378, irq 7 [PCSPP,TRISTATE]
Sep 15 15:34:38.749761 kairos-a8ef systemd[1]: Starting Virtual Console Setup...
Sep 15 15:34:38.774132 kairos-a8ef systemd-networkd[1345]: 
[0;1;33m
[0;1;38:5:185m
[0;1;39m
[0;1;33m
[0;1;38:5:185mFailed to chase and open directory '/usr/local/lib/systemd/network/80-container-ve.network.d', ignoring: Permission denied
Sep 15 15:34:38.776963 kairos-a8ef systemd-networkd[1345]: 
[0;1;33m
[0;1;38:5:185m
[0;1;39m
[0;1;33m
[0;1;38:5:185mFailed to chase and open directory '/usr/local/lib/systemd/network/80-container-vz.network.d', ignoring: Permission denied
Sep 15 15:34:38.778111 kairos-a8ef systemd-networkd[1345]: 
[0;1;33m
[0;1;38:5:185m
[0;1;39m
[0;1;33m
[0;1;38:5:185mFailed to chase and open directory '/usr/local/lib/systemd/network/80-namespace-ns-tun.network.d', ignoring: Permission denied
Sep 15 15:34:38.778468 kairos-a8ef systemd-networkd[1345]: 
[0;1;33m
[0;1;38:5:185m
[0;1;39m
[0;1;33m
[0;1;38:5:185mFailed to chase and open directory '/usr/local/lib/systemd/network/80-namespace-ns.network.d', ignoring: Permission denied
Sep 15 15:34:38.778944 kairos-a8ef systemd-networkd[1345]: 
[0;1;33m
[0;1;38:5:185m
[0;1;39m
[0;1;33m
[0;1;38:5:185mFailed to chase and open directory '/usr/local/lib/systemd/network/80-vm-vt.network.d', ignoring: Permission denied
Sep 15 15:34:38.779337 kairos-a8ef systemd-networkd[1345]: 
[0;1;33m
[0;1;38:5:185m
[0;1;39m
[0;1;33m
[0;1;38:5:185mFailed to chase and open directory '/usr/local/lib/systemd/network/80-wifi-adhoc.network.d', ignoring: Permission denied
Sep 15 15:34:38.779974 kairos-a8ef systemd-networkd[1345]: 
[0;1;33m
[0;1;38:5:185m
[0;1;39m
[0;1;33m
[0;1;38:5:185mFailed to chase and open directory '/usr/local/lib/systemd/network/zzzz-dracut-default.network.d', ignoring: Permission denied
Sep 15 15:34:38.780705 kairos-a8ef systemd-networkd[1345]: lo: Link UP
Sep 15 15:34:38.781632 kairos-a8ef systemd-networkd[1345]: lo: Gained carrier
Sep 15 15:34:38.781675 kairos-a8ef systemd-networkd[1345]: ens3: Link UP
Sep 15 15:34:38.781678 kairos-a8ef systemd-networkd[1345]: ens3: Gained carrier
Sep 15 15:34:38.781864 kairos-a8ef systemd-networkd[1345]: ens3: Gained IPv6LL
Sep 15 15:34:38.784816 kairos-a8ef systemd-networkd[1345]: ens3: Configuring with /etc/systemd/network/20-dhcp.network.
Sep 15 15:34:38.785018 kairos-a8ef systemd[1]: Started Network Management.
Sep 15 15:34:38.792180 kairos-a8ef systemd[1]: Reached target Network.
Sep 15 15:34:38.810657 kairos-a8ef systemd[1]: Starting Enable Persistent Storage in systemd-networkd...
Sep 15 15:34:38.834393 kairos-a8ef systemd[1]: Starting Wait for Network to be Online...
Sep 15 15:34:38.899474 kairos-a8ef systemd[1]: Finished Enable Persistent Storage in systemd-networkd.
Sep 15 15:34:38.924396 kairos-a8ef systemd-vconsole-setup[1398]: 
[0;1;39m
[0;1;31m
[0;1;39mConfiguration of first virtual console was skipped, ignoring remaining ones.
Sep 15 15:34:38.936869 kairos-a8ef systemd[1]: Finished Virtual Console Setup.
Sep 15 15:34:38.938445 kairos-a8ef kernel: kvm_amd: TSC scaling supported
Sep 15 15:34:38.938461 kairos-a8ef kernel: kvm_amd: Nested Virtualization enabled
Sep 15 15:34:38.944683 kairos-a8ef kernel: kvm_amd: Nested Paging enabled
Sep 15 15:34:38.944846 kairos-a8ef kernel: kvm_amd: LBR virtualization supported
Sep 15 15:34:38.945011 kairos-a8ef kernel: kvm_amd: Virtual VMLOAD VMSAVE supported
Sep 15 15:34:38.945129 kairos-a8ef kernel: kvm_amd: Virtual GIF supported
Sep 15 15:34:38.945218 kairos-a8ef kernel: kvm_amd: Virtual NMI enabled
Sep 15 15:34:38.980611 kairos-a8ef kernel: ppdev: user-space parallel port driver
Sep 15 15:34:38.993032 kairos-a8ef kernel: 
[0;1;31m
[0;1;39m
[0;1;31mError: Driver 'pcspkr' is already registered, aborting...
Sep 15 15:34:39.267414 kairos-a8ef systemd[1]: Reached target System Initialization.
Sep 15 15:34:39.270379 kairos-a8ef systemd[1]: Started cOS setup reconciler.
Sep 15 15:34:39.272846 kairos-a8ef systemd[1]: Started Daily Cleanup of Temporary Directories.
Sep 15 15:34:39.275779 kairos-a8ef systemd[1]: Reached target Timer Units.
Sep 15 15:34:39.278271 kairos-a8ef systemd[1]: Listening on D-Bus System Message Bus Socket.
Sep 15 15:34:39.281691 kairos-a8ef systemd[1]: Listening on Open-iSCSI iscsid Socket.
Sep 15 15:34:39.284347 kairos-a8ef systemd[1]: Listening on Open-iSCSI iscsiuio Socket.
Sep 15 15:34:39.288356 kairos-a8ef systemd[1]: Listening on OpenSSH Server Socket (systemd-ssh-generator, AF_UNIX Local).
Sep 15 15:34:39.292361 kairos-a8ef systemd[1]: Listening on User Login Management Varlink Socket.
Sep 15 15:34:39.295592 kairos-a8ef systemd[1]: Listening on Virtual Machine and Container Registration Service Socket.
Sep 15 15:34:39.299198 kairos-a8ef systemd[1]: Reached target Socket Units.
Sep 15 15:34:39.304687 kairos-a8ef systemd[1]: Starting iSCSI UserSpace I/O driver...
Sep 15 15:34:39.306850 kairos-a8ef systemd[1]: TPM PCR Barrier (Initialization) skipped, unmet condition check ConditionSecurity=measured-os
Sep 15 15:34:39.307041 kairos-a8ef systemd[1]: Reached target Basic System.
Sep 15 15:34:39.311166 kairos-a8ef systemd[1]: Starting cOS system configuration...
Sep 15 15:34:39.315630 kairos-a8ef systemd[1]: Starting D-Bus System Message Bus...
Sep 15 15:34:39.321178 kairos-a8ef systemd[1]: Starting Restore /run/initramfs on shutdown...
Sep 15 15:34:39.325380 kairos-a8ef systemd[1]: Starting SSH Key Generation...
Sep 15 15:34:39.327950 kairos-a8ef iscsiuio[1405]: INFO Started iSCSI uio stack: Ver 0.7.8.8
Sep 15 15:34:39.331687 kairos-a8ef systemd[1]: Starting User Login Management...
Sep 15 15:34:39.334242 kairos-a8ef systemd[1]: Started iSCSI UserSpace I/O driver.
Sep 15 15:34:39.334797 kairos-a8ef ssh-keygen[1412]: ssh-keygen: generating new host keys: ECDSA
Sep 15 15:34:39.339085 kairos-a8ef systemd[1]: sshkeygen.service: Deactivated successfully.
Sep 15 15:34:39.339332 kairos-a8ef systemd[1]: Finished SSH Key Generation.
Sep 15 15:34:39.352135 kairos-a8ef systemd[1]: Starting OpenSSH Daemon...
Sep 15 15:34:39.354248 kairos-a8ef systemd[1]: Finished Restore /run/initramfs on shutdown.
Sep 15 15:34:39.359160 kairos-a8ef kairos-agent[1406]: Kairos Agent
Sep 15 15:34:39.360454 kairos-a8ef kairos-agent[1406]: 2026-09-15T15:34:39Z INF Kairos Agent version=v4.3.0-rc3-5-g3b0005495
Sep 15 15:34:39.367538 kairos-a8ef kairos-agent[1406]: Boot Mode
Sep 15 15:34:39.367691 kairos-a8ef kairos-agent[1406]: 2026-09-15T15:34:39Z INF Boot Mode boot_mode=active_boot
Sep 15 15:34:39.367786 kairos-a8ef kairos-agent[1406]: Boot in uki mode
Sep 15 15:34:39.367920 kairos-a8ef kairos-agent[1406]: 2026-09-15T15:34:39Z INF Boot in uki mode result=false
Sep 15 15:34:39.368142 kairos-a8ef kairos-agent[1406]: Running stage: boot.before
Sep 15 15:34:39.368232 kairos-a8ef kairos-agent[1406]: 2026-09-15T15:34:39Z INF Running stage: boot.before
Sep 15 15:34:39.368232 kairos-a8ef kairos-agent[1406]: 
Sep 15 15:34:39.372361 kairos-a8ef dbus-daemon[1407]: 
[0;1;33m
[0;1;38:5:185m
[0;1;39m
[0;1;33m
[0;1;38:5:185mFailed to drop supplementary groups: Operation not permitted
Sep 15 15:34:39.372597 kairos-a8ef systemd[1]: Started D-Bus System Message Bus.
Sep 15 15:34:39.383426 kairos-a8ef kairos-agent[1406]: 
[0;1;33m
[0;1;38:5:185m
[0;1;39m
[0;1;33m
[0;1;38:5:185m(conditional) Skip 'Skipping stage (if statement error: failed to run cat /proc/cmdline | grep -q "active.img" && grep -vq "rd.immucore.uki" /proc/cmdline
                                                       
[0;1;33m
[0;1;38:5:185m: exit status 1)' stage name: Boot assessment and branding.Remove GRUB sentinels
Sep 15 15:34:39.384104 kairos-a8ef kairos-agent[1406]: 2026-09-15T15:34:39Z WRN (conditional) Skip 'Skipping stage (if statement error: failed to run cat /proc/cmdline | grep -q "active.img" && grep -vq "rd.immucore.uki" /proc/cmdline
Sep 15 15:34:39.384104 kairos-a8ef kairos-agent[1406]: : exit status 1)' stage name: Boot assessment and branding.Remove GRUB sentinels
Sep 15 15:34:39.384104 kairos-a8ef kairos-agent[1406]: 2026-09-15T15:34:39Z WRN (conditional) Skip 'service manager doesn't match openrc' stage name: /system/oem/30_ulimit.yaml.Setup higher limit for open files
Sep 15 15:34:39.383723 kairos-a8ef kairos-agent[1406]: 
[0;1;33m
[0;1;38:5:185m
[0;1;39m
[0;1;33m
[0;1;38:5:185m(conditional) Skip 'service manager doesn't match openrc' stage name: /system/oem/30_ulimit.yaml.Setup higher limit for open files
Sep 15 15:34:39.387646 kairos-a8ef sshd[1420]: Server listening on 0.0.0.0 port 22.
Sep 15 15:34:39.387819 kairos-a8ef systemd[1]: Started OpenSSH Daemon.
Sep 15 15:34:39.387681 kairos-a8ef sshd[1420]: Server listening on :: port 22.
Sep 15 15:34:39.392160 kairos-a8ef systemd[1]: Reached target SSH Access Available.
Sep 15 15:34:39.409766 kairos-a8ef kairos-agent[1406]: 
[0;1;33m
[0;1;38:5:185m
[0;1;39m
[0;1;33m
[0;1;38:5:185m(conditional) Skip 'Skipping stage (if statement error: failed to run [[ $(kairos-agent state get kairos.flavor) =~ ^alpine ]]: exit status 1)' stage name: Rootfs Layout Settings.Mount tmp on alpine
Sep 15 15:34:39.409938 kairos-a8ef kairos-agent[1406]: 2026-09-15T15:34:39Z WRN (conditional) Skip 'Skipping stage (if statement error: failed to run [[ $(kairos-agent state get kairos.flavor) =~ ^alpine ]]: exit status 1)' stage name: Rootfs Layout Settings.Mount tmp on alpine
Sep 15 15:34:39.412952 kairos-a8ef kairos-agent[1406]: 
[0;1;33m
[0;1;38:5:185m
[0;1;39m
[0;1;33m
[0;1;38:5:185m(conditional) Skip 'Skipping stage (if statement error: failed to run cat /proc/cmdline | grep -q "upgrade_failure" && grep -vq "rd.immucore.uki" /proc/cmdline
                                                       
[0;1;33m
[0;1;38:5:185m: exit status 1)' stage name: Boot assessment and branding.Create upgrade failure sentinel if necessary
Sep 15 15:34:39.413042 kairos-a8ef kairos-agent[1406]: 2026-09-15T15:34:39Z WRN (conditional) Skip 'Skipping stage (if statement error: failed to run cat /proc/cmdline | grep -q "upgrade_failure" && grep -vq "rd.immucore.uki" /proc/cmdline
Sep 15 15:34:39.413042 kairos-a8ef kairos-agent[1406]: : exit status 1)' stage name: Boot assessment and branding.Create upgrade failure sentinel if necessary
Sep 15 15:34:39.423752 kairos-a8ef systemd-logind[1415]: New seat seat0.
Sep 15 15:34:39.425382 kairos-a8ef systemd-logind[1415]: Watching system buttons on /dev/input/event0 (Power Button)
Sep 15 15:34:39.425398 kairos-a8ef systemd-logind[1415]: Watching system buttons on /dev/input/event1 (AT Translated Set 2 keyboard)
Sep 15 15:34:39.425698 kairos-a8ef systemd[1]: Started User Login Management.
Sep 15 15:34:39.442137 kairos-a8ef kairos-agent[1406]: 
[0;1;33m
[0;1;38:5:185m
[0;1;39m
[0;1;33m
[0;1;38:5:185m(conditional) Skip 'Skipping stage (if statement error: failed to run [[ $(kairos-agent state get kairos.flavor) =~ ^alpine ]]: exit status 1)' stage name: Rootfs Layout Settings.Mount BPF on Alpine systems
Sep 15 15:34:39.442349 kairos-a8ef kairos-agent[1406]: 2026-09-15T15:34:39Z WRN (conditional) Skip 'Skipping stage (if statement error: failed to run [[ $(kairos-agent state get kairos.flavor) =~ ^alpine ]]: exit status 1)' stage name: Rootfs Layout Settings.Mount BPF on Alpine systems
Sep 15 15:34:39.443138 kairos-a8ef kairos-agent[1406]: Done executing stage 'boot.before'
Sep 15 15:34:39.443263 kairos-a8ef kairos-agent[1406]: 2026-09-15T15:34:39Z INF Done executing stage 'boot.before'
Sep 15 15:34:39.443263 kairos-a8ef kairos-agent[1406]: 
Sep 15 15:34:39.443339 kairos-a8ef kairos-agent[1406]: Running stage: boot
Sep 15 15:34:39.443564 kairos-a8ef kairos-agent[1406]: 2026-09-15T15:34:39Z INF Running stage: boot
Sep 15 15:34:39.443564 kairos-a8ef kairos-agent[1406]: 
Sep 15 15:34:39.452402 kairos-a8ef kairos-agent[1406]: Processing stage step 'Start agent.0'. ( commands: 2, files: 1, ... )
Sep 15 15:34:39.452482 kairos-a8ef kairos-agent[1406]: 2026-09-15T15:34:39Z INF Processing stage step 'Start agent.0'. ( commands: 2, files: 1, ... )
Sep 15 15:34:39.452610 kairos-a8ef kairos-agent[1406]: 
[0;1;33m
[0;1;38:5:185m
[0;1;39m
[0;1;33m
[0;1;38:5:185m(conditional) Skip 'Skipping stage (if statement error: failed to run ([ -f /run/cos/live_mode ] || [ -f /run/cos/uki_install_mode ])
                                                       
[0;1;33m
[0;1;38:5:185m: exit status 1)' stage name: Start installer on tty1..0
Sep 15 15:34:39.452679 kairos-a8ef kairos-agent[1406]: 2026-09-15T15:34:39Z WRN (conditional) Skip 'Skipping stage (if statement error: failed to run ([ -f /run/cos/live_mode ] || [ -f /run/cos/uki_install_mode ])
Sep 15 15:34:39.452679 kairos-a8ef kairos-agent[1406]: : exit status 1)' stage name: Start installer on tty1..0
Sep 15 15:34:39.454151 kairos-a8ef kairos-agent[1406]: 
[0;1;33m
[0;1;38:5:185m
[0;1;39m
[0;1;33m
[0;1;38:5:185m(conditional) Skip 'service manager doesn't match openrc' stage name: Enable QEMU tools.Enable QEMU.0
Sep 15 15:34:39.454227 kairos-a8ef kairos-agent[1406]: 2026-09-15T15:34:39Z WRN (conditional) Skip 'service manager doesn't match openrc' stage name: Enable QEMU tools.Enable QEMU.0
Sep 15 15:34:39.454851 kairos-a8ef kairos-agent[1406]: 
[0;1;33m
[0;1;38:5:185m
[0;1;39m
[0;1;33m
[0;1;38:5:185m(conditional) Skip 'Skipping stage (if statement error: failed to run [ -f "/run/cos/recovery_mode" ]: exit status 1)' stage name: Start recovery on tty1.Recovery
Sep 15 15:34:39.454924 kairos-a8ef kairos-agent[1406]: 2026-09-15T15:34:39Z WRN (conditional) Skip 'Skipping stage (if statement error: failed to run [ -f "/run/cos/recovery_mode" ]: exit status 1)' stage name: Start recovery on tty1.Recovery
Sep 15 15:34:39.454949 kairos-a8ef kairos-agent[1406]: Processing stage step 'Default config.Default sysctl settings'. ( commands: 0, files: 0, ... )
Sep 15 15:34:39.454974 kairos-a8ef kairos-agent[1406]: 2026-09-15T15:34:39Z INF Processing stage step 'Default config.Default sysctl settings'. ( commands: 0, files: 0, ... )
Sep 15 15:34:39.455050 kairos-a8ef kairos-agent[1406]: Running layout plugin
Sep 15 15:34:39.455078 kairos-a8ef kairos-agent[1406]: 2026-09-15T15:34:39Z INF Running layout plugin
Sep 15 15:34:39.462086 kairos-a8ef systemd[1]: 
[0;1;39m
[0;1;31m
[0;1;39mReload requested from client PID 1457 ('systemctl') (unit cos-setup-boot.service)...
Sep 15 15:34:39.462127 kairos-a8ef systemd[1]: Reloading...
Sep 15 15:34:39.618136 kairos-a8ef systemd[1]: Reloading finished in 155 ms.
Sep 15 15:34:39.642765 kairos-a8ef kairos-agent[1406]: Running layout plugin
Sep 15 15:34:39.643677 kairos-a8ef kairos-agent[1406]: 2026-09-15T15:34:39Z INF Running layout plugin
Sep 15 15:34:39.647546 kairos-a8ef kairos-agent[1406]: 
[0;1;33m
[0;1;38:5:185m
[0;1;39m
[0;1;33m
[0;1;38:5:185m(conditional) Skip 'Skipping stage (if statement error: failed to run ([ -f /run/cos/live_mode ] || [ -f /run/cos/uki_install_mode ])
                                                       
[0;1;33m
[0;1;38:5:185m: exit status 1)' stage name: Start installer on tty1..1
Sep 15 15:34:39.648435 kairos-a8ef kairos-agent[1406]: 2026-09-15T15:34:39Z WRN (conditional) Skip 'Skipping stage (if statement error: failed to run ([ -f /run/cos/live_mode ] || [ -f /run/cos/uki_install_mode ])
Sep 15 15:34:39.648435 kairos-a8ef kairos-agent[1406]: : exit status 1)' stage name: Start installer on tty1..1
Sep 15 15:34:39.649914 kairos-a8ef kairos-agent[1406]: Processing stage step 'Enable QEMU tools.Enable QEMU.1'. ( commands: 1, files: 0, ... )
Sep 15 15:34:39.650083 kairos-a8ef kairos-agent[1406]: 2026-09-15T15:34:39Z INF Processing stage step 'Enable QEMU tools.Enable QEMU.1'. ( commands: 1, files: 0, ... )
Sep 15 15:34:39.653890 kairos-a8ef kairos-agent[1406]: 
[0;1;31m
[0;1;39m
[0;1;31mError on file /system/oem/26_vm.yaml on stage Enable QEMU: 1 error occurred:
                                                       
[0;1;31m        * failed to run systemctl start qemu-guest-agent: exit status 5
                                                       
[0;1;31mcommand output:
                                                       
[0;1;31mFailed to start qemu-guest-agent.service: Unit qemu-guest-agent.service not found.
                                                       
[0;1;31m
                                                       
[0;1;31m
Sep 15 15:34:39.654324 kairos-a8ef kairos-agent[1406]: 2026-09-15T15:34:39Z ERR Error on file /system/oem/26_vm.yaml on stage Enable QEMU: 1 error occurred:
Sep 15 15:34:39.654324 kairos-a8ef kairos-agent[1406]:         * failed to run systemctl start qemu-guest-agent: exit status 5
Sep 15 15:34:39.654324 kairos-a8ef kairos-agent[1406]: command output:
Sep 15 15:34:39.654324 kairos-a8ef kairos-agent[1406]: Failed to start qemu-guest-agent.service: Unit qemu-guest-agent.service not found.
Sep 15 15:34:39.654324 kairos-a8ef kairos-agent[1406]: 
Sep 15 15:34:39.654324 kairos-a8ef kairos-agent[1406]: 2026-09-15T15:34:39Z INF Running layout plugin
Sep 15 15:34:39.653940 kairos-a8ef kairos-agent[1406]: Running layout plugin
Sep 15 15:34:39.655201 kairos-a8ef kairos-agent[1406]: 
[0;1;33m
[0;1;38:5:185m
[0;1;39m
[0;1;33m
[0;1;38:5:185m(conditional) Skip 'Skipping stage (if statement error: failed to run grep -iE "Virtualbox" /sys/class/dmi/id/product_name
                                                       
[0;1;33m
[0;1;38:5:185m: exit status 1)' stage name: Enable QEMU tools.Enable VBOX.2
Sep 15 15:34:39.655364 kairos-a8ef kairos-agent[1406]: 2026-09-15T15:34:39Z WRN (conditional) Skip 'Skipping stage (if statement error: failed to run grep -iE "Virtualbox" /sys/class/dmi/id/product_name
Sep 15 15:34:39.655364 kairos-a8ef kairos-agent[1406]: : exit status 1)' stage name: Enable QEMU tools.Enable VBOX.2
Sep 15 15:34:39.656566 kairos-a8ef kairos-agent[1406]: 
[0;1;33m
[0;1;38:5:185m
[0;1;39m
[0;1;33m
[0;1;38:5:185m(conditional) Skip 'Skipping stage (if statement error: failed to run grep -iE "Virtualbox" /sys/class/dmi/id/product_name
                                                       
[0;1;33m
[0;1;38:5:185m: exit status 1)' stage name: Enable QEMU tools.Enable VBOX.3
Sep 15 15:34:39.656730 kairos-a8ef kairos-agent[1406]: 2026-09-15T15:34:39Z WRN (conditional) Skip 'Skipping stage (if statement error: failed to run grep -iE "Virtualbox" /sys/class/dmi/id/product_name
Sep 15 15:34:39.656730 kairos-a8ef kairos-agent[1406]: : exit status 1)' stage name: Enable QEMU tools.Enable VBOX.3
Sep 15 15:34:39.657753 kairos-a8ef kairos-agent[1406]: 
[0;1;33m
[0;1;38:5:185m
[0;1;39m
[0;1;33m
[0;1;38:5:185m(conditional) Skip 'Skipping stage (if statement error: failed to run grep -iE "VMware" /sys/class/dmi/id/product_name
                                                       
[0;1;33m
[0;1;38:5:185m: exit status 1)' stage name: Enable QEMU tools.Enable VMWARE.4
Sep 15 15:34:39.657910 kairos-a8ef kairos-agent[1406]: 2026-09-15T15:34:39Z WRN (conditional) Skip 'Skipping stage (if statement error: failed to run grep -iE "VMware" /sys/class/dmi/id/product_name
Sep 15 15:34:39.657910 kairos-a8ef kairos-agent[1406]: : exit status 1)' stage name: Enable QEMU tools.Enable VMWARE.4
Sep 15 15:34:39.661252 kairos-a8ef kairos-agent[1406]: 
[0;1;33m
[0;1;38:5:185m
[0;1;39m
[0;1;33m
[0;1;38:5:185m(conditional) Skip 'Skipping stage (if statement error: failed to run grep -iE "VMware" /sys/class/dmi/id/product_name
                                                       
[0;1;33m
[0;1;38:5:185m: exit status 1)' stage name: Enable QEMU tools.Enable VMWARE.5
Sep 15 15:34:39.661393 kairos-a8ef kairos-agent[1406]: 2026-09-15T15:34:39Z WRN (conditional) Skip 'Skipping stage (if statement error: failed to run grep -iE "VMware" /sys/class/dmi/id/product_name
Sep 15 15:34:39.661393 kairos-a8ef kairos-agent[1406]: : exit status 1)' stage name: Enable QEMU tools.Enable VMWARE.5
Sep 15 15:34:39.661768 kairos-a8ef kairos-agent[1406]: Processing stage step '/oem/95_userdata/userdata.yaml.0'. ( commands: 0, files: 0, ... )
Sep 15 15:34:39.661948 kairos-a8ef kairos-agent[1406]: 2026-09-15T15:34:39Z INF Processing stage step '/oem/95_userdata/userdata.yaml.0'. ( commands: 0, files: 0, ... )
Sep 15 15:34:39.661984 kairos-a8ef kairos-agent[1406]: Running layout plugin
Sep 15 15:34:39.662122 kairos-a8ef kairos-agent[1406]: 2026-09-15T15:34:39Z INF Running layout plugin
Sep 15 15:34:39.662226 kairos-a8ef kairos-agent[1406]: Done executing stage 'boot'
Sep 15 15:34:39.662300 kairos-a8ef kairos-agent[1406]: Running stage: boot.after
Sep 15 15:34:39.662356 kairos-a8ef kairos-agent[1406]: 2026-09-15T15:34:39Z INF Done executing stage 'boot'
Sep 15 15:34:39.662356 kairos-a8ef kairos-agent[1406]: 
Sep 15 15:34:39.662356 kairos-a8ef kairos-agent[1406]: 2026-09-15T15:34:39Z INF Running stage: boot.after
Sep 15 15:34:39.662356 kairos-a8ef kairos-agent[1406]: 
Sep 15 15:34:39.664292 kairos-a8ef kairos-agent[1406]: Done executing stage 'boot.after'
Sep 15 15:34:39.664371 kairos-a8ef kairos-agent[1406]: Running stage: boot.before
Sep 15 15:34:39.664420 kairos-a8ef kairos-agent[1406]: 2026-09-15T15:34:39Z INF Done executing stage 'boot.after'
Sep 15 15:34:39.664420 kairos-a8ef kairos-agent[1406]: 
Sep 15 15:34:39.664420 kairos-a8ef kairos-agent[1406]: 2026-09-15T15:34:39Z INF Running stage: boot.before
Sep 15 15:34:39.664420 kairos-a8ef kairos-agent[1406]: 
Sep 15 15:34:39.665096 kairos-a8ef kairos-agent[1406]: Done executing stage 'boot.before'
Sep 15 15:34:39.665584 kairos-a8ef kairos-agent[1406]: 2026-09-15T15:34:39Z INF Done executing stage 'boot.before'
Sep 15 15:34:39.665584 kairos-a8ef kairos-agent[1406]: 
Sep 15 15:34:39.665584 kairos-a8ef kairos-agent[1406]: 2026-09-15T15:34:39Z INF Running stage: boot
Sep 15 15:34:39.665584 kairos-a8ef kairos-agent[1406]: 
Sep 15 15:34:39.665584 kairos-a8ef kairos-agent[1406]: 2026-09-15T15:34:39Z INF Done executing stage 'boot'
Sep 15 15:34:39.665584 kairos-a8ef kairos-agent[1406]: 
Sep 15 15:34:39.665584 kairos-a8ef kairos-agent[1406]: 2026-09-15T15:34:39Z INF Running stage: boot.after
Sep 15 15:34:39.665584 kairos-a8ef kairos-agent[1406]: 
Sep 15 15:34:39.665128 kairos-a8ef kairos-agent[1406]: Running stage: boot
Sep 15 15:34:39.665311 kairos-a8ef kairos-agent[1406]: Done executing stage 'boot'
Sep 15 15:34:39.665754 kairos-a8ef kairos-agent[1406]: 2026-09-15T15:34:39Z INF Done executing stage 'boot.after'
Sep 15 15:34:39.665754 kairos-a8ef kairos-agent[1406]: 
Sep 15 15:34:39.665401 kairos-a8ef kairos-agent[1406]: Running stage: boot.after
Sep 15 15:34:39.665716 kairos-a8ef kairos-agent[1406]: Done executing stage 'boot.after'
Sep 15 15:34:39.665793 kairos-a8ef kairos-agent[1406]: 2026-09-15T15:34:39Z INF Some errors found but were ignored. Enable --strict mode to fail on those or --debug to see them in the log
Sep 15 15:34:39.665770 kairos-a8ef kairos-agent[1406]: Some errors found but were ignored. Enable --strict mode to fail on those or --debug to see them in the log
Sep 15 15:34:39.665817 kairos-a8ef kairos-agent[1406]: 2026-09-15T15:34:39Z WRN 1 error occurred:
Sep 15 15:34:39.665817 kairos-a8ef kairos-agent[1406]:         * failed to run systemctl start qemu-guest-agent: exit status 5
Sep 15 15:34:39.665817 kairos-a8ef kairos-agent[1406]: command output:
Sep 15 15:34:39.665817 kairos-a8ef kairos-agent[1406]: Failed to start qemu-guest-agent.service: Unit qemu-guest-agent.service not found.
Sep 15 15:34:39.665817 kairos-a8ef kairos-agent[1406]: 
Sep 15 15:34:39.665788 kairos-a8ef kairos-agent[1406]: 
[0;1;33m
[0;1;38:5:185m
[0;1;39m
[0;1;33m
[0;1;38:5:185m1 error occurred:
                                                       
[0;1;33m
[0;1;38:5:185m        * failed to run systemctl start qemu-guest-agent: exit status 5
                                                       
[0;1;33m
[0;1;38:5:185mcommand output:
                                                       
[0;1;33m
[0;1;38:5:185mFailed to start qemu-guest-agent.service: Unit qemu-guest-agent.service not found.
                                                       
[0;1;33m
[0;1;38:5:185m
                                                       
[0;1;33m
[0;1;38:5:185m
Sep 15 15:34:39.667331 kairos-a8ef systemd[1]: Finished cOS system configuration.
Sep 15 15:34:39.889051 kairos-a8ef kernel: 
[0;1;33m
[0;1;38:5:185m
[0;1;39m
[0;1;33m
[0;1;38:5:185mIPv4: martian source (src=10.0.2.2, dst=255.255.255.255, dev=ens3)
Sep 15 15:34:39.889118 kairos-a8ef kernel: 
[0;1;33m
[0;1;38:5:185m
[0;1;39m
[0;1;33m
[0;1;38:5:185mll header: 00000000: ff ff ff ff ff ff 52 55 0a 00 02 02 08 00
Sep 15 15:34:39.904001 kairos-a8ef kernel: 
[0;1;33m
[0;1;38:5:185m
[0;1;39m
[0;1;33m
[0;1;38:5:185mIPv4: martian source (src=10.0.2.2, dst=255.255.255.255, dev=ens3)
Sep 15 15:34:39.904066 kairos-a8ef kernel: 
[0;1;33m
[0;1;38:5:185m
[0;1;39m
[0;1;33m
[0;1;38:5:185mll header: 00000000: ff ff ff ff ff ff 52 55 0a 00 02 02 08 00
Sep 15 15:34:39.905695 kairos-a8ef systemd-networkd[1345]: ens3: DHCPv4 address 10.0.2.15/24, gateway 10.0.2.2 acquired from 10.0.2.2
Sep 15 15:34:39.912720 kairos-a8ef systemd[1]: Finished Wait for Network to be Online.
Sep 15 15:34:39.915894 kairos-a8ef systemd[1]: Reached target Network is Online.
Sep 15 15:34:39.922073 kairos-a8ef systemd[1]: Starting cOS setup after network...
Sep 15 15:34:39.926651 kairos-a8ef systemd[1]: Starting Open-iSCSI...
Sep 15 15:34:39.945004 kairos-a8ef systemd[1]: Started Open-iSCSI.
Sep 15 15:34:39.947974 kairos-a8ef systemd[1]: Reached target Preparation for Remote File Systems.
Sep 15 15:34:39.951084 kairos-a8ef systemd[1]: Reached target Remote Encrypted Volumes.
Sep 15 15:34:39.953190 kairos-a8ef kairos-agent[1504]: Kairos Agent
Sep 15 15:34:39.953546 kairos-a8ef kairos-agent[1504]: 2026-09-15T15:34:39Z INF Kairos Agent version=v4.3.0-rc3-5-g3b0005495
Sep 15 15:34:39.954442 kairos-a8ef systemd[1]: Reached target Remote Integrity Protected Volumes.
Sep 15 15:34:39.958088 kairos-a8ef systemd[1]: Reached target Remote Verity Protected Volumes.
Sep 15 15:34:39.960692 kairos-a8ef kairos-agent[1504]: Boot Mode
Sep 15 15:34:39.960784 kairos-a8ef kairos-agent[1504]: 2026-09-15T15:34:39Z INF Boot Mode boot_mode=active_boot
Sep 15 15:34:39.960902 kairos-a8ef kairos-agent[1504]: Boot in uki mode
Sep 15 15:34:39.961024 kairos-a8ef kairos-agent[1504]: 2026-09-15T15:34:39Z INF Boot in uki mode result=false
Sep 15 15:34:39.961216 kairos-a8ef kairos-agent[1504]: Running stage: network.before
Sep 15 15:34:39.961272 kairos-a8ef kairos-agent[1504]: 2026-09-15T15:34:39Z INF Running stage: network.before
Sep 15 15:34:39.961272 kairos-a8ef kairos-agent[1504]: 
Sep 15 15:34:39.965308 kairos-a8ef kairos-agent[1504]: Done executing stage 'network.before'
Sep 15 15:34:39.966232 kairos-a8ef kairos-agent[1504]: 2026-09-15T15:34:39Z INF Done executing stage 'network.before'
Sep 15 15:34:39.966232 kairos-a8ef kairos-agent[1504]: 
Sep 15 15:34:39.966295 kairos-a8ef kairos-agent[1504]: Running stage: network
Sep 15 15:34:39.967563 kairos-a8ef kairos-agent[1504]: 2026-09-15T15:34:39Z INF Running stage: network
Sep 15 15:34:39.967563 kairos-a8ef kairos-agent[1504]: 
Sep 15 15:34:39.968769 kairos-a8ef systemd[1]: Starting Login and scanning of iSCSI devices...
Sep 15 15:34:39.969764 kairos-a8ef kairos-agent[1504]: 
[0;1;33m
[0;1;38:5:185m
[0;1;39m
[0;1;33m
[0;1;38:5:185m(conditional) Skip 'Skipping stage (if statement error: failed to run [ -d /oem/userdata ] && [ ! -d /oem/95_userdata ]: exit status 1)' stage name: Datasource handling.Move old datasource to new location
Sep 15 15:34:39.969897 kairos-a8ef kairos-agent[1504]: 2026-09-15T15:34:39Z WRN (conditional) Skip 'Skipping stage (if statement error: failed to run [ -d /oem/userdata ] && [ ! -d /oem/95_userdata ]: exit status 1)' stage name: Datasource handling.Move old datasource to new location
Sep 15 15:34:39.970978 kairos-a8ef kairos-agent[1504]: 
[0;1;33m
[0;1;38:5:185m
[0;1;39m
[0;1;33m
[0;1;38:5:185m(conditional) Skip 'Skipping stage (if statement error: failed to run [ -d /oem/userdata ] && [ -d /oem/95_userdata ]: exit status 1)' stage name: Datasource handling.Remove old userdata
Sep 15 15:34:39.971056 kairos-a8ef kairos-agent[1504]: 2026-09-15T15:34:39Z WRN (conditional) Skip 'Skipping stage (if statement error: failed to run [ -d /oem/userdata ] && [ -d /oem/95_userdata ]: exit status 1)' stage name: Datasource handling.Remove old userdata
Sep 15 15:34:39.972307 kairos-a8ef iscsiadm[1512]: iscsiadm: No records found
Sep 15 15:34:39.973276 kairos-a8ef systemd[1]: Finished Login and scanning of iSCSI devices.
Sep 15 15:34:39.973482 kairos-a8ef kairos-agent[1504]: 
[0;1;33m
[0;1;38:5:185m
[0;1;39m
[0;1;33m
[0;1;38:5:185m(conditional) Skip 'Skipping stage (if statement error: failed to run [ ! -e /oem/95_userdata ] && ([ ! -f /run/cos/uki_boot_mode ] || grep -q "kairos.pull_datasources" /proc/cmdline ): exit status 1)' stage name: Datasource handling.Pull data from provider
Sep 15 15:34:39.973652 kairos-a8ef kairos-agent[1504]: 2026-09-15T15:34:39Z WRN (conditional) Skip 'Skipping stage (if statement error: failed to run [ ! -e /oem/95_userdata ] && ([ ! -f /run/cos/uki_boot_mode ] || grep -q "kairos.pull_datasources" /proc/cmdline ): exit status 1)' stage name: Datasource handling.Pull data from provider
Sep 15 15:34:39.974684 kairos-a8ef kairos-agent[1504]: 
[0;1;33m
[0;1;38:5:185m
[0;1;39m
[0;1;33m
[0;1;38:5:185m(conditional) Skip 'Skipping stage (if statement error: failed to run [ -e /oem/95_userdata ] && [ -f /run/.userdata_load ]: exit status 1)' stage name: Datasource handling.Run stages if userdata is found
Sep 15 15:34:39.974803 kairos-a8ef kairos-agent[1504]: 2026-09-15T15:34:39Z WRN (conditional) Skip 'Skipping stage (if statement error: failed to run [ -e /oem/95_userdata ] && [ -f /run/.userdata_load ]: exit status 1)' stage name: Datasource handling.Run stages if userdata is found
Sep 15 15:34:39.975899 kairos-a8ef kairos-agent[1504]: 
[0;1;33m
[0;1;38:5:185m
[0;1;39m
[0;1;33m
[0;1;38:5:185m(conditional) Skip 'Skipping stage (if statement error: failed to run [ ! -e /oem/95_userdata ] && [ -f /run/.userdata_load ]: exit status 1)' stage name: Datasource handling.Remove userdata sentinel
Sep 15 15:34:39.976001 kairos-a8ef kairos-agent[1504]: 2026-09-15T15:34:39Z WRN (conditional) Skip 'Skipping stage (if statement error: failed to run [ ! -e /oem/95_userdata ] && [ -f /run/.userdata_load ]: exit status 1)' stage name: Datasource handling.Remove userdata sentinel
Sep 15 15:34:39.976061 kairos-a8ef kairos-agent[1504]: Processing stage step 'Fix home directory permissions (kairos issue #2797).Fix home dir ownership'. ( commands: 1, files: 1, ... )
Sep 15 15:34:39.976091 kairos-a8ef kairos-agent[1504]: 2026-09-15T15:34:39Z INF Processing stage step 'Fix home directory permissions (kairos issue #2797).Fix home dir ownership'. ( commands: 1, files: 1, ... )
Sep 15 15:34:39.976635 kairos-a8ef systemd[1]: Reached target Remote File Systems.
Sep 15 15:34:39.983423 kairos-a8ef systemd[1]: Starting Enable queuing for multipath maps...
Sep 15 15:34:39.986290 kairos-a8ef systemd[1]: TPM PCR Barrier (User) skipped, unmet condition check ConditionSecurity=measured-os
Sep 15 15:34:39.988719 kairos-a8ef systemd[1]: Starting Permit User Sessions...
Sep 15 15:34:39.992466 kairos-a8ef kairos-agent[1504]: Running layout plugin
Sep 15 15:34:39.992636 kairos-a8ef kairos-agent[1504]: 2026-09-15T15:34:39Z INF Running layout plugin
Sep 15 15:34:39.993275 kairos-a8ef kairos-agent[1504]: Processing stage step '/oem/95_userdata/userdata.yaml.0'. ( commands: 0, files: 0, ... )
Sep 15 15:34:39.993421 kairos-a8ef kairos-agent[1504]: 2026-09-15T15:34:39Z INF Processing stage step '/oem/95_userdata/userdata.yaml.0'. ( commands: 0, files: 0, ... )
Sep 15 15:34:39.993723 kairos-a8ef systemd[1]: Finished Enable queuing for multipath maps.
Sep 15 15:34:39.993963 kairos-a8ef kairos-agent[1504]: Running layout plugin
Sep 15 15:34:39.994228 kairos-a8ef kairos-agent[1504]: 2026-09-15T15:34:39Z INF Running layout plugin
Sep 15 15:34:39.994437 kairos-a8ef kairos-agent[1504]: Done executing stage 'network'
Sep 15 15:34:39.994612 kairos-a8ef kairos-agent[1504]: 2026-09-15T15:34:39Z INF Done executing stage 'network'
Sep 15 15:34:39.994612 kairos-a8ef kairos-agent[1504]: 
Sep 15 15:34:39.994748 kairos-a8ef kairos-agent[1504]: Running stage: network.after
Sep 15 15:34:39.994925 kairos-a8ef kairos-agent[1504]: 2026-09-15T15:34:39Z INF Running stage: network.after
Sep 15 15:34:39.994925 kairos-a8ef kairos-agent[1504]: 
Sep 15 15:34:40.001621 kairos-a8ef kairos-agent[1504]: Done executing stage 'network.after'
Sep 15 15:34:40.001790 kairos-a8ef kairos-agent[1504]: 2026-09-15T15:34:40Z INF Done executing stage 'network.after'
Sep 15 15:34:40.001790 kairos-a8ef kairos-agent[1504]: 
Sep 15 15:34:40.001880 kairos-a8ef kairos-agent[1504]: Running stage: network.before
Sep 15 15:34:40.001956 kairos-a8ef kairos-agent[1504]: 2026-09-15T15:34:40Z INF Running stage: network.before
Sep 15 15:34:40.001956 kairos-a8ef kairos-agent[1504]: 
Sep 15 15:34:40.002300 kairos-a8ef kairos-agent[1504]: Done executing stage 'network.before'
Sep 15 15:34:40.002352 kairos-a8ef kairos-agent[1504]: 2026-09-15T15:34:40Z INF Done executing stage 'network.before'
Sep 15 15:34:40.002352 kairos-a8ef kairos-agent[1504]: 
Sep 15 15:34:40.002414 kairos-a8ef kairos-agent[1504]: Running stage: network
Sep 15 15:34:40.002552 kairos-a8ef kairos-agent[1504]: 2026-09-15T15:34:40Z INF Running stage: network
Sep 15 15:34:40.002552 kairos-a8ef kairos-agent[1504]: 
Sep 15 15:34:40.002763 kairos-a8ef systemd[1]: Finished Permit User Sessions.
Sep 15 15:34:40.003352 kairos-a8ef kairos-agent[1504]: Done executing stage 'network'
Sep 15 15:34:40.003476 kairos-a8ef kairos-agent[1504]: 2026-09-15T15:34:40Z INF Done executing stage 'network'
Sep 15 15:34:40.003476 kairos-a8ef kairos-agent[1504]: 
Sep 15 15:34:40.003634 kairos-a8ef kairos-agent[1504]: Running stage: network.after
Sep 15 15:34:40.003675 kairos-a8ef kairos-agent[1504]: 2026-09-15T15:34:40Z INF Running stage: network.after
Sep 15 15:34:40.003675 kairos-a8ef kairos-agent[1504]: 
Sep 15 15:34:40.003878 kairos-a8ef kairos-agent[1504]: Done executing stage 'network.after'
Sep 15 15:34:40.004138 kairos-a8ef kairos-agent[1504]: 2026-09-15T15:34:40Z INF Done executing stage 'network.after'
Sep 15 15:34:40.004138 kairos-a8ef kairos-agent[1504]: 
Sep 15 15:34:40.005577 kairos-a8ef systemd[1]: Finished cOS setup after network.
Sep 15 15:34:40.013993 kairos-a8ef systemd[1]: Started Getty on tty1.
Sep 15 15:34:40.018011 kairos-a8ef systemd[1]: Started kairos agent.
Sep 15 15:34:40.022424 kairos-a8ef systemd[1]: Started Serial Getty on ttyS0.
Sep 15 15:34:40.026646 kairos-a8ef systemd[1]: Reached target Login Prompts.
Sep 15 15:34:40.029191 kairos-a8ef systemd[1]: Reached target Multi-User System.
Sep 15 15:34:40.033077 kairos-a8ef systemd[1]: Startup finished in 3.232s (kernel) + 14.449s (initrd) + 4.026s (userspace) = 21.708s.
Sep 15 15:34:40.037053 kairos-a8ef kairos-agent[1531]: warning: skipping /oem/95_userdata/userdata (extension).
Sep 15 15:34:40.043828 kairos-a8ef kairos-agent[1531]: WARNING: jsonschema: '' does not validate with file:///schema.json#/required: missing properties: 'users'
Sep 15 15:34:40.044079 kairos-a8ef kairos-agent[1531]: Kairos Agent
Sep 15 15:34:40.044161 kairos-a8ef kairos-agent[1531]: 2026-09-15T15:34:40Z INF Kairos Agent version=v4.3.0-rc3-5-g3b0005495
Sep 15 15:34:40.049050 kairos-a8ef kairos-agent[1531]: Boot Mode
Sep 15 15:34:40.049122 kairos-a8ef kairos-agent[1531]: Boot in uki mode
Sep 15 15:34:40.049149 kairos-a8ef kairos-agent[1531]: 2026-09-15T15:34:40Z INF Boot Mode boot_mode=active_boot
Sep 15 15:34:40.049149 kairos-a8ef kairos-agent[1531]: 2026-09-15T15:34:40Z INF Boot in uki mode result=false
Sep 15 15:34:40.052097 kairos-a8ef kairos-agent[1531]: warning: skipping /oem/95_userdata/userdata (extension).
Sep 15 15:34:40.056824 kairos-a8ef kairos-agent[1531]: WARNING: jsonschema: '' does not validate with file:///schema.json#/required: missing properties: 'users'
Sep 15 15:34:40.056886 kairos-a8ef kairos-agent[1531]: Kairos Agent
Sep 15 15:34:40.056946 kairos-a8ef kairos-agent[1531]: 2026-09-15T15:34:40Z INF Kairos Agent version=v4.3.0-rc3-5-g3b0005495
Sep 15 15:34:40.061888 kairos-a8ef kairos-agent[1531]: Boot Mode
Sep 15 15:34:40.062105 kairos-a8ef kairos-agent[1531]: 2026-09-15T15:34:40Z INF Boot Mode boot_mode=active_boot
Sep 15 15:34:40.062105 kairos-a8ef kairos-agent[1531]: 2026-09-15T15:34:40Z INF Boot in uki mode result=false
Sep 15 15:34:40.061936 kairos-a8ef kairos-agent[1531]: Boot in uki mode
Sep 15 15:34:40.081677 kairos-a8ef kairos-agent[1531]: [provider event: agent.bootstrap] no P2P or kubernetes configured
Sep 15 15:34:40.083082 kairos-a8ef systemd[1]: kairos-agent.service: Deactivated successfully.
Sep 15 15:34:43.208795 kairos-a8ef login[1532]: pam_unix(login:session): session opened for user kairos(uid=1000) by (uid=0)
Sep 15 15:34:43.221473 kairos-a8ef systemd-logind[1415]: New session '1' of user 'kairos' with class 'user' and type 'tty'.
Sep 15 15:34:43.222331 kairos-a8ef systemd[1]: Created slice User Slice of UID 1000.
Sep 15 15:34:43.229759 kairos-a8ef systemd[1]: Starting User Runtime Directory /run/user/1000...
Sep 15 15:34:43.236396 kairos-a8ef systemd-user-runtime-dir[1555]: Successfully configured disk quota for UID 1000 on /dev/shm to 1.1G
Sep 15 15:34:43.238366 kairos-a8ef systemd[1]: Finished User Runtime Directory /run/user/1000.
Sep 15 15:34:43.240476 kairos-a8ef systemd[1]: Starting User Manager for UID 1000...
Sep 15 15:34:43.249239 kairos-a8ef [1557]: pam_unix(systemd-user:session): session opened for user kairos(uid=1000) by (uid=0)
Sep 15 15:34:43.250405 kairos-a8ef systemd-logind[1415]: New session 'c1' of user 'kairos' with class 'manager' and type 'unspecified'.
Sep 15 15:34:43.253194 kairos-a8ef systemd[1557]: 
[0;1;33m
[0;1;38:5:185m
[0;1;39m
[0;1;33m
[0;1;38:5:185mFailed to chase and open directory '/usr/local/lib/systemd/user.conf.d', ignoring: Permission denied
Sep 15 15:34:43.260008 kairos-a8ef systemd[1557]: 
[0;1;33m
[0;1;38:5:185m
[0;1;39m
[0;1;33m
[0;1;38:5:185mFailed to check if generator dir '/usr/local/lib/systemd/user-environment-generators' exists, assuming not: Permission denied
Sep 15 15:34:43.260265 kairos-a8ef systemd[1557]: 
[0;1;33m
[0;1;38:5:185m
[0;1;39m
[0;1;33m
[0;1;38:5:185mFailed to chase and open directory '/usr/local/lib/systemd/user-environment-generators', ignoring: Permission denied
Sep 15 15:34:43.261963 kairos-a8ef 30-systemd-environment-d-generator[1561]: 
[0;1;33m
[0;1;38:5:185m
[0;1;39m
[0;1;33m
[0;1;38:5:185mFailed to chase and open directory '/usr/local/lib/environment.d', ignoring: Permission denied
Sep 15 15:34:43.262454 kairos-a8ef systemd[1557]: 
[0;1;33m
[0;1;38:5:185m
[0;1;39m
[0;1;33m
[0;1;38:5:185mFailed to check if generator dir '/usr/local/lib/systemd/user-generators' exists, assuming not: Permission denied
Sep 15 15:34:43.262829 kairos-a8ef systemd[1557]: 
[0;1;33m
[0;1;38:5:185m
[0;1;39m
[0;1;33m
[0;1;38:5:185mFailed to chase and open directory '/usr/local/lib/systemd/user-generators', ignoring: Permission denied
Sep 15 15:34:43.278672 kairos-a8ef systemd[1557]: 
[0;1;33m
[0;1;38:5:185m
[0;1;39m
[0;1;33m
[0;1;38:5:185mFailed to resolve symlink /usr/local/lib/systemd/user, ignoring: Permission denied
Sep 15 15:34:43.278769 kairos-a8ef systemd[1557]: 
[0;1;33m
[0;1;38:5:185m
[0;1;39m
[0;1;33m
[0;1;38:5:185mFailed to open "/usr/local/lib/systemd/user", ignoring: Permission denied
Sep 15 15:34:43.338114 kairos-a8ef systemd[1557]: Queued start job for default target Main User Target.
Sep 15 15:34:43.343248 kairos-a8ef systemd[1557]: Created slice User Application Slice.
Sep 15 15:34:43.343271 kairos-a8ef systemd[1557]: Reached target Paths.
Sep 15 15:34:43.343303 kairos-a8ef systemd[1557]: Reached target Timers.
Sep 15 15:34:43.343949 kairos-a8ef systemd[1557]: Starting D-Bus User Message Bus Socket...
Sep 15 15:34:43.345303 kairos-a8ef systemd[1557]: Listening on Query the User Interactively for a Password.
Sep 15 15:34:43.346259 kairos-a8ef systemd[1557]: Listening on Journal Log Access Socket.
Sep 15 15:34:43.346318 kairos-a8ef systemd[1557]: Listening on Virtual Machine and Container Registration Service Socket.
Sep 15 15:34:43.347470 kairos-a8ef systemd[1557]: Listening on Simple File System Backed Storage Provider.
Sep 15 15:34:43.350553 kairos-a8ef systemd[1557]: Listening on D-Bus User Message Bus Socket.
Sep 15 15:34:43.350622 kairos-a8ef systemd[1557]: Reached target Sockets.
Sep 15 15:34:43.350770 kairos-a8ef systemd[1557]: Reached target Basic System.
Sep 15 15:34:43.350896 kairos-a8ef systemd[1]: Started User Manager for UID 1000.
Sep 15 15:34:43.351379 kairos-a8ef systemd[1557]: Reached target Main User Target.
Sep 15 15:34:43.351400 kairos-a8ef systemd[1557]: Startup finished in 98ms.
Sep 15 15:34:43.356786 kairos-a8ef systemd[1]: Started Session 1 of User kairos.
Sep 15 15:34:43.373484 kairos-a8ef login[1566]: 'kairos' logged in  on '/dev/ttyS0'
Sep 15 15:34:45.278280 kairos-a8ef sudo[1592]: 
[0;1;39m
[0;1;31m
[0;1;39m  kairos : TTY=ttyS0 ; PWD=/home/kairos ; USER=root ; COMMAND=/bin/sh -c 'echo BEGIN_"CHECK"; echo ---SHIM-ALL---; dmesg | grep BLKIDSHIM; echo ---END---; lsblk -o NAME,LABEL,FSTYPE | grep -E \'vda|NAME\'; echo END_"CHECK"'
Sep 15 15:34:45.278423 kairos-a8ef sudo[1592]: pam_unix(sudo:session): session opened for user root(uid=0) by kairos(uid=1000)
Sep 15 15:34:45.398953 kairos-a8ef kernel: 
[0;1;31m
[0;1;39m
[0;1;31mI/O error, dev fd0, sector 0 op 0x0:(READ) flags 0x0 phys_seg 1 prio class 2
Sep 15 15:34:45.399042 kairos-a8ef kernel: floppy: error 10 while reading block 0
Sep 15 15:34:45.417928 kairos-a8ef sudo[1592]: pam_unix(sudo:session): session closed for user root
Sep 15 15:34:45.462421 kairos-a8ef sudo[1609]: 
[0;1;39m
[0;1;31m
[0;1;39m  kairos : TTY=ttyS0 ; PWD=/home/kairos ; USER=root ; COMMAND=/bin/sh -c 'echo BEGIN_"IMMUCORE_LOG"; cat /run/immucore/immucore.log; echo END_"IMMUCORE_LOG"'
Sep 15 15:34:45.462707 kairos-a8ef sudo[1609]: pam_unix(sudo:session): session opened for user root(uid=0) by kairos(uid=1000)
Sep 15 15:34:48.947659 kairos-a8ef systemd-timesyncd[1320]: Timed out waiting for reply from 216.239.35.0:123 (time1.google.com).
Sep 15 15:34:49.608686 kairos-a8ef sudo[1609]: pam_unix(sudo:session): session closed for user root
Sep 15 15:34:49.653012 kairos-a8ef sudo[1625]: 
[0;1;39m
[0;1;31m
[0;1;39m  kairos : TTY=ttyS0 ; PWD=/home/kairos ; USER=root ; COMMAND=/bin/sh -c 'echo BEGIN_"JOURNAL"; journalctl -b --no-pager -o short-precise; echo END_"JOURNAL"'
Sep 15 15:34:49.653135 kairos-a8ef sudo[1625]: pam_unix(sudo:session): session opened for user root(uid=0) by kairos(uid=1000)
Sep 15 15:34:59.198054 kairos-a8ef systemd-timesyncd[1320]: Timed out waiting for reply from [2001:4860:4806::]:123 (time1.google.com).
